0,154.71277,372.409,-19.018446,28.23714
1,369.91806,714.876,-35.277725,15.792645
2,341.91278,120.77251,-7.9091063,-12.491413
3,596.4764,755.5353,-29.109911,-9.476448
4,980.2586,856.8475,10.448573,-23.829206
5,101.44667,1005.6781,-7.402582,-6.9949346
6,428.82678,840.27655,-13.440079,-8.2136345
7,516.61536,554.9569,45.03478,6.282347
8,746.33514,222.64253,-22.106258,16.017345
9,540.16345,173.1965,2.8102696,24.768223
10,551.2485,31.120474,35.72574,-2.4143598
11,606.723,471.04947,31.496767,-17.70252
12,473.41312,345.36197,0.037477233,-13.234353
13,39.61154,511.50024,18.408247,41.504982
14,174.03394,225.06909,-20.165169,22.950232
15,647.1432,619.4793,-27.75954,26.037878
16,960.3542,943.21655,-11.310963,0.0025169908
17,363.9389,822.40454,44.58954,-5.494592
18,775.777,536.23065,17.363102,14.853846
19,313.43896,46.288692,8.9094925,11.607724
20,230.61691,261.5017,-38.361397,18.07069
21,859.8339,148.22568,13.189383,27.651545
22,990.50775,656.2239,-23.035555,-18.972466
23,960.8867,68.101295,-27.410265,-10.921601
24,324.7056,97.07279,-14.486036,20.19409
25,822.03284,127.3104,26.226868,-57.022396
26,734.6162,787.92053,17.241709,16.816538
27,535.33295,1020.3754,-6.9176054,-8.558853
28,461.2418,548.45483,35.287807,-3.0253048
29,878.5969,454.1016,-5.882443,30.023972
30,425.88187,844.5718,12.127827,10.492267
31,850.59143,69.80366,22.802454,8.773856
32,0.2706952,900.0315,-4.5011177,7.016022
33,797.6013,816.7063,-17.126709,0.4999944
34,267.77985,514.90326,-4.434,46.523277
35,386.41284,214.97438,-47.65149,-31.296556
36,699.4618,701.55365,-20.185162,-25.399042
37,987.6932,288.8705,58.778744,-15.401993
38,170.28453,236.20644,0.27134055,3.5208786
39,699.8857,325.25366,23.280905,17.894295
40,492.61914,122.89525,27.758905,-10.72602
41,734.523,135.16032,-1.6436335,2.1724734
42,266.94635,351.3171,-36.4953,0.2801521
43,666.57983,739.22174,-1.5482486,-35.539066
44,183.37727,156.8509,18.977377,-3.238189
45,881.6595,360.36008,-2.8838408,-7.7405195
46,848.0242,383.90482,16.749756,36.992367
47,673.0359,34.064606,71.39484,14.901781
48,701.2088,599.70447,-8.892968,-15.234423
49,4.714262,287.01227,-21.384008,32.653706
50,249.16164,760.1161,8.708336,17.718512
51,969.35565,266.40244,1.6210921,-40.67711
52,595.8784,339.42557,4.4542484,71.84304
53,377.77612,565.33936,4.2798862,1.7260299
54,336.71317,914.67084,-20.168316,-0.7159759
55,696.78625,301.02444,-34.895,18.835276
56,790.31635,217.80753,12.86491,-17.773214
57,82.52235,303.08282,-12.523202,-11.671704
58,586.33813,321.00708,-14.522082,34.798923
59,337.50308,882.29846,0.9279071,-0.97021383
60,979.30475,299.3601,24.47042,-20.491232
61,41.623756,508.01193,-3.4126084,42.773693
62,402.93295,582.6565,8.866257,-0.86997336
63,689.851,653.2656,28.24914,20.639198
64,114.383095,107.92032,-8.336147,7.2652397
65,294.2811,861.3432,30.187227,34.06852
66,96.322945,478.53586,-15.025796,-4.194325
67,829.7891,649.21783,-23.86293,18.689102
68,565.6623,761.9773,21.150696,2.7750828
69,616.4603,997.10364,31.250006,-59.89212
70,702.95624,276.21725,9.304734,3.815272
71,124.08508,412.33936,2.493649,-6.7829447
72,529.7401,982.8353,2.6751828,25.88977
73,706.2179,181.51923,32.154896,36.450333
74,493.42084,222.30403,-9.433907,8.786332
75,766.4731,6.8905234,33.88787,27.019585
76,996.5902,607.3211,-8.706188,53.24162
77,508.4895,36.9946,1.4022477,-9.669556
78,792.0831,340.4223,17.084166,-27.284847
79,105.78748,843.84393,-1.780627,-11.29694
80,741.64374,425.33463,-43.86418,-22.972351
81,874.3644,227.64603,-1.4667202,-18.59642
82,280.16937,503.72565,-4.544098,15.68677
83,776.04926,234.83253,50.002987,-38.18559
84,154.33643,724.2813,-37.494255,13.565464
85,302.5417,918.38544,-67.54605,-37.900692
86,279.61987,240.28574,-11.095542,2.6049109
87,441.74445,683.99744,15.7958355,-11.39131
88,766.14886,409.9974,-1.5530225,-44.904022
89,144.99669,935.90295,20.948484,54.396313
90,787.3344,225.40706,-0.3921895,-52.16732
91,975.6606,187.86357,36.197998,13.107706
92,139.01044,243.12544,26.513262,21.624424
93,278.7741,166.95422,60.473053,12.083924
94,461.5352,1003.59155,48.769184,-27.603352
95,1020.2733,142.918,2.1730993,32.81577
96,75.60394,424.23062,29.305511,22.588018
97,3.4975367,441.32422,-22.1221,4.1862884
98,684.0211,246.18495,-28.908943,12.849209
99,1016.50354,957.258,30.34695,18.243101
100,923.99493,526.01465,-4.0015574,-9.804655
101,611.27905,862.8872,5.8069415,-1.5987635
102,21.114008,463.91843,-41.926323,2.0039916
103,336.07822,1014.08844,22.376884,5.849819
104,606.0276,527.3161,-33.929874,1.4354243
105,538.72925,552.1072,18.45487,-4.32164
106,481.02216,928.65845,59.249916,-55.281166
107,444.51483,723.989,-22.655224,18.795137
108,503.73047,683.5816,30.303604,23.099222
109,153.93115,144.53673,-37.520092,-0.013689271
110,993.0527,206.35782,-22.098732,-2.778434
111,521.2456,1023.27814,-31.170076,-22.411646
112,813.5976,176.89182,31.04787,-31.618206
113,525.2052,763.6615,-14.794875,6.7563453
114,311.1732,534.3394,-17.38237,-41.534416
115,284.9968,109.141396,0.2301286,-2.9241204
116,481.99948,799.43353,-27.372238,4.173992
117,331.23428,831.11536,-18.53163,24.818497
118,331.19247,23.750315,-46.129864,-5.7451158
119,801.85706,153.33075,20.550337,-14.291251
120,154.57253,804.2141,26.345984,-34.026924
121,156.20303,1000.0807,-26.110992,7.371811
122,6.1518216,606.82764,-1.7223867,-27.845654
123,890.47577,228.99951,31.082602,-5.203689
124,240.54253,440.95737,11.688407,-9.150987
125,954.86566,442.81735,-34.12413,6.0764813
126,868.4104,320.4993,-13.25614,64.31535
127,556.0638,602.9666,-15.350324,88.681274
128,623.2198,693.5174,-0.3984622,-0.026185608
129,190.20973,674.6737,59.50783,37.63389
130,20.543545,668.2402,-3.104589,-25.556988
131,696.77576,214.60722,1.1280109,1.6892895
132,386.48685,524.6916,-1.3211017,-1.5964512
133,488.0132,247.45822,-5.403264,-6.720826
134,133.96935,836.2985,52.580364,-8.272473
135,919.331,668.3891,-9.418715,15.79363
136,625.2643,120.38017,-2.1738393,-4.3157673
137,585.3917,468.02722,26.494778,-21.86942
138,287.69315,460.248,-6.059855,6.6792216
139,256.25018,162.93959,11.0543585,-17.270437
140,431.05817,742.6793,25.252386,-60.854946
141,674.57654,537.25964,-29.590902,-30.223207
142,742.4082,692.12897,-1.4613882,18.524118
143,722.758,365.53662,-12.877493,-28.62131
144,26.007998,422.17093,-21.66822,43.196503
145,805.2663,604.0747,32.785084,-5.3450246
146,364.67535,645.01154,-13.170948,15.856639
147,835.50696,717.0882,-21.519566,5.9848275
148,739.527,192.40062,6.2781363,56.74443
149,827.15826,624.65936,-2.2823896,17.2684
150,332.94244,789.8854,-23.93779,-12.000664
151,46.320366,1012.7627,-34.30771,-22.62027
152,549.1988,616.3861,25.272581,33.83608
153,977.89,713.5047,51.705624,-32.83366
154,842.1377,898.1611,-11.108447,10.96388
155,212.41795,530.22766,-0.9218691,-0.96453595
156,305.2344,277.87573,45.992004,11.233278
157,877.257,188.8404,25.439095,-19.215614
158,490.18805,280.93015,18.82935,-17.201725
159,897.21484,227.88577,48.81695,-2.1109529
160,989.54364,664.266,-4.965757,2.3918974
161,149.44812,461.82346,-22.91607,-9.469729
162,284.68765,405.29788,-37.114315,50.019924
163,147.12148,556.8536,30.391027,15.433145
164,527.15515,151.1152,-22.08085,35.635036
165,438.2367,194.303,23.36268,6.878878
166,605.1627,198.48647,-51.652134,-29.01017
167,404.90756,237.5646,-6.114427,29.517042
168,795.0885,226.05772,-47.31222,-7.882433
169,38.53549,1021.4264,-49.14328,-34.295265
170,24.886269,1007.2962,-15.868893,19.27988
171,743.42267,131.3298,-2.6845791,-1.3477653
172,231.44153,48.917194,-3.2349732,-18.05132
173,293.55698,273.1904,41.267467,-10.918478
174,430.28824,29.231215,-7.443649,5.190201
175,38.984024,1011.2095,-24.308525,36.439297
176,678.2156,478.78223,43.670597,20.898365
177,56.120262,265.80127,0.4586302,4.0978312
178,400.4968,843.6331,-3.0299888,-3.6712654
179,342.17566,333.1461,-15.803794,-2.3470151
180,371.43375,483.02838,12.05041,0.33848143
181,368.98416,452.32797,1.6215092,11.182372
182,658.4845,605.23065,25.456366,-6.480199
183,225.72974,855.8661,14.578451,33.505554
184,57.607983,1001.6296,22.861029,15.031379
185,354.9317,392.83218,43.212982,2.7555678
186,346.06958,366.04968,25.148695,-58.66372
187,577.11255,120.90194,-3.7421167,-5.2164674
188,747.43207,447.61078,-7.2509074,21.72974
189,1010.20386,475.68134,7.169541,26.4753
190,1011.9959,359.79575,-0.14551003,-6.39053
191,95.959625,1010.30817,-4.9987144,-8.331769
192,922.9747,177.34926,6.182802,7.3138876
193,515.8981,87.23787,-26.820097,25.81553
194,205.43196,818.2277,4.7693305,24.216385
195,357.34482,277.96182,37.769382,16.39765
196,149.01085,881.74207,-35.707367,30.248728
197,736.04944,456.86066,2.540135,43.583115
198,27.494345,567.7017,-5.922632,-19.218508
199,336.0156,121.97183,-28.003386,-43.435493
200,548.3306,95.70456,-17.078997,-6.3207874
201,978.0749,23.939838,42.02011,-19.597202
202,657.23456,253.42114,-33.90915,24.584717
203,952.58563,536.2151,31.345541,12.880923
204,871.648,284.7265,5.0175405,-3.0604303
205,914.78735,362.0907,8.825996,-16.784246
206,958.02045,147.5257,3.3893301,9.019939
207,272.24252,387.13458,-2.8834753,-18.315046
208,810.16235,988.8313,24.799654,28.52926
209,740.1778,809.2507,24.583849,12.398881
210,410.62067,759.9543,70.00907,4.7661047
211,621.97003,290.99167,-25.715286,10.039031
212,21.815231,765.6119,-8.008463,12.8034725
213,327.08862,278.1418,-15.850041,-21.299648
214,530.97687,248.04645,29.589094,-8.770078
215,737.9056,38.700985,-28.726734,15.669119
216,370.13474,135.68518,-23.707268,4.93953
217,964.1983,617.92706,-0.97163874,9.734566
218,669.15717,310.20618,-1.8780853,0.350252
219,167.83665,1017.02924,24.616693,6.10901
220,346.42258,414.32483,15.141314,-55.391933
221,644.17206,65.65862,-11.05256,15.118589
222,226.44635,84.13102,18.678469,5.596559
223,492.2033,616.1567,-63.807358,-14.212323
224,10.672065,1004.1983,-25.873943,-17.36386
225,712.5259,959.76373,-28.949657,-36.491016
226,707.6248,860.9059,-21.444199,14.093202
227,121.516136,927.8807,-38.777695,81.21755
228,736.38385,297.36334,27.079903,25.021242
229,690.101,1015.16284,-12.102555,-0.34822053
230,477.85947,930.7102,-1.3550704,44.508743
231,848.50684,920.69635,10.85732,14.618616
232,740.1761,852.2976,13.417048,45.27671
233,174.89691,344.85727,-11.35478,-14.12083
234,22.439152,987.95105,2.2046647,44.706657
235,829.83716,475.8897,-7.8629327,3.6997972
236,554.9701,612.1133,12.746597,46.85038
237,929.8551,629.0052,13.69897,-17.867971
238,398.4915,983.94293,-27.403797,16.31101
239,236.33083,691.98895,2.0221357,-18.572163
240,996.18097,920.9101,-9.166608,26.266851
241,640.8357,887.1437,-6.7198434,7.1114984
242,161.96179,831.1482,-11.337698,30.011429
243,889.4129,618.907,73.92563,-16.904156
244,320.3628,580.24615,-23.169882,-42.2094
245,581.31244,659.1771,-37.494705,-12.475043
246,619.88,832.08905,2.395079,-0.4065259
247,309.09387,194.82692,-16.542542,9.331559
248,723.147,806.9392,2.973131,43.864063
249,682.6068,329.46246,20.225271,38.300476
250,967.1147,261.99072,8.65822,-26.25823
251,68.35188,681.9075,6.438668,-40.33494
252,37.16387,1001.52484,18.888958,80.35885
253,11.529866,625.07306,13.993239,-4.7900076
254,812.11725,820.0647,-6.9910493,-5.010118
255,118.74862,778.97253,-9.872259,-9.380306
256,299.25525,271.39578,-33.010536,29.557547
257,807.44666,933.1396,-1.3049598,21.526644
258,289.86212,261.99368,23.583107,-45.009468
259,371.56567,772.62244,23.404562,-37.833645
260,792.375,33.527515,17.787712,-31.66439
261,33.797955,764.21375,9.351854,26.377056
262,223.83395,366.52228,-19.416824,-5.9974732
263,671.1839,852.04474,8.234554,17.209236
264,558.57526,519.8661,15.383806,14.3451185
265,979.00116,482.83237,-35.36053,-37.02556
266,206.33601,547.5223,3.3845608,-19.11435
267,966.6324,969.57153,-3.6144633,-11.694106
268,1022.66656,210.47379,4.5783286,-15.634232
269,545.8074,210.87447,-85.63091,27.701035
270,751.03174,566.84576,-1.233519,1.5176555
271,1020.02136,450.90842,-29.937696,20.70884
272,308.14603,463.87766,-0.43747,6.344124
273,1009.91,216.43594,67.50116,39.359833
274,364.34268,560.1844,68.13098,-30.48997
275,575.776,464.7941,-9.058924,-16.948692
276,705.0354,795.5352,47.83575,23.746878
277,389.38303,13.958559,3.05274,0.64859295
278,648.42664,894.35333,3.0052347,6.574487
279,208.99277,316.31686,-3.9129527,8.071788
280,781.2471,4.92903,-23.07884,1.0740482
281,31.477295,288.66815,-12.813789,-9.623932
282,443.44516,531.8634,5.4787345,1.2218968
283,557.49664,227.76517,20.393923,28.616978
284,699.9904,89.785545,8.774255,-13.391218
285,871.69604,962.1312,-32.030727,10.744991
286,352.0741,473.53897,10.259893,22.42698
287,502.48422,680.5653,13.665544,43.945667
288,1002.7462,0.2159338,-43.85957,-29.097618
289,476.49664,291.956,49.173157,-13.767035
290,540.608,589.58545,-30.226852,-0.20500506
291,687.5323,510.35367,-18.535915,18.683537
292,946.6825,526.1395,45.39408,-6.6214843
293,578.102,357.7645,-51.80239,54.61587
294,372.21484,144.92223,-8.006475,-27.41607
295,27.465055,755.3998,-30.604187,25.286098
296,707.3,980.6718,-6.4574823,-27.817368
297,338.29495,437.1261,10.243074,-39.12894
298,680.39166,231.24677,8.845552,-13.308963
299,964.4597,61.83413,-18.43741,-22.499786
300,476.53656,330.14618,9.692349,-6.370693
301,382.7158,956.9795,-58.75937,8.601644
302,296.56723,898.38947,-45.734562,-8.468272
303,343.97824,56.436615,32.72325,-33.136467
304,971.44476,255.6031,26.51241,-42.65344
305,984.2449,507.9215,38.917915,-81.15045
306,581.25775,112.24665,-14.090763,4.9075027
307,550.0101,598.9174,-10.864769,89.3418
308,490.891,286.8768,19.817852,-12.708272
309,194.73027,930.5583,4.645187,53.06859
310,255.03122,895.74023,-34.29135,-31.381254
311,714.6235,720.62445,-45.39687,15.337868
312,874.226,690.37213,-2.616293,-12.454972
313,147.84789,366.7548,-7.670076,-1.9142622
314,792.2122,490.8591,-13.64591,8.349866
315,773.70294,86.366905,9.96595,-11.9372015
316,157.13295,166.45428,20.998777,-26.377327
317,770.75415,936.1953,-4.71026,-25.327719
318,234.499,565.74884,-16.748167,11.474029
319,433.57126,241.29164,-30.530184,-21.830027
320,436.6811,181.45923,24.939993,-5.389158
321,469.66605,823.1249,34.7189,-15.654032
322,269.27664,72.350426,29.513027,17.543682
323,812.37976,897.2229,25.43494,5.321204
324,201.9542,27.889154,-4.314767,-21.225153
325,939.69,923.36127,-6.4793434,8.730744
326,717.1755,826.2973,49.406322,33.346397
327,949.2894,525.3387,-27.227373,-74.46455
328,138.22629,910.4193,15.419589,73.67628
329,903.6738,872.83124,-29.029306,-0.8619338
330,234.91017,913.92694,-19.481897,-20.84394
331,872.62085,172.86713,56.036545,-25.008303
332,807.98474,461.93164,-50.81038,-10.38592
333,224.37033,24.558695,11.030607,31.141684
334,709.7032,648.4764,89.7467,6.7477593
335,737.58636,130.27814,8.9345665,-0.6815844
336,22.766052,567.44543,-19.15533,20.651701
337,708.4663,186.14732,29.168753,28.75692
338,776.27075,960.0237,20.923359,4.173891
339,209.03096,735.09045,89.98254,-1.7730161
340,518.86646,520.73755,-16.64492,-26.223951
341,746.08716,202.47968,19.328749,28.019575
342,376.75186,145.3713,1.0396715,3.8669786
343,795.3755,547.3534,-7.633385,-9.382348
344,805.95685,648.29816,-46.730965,-18.5452
345,940.82623,232.34344,15.977161,44.750446
346,140.33052,817.58624,-43.455086,-56.34476
347,277.2663,81.92693,16.819473,24.130892
348,529.93365,978.69507,0.57763165,20.888819
349,925.5303,584.933,32.585037,10.793395
350,509.89142,106.51743,-11.853387,5.5920415
351,75.74425,995.8164,-21.154243,35.16479
352,848.5083,938.99036,8.099668,-10.913668
353,486.48807,164.54852,0.27536574,-15.862905
354,507.69415,630.5953,-1.7709472,-63.458145
355,416.90045,772.02563,1.8482121,46.516533
356,56.1782,945.173,-45.590378,29.867596
357,208.04283,594.1252,-3.1441994,10.312354
358,202.70775,689.11127,19.622248,-43.875816
359,460.5005,992.1971,13.614092,-28.087688
360,833.39905,638.9303,5.8131943,46.171818
361,104.74454,846.6961,-18.833418,-18.786804
362,821.91846,237.42561,-5.775781,25.280758
363,273.2535,915.8883,-69.38901,27.654516
364,531.80896,754.63617,7.0008616,39.757607
365,739.11816,464.5484,9.8756485,57.43813
366,857.3298,818.13245,-1.972808,26.58307
367,439.35968,908.18744,-11.907302,-22.029182
368,1013.44586,455.09692,-48.33823,45.886192
369,69.450325,346.76044,-3.139652,0.9751138
370,397.25378,558.5179,-27.289677,5.96166
371,563.86945,467.6439,-34.519997,-17.669699
372,350.34256,509.56638,-43.92077,-61.313377
373,641.36926,894.0224,4.800556,6.7583146
374,727.8521,600.9556,-40.430588,-24.85437
375,996.3445,948.2283,17.740154,-0.12943292
376,219.46805,697.6056,67.867424,-22.888636
377,151.21794,919.19714,59.146225,67.83601
378,559.79297,656.59344,4.5327735,12.817082
379,374.35272,876.4542,4.8360963,-4.6652327
380,683.7894,455.01874,-2.937334,-43.72811
381,50.01873,620.5527,0.3976913,23.864775
382,55.989002,786.4866,11.291062,23.680489
383,983.2671,516.18286,52.195816,-42.01563
384,325.144,760.8948,0.10313031,4.2010407
385,98.584854,330.17203,-2.5859404,-12.281326
386,977.8107,945.484,54.34512,25.226215
387,943.83813,97.705925,5.607262,-11.256088
388,294.42737,30.19251,20.052526,-43.187588
389,145.42264,913.5685,31.347721,60.168545
390,140.66106,534.48267,-12.146242,8.990945
391,426.3591,96.346176,-9.351278,-1.6874534
392,927.9752,385.168,29.825151,-10.186247
393,846.81055,16.00185,-13.0318575,21.46961
394,818.84143,701.2832,-28.582739,43.644043
395,811.4679,316.2507,19.248344,35.75638
396,698.3286,15.239069,2.2168868,-49.3047
397,961.18066,326.89206,-11.79018,13.258204
398,783.2089,639.30994,28.87865,-57.004795
399,799.62524,946.0253,17.503328,0.44183782
400,113.65116,556.0566,-31.951778,-37.94783
401,432.89352,955.2949,-12.351799,-38.640675
402,693.53424,382.97784,-19.264568,12.331861
403,255.08385,157.58395,23.96984,-22.905647
404,35.452667,694.2297,-13.631898,55.0815
405,581.69037,626.09656,3.7496622,3.626366
406,127.52945,565.6841,-3.4868357,-16.291906
407,27.15003,988.41455,35.410362,45.848125
408,424.2232,837.1978,34.959568,-6.6210127
409,822.8558,478.20572,-19.75557,5.28451
410,464.76468,82.94101,-13.565059,1.1825497
411,46.81369,448.43405,14.176198,-8.557261
412,577.2358,454.41165,-22.009197,87.26737
413,980.6603,124.43932,-4.8108273,1.4809159
414,158.71814,729.11584,-27.10287,23.859089
415,201.45953,467.48727,5.4355307,-10.357936
416,843.3003,694.15076,12.053871,28.03781
417,493.537,645.1101,19.63847,53.600002
418,761.5644,863.97015,-32.536404,-4.3583164
419,1017.9389,138.76323,0.17481737,12.138021
420,379.1878,802.25903,-31.559603,-19.599709
421,533.8783,984.89136,4.796717,11.411934
422,848.8498,124.076965,31.159878,-6.6284266
423,906.2871,493.29895,-46.50161,0.23094052
424,728.3471,532.9081,46.17186,26.865541
425,978.5294,978.6535,-36.998722,-18.963009
426,195.59122,208.13599,34.633858,34.452976
427,788.1997,398.2684,28.139591,6.9457045
428,541.88715,553.8407,-13.96744,10.631935
429,841.2818,101.65857,29.529602,-80.207405
430,196.08551,70.29074,-6.300184,-9.517395
431,310.2372,943.29504,-1.5726911,-29.365858
432,680.96796,105.925865,42.911995,27.452559
433,1006.53723,720.01996,21.278278,-16.327572
434,599.20935,178.81447,15.516508,-17.747643
435,311.28323,645.96204,2.6075737,-34.24209
436,365.60193,556.0074,65.4242,-21.55851
437,793.62354,145.40176,3.1534314,-28.819736
438,578.84235,115.8882,-5.6978683,9.433073
439,504.97787,329.53784,-20.046326,-4.5739303
440,607.9884,1009.1424,-27.2975,-33.287586
441,203.61017,676.2752,-44.59548,33.98841
442,376.4143,250.21198,19.430834,1.3434031
443,124.53193,903.53235,-42.57185,15.029662
444,321.61417,754.3581,49.382446,-8.745601
445,696.45734,628.17957,0.37347814,2.911989
446,538.20685,620.8587,28.400095,15.489284
447,617.66974,1010.6727,29.688612,13.682129
448,563.1088,22.44837,39.408,4.3765507
449,873.54517,474.1635,43.663826,-18.45273
450,675.4423,37.32511,-17.66908,-4.0193176
451,577.0294,108.622406,-1.0852968,-10.443283
452,22.061783,142.83366,-4.7787843,-11.926563
453,295.32535,48.208923,-17.608078,-18.009624
454,1015.16815,214.0693,81.77579,16.970945
455,180.09941,171.82034,53.223362,19.639757
456,516.289,25.571077,1.163104,8.80212
457,28.44079,341.28464,-9.557064,11.715107
458,59.30054,698.65076,-17.764612,23.427706
459,869.7499,38.432636,-11.466867,0.5180064
460,410.51932,216.73306,-58.157726,-1.8772775
461,713.81494,948.44653,7.5863776,8.412244
462,315.82385,857.60187,3.2078934,21.1237
463,312.60822,876.4392,12.538581,19.770252
464,423.5998,989.7344,-13.9376745,-10.222333
465,961.80695,366.12753,-35.060467,-13.332757
466,328.59366,786.55115,-8.140503,-21.620148
467,182.18262,638.73975,-0.26862,-4.4136252
468,920.76135,945.501,3.6600573,-5.8279614
469,508.613,981.55835,-0.45211747,-8.531424
470,194.59787,727.5353,40.085636,-68.64535
471,889.4996,949.1442,2.3371234,-3.252525
472,22.644548,950.94385,35.724636,-16.439499
473,55.0301,476.7809,-14.125173,-19.74375
474,1002.04126,515.2217,57.508118,-25.742582
475,148.82129,552.8263,23.960344,42.511513
476,105.48439,249.3129,4.3795643,-2.6995373
477,603.1749,2.785608,-37.694485,61.118576
478,305.03528,34.712807,14.550003,-55.307518
479,821.0188,32.804478,39.703636,34.215107
480,251.78961,981.34515,-31.759075,-49.671314
481,834.0011,122.4387,-0.8381444,60.3164
482,956.2166,772.1756,43.705677,-1.0337429
483,877.86646,353.29846,-16.17849,-3.2626626
484,277.6373,335.2068,1.8976681,2.5884955
485,342.15628,7.195114,-2.580919,-34.89479
486,979.4604,487.71912,7.170183,-53.979496
487,289.6384,855.09644,-19.369225,-11.988144
488,921.1116,499.97876,-48.012585,24.111223
489,995.09656,210.79266,31.337505,32.814346
490,451.63156,760.919,-27.759829,-7.3731284
491,936.1143,267.3166,-68.4668,7.8699064
492,806.5577,1015.8338,15.183081,-41.466545
493,678.5891,304.95346,-8.195931,-3.6132107
494,194.65215,160.05145,-6.324893,12.049666
495,902.124,41.12219,7.658972,-2.0358922
496,726.2236,863.33417,-24.748558,39.899567
497,252.33018,607.9809,45.802574,9.345901
498,322.32822,767.2709,50.433437,19.206707
499,242.23071,20.803312,-43.167774,0.06346758
500,811.0092,813.95306,-7.514194,-8.306788
501,383.19952,827.3184,4.8482804,5.529675
502,162.62593,392.05942,8.522971,10.301787
503,503.76996,724.254,13.077098,7.172768
504,531.31366,205.56538,-17.224773,-26.20424
505,568.9978,519.3375,15.901032,-5.509653
506,876.581,234.7813,40.578896,18.656504
507,67.71281,429.83228,7.345682,-29.609262
508,595.1087,669.05145,-45.148182,-36.697098
509,969.1698,686.1059,-25.704342,-13.750383
510,538.76575,527.9828,21.562357,-27.851542
511,85.851906,927.31573,14.581953,14.563491
512,541.67236,983.869,8.889892,-5.0515075
513,137.27437,697.6599,3.3651364,1.0206212
514,291.18527,47.11416,-18.309023,-16.400982
515,234.59291,791.7467,-66.40684,-12.223289
516,113.06947,806.7609,-32.026775,-10.456143
517,683.2231,851.9072,-5.732878,-7.4759803
518,850.8324,130.33176,36.28295,11.554248
519,18.74625,713.4491,7.023725,-10.299107
520,21.17637,945.4659,20.600592,4.834104
521,199.0363,54.633183,-10.735841,-21.616661
522,973.3007,292.37888,22.009872,-11.870798
523,73.33922,12.612537,67.951454,59.013554
524,636.44257,882.984,-4.8224864,-11.570283
525,223.39668,578.19226,11.032611,60.309025
526,805.11176,434.56946,37.0359,23.351362
527,287.7509,572.3809,3.9382198,-20.099043
528,681.83905,941.89636,-5.1617837,-15.623557
529,512.8817,55.711624,-24.868294,-17.67198
530,132.56987,280.4132,26.136633,2.1090796
531,871.4493,646.24426,28.107845,76.626274
532,266.49774,372.57986,-5.563226,-24.854828
533,773.2782,724.24945,-3.3437765,-10.863398
534,840.45325,887.455,8.91632,-23.909084
535,553.16144,1001.36597,13.876365,45.135384
536,499.9262,467.25195,-5.1235027,2.586793
537,674.3797,506.82388,-12.195216,63.306717
538,388.46152,721.8192,24.53633,-26.897469
539,20.990864,990.9985,21.248827,55.977455
540,344.28976,513.6046,-29.696745,-82.66065
541,245.52353,21.373634,-37.00792,-2.984874
542,151.15515,1008.2127,2.8260849,17.299604
543,875.1906,360.266,-22.420671,-0.40847427
544,697.9056,277.0399,4.2574186,4.9983735
545,739.02,717.68195,-2.3017435,44.211704
546,1018.52344,783.36444,-0.15024343,-4.3029203
547,581.9633,117.089066,5.428314,7.5494266
548,168.7263,418.826,-6.671405,-12.748868
549,841.53204,595.3874,-27.151705,-17.981947
550,206.29903,327.15848,-7.1968365,40.30657
551,443.66153,212.98447,1.9167095,1.8097643
552,372.63043,140.91212,-19.54646,-8.506969
553,975.32416,753.4994,23.943424,39.34343
554,74.70589,855.02576,-70.85205,32.786472
555,592.3659,428.5617,-23.141333,35.18888
556,620.7623,553.7902,6.0269427,16.013126
557,563.07086,305.6927,-24.109503,-7.0871973
558,796.3994,230.15369,-0.007892279,-33.118935
559,356.95435,895.7519,10.609007,2.9626732
560,932.81116,270.0392,47.50604,-12.051058
561,796.22974,628.88007,6.840769,8.713197
562,652.01544,452.92737,6.6423845,-7.7877607
563,607.0643,346.3556,28.006641,50.68914
564,764.0566,1000.0162,22.291365,-33.8438
565,93.52766,240.10966,-7.768315,7.397306
566,624.3493,795.23627,4.5297503,2.4902387
567,951.75104,417.0614,-2.6599226,30.98437
568,729.9922,562.7486,9.993073,-44.151695
569,126.60703,859.5491,-24.113644,-28.417076
570,287.7912,399.14133,-42.820015,25.414797
571,785.9695,49.929306,-32.682453,-59.26503
572,371.19708,649.9692,-24.515781,45.126945
573,122.117744,777.28064,6.5407023,-17.56162
574,757.8374,346.3933,15.782785,14.5561695
575,969.19086,530.178,39.136326,-8.661804
576,749.4412,250.57248,-21.49917,25.299421
577,424.28778,757.4484,38.21043,22.590752
578,339.549,134.79045,-19.802237,10.485978
579,287.43436,491.45093,-6.766488,9.427528
580,70.79551,1018.80035,-21.222963,69.731575
581,401.63162,591.33936,-6.9145546,19.8948
582,5.396742,177.83594,7.097696,-14.288158
583,6.2010403,886.8489,-8.591652,-14.573023
584,486.72842,588.3433,24.644033,-32.744064
585,157.04234,845.8051,22.39426,9.183461
586,26.598274,35.392223,-1.7689962,-39.913883
587,819.6548,383.42548,-21.10604,-5.2765994
588,289.832,399.66037,-54.620342,30.956833
589,311.79156,849.0192,18.394342,19.13799
590,919.93243,263.46094,34.41983,-12.357032
591,196.36407,450.14954,-0.8746193,0.45885932
592,613.4192,721.8327,6.7218566,-16.114166
593,345.6216,641.35693,-4.1422524,4.508325
594,120.35557,713.93146,4.876267,0.43616673
595,335.88593,505.24014,-31.907084,-18.421501
596,356.3179,116.43028,23.314213,-29.762945
597,60.380173,431.24963,-6.4849987,-28.539602
598,384.86954,339.83694,-13.276498,40.156284
599,792.93646,881.6418,2.991574,25.274647
600,702.8418,793.49567,37.95698,19.01887
601,623.3325,889.796,52.325333,23.126776
602,924.2234,634.0047,8.4995165,2.0677044
603,904.4042,421.38437,-19.675816,69.307175
604,257.94824,60.176315,24.533772,2.6995876
605,405.85837,645.65265,-17.365664,-13.277116
606,395.6868,458.46243,-13.279222,31.312826
607,339.08636,239.44081,-2.0097055,7.4763465
608,132.70085,453.28027,9.178823,-25.676811
609,119.9591,774.1385,-1.9942789,-13.1359215
610,366.4968,426.85297,-22.456297,-28.22438
611,136.91718,732.04724,-1.9952557,-36.819088
612,219.68535,673.24194,-6.3186574,-19.862438
613,668.2551,385.34424,-15.260166,-17.552706
614,486.72916,367.42502,1.7425214,-51.52207
615,757.90564,469.34302,-1.2571634,-0.48665825
616,709.46564,370.4162,43.564014,-1.8004668
617,656.60944,582.7225,-20.566072,-2.6112869
618,837.57965,887.737,21.16456,-30.75575
619,84.803116,28.729567,2.4048932,-59.658024
620,72.25402,984.6275,-38.692017,9.820897
621,474.02295,652.522,4.6171536,-4.2773533
622,559.506,239.08415,-16.659685,10.9923315
623,254.43546,10.381046,36.101967,-26.559412
624,483.58133,162.66217,-13.321736,-9.420807
625,113.93813,270.4819,-10.890259,-22.143164
626,290.77072,670.5556,0.22929037,-8.684652
627,219.79778,7.4898853,-26.45179,-16.795094
628,136.7844,979.2838,-13.655325,3.8902545
629,835.12866,626.73254,-15.942048,24.083527
630,66.044945,906.61597,16.892069,18.353308
631,600.9988,112.0572,21.958542,8.237489
632,119.07813,129.94852,-37.345894,1.9506708
633,445.18262,605.43304,7.66843,-4.6509347
634,786.96783,4.9288535,-18.561308,1.8777407
635,788.67584,106.3184,-12.768191,54.073875
636,186.32072,322.21057,3.6014948,-50.80565
637,571.7106,270.74908,16.071167,-1.6399674
638,517.7738,659.25665,-3.1752253,-14.839026
639,33.851463,147.0376,15.403409,2.437242
640,462.56866,1006.5148,43.790047,-13.031689
641,367.21542,565.9308,9.174355,4.12935
642,849.32477,65.47981,-21.674967,-6.381322
643,315.10956,191.9366,-9.466495,4.713059
644,1011.97797,36.556168,-10.337351,13.055822
645,198.6116,284.37012,15.73269,2.9287603
646,933.8914,170.15694,-19.27433,-13.349745
647,623.0804,633.01654,-2.564072,-30.59504
648,550.7125,364.3991,-86.71554,15.998259
649,296.3357,524.2054,61.210556,-9.184011
650,869.6898,631.4112,-22.936277,13.814727
651,885.88513,844.6998,-27.383827,5.6565456
652,727.3162,261.74716,-19.581776,45.22164
653,919.1544,979.4172,-39.2648,22.619339
654,728.20123,123.35661,-14.810581,-11.496599
655,347.13156,125.70673,17.487162,-6.495434
656,191.03513,544.89014,-11.957204,-23.556255
657,324.48584,177.16309,-26.477575,39.210403
658,845.4528,922.2932,1.8472588,8.459246
659,583.55676,663.98346,-15.281774,-15.667107
660,149.57419,127.35678,-0.2367011,-0.9735598
661,265.14746,469.4989,0.18061572,-2.7377717
662,438.9206,827.2691,36.000446,42.341034
663,270.61426,761.75446,60.801544,11.500562
664,575.8932,1019.9391,-13.021024,11.747819
665,500.2919,945.0976,30.13543,6.576698
666,362.68,501.21136,-50.53277,2.5105233
667,886.7899,799.44574,14.141495,-26.045856
668,98.753265,27.530054,16.529957,-21.126005
669,348.77515,999.83014,-0.46638027,-4.9442024
670,897.8914,525.0532,-36.101654,8.652226
671,143.2163,72.19007,-0.29855797,23.701843
672,216.50589,776.34686,-10.874836,24.470873
673,757.48535,315.28537,51.225452,24.576483
674,777.5567,308.72125,36.168926,-13.788524
675,352.11032,62.189316,5.106204,-30.48617
676,469.45758,1005.7622,37.36808,-34.73783
677,261.4077,448.40735,0.6529323,-2.8414094
678,621.0487,566.34863,-26.05201,-13.8053665
679,319.88913,507.5983,-57.610992,21.09989
680,227.08566,315.15735,-53.367504,-42.05496
681,102.40773,781.40955,55.74492,22.102798
682,886.0276,567.23035,-8.210136,-2.521324
683,908.40265,691.26154,62.34647,15.032784
684,710.60565,483.7093,-25.409437,17.492792
685,814.62335,586.4368,7.9609,19.395164
686,898.65,715.43024,-26.937443,-25.25091
687,245.40125,95.293335,15.2564535,-11.702905
688,73.40251,142.53082,-0.37025496,-22.418232
689,328.35397,494.76282,19.353876,1.9944181
690,401.19073,903.50104,-1.5828038,-4.4851546
691,780.78656,790.70624,23.774952,-26.488462
692,96.5453,534.8556,-12.476171,6.0119863
693,685.66486,497.47498,-1.2088121,80.50175
694,572.2567,749.63055,-22.290796,-11.214907
695,988.4603,227.64171,-44.059505,53.62567
696,49.906292,617.1158,-2.4957666,30.26842
697,82.380356,897.505,30.483294,-17.469707
698,453.76935,833.04047,41.763405,41.710518
699,260.8189,790.5646,-25.349895,39.689957
700,707.9797,656.3653,89.46723,9.778241
701,753.5455,374.31628,18.205067,-78.05247
702,907.42993,370.3238,-1.7786056,-8.177328
703,977.09265,615.043,-5.9482493,-2.9047613
704,1001.1766,619.89087,-15.912318,12.289727
705,305.9326,179.56743,-32.76184,51.231358
706,631.1603,970.2793,10.054206,-25.48423
707,533.6688,582.8237,43.884483,-1.8957591
708,826.038,202.11067,8.333917,-2.0208347
709,557.42664,1005.9925,-39.942482,2.4609625
710,453.66028,837.4047,42.043278,44.280518
711,509.07416,820.1739,10.912324,-5.7344384
712,882.6635,523.4308,11.082327,17.29092
713,156.57784,914.69574,73.33019,52.179344
714,55.00197,659.70435,25.566572,-34.769196
715,900.791,588.81525,-20.692595,15.412539
716,385.0827,388.36664,26.46969,-31.235884
717,725.88696,434.90787,-1.1515023,53.645897
718,947.00323,757.09515,-59.151474,23.346584
719,971.71344,309.15356,35.200665,-5.0370398
720,279.2961,404.78122,-47.534985,40.126064
721,175.47455,426.03534,-3.4182057,-9.674017
722,627.6492,131.02951,15.757118,-38.673336
723,479.3179,128.60898,19.35267,-0.3380935
724,74.71797,689.60913,2.8157113,-32.681515
725,803.71344,318.14914,-8.649391,41.133476
726,202.23141,283.70148,-1.7037607,2.5897257
727,766.97516,794.1775,10.978487,-42.593502
728,945.90906,26.328255,9.787841,-19.313951
729,621.66455,1008.3768,56.797077,-12.203934
730,639.068,768.78845,20.007635,8.018661
731,835.91675,439.45233,30.748346,-10.047879
732,980.4383,918.6937,-18.16217,5.1939945
733,394.4441,309.46368,5.521335,8.343717
734,280.8881,899.3538,-57.49261,11.848573
735,577.85095,302.71158,36.071945,34.083557
736,138.69307,902.6089,16.801033,33.40287
737,78.96475,799.803,7.1878276,-6.786628
738,577.5843,1023.0602,3.4545872,-33.303837
739,836.0859,47.251972,18.09317,-21.911398
740,691.5255,406.9988,6.975965,18.158783
741,274.79434,495.3433,-27.773355,19.002304
742,585.15015,454.7426,-18.366524,88.10602
743,819.46765,996.1179,-20.297134,7.437518
744,170.04552,150.58301,-15.219957,-41.549606
745,827.31244,690.59045,38.884396,-56.47519
746,83.51792,862.7562,-60.44751,40.9358
747,923.5466,175.91444,-28.614502,-43.645317
748,133.6848,908.67633,-7.006444,65.04094
749,820.16034,366.96494,-34.612286,-9.438942
750,974.08484,296.15997,23.137287,-4.7270246
751,966.28406,597.0639,3.9688451,4.0992203
752,208.98726,387.7688,10.266649,-10.797421
753,576.84326,542.80707,65.250015,-4.2248707
754,371.40482,747.2384,-13.383403,-28.503635
755,166.25217,719.81726,-10.128598,16.97034
756,81.887474,655.1824,14.590059,-33.441154
757,931.80927,754.4676,-4.317271,-17.606577
758,1013.6147,25.162926,-15.814708,28.119331
759,53.175465,260.7769,4.28586,3.8181193
760,246.33633,727.95526,4.7576857,-32.718227
761,364.3466,535.53406,-7.7011423,-58.802948
762,586.9083,12.207903,2.3762896,-39.343884
763,774.97943,683.75464,0.7947282,15.519336
764,905.98413,838.32245,-22.196428,0.28087625
765,247.90576,583.19415,-6.9610014,-31.324045
766,349.64502,420.16953,16.08109,-42.15555
767,129.37602,60.530033,18.703793,-5.5298944
768,901.28723,206.81816,-7.505228,-2.151655
769,781.4644,548.14575,0.48712942,-0.6566516
770,250.1253,941.14874,5.0175076,-1.1207453
771,484.867,376.0722,-9.683845,-5.784132
772,512.28577,339.4001,-22.64349,28.230806
773,482.8068,684.6553,24.66762,-35.24256
774,257.7478,7.91621,-40.277084,65.69516
775,826.0695,470.14426,-8.738558,-0.874435
776,542.75366,343.31384,-11.514438,-38.00459
777,319.4663,584.29474,48.35947,-15.07907
778,218.92805,363.9072,-15.407858,-19.952501
779,809.9773,928.0426,3.0115516,10.051286
780,635.9359,283.5021,-39.116997,38.531597
781,85.68387,671.6384,26.131834,23.88368
782,864.83466,619.6669,-3.9869704,-9.169252
783,904.9677,485.28668,-55.445396,-13.180221
784,653.535,505.6696,-13.00305,62.83113
785,558.475,954.6574,-0.70971733,-4.8787737
786,115.413605,713.0016,15.858517,17.609623
787,194.17302,550.7852,17.715902,-25.094187
788,314.03018,104.64059,7.4023113,-5.917215
789,152.99667,395.58997,10.007929,3.4857678
790,639.6786,417.21204,15.453836,27.08388
791,244.03674,702.87524,28.74178,-8.066382
792,19.598694,902.1338,-12.127295,-57.116028
793,574.4673,528.5047,22.40573,15.412206
794,975.1072,765.5842,12.839339,-24.775265
795,973.82385,202.42923,15.065283,40.91018
796,71.68763,145.89606,-15.25733,-11.591691
797,726.4755,724.5788,-18.663733,9.764303
798,50.26988,2.9809904,-40.130077,-13.655914
799,892.72705,210.76883,-24.614109,3.548851
800,502.08383,932.52496,-10.933608,33.9021
801,666.9557,276.25186,8.713913,-38.31417
802,698.8064,272.12222,22.676723,11.647457
803,279.23422,750.05804,-1.7523861,-16.569502
804,544.24274,402.16446,3.483372,-9.236625
805,309.30258,524.34753,27.623306,-0.7029347
806,784.47485,710.14734,-3.8914561,6.346469
807,867.1955,590.9927,6.2223544,8.018197
808,843.11475,363.39093,-21.615429,20.293316
809,951.4925,230.7867,22.856949,-39.672306
810,872.61005,15.671994,-16.6625,-2.7381465
811,905.9508,267.5359,24.270512,-8.130315
812,442.7783,13.748116,-42.789783,-31.569605
813,192.51263,448.94632,3.314626,-2.3278995
814,23.079319,39.623222,-4.574043,-33.37549
815,396.1125,700.80365,8.684098,-30.402931
816,873.1484,679.47266,-13.312304,-7.9525156
817,498.12747,328.6538,-8.88002,-21.250261
818,259.32477,391.82843,0.30474594,-3.298764
819,91.61521,620.68567,39.21317,11.288169
820,357.2198,552.47296,74.78516,-14.173746
821,917.237,374.62567,-45.744884,-6.3079042
822,401.30237,712.55054,20.849771,14.507301
823,198.7437,544.9035,39.383602,-53.169075
824,32.37809,882.7712,26.800838,-6.676079
825,807.5911,526.02997,-6.374038,-9.252532
826,736.3006,431.41153,-0.77349657,14.833092
827,684.686,779.8359,35.22888,12.382468
828,176.25145,805.9734,-25.854939,-12.290622
829,648.04297,201.26073,4.5010943,-3.2566557
830,401.82935,979.7518,49.852104,42.314686
831,648.14307,103.45766,-42.37916,3.2156887
832,144.88423,505.7855,-22.379023,-25.300556
833,876.4428,19.691605,-11.024959,-0.9331697
834,771.1176,904.7017,24.316061,-26.148914
835,734.6911,989.2634,-65.59693,61.620148
836,93.865585,920.4561,39.11033,-16.503817
837,857.1813,985.0661,-8.414004,36.945946
838,205.68971,988.06415,21.376604,16.237387
839,743.72876,206.73332,-7.331985,-3.8872085
840,553.0891,417.53705,-4.090718,-17.736738
841,889.8771,607.64276,-28.803875,35.75632
842,951.2806,640.8038,-20.335108,3.6559558
843,951.33813,866.2654,-5.379606,36.44374
844,822.5949,625.9918,7.287546,-3.381576
845,198.35927,61.739815,-3.5384593,-12.172909
846,450.6801,922.3945,-17.776823,-23.234428
847,86.3707,933.41235,3.6990395,11.678095
848,604.96625,524.7468,-45.420193,33.49351
849,640.0866,336.44083,1.6115748,1.654778
850,260.45215,655.22925,6.323408,-17.970608
851,481.91592,437.93445,-9.456031,-6.1188254
852,274.0154,995.41846,-12.622069,-10.652348
853,1000.0901,614.17413,3.7026641,43.08422
854,357.60196,685.7721,0.9165886,12.862995
855,228.00182,367.22668,-18.22219,-5.1636457
856,336.18344,876.5744,63.543034,-15.909097
857,419.3947,795.93896,-42.685314,15.932631
858,640.1782,292.96683,-31.573547,-33.68114
859,945.4313,733.7888,-35.74033,14.623226
860,494.31915,9.68062,43.414295,-12.1300745
861,428.459,1020.5351,-3.860971,-17.345436
862,362.1247,330.18668,-11.024091,-2.979741
863,625.2017,434.0173,-24.409258,18.3364
864,228.42622,86.65736,4.0560336,11.201965
865,473.47742,518.0967,-2.933263,0.85476494
866,279.59268,678.16254,-12.282984,-17.266329
867,579.3577,774.0758,16.80531,-40.29108
868,863.69257,876.6773,-1.9675853,-20.5207
869,296.02585,762.94385,31.133661,-2.5211601
870,262.71338,725.7061,-22.93438,-41.293396
871,829.383,656.30756,-31.025866,28.007078
872,537.73584,542.6215,-9.2714,-19.934553
873,244.44867,210.82416,2.6245916,-5.459345
874,535.3046,251.56729,-12.613285,28.581514
875,179.99316,338.6889,-13.753071,-19.212164
876,416.38718,808.6607,45.81281,-8.627614
877,322.52863,864.1123,11.843879,20.663544
878,620.4496,4.6007533,-65.05611,-25.170826
879,340.97693,570.087,18.403471,16.528038
880,288.96576,758.21735,1.1226254,12.660386
881,122.9248,910.2636,-41.968094,37.829784
882,304.89578,292.97665,40.699898,64.31663
883,957.78503,548.4951,-18.38922,-41.290565
884,940.91223,35.935776,13.234453,-34.438908
885,145.65178,47.407238,7.427829,1.8389474
886,121.920296,420.61136,30.492725,20.089188
887,70.57515,929.25635,3.7144945,-42.06397
888,774.4182,195.02786,30.97123,36.87404
889,873.8314,190.52463,18.360104,-7.4626684
890,752.32825,330.1203,10.6839905,25.852715
891,312.27362,224.26659,4.9515862,-12.82632
892,278.3591,982.9096,-8.793666,2.708566
893,218.01317,190.91309,-22.66651,8.875559
894,86.717606,918.22644,-67.855484,34.81365
895,632.5718,377.02832,-44.390133,31.386267
896,78.95801,987.2716,-1.7303474,-54.66939
897,277.85278,257.0104,3.1442442,21.020329
898,137.80684,983.3318,-10.8782835,12.442327
899,47.561314,591.31866,-16.091282,-1.3766637
900,911.8843,582.9484,-43.272686,16.756264
901,297.00424,202.6261,21.06771,1.3343961
902,352.2217,101.11528,19.875565,-87.777916
903,616.96405,187.11462,-37.65056,69.82961
904,147.85986,178.8476,1.5599773,-23.213142
905,775.98193,366.51706,39.58762,-22.104837
906,680.6894,855.41534,-27.561218,-9.864569
907,332.12567,46.518604,10.577287,13.136144
908,24.264103,149.82466,-9.728485,0.022141512
909,706.1436,310.39734,19.15376,6.779956
910,343.158,44.078327,2.0650032,-24.558685
911,180.8478,363.65552,-13.712648,-42.324574
912,371.51855,787.6609,-52.881565,-65.28753
913,533.1827,97.50541,8.914015,34.30555
914,1006.0661,449.31952,-44.92744,40.74764
915,592.3925,542.6691,-44.40233,36.691864
916,803.2797,157.46033,14.009086,-17.385748
917,403.45566,995.299,-11.680805,27.101578
918,522.6531,689.6518,64.123276,18.178354
919,49.849365,756.7943,13.733026,32.49719
920,362.3857,389.2733,-3.8896728,-21.202219
921,89.61143,298.42795,-30.757174,-13.768563
922,315.0448,830.53577,-39.56547,22.258703
923,37.539948,977.5276,-62.301712,16.539043
924,955.4164,657.4511,-19.409899,1.2002679
925,991.37427,813.53015,15.876745,-5.3830767
926,254.03725,945.2046,-4.1275487,-4.9337573
927,335.6777,786.4078,-40.046154,-13.301542
928,950.52277,761.9026,-45.073837,34.77313
929,96.25081,554.02313,-34.024048,-30.191652
930,791.625,395.63138,29.387077,2.9461772
931,999.7809,182.265,-57.74809,9.639346
932,432.49146,606.8672,19.319242,-2.877411
933,625.46716,589.8647,-25.759703,6.4258294
934,435.5953,440.09,-14.133615,-5.3420444
935,243.79337,433.07257,0.43418917,-5.652898
936,262.3099,1014.47754,-4.359069,-3.8634846
937,250.17763,160.39442,21.331224,22.461504
938,489.96646,603.63043,-7.1399612,-36.002544
939,788.17267,486.71426,-10.332034,5.010116
940,968.1403,82.88725,57.20597,-54.974537
941,576.7045,473.52164,-13.663253,-28.619352
942,355.87228,406.06296,55.41375,30.712751
943,135.88951,552.7039,30.567987,9.416815
944,662.9695,196.41496,37.077515,-14.490638
945,67.43785,182.1838,32.99373,-6.880449
946,212.53116,969.6898,10.444968,-8.00492
947,36.461975,208.03923,-30.22653,-25.550901
948,206.00487,794.4936,11.71539,-8.964008
949,536.4732,353.27475,-43.43562,-15.133161
950,186.51869,744.604,27.882378,-54.61917
951,905.3474,604.2844,-10.300898,-26.242443
952,382.42856,382.7689,-13.667443,-33.104565
953,726.52747,656.5354,44.305508,25.071981
954,527.01984,288.39093,15.995101,-15.79775
955,348.97946,132.3014,-77.091156,-46.443012
956,259.52774,765.43054,14.471913,36.690655
957,979.24756,723.1627,34.437363,3.3380928
958,866.9502,214.16093,-28.76,-26.598047
959,983.10095,75.732796,12.008806,5.0893283
960,837.3204,883.90045,25.216892,-40.371822
961,283.58316,964.22833,23.08237,-7.1126776
962,88.335526,207.59381,-8.94407,-23.467947
963,219.25674,509.76544,-19.223753,7.8719687
964,673.40985,928.7074,1.0785275,-0.18975578
965,292.07617,283.5595,-6.08936,43.420204
966,425.6141,763.6611,-49.036617,33.335037
967,741.124,603.55884,-31.01399,-7.4280753
968,75.08485,980.5248,10.286848,30.821796
969,454.32535,585.10986,-2.083242,1.2699708
970,896.18756,596.1617,-36.79858,-11.702838
971,681.05383,153.51694,-11.674184,12.232697
972,378.8052,412.95532,25.524923,-13.306383
973,252.21721,974.11725,-23.530827,-27.504158
974,990.41895,185.81999,16.569113,7.4986386
975,967.09674,721.39233,-11.193926,1.7079524
976,286.93826,39.77067,-8.646013,-20.21148
977,42.015305,112.27107,46.259712,36.093548
978,376.03397,293.6146,39.43022,20.03386
979,496.08023,315.01987,-15.747065,-37.749508
980,90.38057,852.6251,-41.782166,28.794168
981,294.3707,42.98274,-25.84733,-24.72533
982,696.13727,509.77835,15.169362,35.60831
983,967.4117,449.25497,-18.616388,-13.183628
984,474.47324,656.95807,-16.569292,-4.430466
985,498.43518,214.39857,-46.771782,6.858587
986,95.99766,832.3452,-28.945465,-36.532925
987,436.5284,654.90857,-23.704075,-9.41346
988,282.53146,433.4304,4.3556643,5.994157
989,516.4181,991.62225,-6.93917,-54.341827
990,822.98883,49.041367,33.535206,59.578037
991,479.1301,229.46562,25.276028,-15.87534
992,221.77145,12.0289345,-73.17572,-20.312363
993,454.20303,194.04489,60.145267,6.682598
994,316.35086,563.8456,-47.344902,-32.709522
995,204.54463,85.256615,16.71386,16.977821
996,672.66705,402.61768,-2.3826811,-24.641895
997,146.91513,119.31241,-15.151165,46.607624
998,740.5355,222.9021,-25.074837,20.44546
999,784.9613,306.63034,34.759666,-33.485523
1000,582.75275,538.9003,-6.4843345,12.283143
1001,938.15625,779.08167,-23.049223,20.236757
1002,78.45946,656.2983,22.352137,7.848172
1003,254.03612,164.88637,-2.4047198,-16.39431
1004,671.1822,297.57452,-18.281311,-26.409658
1005,559.57996,118.93012,2.370973,-49.375267
1006,197.85963,787.777,-7.80199,11.102217
1007,1019.88025,786.0322,-26.161901,-22.340054
1008,510.7938,480.5004,-35.691208,-14.881346
1009,112.303154,837.4858,-47.11565,-20.671246
1010,950.8698,164.86516,-0.8724467,-7.52357
1011,980.6958,670.5142,5.538738,-33.780594
1012,142.35307,314.73032,-13.394886,-1.4249843
1013,929.6442,441.81644,67.92969,11.469857
1014,865.4012,16.027283,-12.409346,-7.872865
1015,839.94543,308.4962,7.2561264,-20.956457
1016,122.58427,496.26996,8.855434,-16.99017
1017,535.07306,526.77655,-17.315084,-81.17513
1018,12.052542,956.41284,57.78364,-4.3463807
1019,368.47464,138.76407,21.784317,71.83462
1020,409.64392,264.31335,12.432618,5.314696
1021,347.0016,212.5654,-3.6045108,11.374816
1022,810.3415,118.876976,-21.811823,-51.151737
1023,842.4295,367.5961,39.340454,43.259457
1024,919.1954,166.26332,15.317308,-17.07449
1025,292.17648,279.69415,47.066822,14.697812
1026,152.66298,96.39163,2.066394,15.670582
1027,494.20776,459.10635,-11.623136,-8.394211
1028,45.49629,528.31085,1.1061956,-14.543604
1029,28.939857,61.139866,39.64384,-35.488213
1030,750.3331,45.029804,0.8142941,14.238478
1031,878.8033,590.546,4.154781,-13.204626
1032,765.40875,519.4172,16.191414,0.47893915
1033,640.35034,891.23505,-0.043576818,13.364425
1034,928.3589,747.2386,-0.5736947,-8.027422
1035,69.4798,999.4179,-38.080845,74.99016
1036,135.95203,915.3386,2.828748,56.202362
1037,589.18567,657.3309,-12.186358,-4.3654785
1038,456.8176,479.54398,-19.968056,-4.3311605
1039,711.6747,494.06668,-14.611148,12.668233
1040,921.3749,60.017944,-6.0730977,-5.389273
1041,527.78815,7.1481166,-6.7907805,-3.3635907
1042,509.74652,994.23474,-42.575752,-39.223873
1043,511.86093,662.78845,-15.584141,43.88079
1044,86.84749,845.9758,79.458435,-11.715974
1045,901.9884,610.15234,1.4929136,44.217304
1046,683.4899,721.4619,3.523478,0.8493192
1047,12.19043,778.90424,-7.506101,20.052912
1048,107.2109,557.50275,-11.510366,-35.850693
1049,58.072536,588.81476,-30.590813,15.961443
1050,563.0232,525.6206,31.321539,-25.921726
1051,759.01917,790.4472,-12.31616,-27.858974
1052,27.531103,280.36682,32.268562,-6.62676
1053,145.03325,458.95367,31.677105,-14.334117
1054,122.80903,788.94147,9.465548,28.067316
1055,867.94165,695.03125,15.441285,-35.45578
1056,23.39909,362.81445,-8.306792,-21.440887
1057,943.4751,921.9451,-26.51626,27.911037
1058,72.40976,866.55566,-15.309197,11.069768
1059,561.7152,939.8806,9.139732,-5.124218
1060,41.598198,66.03595,33.037025,6.471274
1061,914.91327,84.18616,0.45690405,4.793261
1062,97.945984,91.71343,-18.451548,23.76803
1063,606.47003,841.5353,-2.729289,13.330938
1064,882.6633,969.6916,-24.830547,-13.819729
1065,896.6742,234.075,46.63751,-2.639205
1066,53.28858,723.12573,14.496836,-10.603392
1067,227.47157,420.2481,-15.571458,-43.900196
1068,915.1149,998.00995,-3.6047463,24.780815
1069,175.09006,998.30853,-21.329065,-3.4690957
1070,177.03561,306.40567,-8.553193,-21.102018
1071,192.2176,454.2942,-3.02645,4.1362705
1072,290.8956,425.29584,3.3225625,16.182001
1073,925.4159,753.60925,0.46766794,5.957331
1074,1001.10126,2.1433008,-63.040802,-14.240775
1075,300.39206,314.8017,21.227558,29.874956
1076,482.54413,616.51605,-13.903061,3.6558812
1077,120.74944,105.24873,-17.130684,4.003945
1078,90.21053,477.27762,23.133661,29.338774
1079,832.0032,200.01804,17.359379,-1.7559614
1080,48.098293,1022.0736,-54.160217,-39.79246
1081,211.76411,129.93808,17.932774,8.859284
1082,727.11816,874.25885,-34.048035,-9.674401
1083,543.5051,101.85613,-2.9611342,-23.48137
1084,242.78539,7.5201864,49.84888,-18.065617
1085,320.88837,481.88104,-7.0490236,-43.840446
1086,108.396225,545.9362,20.072489,-28.673431
1087,860.5271,835.1935,3.1751816,4.8475065
1088,651.18024,179.45525,18.018084,-39.79687
1089,167.341,764.7266,-13.889126,16.478155
1090,432.04565,657.37616,-30.198143,-10.416809
1091,689.2609,45.57502,-29.064102,-31.264553
1092,887.2224,475.00027,-10.849709,7.500908
1093,1013.7233,809.4173,-10.946833,-20.756506
1094,104.60877,516.0229,-15.004434,-1.2799262
1095,751.98584,28.642715,11.564642,13.303563
1096,506.82523,337.92014,22.3671,-7.0905523
1097,312.68335,24.380388,0.14591706,-10.26468
1098,693.9161,372.632,-18.7586,15.993168
1099,39.046326,1017.5299,-59.072624,-29.59861
1100,173.33894,23.619183,15.792469,-10.703732
1101,21.198462,733.39154,-2.4132915,-8.294289
1102,838.58685,312.8559,7.5336447,-9.172163
1103,492.20218,915.6923,1.4720469,-34.93434
1104,541.7512,226.71382,-21.025187,13.926309
1105,599.1441,878.7906,12.289235,-2.1571963
1106,695.4884,120.347206,10.183315,12.366319
1107,137.9292,324.32516,-19.23788,-25.615513
1108,136.32997,908.32513,-17.58054,75.05218
1109,421.64896,632.5939,-1.5054516,-30.405058
1110,769.0843,893.68646,9.039912,-40.88033
1111,857.9128,331.05472,-7.918716,-8.733311
1112,465.586,1017.5558,-22.875193,-36.574276
1113,582.51965,432.97305,-42.020287,29.557571
1114,178.25444,485.58017,-3.9545548,-38.471535
1115,277.61264,203.79073,8.907168,-17.04524
1116,643.2796,480.37946,-9.211997,-44.843777
1117,684.68066,79.34255,0.21366148,15.392117
1118,1023.6532,317.57733,-32.030056,50.308636
1119,699.3729,430.42654,8.0671,-30.67223
1120,376.5363,922.1419,10.940389,-10.064343
1121,935.1041,234.57527,-32.05727,-34.738506
1122,64.97699,122.99019,5.9838853,79.4932
1123,789.4175,873.6942,41.472313,-33.849922
1124,332.7899,231.27252,-16.363544,-6.73679
1125,893.7697,692.9278,-6.329358,-34.341347
1126,971.12177,925.02484,14.600935,-7.4976807
1127,982.52185,70.390755,-6.811285,3.58887
1128,427.38492,821.92554,17.790865,-31.351273
1129,238.78261,17.465878,-25.479317,17.04639
1130,534.0358,549.6207,39.41638,-15.082592
1131,495.88315,216.86351,-5.505214,-2.498657
1132,175.5951,874.6015,11.792565,-8.875473
1133,519.6509,588.0396,0.5314399,8.597146
1134,967.3686,5.6268783,10.500955,-1.2452095
1135,535.6928,613.6349,62.95571,-15.738568
1136,419.52512,283.16455,-22.183357,-0.23584378
1137,1003.50085,585.0508,-13.5211,11.355983
1138,285.25192,423.28238,-16.649197,3.5517578
1139,274.44156,954.69006,-24.607864,2.199597
1140,188.45497,338.61267,2.6374176,-18.837894
1141,650.4576,378.14133,-33.125675,-23.166903
1142,870.48285,724.648,1.5782118,-2.9853404
1143,527.313,1009.57916,-43.28093,-31.889887
1144,51.56709,477.09253,-25.600328,65.73927
1145,57.23242,610.7586,-7.3208876,17.150993
1146,98.03357,111.74961,-20.439547,-28.229284
1147,54.371433,741.06824,33.94084,32.294113
1148,149.18282,342.57178,-8.92108,-40.793552
1149,158.80547,305.3998,-40.663673,6.813867
1150,767.27734,767.9056,-14.479354,-8.873657
1151,606.0494,38.896946,-47.41073,1.333882
1152,547.5239,137.35905,-40.090137,-16.73229
1153,62.079967,145.85666,2.7768888,61.077976
1154,1020.4792,640.04974,-28.874435,46.751663
1155,515.49023,174.64883,-10.174628,11.4879055
1156,91.581726,873.845,11.263712,4.268929
1157,353.34845,180.57182,-29.048388,24.596813
1158,369.0385,939.9756,-13.079675,50.52709
1159,141.34436,132.74811,-16.157164,61.65005
1160,431.08633,300.46582,14.85943,3.5341187
1161,387.76602,437.45184,-27.547892,-60.98082
1162,726.8982,456.28134,3.084149,62.306503
1163,102.74643,539.0915,-26.896578,-56.253616
1164,1008.11285,796.7093,-7.844324,36.34044
1165,295.03412,789.3297,-29.646574,-21.00541
1166,719.4125,769.7964,-7.4827647,4.4215684
1167,226.96799,265.60425,-23.390465,20.862812
1168,238.99559,1005.83405,-8.588225,-18.009872
1169,123.22096,427.61838,4.8904386,7.543099
1170,792.9152,219.67213,-8.038978,-65.7075
1171,621.233,554.4224,-19.541792,-29.265833
1172,163.99301,805.0981,8.596238,2.1498551
1173,214.43271,985.7107,-14.875028,17.02815
1174,502.47818,1002.2697,-65.9565,-48.783176
1175,967.14844,69.35769,-28.382626,-12.470643
1176,787.84406,566.88666,21.655174,-29.488703
1177,27.765676,575.0806,0.60619354,14.861612
1178,408.628,136.6738,-8.813251,-6.0996747
1179,686.65027,649.3288,56.196594,-30.507683
1180,504.89664,329.22232,-34.460777,19.558731
1181,412.64966,140.39117,5.3744955,35.738373
1182,372.51755,806.8904,20.089224,-25.397291
1183,943.05597,932.5994,-6.4225516,17.011059
1184,81.82666,871.8062,-37.67563,1.2184215
1185,963.1056,1021.77545,28.81907,-68.38224
1186,949.1539,260.01965,-59.08407,-46.440117
1187,565.12946,824.0224,-6.8154826,14.187736
1188,263.73563,957.11523,-36.118805,23.639666
1189,604.98584,971.5684,-7.6059504,20.915941
1190,937.63086,276.3656,37.740444,-25.689241
1191,952.602,88.95548,24.11909,-20.99251
1192,904.8249,452.04102,-19.199526,-21.161573
1193,557.7145,115.94542,18.71865,16.968185
1194,90.43358,106.865814,-13.489954,-14.314713
1195,757.0718,86.22257,24.977322,11.137729
1196,1009.61096,882.90137,-56.405834,-17.264154
1197,689.36597,430.80368,-2.9748812,-51.293682
1198,220.65274,68.706184,-40.806953,-10.629937
1199,239.3246,906.43365,-65.96051,2.2214942
1200,777.4628,456.93402,-9.0645,-6.3631315
1201,979.8547,374.41492,-11.868269,10.307673
1202,123.98789,267.89215,33.01509,11.1314745
1203,382.87155,664.92834,24.756351,25.483574
1204,976.18085,126.186775,-12.147171,-4.8632803
1205,582.88873,654.29626,-32.121307,-6.325122
1206,199.67046,390.00412,-4.836178,16.272476
1207,666.49817,901.52576,-41.96002,-21.184542
1208,578.79297,612.39075,33.571915,24.813387
1209,535.09283,794.92145,-10.228811,3.165056
1210,600.09143,33.828945,-37.088028,49.269638
1211,56.754738,603.19086,-10.377082,-2.6630893
1212,441.24448,699.8891,-27.527197,-16.53475
1213,69.46825,752.9832,67.18339,12.390493
1214,41.66168,923.87445,-3.7115164,-2.390877
1215,947.8865,412.9783,-6.086245,28.420588
1216,743.7629,181.37146,5.778048,40.993935
1217,428.27325,289.9163,8.527796,12.239518
1218,799.6236,261.90332,-15.137965,-1.6736519
1219,495.4937,868.1422,52.544308,-8.130718
1220,138.9712,146.88704,-16.907654,6.5185213
1221,988.75653,162.5575,7.127581,-43.263943
1222,187.16725,946.82794,-9.977905,-0.5767844
1223,308.90393,848.9409,12.900609,22.421993
1224,299.25732,270.0771,19.107628,-15.534174
1225,527.17017,138.75668,-39.284416,15.931216
1226,1010.9858,314.46432,10.046675,89.437485
1227,737.9896,227.53738,-17.589031,22.679596
1228,47.780697,72.984085,-6.455514,-1.3788775
1229,416.27924,211.82097,-0.26913178,-36.682297
1230,411.4482,158.91725,-0.15299612,-7.168928
1231,860.6984,481.28745,-6.0696926,48.239735
1232,74.187325,24.46558,-10.331408,2.7690842
1233,503.3207,165.62033,-17.645082,30.561735
1234,352.3252,339.392,7.005155,-4.8739653
1235,559.8659,212.536,-30.556501,23.347551
1236,181.29169,688.6552,9.422083,-48.969936
1237,88.92851,231.24332,-21.83305,-5.275977
1238,339.72214,109.952,-6.4313226,-26.269129
1239,739.77594,106.97947,-14.528052,-11.766002
1240,513.92444,658.53937,-4.0458627,47.627117
1241,857.6791,605.39557,-5.232986,-41.202072
1242,925.2494,697.8824,1.8808057,9.310815
1243,323.65063,964.9795,-15.3276415,-30.092142
1244,240.31674,611.1113,-9.63941,1.338786
1245,364.228,948.9737,10.7926855,-11.336358
1246,224.64536,767.06555,-2.491487,45.239017
1247,37.301056,398.64426,-20.735693,-4.3521585
1248,364.1836,453.1594,-7.6374493,-0.7839618
1249,701.83936,104.93269,-22.078129,28.897596
1250,94.85017,303.5276,-28.31521,-16.480843
1251,219.77505,28.485914,3.10327,46.69455
1252,117.22067,320.0345,23.215376,8.322966
1253,763.0821,526.1476,7.1057224,8.516088
1254,769.14404,908.32947,8.911903,-11.593662
1255,591.62854,361.22485,11.289795,16.755497
1256,258.5605,385.36795,8.715845,-0.7920801
1257,472.11942,945.64764,28.508488,-23.03101
1258,482.31772,704.22205,-4.7125297,-69.25334
1259,567.4235,958.88586,20.349491,1.0217273
1260,415.28223,454.5902,5.214216,6.7834706
1261,270.68124,358.39172,-10.246742,-0.7899086
1262,226.54852,139.23433,39.893147,24.65601
1263,622.6502,997.8311,55.977264,-58.68438
1264,21.303885,941.86035,14.140478,-2.792798
1265,242.01123,696.4482,6.0331545,-12.854461
1266,8.511165,625.23444,36.9559,11.973722
1267,979.63715,290.2058,27.487139,-22.319658
1268,352.58823,390.545,7.009702,-17.16737
1269,966.02795,748.5676,-51.250546,-33.268177
1270,17.516724,956.3403,45.213715,-5.883756
1271,586.9716,25.53485,3.2339706,-43.751682
1272,1015.8681,155.88081,-10.97256,26.926159
1273,282.84088,805.90375,-39.537792,8.979219
1274,388.93076,767.4752,39.88418,-25.840336
1275,445.92377,1014.05084,44.108566,-25.617136
1276,943.8535,239.54872,-37.323437,-66.37872
1277,115.09774,439.33643,-18.25595,34.095997
1278,624.4639,569.15436,-19.314772,-15.569622
1279,45.28192,501.66928,2.211792,53.22184
1280,722.82794,582.587,-30.152224,-28.708723
1281,772.91425,75.72201,8.285341,-17.252544
1282,498.4629,931.77295,13.23988,-49.474136
1283,383.28033,927.8411,4.4085913,-6.536654
1284,824.54877,55.66869,13.345431,42.02583
1285,614.92584,141.36104,-0.48540643,-19.939825
1286,621.39545,382.17715,-29.325087,18.245304
1287,477.87204,349.3958,-8.575116,-44.941902
1288,518.98615,166.79703,-12.828129,13.989745
1289,5.266089,3.623807,-58.91004,-68.04122
1290,102.234886,484.70026,-0.6570148,-2.7303138
1291,306.18433,106.797386,-2.9338198,2.9175742
1292,364.08716,639.1588,-18.9015,2.6081784
1293,770.7782,473.8811,-11.677668,-6.394306
1294,936.68976,787.57513,-2.8021002,-12.703581
1295,201.16559,520.90845,-16.501915,-7.6413913
1296,933.96704,551.4635,6.104108,30.12463
1297,733.80347,597.1258,-34.37134,6.034468
1298,641.5316,900.51263,-1.665685,24.173431
1299,973.0414,715.71466,45.778996,-13.807429
1300,791.1977,14.947103,3.6270583,22.41825
1301,478.9785,495.30048,3.1719959,7.86096
1302,959.0008,916.8753,-63.184803,27.422565
1303,516.6746,193.52179,-46.29828,-49.29429
1304,889.77264,164.17316,34.22669,-6.5885644
1305,799.74835,517.05347,1.6885482,18.580473
1306,158.20993,478.61975,-14.532659,-15.551852
1307,378.96533,924.01294,6.965308,-6.3281417
1308,14.891191,688.4106,28.790512,7.2981772
1309,40.115154,665.3291,-2.136891,-0.17753942
1310,732.00824,393.29703,12.310019,30.865366
1311,838.37286,1008.59283,18.7913,-49.15934
1312,421.93652,797.68146,-39.102863,17.23666
1313,464.68442,327.3146,-2.3316023,3.7183828
1314,687.71716,383.18265,-23.874578,15.298988
1315,657.01483,554.24426,-4.7619333,-0.9778838
1316,342.8671,129.77295,-17.667116,14.447204
1317,932.1293,512.0804,6.5536385,63.789043
1318,56.02762,135.18793,9.97217,-1.8471316
1319,973.8885,304.61295,5.268237,-38.40418
1320,167.43172,721.91046,-0.2721371,11.965969
1321,747.06696,81.06826,26.427532,0.05100702
1322,112.52357,637.88135,-1.9477183,-29.929556
1323,439.81406,537.91284,16.418266,15.175486
1324,1010.5421,125.51702,20.025404,43.669113
1325,182.19556,183.30104,29.042614,1.5337682
1326,948.6396,661.27203,-28.237976,4.6004095
1327,118.721725,513.5934,-12.648916,-2.392023
1328,881.0624,237.86945,27.46923,-3.603344
1329,597.81195,599.7945,6.1983547,-13.571388
1330,373.57614,118.329094,-25.071314,14.789837
1331,393.03223,700.7531,5.924057,-25.27835
1332,51.900818,384.03632,25.705914,-17.72704
1333,295.85098,109.56697,6.534551,3.4368699
1334,310.33804,530.7659,3.4343896,17.148472
1335,1003.6243,241.05795,23.087858,-11.013625
1336,285.1515,427.892,-0.7907485,4.053899
1337,920.85956,801.4739,-6.329407,-3.699378
1338,504.9982,336.8758,-6.7824636,-11.455211
1339,104.43213,256.8153,1.1458478,11.981959
1340,879.39594,230.98372,39.614685,54.875256
1341,781.7612,755.3285,-31.892626,-27.41886
1342,989.8541,696.9761,26.22388,-47.84846
1343,130.87656,733.36035,2.5949988,-37.924644
1344,230.66165,481.4145,-11.096219,16.34884
1345,934.34515,285.2023,28.693571,-62.79723
1346,383.34805,619.61835,-29.762468,-3.117592
1347,351.81952,819.15216,-13.049921,29.093119
1348,429.2915,965.98425,22.271975,-21.682259
1349,363.69183,924.06116,-16.182205,-4.409878
1350,336.0967,468.1268,6.348824,-24.230585
1351,612.6248,596.5686,3.0132804,8.49557
1352,864.8028,616.785,-5.715058,-24.106647
1353,610.9842,420.1923,6.606682,-3.286195
1354,463.7106,543.1801,27.151104,-7.6395807
1355,221.89842,538.9325,11.913735,18.682285
1356,572.0185,931.8907,0.1731385,-29.444561
1357,131.57362,104.89302,-47.119522,17.599289
1358,250.86714,626.7866,-42.083427,8.702926
1359,899.4209,100.69709,-37.731396,-13.60865
1360,258.3127,297.8261,-1.669951,-34.589687
1361,372.99957,141.95906,2.4794192,-13.4691305
1362,572.9197,407.61685,23.57094,-22.242374
1363,918.5089,220.01462,35.847393,18.574879
1364,639.3789,787.1199,-5.756173,5.2977433
1365,349.21075,28.627035,-27.687819,25.290928
1366,785.0333,15.866144,-3.8926017,15.1625805
1367,197.92763,808.35754,-29.018532,14.862571
1368,230.08223,880.712,12.432833,13.2816
1369,953.5982,963.5223,-20.079456,-2.2843785
1370,1013.9445,701.97656,16.596163,-24.717766
1371,673.8822,436.37787,-21.410433,-53.386288
1372,518.63324,704.13324,-10.942012,22.1817
1373,621.7475,883.00226,7.3437357,-9.499599
1374,129.10974,721.0559,-9.501169,-30.28038
1375,540.07715,363.7274,-6.0146036,2.416557
1376,237.62093,312.9267,-23.243073,-31.81193
1377,563.11426,611.08325,19.462679,28.42345
1378,773.4232,859.2704,-27.403471,-6.462846
1379,959.9252,688.7046,-4.921994,-7.843579
1380,492.4157,786.81866,-47.215454,40.399296
1381,486.5251,803.70233,11.737549,23.272093
1382,601.319,522.0246,19.21563,25.17842
1383,261.55246,913.1878,-76.25453,-9.105589
1384,609.86694,778.683,10.491035,10.221403
1385,198.74193,514.32184,-5.5413046,9.896349
1386,54.319492,797.44763,-23.819872,1.2524132
1387,570.2092,120.22387,-12.778776,2.303913
1388,455.16815,972.0581,0.008949041,-23.113863
1389,167.87332,218.99162,-28.512943,-26.475903
1390,163.00871,942.9752,-9.874138,-22.15698
1391,336.05756,309.4743,-1.3666041,-15.766147
1392,818.20483,270.44962,-26.30855,14.906357
1393,829.8243,130.35771,-18.73746,-80.70934
1394,81.7697,26.439966,-4.996831,-11.722575
1395,882.372,228.13167,16.571701,-13.5216
1396,686.0731,520.0827,-0.7434442,-18.588778
1397,48.096737,597.0079,-25.664295,-15.234796
1398,399.85416,948.95856,-41.6438,35.776066
1399,62.133152,1016.0632,27.177277,-17.890173
1400,222.84633,95.2304,19.485294,-5.501919
1401,121.81685,781.1583,3.5677779,-3.4039748
1402,449.3671,348.69363,-59.1864,-26.125963
1403,115.1117,69.59734,4.4695926,-8.757577
1404,311.8297,800.6862,-33.150955,15.847125
1405,670.7295,489.483,23.502491,-42.404095
1406,1017.997,908.3961,-20.918789,16.715843
1407,179.68747,975.7509,7.8027678,-0.29445985
1408,858.14777,1001.3811,-5.094603,-2.6448464
1409,177.41238,59.288776,-8.787473,-20.667887
1410,955.70984,695.45984,-28.62513,11.561251
1411,883.5762,453.9121,-32.25439,-24.83355
1412,432.9666,701.4125,17.981712,6.2909126
1413,136.96436,28.243347,7.8069043,11.0484295
1414,847.57477,1002.3465,-16.055014,-5.419625
1415,73.55802,804.27496,1.6091934,1.5896585
1416,762.1718,660.714,24.236637,22.991459
1417,209.9279,1009.6173,3.963965,5.764
1418,913.649,398.5918,2.5516772,16.04224
1419,206.7488,851.33704,-14.040333,30.42111
1420,46.948513,940.139,-2.7771807,5.8915486
1421,287.0736,953.26746,-34.482464,-12.622397
1422,776.22156,734.3026,9.373671,1.4757147
1423,83.93778,24.858921,-18.762486,-26.588133
1424,944.9849,543.3505,-26.704071,-34.599194
1425,574.57434,555.4166,56.142086,-19.123268
1426,285.8356,927.7941,10.87958,56.10336
1427,812.6049,717.0837,-0.13987806,25.912132
1428,154.68126,84.653206,9.528429,53.937946
1429,291.4069,906.4857,-57.06258,-30.35286
1430,268.9543,797.5213,-59.49934,2.8710885
1431,989.8839,957.159,12.612651,10.2439785
1432,1011.0355,535.1408,21.939638,-19.793566
1433,909.36,411.58563,11.910842,-36.349403
1434,635.48065,287.18518,-30.046743,-26.174871
1435,600.6479,929.22015,-17.33849,-13.654619
1436,718.45935,879.1325,-48.005703,-11.581173
1437,751.78516,101.11256,-14.024317,10.048291
1438,687.1466,419.1624,-14.793928,-35.180008
1439,717.20703,58.114216,-36.06303,29.04769
1440,988.15375,492.15784,-3.5325997,-42.67791
1441,1010.4688,292.15564,5.882855,25.542454
1442,117.40521,834.4215,33.82099,-32.946995
1443,751.7707,395.07626,24.593529,44.760307
1444,659.4429,517.4032,-40.556175,41.903988
1445,685.05615,773.3077,25.036251,9.503433
1446,566.2111,140.5181,2.2774549,-9.665926
1447,505.44327,64.994835,-29.643536,-14.1328335
1448,797.2229,617.7537,-11.869917,30.681356
1449,996.6388,580.4267,-21.447155,16.17669
1450,287.39728,763.02924,4.2447186,-10.198957
1451,5.315556,340.03482,6.9422135,0.0027132046
1452,112.6206,963.1013,2.2331955,10.174731
1453,907.0051,589.8903,-5.5100965,30.805866
1454,951.639,18.925014,6.917272,-39.66616
1455,789.0649,638.84314,6.828905,-12.874926
1456,4.814848,95.280045,3.1759636,7.0962334
1457,368.0065,359.49783,-26.495304,9.044213
1458,819.9871,706.1673,6.6451364,-10.869553
1459,85.63807,32.93691,-17.578865,-36.40658
1460,619.2517,47.966698,20.239407,-20.411524
1461,996.9245,583.7896,-33.419838,24.097935
1462,592.2707,343.27155,-5.6637444,73.82248
1463,804.36255,622.70325,8.826836,-9.898178
1464,113.02271,800.7738,-32.3851,-20.566883
1465,36.017,490.3418,27.500359,44.914555
1466,526.9605,135.48302,-16.677042,-7.007616
1467,220.28197,275.68417,8.903784,21.302448
1468,558.7059,26.86315,26.22854,-2.3485103
1469,602.75494,817.06946,14.948714,14.469492
1470,120.72396,65.266884,-7.07999,-6.089655
1471,112.86875,262.11334,-0.21845491,-28.384796
1472,757.1884,194.23077,-13.417698,-15.005484
1473,868.0245,523.08954,12.867439,-6.3478694
1474,403.80255,558.66644,-20.531706,2.8095362
1475,237.64006,924.45154,-14.802351,-23.37964
1476,347.2118,532.44666,-34.263165,-49.405014
1477,27.573158,1012.2525,1.680062,-18.08704
1478,354.36002,74.72391,36.6494,48.447643
1479,179.85896,1017.20526,16.798313,-26.555218
1480,139.85954,909.4596,-5.280881,67.73315
1481,182.99077,634.4147,-3.009711,4.836875
1482,29.555292,205.04747,29.021193,-7.3492794
1483,1004.376,550.4079,23.332369,16.718807
1484,666.9493,612.47003,13.524988,2.1281905
1485,393.01328,757.1427,4.7892556,-35.993576
1486,922.6636,168.41655,5.524434,-14.270369
1487,166.71777,713.2386,5.0464377,8.598074
1488,144.83446,479.79773,-12.226225,16.548199
1489,997.5353,291.15234,82.84865,-10.274271
1490,292.1224,965.475,23.361774,4.105231
1491,16.956161,113.26244,-11.993581,-33.19721
1492,902.72675,177.34059,33.460854,14.3752775
1493,714.519,64.863815,-28.55251,30.67596
1494,298.6312,870.556,57.990807,-17.045622
1495,49.62593,544.6581,26.587341,-44.13985
1496,400.85007,472.4043,-19.009079,-17.833797
1497,324.5928,587.96497,3.3394115,-32.22476
1498,247.2463,799.4512,-41.65698,16.54696
1499,968.4093,225.19464,-20.501152,37.70247
1500,303.55377,534.84143,-16.7748,-51.31218
1501,552.6861,1008.6737,-2.4935231,22.924135
1502,680.0587,316.48962,13.221569,9.019988
1503,668.9928,496.12924,-22.26767,71.23867
1504,611.03284,79.6555,-6.2586613,-20.963692
1505,820.07404,436.8011,18.381004,5.52674
1506,639.5914,286.94904,-28.279926,-14.018196
1507,204.03078,479.13535,-16.893093,2.8803396
1508,952.2251,405.1328,-19.518919,24.492767
1509,735.0387,834.0113,32.55122,25.576832
1510,533.2644,248.15752,23.196604,0.7431409
1511,345.9693,874.7034,5.834056,-2.424352
1512,539.2349,929.8478,-9.330818,-66.1788
1513,477.97284,9.251856,5.066186,-24.93276
1514,734.2409,1009.04016,22.001905,44.871864
1515,174.37282,258.75146,-17.526695,6.0810266
1516,701.1813,758.21,-10.834076,29.291529
1517,823.0704,28.7416,45.75466,30.172869
1518,835.6685,949.81665,25.65791,21.442032
1519,199.10747,732.4713,-72.6564,11.853811
1520,801.05756,840.8094,13.016222,15.7807455
1521,1003.28345,470.63367,-1.516665,26.757164
1522,607.294,266.15067,-14.432779,-9.611426
1523,53.131714,63.887363,63.870308,-1.6985817
1524,377.76303,144.98424,9.619119,3.5678113
1525,587.03296,118.44228,8.431281,-2.9683728
1526,525.8106,558.42145,41.776356,-9.893345
1527,963.897,260.06488,6.975848,-57.79931
1528,587.52386,554.2368,12.753539,27.06729
1529,912.9454,101.17995,17.241417,3.4870195
1530,934.51605,866.00684,6.190567,8.1359
1531,303.60342,814.3068,-9.152188,-33.870426
1532,866.64557,467.58362,8.989253,12.180699
1533,308.46637,357.3756,-12.86837,19.750072
1534,288.3098,171.2102,-62.820812,20.951908
1535,731.7662,862.9501,18.910347,9.094362
1536,426.79874,756.5031,-61.9661,62.782158
1537,739.9006,870.4087,-17.80187,-6.3559656
1538,204.98598,945.1578,7.5122437,-3.884042
1539,383.67676,42.970036,16.806879,-18.456408
1540,121.22018,893.84766,69.77407,43.729733
1541,716.745,858.7099,-2.6062348,-6.466503
1542,30.15673,108.91939,-19.013489,5.2205324
1543,543.58325,913.4217,10.567382,-11.938268
1544,663.96796,16.65439,-25.253407,48.086327
1545,116.99121,777.0798,-0.5106301,-8.248721
1546,823.08594,203.0248,27.017149,8.794858
1547,366.80652,1017.8914,28.747168,-26.968834
1548,298.15707,276.12592,50.0129,-2.1511338
1549,940.8235,668.0861,9.926482,-32.043575
1550,62.98117,775.0196,6.9328747,24.123453
1551,752.44446,17.211555,22.159912,8.604253
1552,344.98737,405.5925,4.0571737,-63.728306
1553,736.24176,198.71707,-9.330195,32.342403
1554,305.07858,867.8025,6.2360206,-16.52697
1555,246.20064,970.12036,-23.205719,-47.211464
1556,331.0748,376.90472,-4.737263,-30.337353
1557,330.85883,893.85736,-3.0901175,-6.1062174
1558,275.21982,356.98074,-16.795729,-0.8392478
1559,865.45917,598.3617,9.788541,-32.852077
1560,309.92368,834.8606,8.267809,9.29551
1561,725.97943,995.4722,50.686646,-9.518131
1562,616.3372,1006.06824,6.2700553,-22.767817
1563,78.658844,306.94553,-26.778496,-0.9525455
1564,393.92914,979.89105,-29.852312,21.898067
1565,792.68463,92.33768,-12.232529,25.979172
1566,40.091343,873.05634,1.4295442,-3.2487404
1567,264.08127,348.2524,-11.348905,-1.4947989
1568,675.0863,724.0873,9.397807,-1.537078
1569,671.5835,545.6668,-22.961578,-23.61331
1570,427.05676,116.82423,-0.5855799,14.109532
1571,553.8834,659.38135,39.54691,26.03627
1572,770.48944,671.4058,38.378376,43.67228
1573,540.49115,103.41688,-17.446318,21.76741
1574,185.04782,281.68073,-5.689906,-14.101314
1575,610.65497,179.84868,-34.061737,52.249004
1576,752.1678,395.97977,17.081318,3.4594467
1577,525.59784,487.97662,-16.807621,-6.7984357
1578,108.73834,717.5245,19.243834,16.762972
1579,818.5737,473.0577,-18.158186,7.4482102
1580,23.091547,1007.4652,-20.184002,-5.354756
1581,809.4915,330.65625,8.886983,7.6385403
1582,524.8639,580.0384,25.481747,-7.643759
1583,910.8172,869.28754,-23.95441,0.15471885
1584,58.712257,883.4698,14.051999,10.9153385
1585,291.56085,68.146286,15.101552,1.2831502
1586,197.10847,732.5451,14.459328,-28.81301
1587,757.53156,891.0558,18.680721,23.39291
1588,256.38654,797.2391,-27.685848,25.615776
1589,17.53497,545.84033,66.21201,14.114205
1590,368.3612,840.8642,-0.21698868,8.40652
1591,865.7687,404.11252,8.659733,21.710897
1592,209.1626,836.4806,-17.761862,40.531147
1593,425.21747,48.919563,-19.891365,19.388212
1594,467.62692,713.29376,35.93189,-36.844776
1595,908.3545,866.50214,-22.33682,-3.8399312
1596,514.4067,687.01276,54.248344,26.65333
1597,846.8014,322.04602,11.991767,5.122918
1598,980.5444,763.6556,-11.669468,-17.667131
1599,201.4604,702.8851,14.940968,-88.75116
1600,504.46625,997.4308,-57.005833,-29.648827
1601,77.10465,581.68884,1.6692381,-10.713215
1602,268.58478,997.7699,-11.566273,-7.316908
1603,439.15826,249.70503,-20.805063,0.7985675
1604,539.46716,546.991,37.97938,-23.634426
1605,412.79922,982.182,-2.3008044,-16.222462
1606,950.2251,235.59827,-12.006108,-80.3243
1607,724.32697,718.6285,-14.825916,6.750136
1608,479.6657,815.4514,31.834873,-29.173586
1609,480.53275,289.76602,41.28965,-9.331674
1610,548.8011,554.965,-35.89331,1.0301793
1611,648.29584,123.01521,-38.43785,9.096372
1612,754.19165,399.99277,11.001361,-20.954475
1613,377.0583,616.8053,4.891681,5.842985
1614,846.09424,532.89215,-7.404061,5.379619
1615,153.59563,368.9937,-0.47952104,-14.070922
1616,118.64455,547.9882,-44.67646,-0.51222944
1617,204.09105,861.5409,-17.221285,37.255474
1618,726.4599,453.33023,-2.1097193,38.97529
1619,784.88086,283.64807,-12.325833,-26.671036
1620,310.8786,468.95337,-10.703969,-30.780647
1621,292.01953,797.67084,-35.68098,-6.90606
1622,726.33295,828.01215,58.412716,38.031303
1623,266.89072,500.58322,19.926245,-9.336511
1624,401.60443,219.4857,-41.63736,-6.507472
1625,249.05704,704.4552,26.01131,20.494896
1626,30.709715,200.74796,-10.215022,-19.22204
1627,78.95627,650.2268,10.366243,-5.6169963
1628,632.10815,891.6666,-1.2417876,11.254504
1629,756.39746,790.52124,34.668823,-10.3068905
1630,911.96844,436.36993,22.885555,23.729202
1631,654.95355,352.46228,8.258856,-11.976797
1632,32.090775,325.53845,-23.3069,-20.026133
1633,292.72507,314.74402,1.7213362,32.141804
1634,17.232395,147.41322,-19.550686,3.5987897
1635,727.594,851.34814,-17.974947,41.4285
1636,969.3484,74.78957,-7.29302,-9.293895
1637,945.10645,855.9447,-12.829085,-14.002788
1638,836.1128,644.42163,-12.55112,36.272865
1639,887.81604,330.50513,5.4877315,25.7615
1640,789.02814,954.35046,15.7788105,-6.9694433
1641,224.10533,917.3611,-5.1819763,11.198489
1642,620.9207,967.8333,25.649529,-63.761307
1643,308.32986,14.246156,16.111452,-1.2362113
1644,697.10645,598.8279,-12.135378,-12.324828
1645,933.6807,478.77762,-28.399134,51.21543
1646,567.1422,286.45352,-0.42232436,40.465828
1647,214.07307,539.0505,68.54408,-16.208887
1648,378.8884,725.9998,20.637045,-15.867424
1649,435.61185,886.6908,-3.058136,9.355293
1650,27.801771,564.3221,1.5626396,19.494139
1651,982.7339,859.5881,1.9768966,-6.3331122
1652,168.8692,11.843078,16.447227,-36.64792
1653,730.59283,842.1205,11.375532,31.755253
1654,652.48303,578.98834,-37.515907,-6.9729104
1655,858.6403,399.08655,8.664811,32.16887
1656,96.5436,384.68552,-18.339016,-0.2391328
1657,866.0833,845.6158,-0.9651585,-10.47047
1658,92.29998,217.13528,-17.769627,-38.72518
1659,184.30507,397.75253,-24.919296,2.4530878
1660,357.18787,363.28802,24.67613,23.644934
1661,899.8277,465.99457,-13.429798,13.20478
1662,88.12661,436.3883,-20.538673,-25.711723
1663,734.1133,380.80743,17.337776,29.900146
1664,866.7416,720.67365,7.832858,-4.7697487
1665,844.4205,595.4003,-12.084665,11.005012
1666,272.7941,652.42957,-13.805786,-19.575565
1667,372.21802,921.2452,-4.60267,-3.4280832
1668,171.28049,32.70636,-28.77594,-38.952545
1669,54.26343,84.4395,-29.10602,-4.121636
1670,858.05945,1.2699666,-4.9051137,-3.5529244
1671,389.85782,663.99915,-0.16734281,-4.474031
1672,739.50854,176.50267,7.7032104,25.343128
1673,722.5197,486.2467,-9.743765,-26.047857
1674,650.73,514.60376,-8.91332,-26.394812
1675,625.6188,151.98405,16.456398,10.667903
1676,314.4655,523.39496,-33.764645,38.55894
1677,179.73033,238.60497,-7.5854115,27.329144
1678,506.83377,336.70825,-19.25197,15.466312
1679,648.2815,520.9413,-20.495451,-10.923091
1680,290.92865,200.45493,42.67009,19.513046
1681,915.58655,733.6968,10.737213,7.87799
1682,921.07214,490.6848,-54.727642,14.874434
1683,962.3667,885.4011,-25.434229,-20.58686
1684,223.8731,1007.4365,9.352594,-53.526745
1685,289.14655,277.72876,-9.323994,25.397552
1686,118.06696,281.19464,-6.8061028,-22.80597
1687,10.491738,369.58582,1.5011365,-2.5002048
1688,191.11794,740.8475,1.7581873,-12.229668
1689,62.592323,1000.2614,-39.212467,74.92935
1690,599.6556,773.7714,9.647486,17.19786
1691,788.0846,129.75294,1.8593928,-70.842094
1692,143.91678,535.9925,36.528263,0.39429805
1693,1002.94556,717.59283,-0.9172911,-29.141392
1694,211.41583,538.23047,12.592323,-40.71774
1695,379.58066,96.444435,33.137955,18.425827
1696,985.3673,1018.26025,5.70426,-10.673104
1697,726.3614,466.4702,-2.0541987,61.106266
1698,415.214,362.76053,7.7005773,0.75898707
1699,499.72733,814.6151,9.060441,-15.525638
1700,673.6551,306.4462,-19.410961,-0.30879286
1701,551.7287,6.1635633,-8.678378,63.674072
1702,115.76068,783.4228,0.67789775,3.4134874
1703,1018.81226,1013.2719,18.608795,72.50523
1704,29.44937,1005.9263,29.439405,73.181496
1705,710.3575,690.0826,-11.77175,8.669331
1706,342.12238,660.1414,-15.781551,-12.616844
1707,921.2024,497.0914,-18.875093,15.867494
1708,495.10303,1005.2642,-14.313509,-28.035294
1709,821.03094,213.72194,0.034179047,3.2827437
1710,938.57275,448.6207,-69.546455,38.26497
1711,362.4839,207.00568,20.72484,-7.9092755
1712,366.07812,862.5781,-6.412274,-11.316417
1713,97.46357,629.7447,-30.584028,-37.575966
1714,726.8846,454.25668,35.47401,29.092089
1715,172.14381,347.291,-11.323226,4.95996
1716,744.4651,836.75433,6.57689,-1.0621501
1717,54.04187,141.03775,-14.037785,68.370026
1718,738.8387,1003.51935,19.09376,29.195816
1719,878.538,762.33264,1.9081941,-12.581923
1720,773.56586,414.11572,-27.80574,-28.866495
1721,677.6244,765.201,24.76035,0.520905
1722,178.5213,355.62418,-5.2262387,20.314013
1723,362.5933,657.86237,-0.06309527,-33.9252
1724,82.857346,925.5315,8.41352,-17.180946
1725,464.04578,841.1362,31.883434,13.791866
1726,954.3071,455.3104,41.91778,-23.142591
1727,134.99991,929.2027,-0.47836775,89.99873
1728,573.4379,881.302,17.257545,14.35797
1729,370.24692,363.5075,4.659466,-0.974641
1730,518.27783,158.10175,-37.152317,40.85109
1731,77.214966,448.8067,21.86566,1.9145135
1732,210.36087,286.9116,-22.24344,16.245102
1733,721.0305,661.1893,36.987713,37.01714
1734,1.7346165,403.29233,-32.549213,17.860628
1735,331.08768,240.69026,-0.8488275,4.3493013
1736,348.86987,397.83447,5.3911014,4.7213974
1737,996.6231,877.15063,-6.6936464,-7.4151487
1738,755.32794,573.577,15.428174,-10.067186
1739,831.97516,999.8778,-27.49694,0.9213628
1740,222.7224,770.9342,3.5049334,18.00133
1741,1020.5122,447.6837,-32.3566,7.128115
1742,791.64044,478.05853,-31.16713,12.811201
1743,914.7366,665.59406,-23.065283,38.492836
1744,365.96204,171.5569,19.642193,-8.556596
1745,393.39102,653.6959,1.7060426,-7.482338
1746,134.1772,727.20905,1.6651882,-27.729815
1747,556.2205,474.10983,-21.019178,-6.4728627
1748,430.34613,729.94977,12.810313,-14.928048
1749,301.65216,354.84924,-11.107911,16.203854
1750,657.73175,520.4738,-12.725769,-26.338892
1751,327.93784,387.26138,-11.578235,-9.508692
1752,830.1617,48.532288,32.114613,40.165295
1753,203.67572,943.5749,10.345464,-11.5311165
1754,653.76764,608.9833,25.233446,-15.9077425
1755,666.9472,80.61488,-8.516395,-27.533058
1756,989.23236,206.39632,-8.469155,25.04051
1757,536.98584,725.8447,8.057843,1.733284
1758,357.10822,578.303,-23.221807,45.238873
1759,184.76534,385.36325,15.786388,2.9372149
1760,515.94586,619.0124,5.508343,15.27584
1761,176.6212,287.44443,-12.61851,-7.1110225
1762,644.74756,1011.39166,69.3584,8.978534
1763,124.80802,70.49934,24.755547,6.451651
1764,916.90216,579.20984,-40.765865,-4.1455445
1765,613.76575,888.4888,41.424816,13.755301
1766,343.17093,820.95746,20.279833,0.2665744
1767,529.23395,520.6359,-15.256945,-57.617664
1768,648.4916,59.272057,-12.911957,6.1082973
1769,343.8983,881.1582,4.2268667,-1.0719622
1770,468.11777,338.96106,-5.5582366,-13.111614
1771,246.43745,161.9803,-7.5161657,-28.149706
1772,867.7411,626.74646,-2.3781397,9.367816
1773,156.6897,537.01337,13.481638,-24.021574
1774,408.60614,581.3788,-40.04956,8.411659
1775,392.6683,801.052,-45.933544,24.68294
1776,802.9563,267.17307,-18.361277,9.099841
1777,175.39268,841.3234,-13.051515,-13.029101
1778,147.1039,351.30527,-5.712805,-29.501688
1779,912.37756,167.14693,65.60831,-9.586337
1780,429.6576,370.08936,-16.804428,-26.82975
1781,812.55804,261.5933,-30.887596,10.031392
1782,93.634575,31.592184,-22.260143,30.22513
1783,928.1729,278.65695,-8.735883,3.9822936
1784,922.7151,748.2155,3.6812174,5.827338
1785,516.4324,1020.57733,-48.259426,-36.294025
1786,653.88104,783.5994,20.62647,-34.634586
1787,978.3722,468.4837,13.956457,27.46698
1788,363.62753,838.07434,17.526155,1.8535343
1789,762.9971,314.3429,36.088634,17.919592
1790,190.57547,527.9774,-4.5045347,-53.54713
1791,841.218,550.5627,-27.652931,-16.069616
1792,16.571804,591.35474,-6.389368,-1.6289045
1793,1.1286325,223.68427,27.367083,21.30467
1794,985.1613,917.6361,-20.678953,10.434836
1795,377.63153,835.33093,10.722781,7.6981463
1796,937.7226,537.4962,-52.097725,-46.53664
1797,941.9332,854.94495,8.49354,24.908703
1798,638.6971,221.32751,13.221399,-8.550148
1799,585.55035,29.686884,-5.7855887,-30.912441
1800,33.139446,999.72064,21.168533,80.17385
1801,430.32245,815.13165,16.708704,3.2371218
1802,42.423397,614.2143,17.987192,26.417387
1803,36.413467,10.494107,38.63494,79.28949
1804,199.03455,675.02106,7.2050586,-10.108925
1805,548.8729,515.41235,-28.874622,-6.259126
1806,939.22424,59.395008,-20.579895,-11.216134
1807,776.33405,993.00385,0.0130452635,-3.8039865
1808,491.68372,894.2532,2.4819298,7.414807
1809,551.63385,35.65593,18.95293,2.5647275
1810,230.52856,870.40344,-6.398578,29.848986
1811,870.2588,520.2903,-7.7991667,11.197212
1812,264.06454,722.3702,3.1702917,-5.730424
1813,430.40332,798.06256,30.52719,-28.086838
1814,724.32385,902.8971,-6.720801,-13.173019
1815,1003.4579,958.82697,16.824062,15.948788
1816,516.2313,345.1453,-32.83237,-0.90376806
1817,724.9527,931.90106,-10.488706,6.9572024
1818,555.4103,434.0652,-12.536009,17.856958
1819,467.71127,915.23615,26.021055,-5.4773736
1820,876.7888,721.7256,-3.816999,-0.154694
1821,749.6508,11.784213,38.918938,39.008755
1822,444.63837,431.1858,-0.3257225,-13.093402
1823,59.892372,3.7056825,-1.2156333,-27.533041
1824,0.55080605,324.61823,23.343771,-12.452546
1825,283.31393,315.59967,-15.060477,22.057787
1826,489.62466,588.02655,-16.175753,-56.60826
1827,26.345366,703.41327,-9.8755865,17.327568
1828,376.00854,666.4182,-14.013124,3.218368
1829,50.740852,602.1727,-34.192944,7.9974594
1830,513.6408,622.3407,13.200329,17.442806
1831,1017.21893,414.02728,-30.139765,19.163538
1832,274.3482,577.1724,-4.29434,4.9336357
1833,968.9415,419.90146,37.363136,28.133947
1834,423.83606,658.055,-27.062256,-10.516842
1835,368.14725,922.7529,-7.705466,-5.7287054
1836,559.2729,647.8594,16.189526,2.317959
1837,191.13777,385.70474,2.2091236,-0.61560357
1838,42.99884,530.7149,-3.1067116,-13.81072
1839,19.30834,115.193535,3.8612266,-27.057804
1840,484.24762,693.796,11.876567,-18.312166
1841,291.7807,565.6252,6.500097,-20.995895
1842,932.4075,856.1318,6.361965,-9.702639
1843,727.7721,999.9035,-37.160072,43.93226
1844,1012.65564,249.31595,-19.50729,-15.988192
1845,793.72864,111.21728,-29.054352,-38.81959
1846,751.8271,400.90814,29.143631,-6.911428
1847,538.7244,573.87195,63.45872,23.599815
1848,510.0038,116.32244,13.710258,-15.213197
1849,325.60925,958.4143,-18.39242,-27.854004
1850,149.97614,1001.7136,-1.9760306,14.117752
1851,969.91785,729.10333,20.391218,24.49641
1852,401.63037,125.68605,32.28073,13.816774
1853,633.95953,929.17505,-10.6164665,-0.84520495
1854,779.6983,971.7414,-13.913717,6.8516397
1855,914.8691,586.084,15.111284,13.528781
1856,817.02905,610.9595,4.851406,8.727124
1857,526.10474,177.26042,-9.574309,17.834257
1858,478.96054,186.3952,27.812263,-16.938251
1859,582.53955,476.298,13.236201,-11.105229
1860,283.99875,999.9416,-9.98315,-3.2291424
1861,751.87695,440.77655,-20.055208,-8.031021
1862,64.43532,176.9734,48.01764,0.814145
1863,1021.9651,661.35785,-2.9277902,9.223379
1864,121.541725,351.58975,-7.8707795,20.82579
1865,533.39166,883.47327,-9.989673,7.074721
1866,185.74039,181.15622,28.442614,1.0255117
1867,832.01013,680.4784,24.97942,-29.280504
1868,340.4535,736.38763,-8.486034,8.025219
1869,958.4532,91.948364,29.747112,-27.547287
1870,57.67435,1017.8863,5.908224,55.925453
1871,828.7274,433.67108,24.957651,-9.26906
1872,737.25287,305.8925,26.640535,0.62583643
1873,796.6749,209.56136,9.883684,-55.70147
1874,962.5879,197.61029,-2.8993554,17.84796
1875,529.16425,40.064922,57.31388,12.023434
1876,645.0004,841.6829,4.76357,26.070566
1877,634.40125,719.926,1.8868579,11.579779
1878,550.5618,915.40295,14.758028,1.653278
1879,743.0702,865.18506,-34.307346,-24.27277
1880,190.5608,519.131,-9.970123,-60.35742
1881,833.53973,240.1092,25.148872,11.705069
1882,993.57666,990.2765,-4.3191686,22.51787
1883,596.6716,353.5966,2.1431873,43.334347
1884,361.01123,121.78897,-45.687077,48.70986
1885,161.03505,499.8772,2.562097,17.600279
1886,506.47986,841.5268,-7.363076,-8.056932
1887,728.8722,454.5924,-24.82531,-12.79184
1888,63.800323,336.00565,-6.521575,-9.539199
1889,588.952,26.243315,25.564331,-21.405363
1890,824.84314,3.2456594,48.499863,-33.861145
1891,225.902,568.46375,-30.539196,4.184442
1892,209.48813,923.0418,-22.868242,-38.2184
1893,224.37218,282.38574,-19.212944,68.88617
1894,678.12,75.1494,-13.133947,10.735528
1895,419.75677,789.70233,-28.092812,15.5436125
1896,147.7474,455.11862,-4.1900125,1.854113
1897,834.5406,463.6842,-12.147364,-3.7764828
1898,429.8651,184.3304,20.964705,0.86259687
1899,37.662033,379.21768,11.546096,12.171435
1900,47.772087,1004.4524,-14.855205,25.309551
1901,975.8492,1.8171612,30.423328,2.0525737
1902,264.03006,1006.41144,-8.74938,-8.08022
1903,791.3875,995.5111,-10.240425,1.7235916
1904,955.63403,543.7814,-5.677075,-26.424198
1905,15.251876,169.04355,-8.978028,38.3298
1906,51.7296,1009.2696,18.682886,30.311127
1907,499.9895,675.16754,10.147327,18.15524
1908,423.09708,261.4235,66.050674,-12.75814
1909,83.26024,931.8911,14.531024,23.949505
1910,988.6559,262.54648,-35.750618,20.950161
1911,850.3227,116.767715,53.756233,-28.480352
1912,52.514637,1010.33105,70.337265,-1.6973777
1913,512.9051,121.24174,12.799096,-13.349398
1914,548.7705,289.2088,-4.586167,-10.114491
1915,343.21484,952.06213,25.947058,-26.126114
1916,707.2652,192.1101,18.60317,9.199643
1917,45.51157,626.8276,2.3527596,14.221999
1918,194.9065,66.02615,-14.654073,-14.7893
1919,816.30383,262.04587,-34.09136,13.487836
1920,175.17162,917.668,68.97717,1.2377739
1921,81.52942,658.2098,20.093235,-0.3780209
1922,351.39972,269.4375,-1.2351731,28.629723
1923,469.0203,754.5962,-27.613781,-24.889624
1924,141.81584,186.21927,-0.8839804,-6.3369117
1925,303.27774,953.1241,-15.283253,-7.7237287
1926,6.979062,390.2354,-19.49463,-3.0882535
1927,325.52454,509.19144,-70.29271,0.62733924
1928,145.6481,1010.1583,-5.6967907,21.738567
1929,927.7315,519.0312,29.202887,39.28207
1930,419.81625,553.7396,-26.86094,30.11617
1931,167.66212,714.8182,-17.969374,-11.345866
1932,980.96893,241.04103,12.586123,15.508385
1933,395.27042,402.5374,-6.40897,-20.030832
1934,382.8963,770.0327,61.90044,-36.512375
1935,793.8857,621.3571,-11.224227,16.893055
1936,529.39935,764.0839,-31.194283,22.84076
1937,244.60144,439.9539,3.4047124,-3.5646105
1938,422.47266,431.8461,0.6323296,-14.253074
1939,3.5290983,838.6952,4.1081634,-5.1843424
1940,797.74884,429.12888,11.180914,19.177275
1941,753.49005,10.838588,17.760988,15.870269
1942,230.72119,33.462845,21.521463,55.458736
1943,57.21803,892.842,-37.334606,33.81025
1944,178.07916,542.40466,2.3262022,36.504734
1945,945.8231,926.8093,-22.879673,8.955708
1946,62.219597,439.8178,6.902696,-16.778759
1947,725.6431,584.2204,3.120924,-25.746675
1948,339.34476,30.057556,-16.272707,4.7770166
1949,37.839054,381.28003,-24.09599,-22.060001
1950,572.945,565.46356,14.400567,28.045105
1951,616.83136,614.612,-12.158297,-21.354727
1952,869.5423,628.4983,-6.615452,10.706316
1953,534.49493,598.0253,-44.187366,-31.6329
1954,648.6896,253.99185,-4.0557475,40.122375
1955,404.44373,356.68958,36.53551,26.841846
1956,892.3176,872.1955,-20.915583,13.728438
1957,558.66534,459.00916,0.38838536,3.6126282
1958,945.33997,275.7784,68.68891,-57.320274
1959,951.9409,207.1413,-24.306404,28.680054
1960,233.98572,60.98384,-5.674097,-19.136446
1961,989.61646,993.892,-17.887472,-6.313635
1962,312.70303,921.1084,-44.639507,-35.424816
1963,289.76575,109.45719,-4.582383,7.1544514
1964,859.5476,617.1332,30.397284,-31.414072
1965,954.6488,1008.1001,1.102169,0.05187408
1966,38.90037,410.18463,-41.594383,-58.539337
1967,145.18633,152.7888,-1.59187,-21.17467
1968,583.7158,113.71364,-30.945625,-3.6862297
1969,364.04398,776.66583,-11.786969,-18.878546
1970,855.0022,711.33563,7.607593,35.809654
1971,376.11868,260.9301,16.731691,-3.2977757
1972,613.8544,73.25208,-1.8782487,-16.389988
1973,349.8363,719.1432,-20.327433,-3.348473
1974,308.6004,845.5445,19.43556,17.4852
1975,75.42553,162.18518,-9.5071535,-10.761096
1976,543.356,551.7997,-26.451853,6.2663865
1977,219.10092,756.2238,6.9272385,12.279645
1978,712.733,860.9104,-11.400475,16.698633
1979,453.5618,223.0713,7.5179543,26.14701
1980,802.759,329.9199,-21.608538,31.59397
1981,15.699587,309.6608,-55.159397,-20.443161
1982,534.74243,558.9385,-2.7217965,-56.03341
1983,882.68304,163.83867,8.413751,0.70139754
1984,775.84546,744.5092,-17.953802,-41.296852
1985,644.99915,791.0194,-4.500999,11.029568
1986,565.17957,988.1134,-27.498194,55.06614
1987,597.5975,563.7562,-14.161469,-16.682646
1988,23.693949,804.2305,26.262878,-9.891522
1989,319.51932,367.12012,-5.7965965,23.314049
1990,981.45764,4.253108,28.161003,-5.40186
1991,124.64502,732.1658,31.50813,-73.07411
1992,848.41705,166.7989,20.7124,-17.824335
1993,96.56066,245.21936,-12.543108,13.621447
1994,240.97775,261.36694,-34.53671,-1.7169225
1995,900.3593,168.61716,52.3449,-9.960033
1996,982.1342,976.5686,-3.1783142,73.83922
1997,325.64935,714.46185,6.1201243,17.575367
1998,432.19238,580.3075,0.50477666,-0.5367683
1999,981.05945,848.01135,-15.262949,-0.9741158
2000,619.82336,116.61877,23.01712,-38.436398
2001,801.07776,832.29266,-11.695725,31.216398
2002,534.1101,511.81027,4.828901,-33.362907
2003,128.90042,425.39697,8.367612,15.371094
2004,1022.78925,1016.2981,1.5402424,-46.970024
2005,978.64825,252.10416,50.210712,-7.8059993
2006,32.938026,85.88039,-31.295448,-5.9551883
2007,496.5579,948.37744,-45.569927,-30.394207
2008,290.90314,758.4606,14.417819,3.046597
2009,616.48706,350.61032,15.649343,29.508457
2010,279.04947,396.5107,-46.02865,20.208647
2011,648.0805,195.9587,8.821115,-4.865504
2012,357.44974,944.47375,30.129185,-14.2588005
2013,963.9164,740.97437,-43.376324,-22.163109
2014,537.3764,15.269227,23.689041,42.635235
2015,249.81569,439.87213,7.763497,-4.100292
2016,910.968,582.4372,9.450614,9.39139
2017,847.8843,708.6975,69.08724,-24.913624
2018,131.98825,649.1142,-5.0783796,-4.7432904
2019,77.572784,440.9236,23.35472,-4.9964757
2020,926.38635,139.70361,-37.163837,6.8186665
2021,371.1913,37.517475,38.834824,5.859209
2022,137.55157,541.61053,70.25084,-36.04838
2023,210.8791,124.13382,11.6900835,1.2427682
2024,838.3458,123.300064,54.915672,3.3104208
2025,631.00586,995.3462,70.11976,-56.42003
2026,75.13552,600.8433,-82.07414,-24.790758
2027,16.254131,10.875574,-48.053055,-68.90106
2028,228.7547,909.1998,-27.053057,-17.62679
2029,595.0937,404.18063,20.193386,11.636181
2030,698.77826,820.13745,17.759855,5.8883815
2031,162.8745,552.09143,-6.605614,-13.754068
2032,164.14989,176.13179,56.77093,-25.443815
2033,632.27856,573.46783,-36.500576,-7.2971306
2034,91.81884,438.154,-24.38261,-32.032734
2035,222.5774,657.0968,-3.3051531,-16.58181
2036,76.75638,293.53528,0.15656735,-3.9102232
2037,469.78497,904.6422,8.150211,-17.28505
2038,122.60736,110.435135,-10.527432,0.88757277
2039,267.39978,1003.8459,-38.77317,-24.847033
2040,745.72253,356.39334,-4.612793,-26.06032
2041,137.33621,518.6029,-10.661495,-18.666557
2042,744.87085,624.63715,-9.265493,26.743631
2043,504.23364,311.49698,53.747314,42.252743
2044,927.7521,424.76163,-32.255875,17.626883
2045,351.2568,299.60468,-1.8761995,-0.23052317
2046,512.2864,900.3019,6.644194,28.535091
2047,941.1354,763.90643,-22.658451,5.4306464
2048,365.98053,624.2021,-62.271477,12.632783
2049,481.528,841.1214,-31.866549,-15.821927
2050,20.963713,937.87225,9.74541,-6.7267427
2051,687.162,784.6169,-24.900629,32.711452
2052,416.02084,462.45773,2.013833,30.777454
2053,269.57898,345.82587,-7.0743656,-8.348419
2054,388.5928,470.24933,-14.514532,-19.181517
2055,877.82355,484.39682,15.966105,-1.7433109
2056,820.49945,706.56464,-20.475449,39.34312
2057,716.61957,356.53427,12.647884,36.918663
2058,421.22116,480.48508,-26.43867,-1.4770404
2059,827.8097,129.38582,52.29022,-27.859367
2060,714.9841,194.5595,13.396419,15.461694
2061,940.7,365.70212,-1.2270331,-6.09607
2062,578.46094,443.07538,-39.65474,40.541473
2063,659.84625,78.82215,7.409222,33.50945
2064,643.9946,578.8753,-28.787687,-14.488894
2065,155.72055,518.5568,-1.0622388,-22.791948
2066,676.63947,98.263824,-35.40003,-22.556782
2067,253.24951,889.75745,5.1464677,34.473846
2068,703.58966,670.9063,72.09482,35.774647
2069,55.626545,681.53436,-13.123347,-33.13105
2070,78.36012,913.9739,29.043844,49.02459
2071,616.9454,137.44417,5.265144,-27.91171
2072,434.15335,27.38866,-1.3659903,2.0008707
2073,321.86694,294.25684,3.0885634,-18.951965
2074,458.77545,227.4181,-40.61976,-31.800825
2075,185.01903,821.9516,-12.798917,-37.53044
2076,536.22815,985.3694,-8.577666,29.982134
2077,383.91385,350.42215,24.006172,-7.462274
2078,504.2047,175.88005,-16.750032,-54.838406
2079,839.5779,598.978,-24.940928,11.890046
2080,154.1137,196.4937,4.6785994,1.1382647
2081,660.0891,260.34076,24.216454,10.236711
2082,560.5116,590.684,13.690156,85.6869
2083,657.8259,609.3466,28.606539,59.754417
2084,995.6754,233.52379,6.1867886,-18.089272
2085,37.160122,878.4178,-0.07575711,-15.879354
2086,804.8023,658.599,20.63473,17.952557
2087,875.841,14.524605,-7.6234736,-6.5689054
2088,193.75935,216.91145,20.733295,23.477674
2089,214.80605,810.7711,-13.079008,33.596786
2090,392.11542,876.0159,11.950018,1.7909124
2091,977.1098,46.895447,-20.123257,19.173717
2092,295.46558,622.9216,-21.83839,-5.348812
2093,479.6655,154.07782,-12.398313,-16.208147
2094,487.08652,974.8289,45.36589,-22.655354
2095,837.90106,674.03625,-13.765343,14.068388
2096,1014.6503,617.62994,-30.175642,1.3450989
2097,856.32324,626.4777,-28.79936,6.8419113
2098,677.28314,638.03424,-29.317705,-50.048748
2099,558.16785,468.58566,-41.5453,-13.5255165
2100,307.8615,916.5276,-57.51506,-31.86279
2101,5.128251,889.5778,-13.999285,-4.1715603
2102,437.61624,759.0082,58.328884,3.8289068
2103,674.1791,152.9676,10.176568,4.5664954
2104,159.83554,448.19492,1.8775121,19.913479
2105,709.9531,865.8985,-20.121935,-1.0650156
2106,611.0027,148.74713,-24.448318,-49.61279
2107,150.0547,362.69916,4.4228516,-14.826777
2108,696.6886,814.9467,9.133938,2.895983
2109,887.97723,235.38701,24.305332,1.3641922
2110,40.759907,635.2404,-4.8750834,8.639089
2111,888.67505,393.72787,-3.990743,-24.347216
2112,138.63089,165.85635,-24.401302,-21.96789
2113,543.694,351.88315,-30.647604,-13.4795885
2114,562.7504,280.90146,-4.9247255,22.463993
2115,996.1761,323.94727,-29.396297,47.019283
2116,175.24194,124.79118,-1.4211637,-10.653647
2117,335.09833,505.48685,51.09444,17.169487
2118,306.69568,918.6747,-56.66899,-31.702332
2119,682.8161,117.0274,9.988079,-16.051163
2120,394.6921,775.5255,18.580225,-13.966615
2121,309.5817,951.2087,-14.018223,-12.956001
2122,123.611946,417.82574,-18.615765,-1.7405314
2123,512.98535,774.31964,-62.30548,31.752373
2124,382.78894,134.53098,7.295054,6.8665905
2125,337.26816,954.4305,8.7333145,-30.433823
2126,113.399956,266.6001,24.562387,28.750927
2127,751.80023,8.009593,27.40679,39.164013
2128,204.86116,313.2575,-9.924399,3.914545
2129,633.9511,575.49054,-70.10886,-9.427106
2130,220.27055,340.31314,14.559144,-0.5919163
2131,948.65094,550.9283,-21.02048,-36.847412
2132,129.46367,33.712402,19.47244,-13.319249
2133,795.93005,712.2834,25.278606,-7.175386
2134,778.4239,738.98566,-15.900555,-50.713856
2135,581.84247,260.3145,-12.454661,-13.0536785
2136,35.186672,0.15354276,-30.714937,-47.608555
2137,199.27145,788.22235,-13.855894,22.26447
2138,482.24216,366.45654,42.393982,-58.482677
2139,1000.0536,584.5671,-34.61505,12.235381
2140,57.140247,617.2256,15.854696,-57.254272
2141,392.85922,587.9877,23.664145,17.81212
2142,696.6519,785.38965,59.730354,39.030235
2143,700.18884,689.9698,-4.892201,3.9186144
2144,338.91595,117.40756,-7.0036535,-24.460075
2145,976.4572,720.687,26.256802,-10.803677
2146,367.94324,294.79745,14.215616,41.767746
2147,366.36145,826.8504,20.875284,-18.726288
2148,343.22083,507.50314,-30.087889,-29.515686
2149,536.79016,686.7298,30.13691,18.534405
2150,256.7052,956.23376,-4.66879,-31.612516
2151,184.93175,720.8415,-29.342398,-71.2297
2152,902.65344,456.30334,-44.644627,-59.10965
2153,642.17175,740.6216,14.543464,-20.413218
2154,313.23138,840.5534,8.320848,19.07492
2155,1007.59717,965.20984,10.777556,6.79606
2156,352.92725,660.9924,3.8068829,-28.076622
2157,304.77896,358.3176,-8.081603,16.169363
2158,544.51416,53.66233,14.309299,19.691397
2159,465.558,1020.1964,10.508123,26.592697
2160,115.38206,259.97647,-44.16462,-22.065859
2161,302.60913,787.69653,-32.45876,-12.075036
2162,452.48096,2.4067202,-60.825615,-42.56419
2163,873.0263,364.79697,-18.259155,-1.8379459
2164,762.09436,7.3036003,26.083628,-1.4678413
2165,721.0412,627.6714,24.55203,-22.574564
2166,529.13367,82.260086,-21.237822,13.158154
2167,148.51534,87.91629,-12.868292,-3.752061
2168,260.19736,308.5189,-22.271488,0.15800652
2169,522.10767,413.38293,-4.607535,-2.972796
2170,932.2204,692.10345,7.435653,-6.6909065
2171,594.9323,180.71457,-22.56069,-45.53526
2172,108.05195,230.60817,-28.95627,55.968346
2173,17.15939,613.8559,23.006262,-7.8661027
2174,875.5631,715.60425,-1.8768888,-9.090275
2175,827.9043,707.3827,-26.075083,7.8660316
2176,121.07101,794.09515,14.356802,48.929577
2177,793.0055,697.36676,0.43324226,15.928711
2178,791.5735,351.81476,21.813189,-19.284138
2179,493.61465,978.6161,-4.9231963,-7.968106
2180,928.8355,740.24976,3.2292035,-11.674284
2181,153.62543,719.90845,28.802303,-42.820618
2182,724.00287,530.058,25.603727,21.620773
2183,979.1494,687.7406,-8.626774,-17.966642
2184,331.64172,553.46204,-2.122367,-6.9267726
2185,939.6837,459.46298,-42.365982,35.526848
2186,21.378584,1017.1956,-35.27402,20.958221
2187,815.73553,802.1702,10.682967,-20.152157
2188,579.3585,471.49512,0.7493026,-51.289246
2189,488.13397,696.7563,44.32412,-22.701
2190,277.769,249.08327,6.299934,-49.20698
2191,774.40826,660.1596,41.283188,7.585894
2192,396.51913,772.27466,-51.748318,2.9026926
2193,474.44415,569.767,-13.188218,7.572562
2194,1001.223,533.5133,2.4003317,-27.781116
2195,121.38031,1017.6954,10.193008,-4.5036592
2196,460.8011,329.96298,2.143932,2.0692236
2197,30.299648,150.06404,5.457206,-32.017113
2198,834.86163,283.0784,9.703665,-25.845842
2199,441.3012,99.071106,3.1414468,12.877945
2200,256.22174,792.944,-23.190826,10.454862
2201,733.1474,475.15082,-15.867244,38.42257
2202,223.93523,694.931,-46.80628,-13.7998
2203,320.25638,465.94528,-0.47648555,-15.616945
2204,121.00424,650.14685,24.522726,-14.075341
2205,854.3542,960.35095,7.34051,0.76505375
2206,136.07262,905.39386,21.289711,53.09373
2207,768.43115,233.2736,29.987816,-19.39828
2208,964.6833,214.77242,-3.2967303,-15.750099
2209,23.557283,681.9609,32.27327,-14.65058
2210,958.57367,484.79312,-42.78866,-9.285856
2211,923.73267,530.97455,10.830854,-45.099907
2212,556.2477,13.840155,47.42002,24.603151
2213,84.8297,688.7811,-8.146921,-6.6604285
2214,426.7046,25.554708,-3.5920978,4.924444
2215,984.629,297.53278,42.79803,-2.5037363
2216,729.09625,801.21124,2.7286422,22.164045
2217,374.88107,248.15063,29.322044,-8.282678
2218,196.1491,327.75366,-30.5939,50.576332
2219,516.7849,764.4472,-35.68978,18.26066
2220,675.1675,902.02997,-22.866377,7.5920525
2221,32.598446,669.4383,6.2545376,0.06343829
2222,148.4198,240.07779,11.362971,9.6251745
2223,599.5684,321.52692,-48.00293,-13.826475
2224,35.187317,66.15736,27.154524,2.9061394
2225,971.08325,315.4007,6.4797635,-41.29365
2226,705.0345,632.3137,-19.070496,-29.163591
2227,245.00606,156.52147,-7.0223618,-21.45479
2228,232.60745,602.4665,3.3185809,6.08099
2229,892.1614,167.95036,26.73869,5.94982
2230,345.58072,441.24924,6.8023887,-31.798038
2231,573.92773,124.350006,7.1733084,-7.3487706
2232,295.2903,986.4473,-8.984127,-5.3723626
2233,248.18417,24.660889,-14.368091,8.722174
2234,104.31463,32.713593,36.76828,-13.800355
2235,949.6282,839.11957,-15.640417,1.8370013
2236,843.39966,374.63623,-24.41938,31.379324
2237,470.0997,993.1553,31.04962,-28.189728
2238,481.1771,243.62393,-37.237415,-1.7113028
2239,784.15234,680.97015,-3.585236,2.41476
2240,993.2773,268.8097,-30.819422,-48.224445
2241,583.11053,175.94481,-14.308481,3.1969912
2242,139.30847,813.3049,-37.898907,-46.47608
2243,276.33047,882.6967,40.14262,-58.804592
2244,871.3485,192.02702,58.918484,7.9338994
2245,864.8494,850.0227,-4.0786657,-15.164509
2246,699.9603,248.47453,-10.196236,5.0993376
2247,667.9985,538.93823,-30.586262,-32.36261
2248,577.41956,35.91581,53.021694,-4.324392
2249,277.66245,192.02565,-2.2184513,0.8163686
2250,0.46011758,394.22012,-1.0799447,25.505793
2251,910.76196,4.5649047,4.3604774,2.3979971
2252,283.50342,587.0944,11.311089,-9.736408
2253,695.53925,649.5131,67.87383,-7.4643493
2254,596.9698,305.15524,-8.816159,24.63426
2255,647.0299,72.26072,-7.6745696,12.701408
2256,376.9198,864.7841,-3.2389581,5.925011
2257,112.467705,239.57448,-11.847565,37.256676
2258,731.6889,793.93225,13.742314,17.229706
2259,449.4894,1011.86224,44.456207,-20.128588
2260,662.0182,695.45337,-11.190594,-10.513874
2261,147.9495,569.9384,34.75163,6.071329
2262,1015.9774,145.32489,-8.172389,12.692564
2263,669.9831,70.17198,-22.029665,15.174739
2264,228.19856,515.543,4.4496236,4.040841
2265,927.7069,520.95483,5.0932407,-10.962541
2266,904.59937,441.59732,7.2423334,40.172775
2267,985.2188,467.68475,10.829647,23.328173
2268,497.6806,794.7647,-41.003265,52.84775
2269,637.2747,881.2794,9.339251,64.59041
2270,201.64142,449.14835,4.05542,-8.568423
2271,348.23056,808.2901,-25.841328,19.06685
2272,58.780968,780.62616,-0.19090624,23.547758
2273,146.01721,932.24176,39.879887,78.3688
2274,530.6759,959.0215,11.02197,30.03125
2275,995.3808,183.04555,-58.886135,3.4308558
2276,172.21448,970.8679,7.18841,13.344266
2277,40.417263,639.5825,-5.1122856,-5.9690247
2278,205.9064,877.96967,28.915243,19.730982
2279,401.55624,793.27454,-64.88668,32.67577
2280,449.48813,248.15366,-15.205098,27.888454
2281,976.21484,113.023186,-9.393604,8.405014
2282,1022.5381,454.5547,-31.234203,38.413517
2283,31.167263,702.11725,-17.068508,10.32489
2284,139.83023,899.0486,-55.41432,69.36982
2285,130.35278,859.58545,9.883099,-18.784353
2286,1.0035644,283.19147,-47.4587,27.121756
2287,241.4059,126.75721,0.64413625,20.441042
2288,1012.68256,184.15227,-15.00926,10.788306
2289,327.8953,826.77545,-21.248226,20.318577
2290,653.0545,574.1202,-39.89958,39.008972
2291,785.17236,358.61533,20.88331,-7.130208
2292,110.61184,710.536,25.607138,30.385695
2293,840.66266,404.28027,-27.298494,24.187132
2294,99.10139,301.6688,-26.60224,-43.343422
2295,1020.7852,222.36479,16.303703,-75.64324
2296,537.19257,247.2715,19.835548,-7.326522
2297,924.60944,760.57446,-11.546134,15.846579
2298,230.02963,568.4608,-25.012133,3.9152741
2299,861.508,826.70654,7.5065517,19.99986
2300,552.75824,902.2189,17.247341,-25.904476
2301,720.1881,611.3437,-12.388722,27.68545
2302,366.39383,368.0206,-13.46109,0.26654214
2303,739.7086,403.76266,-23.187817,6.5682836
2304,936.1299,985.75934,39.669014,13.449035
2305,561.88947,115.048744,-28.043022,3.9920583
2306,745.19696,213.32545,-12.959192,23.916328
2307,981.924,890.0085,-9.947847,-7.3078527
2308,15.488629,943.9719,16.185343,-5.9974465
2309,104.33886,499.64047,14.821912,-49.9065
2310,267.12796,991.47546,-27.07091,-34.247192
2311,414.07495,0.15655136,-17.352451,-4.4168096
2312,624.3604,893.94055,-16.579113,19.082281
2313,588.34344,7.0327578,-65.56276,42.859837
2314,1015.1255,889.3923,2.1603746,21.914461
2315,586.16797,491.68256,21.892803,8.853006
2316,349.1048,916.77094,-56.240086,-19.561104
2317,68.10201,661.3489,-3.6948764,3.7084322
2318,350.91675,1015.658,11.920234,-1.2514857
2319,43.162945,883.55664,3.4825282,-6.7641597
2320,263.4299,129.80772,12.620897,-2.3732474
2321,630.2512,155.29697,-38.803474,-6.4519787
2322,227.08821,561.2465,-38.58758,5.924698
2323,25.621376,1017.6998,46.103218,-23.537922
2324,430.69083,780.7166,42.1876,32.932617
2325,587.77435,1016.5778,-85.80841,27.146206
2326,1023.45905,214.91484,1.1843855,23.807842
2327,916.3088,325.32855,-7.069814,1.9940923
2328,64.30077,901.5614,31.865997,14.903766
2329,683.6547,1022.6433,-8.8097105,16.299084
2330,760.8737,974.0714,-2.293322,6.137996
2331,432.09268,272.63785,19.00125,31.360163
2332,605.39935,193.7652,-47.525757,-42.261463
2333,581.1734,123.004745,-9.799956,-26.90267
2334,574.54456,892.5467,3.69904,31.572996
2335,732.1062,997.15125,-3.5938902,37.177998
2336,846.5257,684.73535,17.704836,3.9654233
2337,474.57068,726.9432,-20.060814,-58.870384
2338,208.23544,429.0781,27.600466,-11.666529
2339,103.80672,127.56347,-0.74847287,-22.320158
2340,351.1216,812.15265,-3.9412398,-19.193474
2341,460.5614,225.75578,0.9590132,-4.5782237
2342,791.1945,481.83472,-19.603725,5.3279552
2343,515.4998,256.56427,39.381348,-24.216621
2344,579.30054,487.6482,-9.28126,-78.90791
2345,904.57916,869.90106,-31.866663,4.3501096
2346,819.96204,59.281994,12.480767,40.177917
2347,979.5532,370.95108,2.9659183,1.1610734
2348,202.0734,723.4026,44.015022,-53.26388
2349,162.75726,518.40704,-24.034407,-29.185085
2350,381.95105,185.38045,-5.528044,-15.430718
2351,73.49015,18.79611,-10.054406,-32.511597
2352,806.2134,271.1001,-21.222925,17.637913
2353,8.660864,181.70186,-33.657394,-27.726357
2354,962.7212,406.8676,-26.922146,62.674744
2355,736.09015,686.0699,-11.502446,10.664987
2356,422.4775,791.60455,-33.760365,14.527519
2357,361.3845,402.52957,-9.889935,20.620348
2358,232.86827,668.57745,-16.82382,-32.572865
2359,480.50714,615.61334,49.399857,-18.318573
2360,804.948,813.6699,-1.4876559,-15.278733
2361,275.9592,826.49927,18.423658,25.106928
2362,647.8099,426.64835,-4.126901,-11.323986
2363,720.1603,454.5598,-16.0541,39.004208
2364,456.67584,326.9598,9.791925,0.098249234
2365,363.68625,772.37805,-0.59722275,-34.647896
2366,237.13734,623.07367,-0.83996546,-1.7494458
2367,905.9964,943.6486,36.148113,5.447168
2368,755.1484,392.86646,15.359307,2.795934
2369,171.96138,724.68427,-17.37409,22.903849
2370,13.363827,694.9349,26.265324,9.166843
2371,78.54094,936.09595,27.424412,48.66382
2372,625.5515,800.66833,-2.168565,1.5717385
2373,722.9725,436.9236,11.300295,51.552505
2374,891.71295,651.10016,0.6798738,5.130484
2375,997.09454,245.94247,-8.981848,-4.428404
2376,872.3145,299.56598,-13.566148,-0.28706205
2377,842.9289,877.91974,-5.7370057,-24.222971
2378,81.95467,751.3914,16.084494,0.06270721
2379,907.93353,845.55133,-14.007855,5.181946
2380,171.3326,1019.1397,-12.119223,-8.367483
2381,1010.11816,781.1967,-10.898621,-16.720661
2382,123.39167,949.8981,-26.001755,55.947163
2383,545.7751,595.0802,-8.703152,86.48663
2384,423.82327,683.1488,4.3843136,-1.7630534
2385,733.24054,247.75084,-10.149264,28.149414
2386,142.29456,971.011,-10.836979,9.719315
2387,720.66473,1022.1531,-30.092676,11.832531
2388,200.5791,646.43005,22.67889,16.148829
2389,824.8598,551.9133,9.46473,4.9409947
2390,926.9508,55.68626,-8.781029,-5.927699
2391,677.5047,719.57196,-0.9752801,-10.990332
2392,657.71326,440.66492,-28.723478,-23.706701
2393,816.96124,31.70816,68.23091,32.06135
2394,70.855545,940.2968,54.506535,-35.673058
2395,487.90338,296.1447,-30.360083,-7.7669897
2396,248.4885,150.58449,-3.875863,-22.755348
2397,584.73816,966.166,-16.359533,-1.7724102
2398,371.71112,167.98923,-18.070492,-10.735617
2399,983.77313,474.93234,14.682627,53.414455
2400,66.75487,613.46356,32.674652,41.029453
2401,743.08014,313.7176,21.888184,28.02532
2402,522.1811,526.43317,41.652508,-7.1755877
2403,836.13196,594.27826,-31.599226,-3.8692584
2404,194.3478,684.4152,0.13854454,-13.19964
2405,494.52905,689.78217,55.169586,-36.77137
2406,80.41871,627.7598,-9.650777,18.647333
2407,334.3125,243.91132,10.752669,2.7729683
2408,466.6663,757.315,-30.306742,-16.93801
2409,640.4968,32.84754,-24.366943,13.945802
2410,997.1793,650.73706,-47.386215,-2.1350393
2411,83.61579,1013.9935,-10.537043,6.0486374
2412,155.83865,465.36575,-11.770211,-9.724123
2413,952.6775,977.6322,-6.3627577,3.6049812
2414,39.09654,699.0283,-37.219604,17.47699
2415,437.6786,1011.8492,27.135891,-15.788784
2416,639.138,442.42264,-5.939907,-31.295328
2417,819.36084,28.04788,48.978188,31.280754
2418,1023.04877,807.1286,-12.464468,44.82689
2419,46.052254,330.161,7.7448215,6.3833246
2420,272.64377,480.91827,35.44554,36.23601
2421,756.8389,219.63081,8.365332,12.792091
2422,265.96405,479.35892,-16.893845,-20.467218
2423,1011.86066,767.7802,16.858047,9.675085
2424,1013.4915,973.9635,-12.783193,-1.0530363
2425,234.38121,38.13801,-0.5153497,-25.430939
2426,481.1339,918.6037,-10.441433,-8.399751
2427,845.618,607.561,-54.356567,-52.716167
2428,132.41786,776.5003,9.732049,-8.424481
2429,381.05667,359.6426,6.556946,11.41246
2430,106.48623,251.32166,-24.809866,-11.280041
2431,562.75354,908.04456,14.25775,23.229141
2432,270.3997,649.276,3.6694274,23.960289
2433,869.1214,932.19147,-39.147346,-6.2117376
2434,818.87805,926.1969,-67.77101,19.83597
2435,271.94434,195.39886,-4.8832717,-10.247239
2436,432.6944,699.6875,10.924868,-6.471893
2437,782.05884,204.2168,-4.336812,-52.26603
2438,339.4193,492.8988,-1.1986018,-49.765594
2439,913.00494,27.93939,-6.8173327,-0.44969717
2440,116.8038,101.42919,0.05955946,-9.858034
2441,159.30977,932.01526,-17.192078,-41.535618
2442,408.0784,450.14398,6.4583545,5.0458326
2443,444.9229,416.88477,5.220775,-6.6581626
2444,288.73853,902.07947,-72.70457,-7.146861
2445,530.7301,797.25964,-9.458519,4.1166463
2446,942.6154,771.8217,-21.484577,-9.788595
2447,610.52136,354.73645,15.761801,-0.22806628
2448,764.7323,795.75134,-3.5660172,-48.21999
2449,187.99936,746.79083,63.43198,-63.846565
2450,686.5159,476.57513,-1.6807712,23.126923
2451,981.8131,418.80994,38.3791,-1.193621
2452,232.15202,942.82806,16.205975,9.68165
2453,498.33463,924.83026,17.47241,-41.424038
2454,498.58112,537.60315,27.961426,14.436107
2455,971.8862,478.80746,-48.907112,-39.232918
2456,439.16284,219.73419,-32.24799,-48.73013
2457,327.22833,600.6896,-1.4977027,-16.715452
2458,1018.35126,320.34476,15.635085,26.547998
2459,443.7441,345.49203,30.419752,-34.450115
2460,683.2976,31.55538,-5.208212,-30.38027
2461,488.8701,971.57587,-7.6778364,-1.6898963
2462,472.0358,108.78451,12.430353,19.298695
2463,315.8973,178.39983,-36.604156,37.456974
2464,236.32922,41.77285,17.973507,44.552155
2465,815.9077,947.16296,27.103178,38.677643
2466,80.02896,660.8011,22.226625,-59.87191
2467,194.5701,388.08652,7.975078,0.4517712
2468,369.91376,762.42896,25.308065,-34.656883
2469,592.64636,898.9713,10.208627,-7.287726
2470,441.58667,883.48267,-1.7214841,23.844797
2471,225.99686,808.109,-34.813164,11.761544
2472,987.27057,486.36124,23.526264,-58.303806
2473,294.4934,902.2355,-52.07551,-27.377369
2474,103.34581,694.0978,29.745556,3.4768906
2475,225.66228,742.0649,-9.106963,-10.928187
2476,800.91846,298.24734,11.779567,8.216442
2477,592.6475,465.59982,39.849274,23.246906
2478,75.61205,905.95105,33.886692,15.23918
2479,679.4818,1021.4325,-26.543068,15.442629
2480,279.80066,696.3865,15.80442,-30.25492
2481,263.87564,917.43066,-53.0237,-21.37946
2482,528.4005,583.27795,46.42256,18.582956
2483,741.9065,188.6667,15.582272,24.21828
2484,720.86346,86.650345,23.083189,34.37905
2485,642.3885,189.33502,-5.301875,-21.752848
2486,196.29503,547.5545,-2.2325876,-21.367983
2487,915.5622,601.40985,-3.9661553,-9.396405
2488,60.629906,596.3753,-41.89969,14.752931
2489,44.589035,943.4549,26.365738,4.082962
2490,167.87697,695.5323,-6.418927,-59.611515
2491,24.7644,1008.87305,7.3276267,19.64737
2492,957.1507,20.468029,35.339912,-33.367744
2493,809.203,782.8201,5.043945,-12.272405
2494,590.2559,139.79999,-6.791732,-13.047228
2495,396.48386,706.0077,2.4403012,-32.33203
2496,426.32455,106.842896,-6.409112,1.2674638
2497,693.3567,475.1224,-70.95937,-27.766504
2498,634.67035,173.89137,-9.208297,20.672932
2499,996.5206,882.808,0.7682536,-5.961973
2500,179.02742,845.72125,-18.876318,-6.5657043
2501,196.9845,522.90875,-18.90186,10.781595
2502,412.33063,478.5032,-3.62125,-18.905651
2503,743.0439,91.15762,21.305405,12.20465
2504,11.782412,724.3358,23.079176,9.254935
2505,399.02197,198.22061,-1.8583796,27.256765
2506,353.34534,886.3892,-41.94122,-37.668774
2507,266.70898,647.9063,9.243032,-20.75467
2508,563.0108,581.36395,32.535225,41.25327
2509,355.8132,443.83087,-0.47590518,8.065827
2510,926.7046,645.3374,-34.81112,18.966782
2511,265.19293,387.05414,-16.115978,-16.38631
2512,376.71027,179.76715,-16.10718,-14.338188
2513,173.58661,336.975,-9.722816,-28.151308
2514,893.48596,911.8899,-14.288564,0.48470837
2515,861.3976,812.256,-2.5067673,7.490848
2516,238.19817,510.29303,-0.8920892,19.933237
2517,225.75862,734.3893,81.90998,7.4497833
2518,253.86317,890.03394,-44.64268,-32.846973
2519,47.45657,1014.2957,-4.737229,36.021637
2520,15.573168,432.2292,-48.980724,28.530895
2521,662.83777,465.77765,28.263487,19.274006
2522,614.23737,1006.3544,-3.784683,-18.504229
2523,879.2747,93.85314,2.394101,7.8953233
2524,585.18976,343.37704,-21.11187,76.21337
2525,149.80922,471.27316,-17.505299,-22.241608
2526,24.781958,563.4027,23.505552,50.506367
2527,917.7543,676.2142,-13.78202,-47.39327
2528,352.23004,123.18056,1.1557978,-21.772434
2529,715.96545,573.8133,-0.7780844,-29.56627
2530,694.1154,690.14935,-7.4785247,-24.293703
2531,595.4318,658.63824,-4.0704007,-1.351352
2532,31.103397,565.04755,19.330473,13.317221
2533,388.65924,470.21576,5.766026,-8.705648
2534,362.4821,315.37827,-7.973619,1.6299044
2535,38.828175,710.65466,-11.893882,19.314035
2536,0.5698314,212.85625,-14.627849,-2.7827306
2537,678.8174,770.7784,30.36905,-3.3919582
2538,106.749596,846.65485,-27.526323,-23.928862
2539,318.913,515.0045,-80.273796,36.143475
2540,275.895,468.78064,29.116486,18.501131
2541,535.20026,519.89886,-22.021152,-50.239983
2542,753.6818,33.43251,15.895917,22.771004
2543,727.995,318.834,31.383663,-41.456215
2544,504.4704,471.9458,-32.075684,-18.775112
2545,520.87854,553.9921,68.873634,15.686902
2546,606.28687,1013.32996,-37.59781,-9.139204
2547,272.2428,311.41455,23.712055,5.2461133
2548,826.842,992.34906,-33.035843,-17.345577
2549,658.11786,841.1673,-5.264496,10.996653
2550,600.56866,33.73684,9.10322,5.004601
2551,543.0107,348.08215,-46.616543,-22.052685
2552,361.22345,951.8075,12.598593,-5.9621396
2553,170.21846,668.6161,11.135502,11.361036
2554,613.5565,858.09766,5.478094,-4.46212
2555,327.43262,484.18414,-5.0366716,-32.72123
2556,563.7273,650.0077,16.188787,3.0379558
2557,426.68225,268.38156,-14.426664,7.3328147
2558,742.90216,214.69167,-30.216032,13.295133
2559,198.54865,513.22235,1.0270116,-69.12729
2560,365.66638,340.36087,5.066269,13.21871
2561,543.32043,577.0799,82.75344,-5.3166075
2562,36.942223,324.0575,-9.2505455,-5.1811576
2563,835.06274,651.79877,-16.516777,23.28839
2564,532.26434,3.7625368,-56.556465,4.836805
2565,337.40533,443.91696,10.083962,-40.52094
2566,691.782,276.3991,15.925448,7.9364443
2567,724.58307,649.12274,62.56204,7.873366
2568,138.96452,528.6608,-6.9803743,6.6250734
2569,866.8826,720.2963,20.2051,-26.149109
2570,531.76654,146.7633,-7.035564,22.969835
2571,427.6367,190.8916,3.5542424,8.111302
2572,973.5689,462.3147,-21.554268,-15.958516
2573,282.0487,757.6665,-4.2499733,-6.4590125
2574,819.93396,542.05536,-8.566246,10.825564
2575,203.90486,124.48922,-0.17952116,0.23627277
2576,532.0036,131.85118,-10.856664,-17.726545
2577,489.5764,129.88727,1.740719,-8.687906
2578,511.85202,888.91486,32.720455,-4.4381337
2579,71.30962,950.5826,12.164378,20.833433
2580,217.68227,409.02106,4.518154,-14.29666
2581,337.20483,999.59735,6.3597693,21.299788
2582,668.7817,876.5774,-15.656561,2.8674607
2583,318.82016,705.3489,-25.92246,17.865648
2584,998.3321,217.07057,23.713919,35.591076
2585,700.01953,997.87726,-24.668955,13.133143
2586,11.589325,1010.8253,58.35253,-25.393032
2587,307.39514,518.77057,29.09656,-7.9827247
2588,721.4455,979.3822,-27.599878,-31.947447
2589,699.49084,752.56384,14.174289,16.531357
2590,352.3685,571.3602,45.459526,-31.493872
2591,909.8937,990.99884,-7.2967887,-16.038445
2592,888.86475,884.78375,-27.773754,31.810097
2593,862.8801,328.22803,-26.212559,37.262913
2594,321.91772,164.68567,-58.603302,64.722946
2595,942.66943,822.7784,-4.881304,-5.6002865
2596,742.0706,181.54971,-23.399853,44.494938
2597,108.592476,1008.861,-10.650835,-22.551914
2598,346.879,504.32166,6.1364055,-33.31646
2599,234.03882,772.59564,35.40507,-22.135464
2600,557.08655,792.2021,-9.552217,-3.6053333
2601,740.02515,167.79588,8.465937,60.722713
2602,380.3354,430.17303,-4.7798233,-17.556622
2603,561.64264,174.0532,-3.956474,-22.134014
2604,615.69525,565.9252,-47.73427,-13.328874
2605,930.21674,167.57979,17.015106,0.8578123
2606,84.115074,40.864063,-17.692196,14.569089
2607,215.23828,19.479383,-17.909828,16.493088
2608,648.9587,150.7159,-31.21025,1.895026
2609,462.53372,532.7497,-1.8572108,-5.9876423
2610,276.3852,614.1235,-3.8249133,-44.894615
2611,242.14484,973.3909,-37.727108,-32.456444
2612,358.18314,89.987755,21.040522,-85.731834
2613,562.12494,309.8537,5.272616,19.886124
2614,658.002,517.3696,-29.846018,-27.68218
2615,497.4221,654.50726,-26.452509,26.950705
2616,1002.81775,82.796295,27.272583,10.976189
2617,396.94733,163.80061,24.105972,41.494034
2618,602.0894,999.6464,52.18476,73.326324
2619,100.63915,549.8711,21.994358,46.746723
2620,716.3813,396.25153,1.506684,-17.897118
2621,653.26764,243.2896,19.541718,7.6024814
2622,4.9145,1017.6265,42.17547,-38.69238
2623,937.8525,597.5595,7.7263107,16.883484
2624,783.44385,184.15007,-16.396744,-87.13957
2625,942.46106,358.93506,10.064353,43.37587
2626,1018.4865,212.97928,6.0171695,-5.4697313
2627,127.75986,728.15295,-7.3622327,-49.15331
2628,289.00668,404.04596,-30.818913,41.805527
2629,691.60834,118.11814,16.3845,-9.296156
2630,917.84265,620.33185,-1.2545112,-30.898394
2631,975.992,264.27777,-66.88526,30.54474
2632,450.63516,88.52396,0.059564244,4.0380898
2633,806.76654,943.6056,14.560018,26.43985
2634,264.49326,939.61505,29.85627,13.873014
2635,18.92729,618.8957,26.032598,-3.6771777
2636,540.5083,551.3535,-3.1633608,-7.0535774
2637,72.03432,512.74274,-0.3462072,-5.922593
2638,430.45392,959.4245,7.1828156,-13.33583
2639,535.2398,256.69147,8.10639,22.216265
2640,36.60896,726.2034,14.939212,39.223186
2641,724.2433,679.5715,2.9433613,45.25474
2642,84.218895,144.81905,51.62466,34.390327
2643,385.35565,122.55652,45.95976,-29.935812
2644,211.87332,601.6567,-0.7184164,8.857455
2645,461.8091,1003.8694,31.256493,-14.482903
2646,311.98788,553.167,1.6405004,-6.8598175
2647,422.924,768.7092,11.529105,32.19387
2648,188.63347,906.813,11.132485,10.120236
2649,81.64827,709.74194,-13.731629,-22.024452
2650,671.47076,626.5602,-38.608383,-61.63869
2651,245.54823,941.1758,12.7453,-4.3039064
2652,71.59902,917.3198,40.219883,54.39596
2653,99.05646,435.05957,19.327507,-18.02607
2654,433.02304,315.73444,21.493673,2.9205441
2655,796.9029,20.047314,-14.090672,-88.89012
2656,373.4169,558.1722,-44.890232,-17.46462
2657,453.87692,890.9951,12.927874,4.7137976
2658,172.39996,800.9051,-31.25429,-13.359102
2659,448.43134,239.7481,-3.0205548,-8.889287
2660,491.24408,563.64746,-17.36369,32.490013
2661,821.3824,847.1703,17.25393,3.230943
2662,724.06854,101.28498,-17.938902,-3.2291834
2663,817.42084,722.1102,-3.3107984,6.8874087
2664,461.18625,323.8425,13.928909,-8.316995
2665,248.03683,21.26284,-33.662132,17.394455
2666,254.99089,388.21356,7.654624,8.462495
2667,524.62286,1022.2008,-30.074139,-17.617556
2668,401.77374,27.71565,-4.702371,-10.237594
2669,1001.4501,588.6114,20.046564,12.216122
2670,271.28857,620.749,-18.081173,-14.7102585
2671,11.37135,574.70746,-36.02165,24.251797
2672,797.8383,494.72894,-35.080242,20.28289
2673,600.1082,19.314539,-10.036137,58.541927
2674,617.6644,202.6301,-7.1644707,-30.577229
2675,913.54486,129.40524,-14.80603,0.47774816
2676,529.5346,495.51068,-5.9247007,4.044969
2677,15.176485,175.34233,-8.9812765,-26.82161
2678,387.33,399.68735,14.883241,-24.789064
2679,303.01465,489.87155,1.3232143,-10.244542
2680,853.24896,868.4289,1.2871914,-26.039303
2681,371.13208,365.24747,-27.712866,-6.1701026
2682,908.4201,953.5947,-35.59231,-9.034588
2683,88.39153,881.9524,-1.0475934,-35.175808
2684,259.2716,925.1475,25.243267,-39.556896
2685,1003.5072,99.42239,4.1147604,-10.359159
2686,512.74884,347.55026,28.529879,-8.858576
2687,265.72928,535.4471,17.369587,29.785332
2688,981.05347,965.4502,-16.593473,-36.261406
2689,563.4501,531.998,11.176673,36.00724
2690,300.10727,965.21045,-17.709866,5.33278
2691,488.633,950.7628,-14.715624,6.0015717
2692,929.81793,980.9413,-58.175453,-27.671776
2693,969.29755,524.97534,45.09863,-14.583606
2694,812.6068,267.3821,-30.150198,12.672209
2695,643.5562,196.81403,2.5332177,-6.9830875
2696,646.072,218.98859,-9.728562,46.189507
2697,577.3864,945.0839,-5.03182,3.4887664
2698,544.2732,631.22784,-6.939254,16.273119
2699,430.22815,801.9724,-16.266396,27.735275
2700,680.1774,248.9205,26.389084,-21.982712
2701,380.2682,398.6756,11.855261,-26.14002
2702,934.50354,283.76724,11.465465,-28.145077
2703,800.2748,289.2785,-9.914428,30.784775
2704,850.84344,963.09393,-2.964327,9.25668
2705,362.66068,280.40433,5.053788,19.994307
2706,851.17554,954.65234,1.0900359,5.3232555
2707,958.4696,405.981,25.26172,-26.327082
2708,273.61246,909.9841,-58.468357,-39.408363
2709,302.2035,459.0472,-9.625271,-3.5039077
2710,979.6426,645.0374,27.65396,23.206787
2711,297.83783,766.5504,35.61666,0.6181818
2712,990.411,497.72797,16.173792,-35.22533
2713,379.96497,878.92633,-10.651439,-9.760487
2714,613.6245,1004.70544,20.220938,-39.339344
2715,799.05493,804.35266,-15.08825,-14.328173
2716,284.53,761.57153,9.42411,9.516916
2717,660.78455,268.33423,21.756096,28.563326
2718,33.483418,326.48672,-6.527032,-4.955187
2719,701.4635,1017.9382,26.471775,-2.5277765
2720,622.7539,788.95074,-3.2315855,1.8340057
2721,668.98663,245.0436,-5.1182323,13.837835
2722,842.019,217.89348,-10.5333605,-41.12273
2723,619.1217,345.97406,13.165728,1.4299784
2724,858.20044,19.934906,-25.715899,-9.934752
2725,549.1228,706.9762,-20.135342,-13.557143
2726,76.00849,36.632008,-17.06213,9.768846
2727,362.55902,647.409,-4.5658517,20.33117
2728,944.84143,750.20306,-51.667995,22.193544
2729,532.8473,209.75482,6.8218913,-16.602032
2730,11.401587,277.85452,-41.660885,6.848629
2731,487.68304,608.02185,22.566835,-29.878757
2732,917.8991,840.2459,-2.5395837,4.1741147
2733,673.9878,483.93423,-30.159166,47.10535
2734,972.9525,125.64884,-11.801573,-1.6043973
2735,725.4522,652.7089,49.46893,34.289032
2736,960.91766,550.3745,2.8631787,53.168606
2737,420.15427,773.26544,-6.5753164,30.685417
2738,727.61005,994.05817,-17.844578,7.2276945
2739,240.26195,245.48033,-11.992496,-12.00628
2740,807.1164,732.0959,29.813244,-18.824951
2741,874.0571,295.1611,-30.86054,-26.46635
2742,378.55997,1017.14667,15.602596,11.658026
2743,358.21793,449.34085,0.70234585,6.9732704
2744,628.007,523.14484,-13.311149,21.118086
2745,48.027515,630.8721,14.485229,13.731083
2746,949.79785,242.80998,-42.164314,-79.51208
2747,1004.6043,910.72107,-29.172863,39.849598
2748,734.25604,670.3547,35.45635,41.398643
2749,434.93817,819.3266,30.16612,20.631014
2750,262.99292,452.43353,3.5044339,-11.422817
2751,891.6123,561.7622,4.967708,-9.131607
2752,381.54092,596.8797,42.14903,-6.98707
2753,650.8489,269.71942,-1.4983203,46.934162
2754,669.76953,415.2803,3.573222,-17.056997
2755,1012.2639,826.07574,-10.832703,-26.183363
2756,313.29904,672.6491,19.954985,-6.774462
2757,121.41987,5.7089643,-8.934405,-23.742105
2758,699.12274,890.5137,8.961817,3.7551856
2759,912.06177,985.8924,-24.392818,21.370607
2760,905.1627,584.2996,5.885253,27.198153
2761,343.79257,123.87709,-69.59933,-31.98954
2762,367.74164,643.2988,-22.142843,14.826748
2763,961.2254,1016.2878,27.895355,6.389987
2764,123.299324,881.21924,53.679203,12.010602
2765,676.5191,774.65643,37.659218,1.6764534
2766,673.24615,694.51404,3.5649092,-1.0140847
2767,10.346369,847.17584,15.25211,12.55414
2768,325.67572,632.54285,-6.889098,2.574366
2769,159.26036,266.16068,18.35518,-7.968102
2770,162.61299,475.51675,-8.999899,-14.137206
2771,305.93344,553.57745,0.45944598,-26.595087
2772,176.8395,713.61255,9.1677685,-22.79294
2773,98.39315,853.06445,-11.6133,-15.405016
2774,879.2861,231.15714,30.307096,-1.5419472
2775,880.637,501.73102,29.492441,25.344233
2776,530.72577,98.0368,2.252109,40.0146
2777,692.79114,282.46622,7.537135,9.561211
2778,367.6686,474.67233,18.932552,-16.43784
2779,250.59787,759.12695,37.56803,-19.251966
2780,986.8067,163.56009,-6.8771524,-21.346327
2781,898.75507,425.87268,16.656519,17.742897
2782,747.957,392.1584,30.387333,-22.328785
2783,566.89716,358.57324,-58.054325,55.981426
2784,66.17724,105.153145,2.1101284,28.251778
2785,326.85855,792.00507,4.752796,-20.162706
2786,1001.41345,285.36948,-6.266979,-20.777775
2787,22.932535,128.38457,-0.6909158,-41.832638
2788,542.26294,808.8621,12.666589,11.40671
2789,820.3487,559.842,-17.297913,-32.435577
2790,980.422,294.75308,27.180765,-6.78077
2791,494.31927,564.06683,31.013004,3.6959422
2792,199.0895,445.13306,5.038273,-7.479036
2793,459.73343,857.46155,19.629215,44.586742
2794,644.10974,46.133034,5.6427536,22.375948
2795,1017.8343,368.7454,-0.5021842,17.258371
2796,853.2528,61.7682,-21.247742,2.346036
2797,200.5029,552.964,32.56079,-29.044739
2798,881.8354,41.375214,14.610382,-6.4805846
2799,687.89655,655.39557,33.05947,0.71173626
2800,604.1962,726.6259,1.4708902,-9.379518
2801,828.9863,897.1652,54.238487,-3.1956103
2802,773.22986,729.15295,0.36144653,0.49221066
2803,933.8562,212.74944,15.614384,12.585841
2804,999.6202,231.32277,12.160122,-26.779232
2805,135.86737,38.20716,1.5023016,-15.752473
2806,781.72485,59.724957,4.3740754,0.96726286
2807,733.2428,205.9366,-14.735235,24.929842
2808,96.06365,372.40665,-21.969013,0.68606275
2809,97.87253,252.4712,-5.8195157,29.606827
2810,80.538475,505.43063,-13.601541,6.8310304
2811,186.21976,697.6116,-19.23747,-76.41059
2812,922.3413,156.65448,-2.3641148,-25.496714
2813,174.57152,625.8244,-0.57687753,4.0522966
2814,68.24565,123.026535,27.144382,76.81767
2815,793.9279,685.5942,-22.633436,-6.1338496
2816,607.92615,1004.5172,43.90608,63.342262
2817,727.3114,849.8344,-12.135996,60.107857
2818,651.42755,433.9413,-21.208881,-30.069046
2819,49.25826,322.1083,-36.44899,4.5854664
2820,142.2375,692.9752,-0.2809188,-1.7100041
2821,549.8987,689.2206,-4.696706,31.131517
2822,920.94946,630.8748,-3.3891351,-15.635132
2823,926.48236,664.3474,-2.961832,40.30383
2824,595.95,896.58905,11.153045,0.32963982
2825,99.282936,124.94875,-11.244802,-38.72297
2826,289.0132,881.9706,40.596275,-7.170348
2827,54.35703,314.61322,16.791443,-12.935826
2828,530.0908,141.87593,-18.308826,14.145739
2829,321.96405,597.9368,5.968291,-13.530591
2830,376.31683,925.9283,33.452858,-10.6545515
2831,532.01935,212.61617,-3.5817182,-62.56719
2832,200.98955,210.83978,0.5118117,10.622746
2833,291.78983,903.32,-57.748318,-40.89252
2834,463.34723,960.5529,22.655243,-24.93125
2835,278.88528,892.25226,-52.46435,-21.403046
2836,808.27374,159.32344,25.57024,-19.741068
2837,715.3241,545.5003,4.5992336,34.45084
2838,218.97537,128.81493,-51.36719,-4.3611765
2839,772.93195,958.17865,6.878851,5.709709
2840,561.91394,305.7906,-20.247913,28.779655
2841,746.5273,346.55023,10.46939,4.2389917
2842,346.35104,35.333866,3.8549078,8.397193
2843,231.40323,991.1998,42.093548,1.6505808
2844,105.105804,812.6576,-49.050804,14.504839
2845,231.91475,584.76,-1.2242476,51.363907
2846,505.6988,507.7168,13.874775,24.16515
2847,465.4819,849.72424,33.25412,29.28594
2848,218.99077,354.8876,-26.344095,-33.643307
2849,272.51688,878.1035,37.168575,-52.770557
2850,28.131496,999.89,35.58238,82.667366
2851,478.22662,874.4432,15.382316,12.698263
2852,14.393218,1009.9357,-7.69003,-0.8927212
2853,482.63983,351.41202,7.4845595,-48.149662
2854,424.99234,291.37888,16.780968,39.760788
2855,724.0576,475.05136,-10.813244,69.28353
2856,810.24976,970.81445,9.363906,16.210676
2857,79.44132,433.54242,-13.170669,9.133157
2858,503.15933,510.60052,13.566247,8.349813
2859,1004.59357,211.60258,66.791916,60.3228
2860,926.1316,979.0081,-39.535313,10.066687
2861,760.75385,725.19556,31.63356,-41.210743
2862,823.37213,963.4225,15.547158,0.8405917
2863,189.60753,1001.786,-10.799398,-6.8146443
2864,26.096727,609.381,48.614872,-22.212194
2865,672.44696,173.4605,8.200468,-14.9754305
2866,897.5383,443.76318,-1.623118,50.503365
2867,95.84018,811.98956,48.859173,-18.581356
2868,76.61915,370.55737,7.0927825,1.5534166
2869,989.3003,564.80817,1.5073991,-6.6688724
2870,935.187,62.554073,-10.132064,-1.400343
2871,41.3869,256.3223,4.9419,7.833011
2872,486.35538,171.71411,-20.177282,-17.385082
2873,562.26855,473.8392,-37.848736,-11.39108
2874,731.45605,308.85645,15.648596,9.396206
2875,518.4817,220.11685,-50.28324,21.722134
2876,341.01886,259.85306,13.852127,53.988274
2877,514.5602,1014.1509,-61.96417,-44.007935
2878,204.119,661.4403,13.788082,-32.111546
2879,532.246,392.5999,13.910275,2.4856763
2880,106.73962,471.54025,0.46974635,-7.4488783
2881,719.0958,785.1475,85.91124,26.818998
2882,330.22128,74.72683,41.693172,-8.674086
2883,948.7176,854.3592,-33.932137,31.59711
2884,15.875781,938.7596,9.478848,3.0736594
2885,909.6555,996.00696,-8.144228,-15.399594
2886,753.43396,958.35767,6.8630953,15.583205
2887,308.92535,855.36957,0.3252793,21.667068
2888,643.61865,879.10406,6.20373,-16.075737
2889,878.4063,744.58905,16.681059,54.46374
2890,653.52905,66.36202,-41.799557,9.053715
2891,721.6756,721.61444,-1.7208688,-17.118444
2892,271.43338,616.851,22.892504,-13.583719
2893,542.8393,609.91235,-18.65586,59.850033
2894,62.207813,446.496,-24.71571,15.758895
2895,517.6906,342.76294,-32.560226,-39.865906
2896,748.17365,909.2626,-2.4010673,41.07789
2897,1003.05096,903.7772,-19.324984,49.191265
2898,784.0229,719.76385,10.462215,-7.9932203
2899,781.3235,670.98157,12.809911,-2.006333
2900,618.9076,389.99176,-21.143255,21.01227
2901,875.8325,108.48946,24.762056,-29.20819
2902,48.543327,401.77524,-41.8478,-37.35167
2903,687.17163,35.568867,49.405544,20.51005
2904,260.2964,725.63385,4.2157373,4.8650365
2905,348.09875,452.2091,-15.949408,3.0418139
2906,688.6621,456.3041,8.462859,-40.6263
2907,702.3239,750.46545,27.019522,9.876635
2908,39.781338,298.94308,-5.3553524,-2.419758
2909,728.0314,131.68896,-7.1600842,5.294994
2910,36.497063,318.92798,-9.936957,29.582537
2911,809.16785,654.9113,21.196589,19.566845
2912,547.9198,611.49994,10.92992,40.719757
2913,342.6601,280.17224,-2.4579797,-0.84719115
2914,978.8526,747.32263,26.569935,31.989126
2915,396.8378,221.62477,-24.818813,-23.362799
2916,434.6712,574.90186,2.321027,-1.1699446
2917,3.8232098,853.2832,9.397077,22.21022
2918,43.83003,617.6611,14.220906,19.023787
2919,208.90733,717.2659,55.70694,-68.99653
2920,650.6304,412.9383,34.984962,15.166571
2921,302.32394,398.821,-89.43528,-10.0663
2922,523.51184,72.29682,-32.993626,-2.7252526
2923,440.38547,259.1694,-13.112092,9.480524
2924,29.378397,451.7897,49.45885,-2.4229167
2925,358.66995,169.30333,25.70973,34.658657
2926,623.03564,34.08089,-0.31667146,25.724913
2927,556.31476,834.67084,-6.4894457,11.886549
2928,804.96313,549.2976,-6.8691587,-9.324149
2929,814.63226,595.07623,25.565107,20.656048
2930,302.07324,959.30054,-27.963205,13.5274105
2931,682.32935,430.09796,0.21243839,-33.94494
2932,599.4545,730.40967,1.7513015,-19.297707
2933,219.597,872.1849,23.508457,5.097954
2934,286.3617,403.96082,-61.467476,39.631084
2935,469.81378,883.77637,11.1028385,12.85142
2936,420.93182,779.0673,2.596665,47.522602
2937,234.52657,254.21492,-18.292559,-2.1586185
2938,66.08192,350.85406,-3.004313,2.334253
2939,817.7391,550.36066,-18.187992,-21.490139
2940,144.8312,469.91238,-17.948465,-1.0756755
2941,285.24277,89.83006,9.557505,30.841717
2942,16.388294,751.969,7.5836005,33.7157
2943,439.2553,784.7962,40.04017,58.265064
2944,105.10067,560.5457,-12.173505,-8.447203
2945,372.17648,356.50104,-13.820519,25.86942
2946,581.9221,108.57706,-13.137851,-7.2695303
2947,558.52216,904.89465,10.13638,-17.184607
2948,686.81824,532.856,-15.922572,25.130346
2949,737.56116,170.82886,24.580109,15.211421
2950,668.51764,558.7982,-13.855268,26.093487
2951,920.18085,695.3193,34.369045,27.8238
2952,904.7426,887.85614,-15.81526,23.268944
2953,485.37137,612.73944,15.95624,-36.51392
2954,951.5951,275.22638,69.625595,-57.028744
2955,384.4507,452.25317,-17.186592,-47.61649
2956,855.6944,345.02536,-41.125683,-29.897888
2957,819.9885,36.536556,35.583664,34.427467
2958,545.75433,844.5957,-20.032732,1.828117
2959,87.86024,887.0187,16.771296,-33.585323
2960,371.54486,862.26636,-4.293741,-8.7372055
2961,961.073,269.41077,0.67037755,-20.484821
2962,894.62134,302.49396,-23.400003,3.1217837
2963,17.518208,249.52803,8.339242,9.044505
2964,4.750723,147.01921,6.23596,13.514332
2965,748.31244,276.5944,20.631351,-0.81959206
2966,402.48215,157.40736,17.384104,12.8448925
2967,433.81927,189.38927,4.8803773,7.2864294
2968,369.06952,287.18982,8.012816,55.679455
2969,113.25767,470.16354,4.7227182,18.623463
2970,780.3009,117.19562,-20.610281,-3.2628171
2971,776.63165,879.2317,19.925335,-51.716232
2972,887.8918,785.0828,-4.9490747,-16.266016
2973,238.23059,503.30008,10.172485,-17.17128
2974,238.79553,437.81863,-2.0189722,-28.81108
2975,106.20259,1019.497,-8.977492,-5.834833
2976,832.5732,34.644745,36.996212,34.595146
2977,346.952,120.72885,17.525833,-18.194256
2978,168.6886,654.26654,10.42269,-4.8214645
2979,169.93492,505.60068,-13.593603,-32.9787
2980,729.5969,448.4326,1.1172181,40.663147
2981,241.25954,37.156918,29.418026,-8.815154
2982,562.0014,661.8678,-9.769789,24.652225
2983,677.4438,336.81998,8.529529,-13.440448
2984,334.2961,132.28569,-11.660295,20.002783
2985,422.09592,1019.6903,8.050274,-6.2553353
2986,75.75745,813.66077,17.354004,-16.692987
2987,741.01215,134.56693,13.601011,-11.815648
2988,906.2502,205.0515,1.6038615,13.309989
2989,3.8776455,577.8339,-38.37971,17.253653
2990,407.49686,338.5293,3.950504,-15.656411
2991,897.44183,604.4331,41.200447,-6.4225135
2992,647.4141,473.246,-1.5308222,-5.105084
2993,77.30244,905.5614,-24.555027,-19.670486
2994,482.22003,835.2874,26.449566,-12.575306
2995,676.9891,855.24774,-12.255513,8.386924
2996,844.2857,334.333,-55.9988,16.56001
2997,904.74585,608.3414,4.341165,-9.20546
2998,662.70123,965.8813,-0.89061654,13.938965
2999,738.6099,140.91512,10.576623,-35.785606
3000,572.1778,233.53453,-18.981083,27.078495
3001,1003.8987,186.59946,-64.35449,-3.4732492
3002,208.8556,695.053,-36.411057,9.002679
3003,359.85696,80.315025,-0.7112848,-32.605556
3004,878.6416,101.40812,-3.4659684,3.0030086
3005,1004.6837,1001.63776,18.309406,33.36502
3006,47.187195,743.76776,18.873232,31.552296
3007,324.04745,205.37263,-26.070402,19.189552
3008,98.60495,925.612,33.34721,-11.455413
3009,332.1497,589.95844,-0.20285161,-33.692894
3010,174.8252,943.75885,-10.051309,-3.2522638
3011,741.844,1023.46387,-10.671475,-1.036143
3012,500.3706,979.65735,-11.841899,-16.476526
3013,215.33714,410.8599,-2.7321744,4.6363373
3014,319.18143,162.82495,-30.153746,82.19736
3015,354.28094,737.5367,17.796442,0.19220711
3016,420.46408,651.9358,-19.61478,-24.30681
3017,749.28876,388.36832,3.7855215,-39.38617
3018,990.1851,486.2126,29.804459,-44.09046
3019,441.0384,244.4352,-19.884388,-20.458696
3020,132.78316,143.02696,-24.166222,-0.17292005
3021,221.59473,255.97267,-27.077515,3.3018959
3022,479.54434,65.74171,2.4857676,-2.110062
3023,31.63238,484.86908,-77.57551,-34.35275
3024,779.3714,727.662,5.464433,-4.1454873
3025,96.30498,676.24805,42.8348,33.315823
3026,703.71954,138.6385,1.3496854,-6.371401
3027,481.6738,227.28896,-13.167908,0.3155347
3028,961.45667,513.0923,83.83711,32.73132
3029,191.15338,47.279312,-15.894331,-34.12175
3030,729.62524,482.712,-5.7964864,55.951534
3031,198.80333,733.7057,-54.937836,56.73549
3032,455.9756,840.03754,28.36408,15.598911
3033,997.0321,912.7621,-13.228631,8.5446615
3034,302.21265,727.2085,-5.2720804,4.8755918
3035,136.7424,66.995094,27.005499,8.08506
3036,41.47043,716.6105,-12.203253,34.610237
3037,376.4264,633.4289,-51.267883,31.042265
3038,233.38084,316.1668,-44.649555,-42.93669
3039,463.61725,192.00798,21.025793,17.876642
3040,990.53253,605.9527,4.8714085,49.184814
3041,631.93274,60.88958,6.2473,-4.8706183
3042,995.3421,382.08282,-29.61505,-11.6708975
3043,635.9217,893.7064,-15.617068,2.483225
3044,1008.8021,287.71237,-16.868223,2.227403
3045,583.8074,438.89474,-42.533974,29.39785
3046,199.11313,349.1782,-33.105846,-9.310409
3047,1015.9752,142.57812,-6.4294405,20.266918
3048,759.46497,135.8487,13.480213,0.30384177
3049,10.626594,616.5999,4.858035,-10.188097
3050,450.77008,840.69415,31.97706,39.54358
3051,1006.33844,365.79913,-2.2941146,-6.7896986
3052,205.13113,689.4784,30.242813,-18.020395
3053,201.67099,92.282906,12.196707,17.868135
3054,30.326254,562.1494,29.9474,38.5367
3055,670.1335,937.47473,-5.3729405,-5.468042
3056,828.855,115.67405,34.38116,-50.120895
3057,50.03844,266.49866,2.5225663,0.8100135
3058,764.47473,347.94162,44.59341,27.510012
3059,115.37124,478.34482,9.820872,-13.186793
3060,551.56445,590.139,-3.8969998,77.26732
3061,355.30133,143.21405,-82.820625,-33.10568
3062,176.719,10.141213,16.48775,-43.449913
3063,539.03644,115.924706,33.228638,-66.87473
3064,946.80743,235.35431,-20.227198,-60.35472
3065,569.20337,180.97093,2.1194232,-10.598875
3066,737.0108,263.89188,11.772246,-25.06156
3067,36.571663,699.5544,25.887066,-24.091394
3068,793.07764,128.947,-30.46117,-11.876589
3069,922.779,314.5593,7.262019,0.22894028
3070,993.88464,705.93933,33.337685,-61.165997
3071,1018.432,0.45105124,-28.259424,-56.13799
3072,1018.00183,1013.8836,-19.641071,-45.63944
3073,33.913155,566.41315,30.638931,9.5351305
3074,360.0336,631.9334,-22.338057,-5.452275
3075,693.2593,429.6537,1.0195274,-27.437342
3076,946.67474,317.23093,15.736443,-10.950521
3077,813.46796,452.85706,0.44947624,17.958275
3078,931.5379,686.0091,10.912773,-20.998905
3079,864.4569,214.23155,30.301497,38.83034
3080,458.96933,961.14343,7.58515,-27.542612
3081,900.31537,935.40533,18.566538,-5.6116624
3082,450.4978,413.39993,1.7180519,-0.8848123
3083,286.63672,612.97986,-65.25944,7.889288
3084,817.1449,539.27234,-20.458302,5.7586637
3085,245.88188,746.1039,-19.89388,67.408905
3086,521.61646,941.19196,-19.57436,25.289644
3087,912.09467,426.007,-45.169483,6.7415457
3088,332.30823,389.83316,12.190799,49.27896
3089,77.369064,683.0926,-7.4950285,-34.20854
3090,293.99973,310.6432,14.272722,69.74572
3091,567.58,101.43606,-14.315681,-13.432112
3092,632.933,175.98355,-28.713251,23.427013
3093,447.17795,82.76284,-19.490871,21.790892
3094,228.81117,934.4878,37.677845,28.700443
3095,671.9648,94.10851,9.843368,13.662163
3096,165.44676,376.16885,-33.609474,31.613506
3097,969.64197,484.3782,-48.20448,-29.183163
3098,71.22239,973.2553,35.279575,38.896984
3099,691.7429,648.6247,37.44575,7.3804965
3100,41.028225,87.495865,-6.843617,22.363852
3101,89.877426,1017.19293,-16.005535,-6.9632196
3102,521.8839,572.40735,-10.06227,-47.18686
3103,877.8082,195.01212,24.176222,2.006413
3104,347.10074,122.427925,3.060539,-27.751152
3105,303.01782,350.05014,-15.81029,16.570904
3106,211.51329,932.99396,19.075981,40.76488
3107,706.3236,268.2243,18.052359,5.2107573
3108,850.8309,741.3321,-20.865072,-25.423689
3109,833.2419,880.9502,-12.38072,-23.210262
3110,919.5306,625.6438,1.259787,-26.868065
3111,769.4676,265.79718,-13.815822,-9.443341
3112,78.97759,423.80692,28.144659,-46.577126
3113,49.8066,130.08809,5.792637,-69.570724
3114,289.75714,521.59656,-0.8420587,3.3656335
3115,828.92676,51.837025,2.126385,5.4511065
3116,728.55817,410.4129,-15.790726,3.0363278
3117,153.1218,252.55574,25.787493,16.327757
3118,406.90872,222.61594,-19.324533,-0.5921916
3119,245.01764,700.2158,12.916104,-5.9249787
3120,466.80438,332.89163,0.21494058,-3.1702254
3121,244.98953,242.99765,12.132733,27.645945
3122,196.69572,497.48636,-19.982244,44.948383
3123,547.09296,23.398058,19.228302,18.75265
3124,985.0008,82.26748,-41.454052,-23.90679
3125,96.35847,272.18655,19.725603,-10.466415
3126,993.5116,375.55298,-46.9873,-16.537838
3127,836.66876,394.1444,-39.520626,3.8315485
3128,975.6069,760.37396,-21.304743,-26.077032
3129,811.41895,686.197,-20.753752,37.444748
3130,645.0649,416.82205,30.525827,26.169752
3131,382.60077,305.23465,17.324217,-32.237064
3132,350.44238,419.76553,13.779336,30.071234
3133,942.35706,928.1465,-12.159761,2.5013645
3134,958.0366,138.86949,-3.6826112,6.2858844
3135,471.44162,759.5486,-35.587505,-7.335759
3136,997.20966,917.5662,12.98477,-19.56744
3137,466.87766,703.0631,-22.70381,-17.711775
3138,796.0186,566.4516,11.424891,-25.35167
3139,582.22125,1000.0625,16.142109,-12.913083
3140,771.90765,91.863716,7.17379,-1.451228
3141,147.06848,192.22226,32.476944,-19.568058
3142,344.20938,25.634657,-7.6354136,7.6961684
3143,632.61127,965.3078,9.839348,-21.801184
3144,895.6872,382.46725,2.3809261,-3.3780956
3145,691.5039,109.460556,1.0455545,1.5951158
3146,448.6622,843.7184,38.86869,43.22024
3147,470.04688,729.25037,-8.251541,-50.564476
3148,455.78287,214.59654,-29.651361,64.95997
3149,134.28455,936.1059,3.6189601,10.561335
3150,473.61975,877.8426,16.762897,4.2150164
3151,907.275,720.1975,-32.857807,42.297966
3152,554.6362,957.5037,10.184348,-27.128222
3153,179.10307,226.25705,3.5992913,-7.0931787
3154,125.58859,421.02032,-22.944395,14.676621
3155,408.01318,177.7671,16.636763,-13.855782
3156,664.9666,388.07266,-22.48553,-6.8472514
3157,549.6196,989.43085,25.361898,36.48631
3158,794.9661,427.3914,5.6051702,43.209255
3159,1003.7546,462.85333,-27.833008,38.073277
3160,781.3221,887.4566,16.54729,19.25157
3161,647.08887,506.76773,-31.907188,-37.74377
3162,344.87396,507.05243,-14.5760975,-38.03908
3163,253.45842,349.78394,-14.347425,-2.3325233
3164,201.39742,545.4897,11.182912,-23.923243
3165,97.57717,601.8303,-13.949814,17.88825
3166,30.99239,867.735,-5.302887,-13.598737
3167,187.96196,57.669518,-15.208786,-15.025107
3168,436.6017,756.33246,-69.55541,49.685196
3169,635.6452,472.7576,2.0342193,-36.050526
3170,861.9444,576.8875,-19.614677,23.318676
3171,925.6151,709.4104,16.867416,0.6472019
3172,953.5478,873.2868,-15.477919,13.952318
3173,647.0403,155.13245,-3.4286644,7.448322
3174,193.48694,165.54257,30.91993,-22.188038
3175,62.22299,133.9649,1.1703938,57.639484
3176,765.4146,332.46332,-4.801263,-26.362755
3177,790.57886,304.6435,35.354122,-38.358673
3178,748.7991,777.8628,-15.655289,-20.607811
3179,349.15628,376.47165,21.612434,-0.8144626
3180,372.98703,403.86432,60.48939,18.7322
3181,295.6541,901.32214,-35.175255,-22.200964
3182,434.5993,736.4648,25.907442,-53.68344
3183,828.3567,276.1339,9.248158,-4.0084014
3184,120.50684,562.41003,-8.829672,-35.219242
3185,720.1648,719.7227,-30.273872,12.657571
3186,517.2766,475.28738,-25.650469,-17.08422
3187,504.26505,972.3259,1.1190627,-13.787847
3188,423.7246,376.41965,-2.7291412,5.621775
3189,229.58284,367.94257,-28.670263,-2.8179572
3190,249.70801,294.5032,15.659281,0.28841743
3191,815.03455,19.74679,80.34631,31.262638
3192,521.85254,14.263586,-19.329746,27.156374
3193,100.04504,247.54236,-7.5929646,19.53524
3194,307.01562,514.21747,-10.886158,-8.877238
3195,43.488453,982.74927,35.03851,4.8899674
3196,811.6194,183.27277,53.50044,-16.066519
3197,633.14276,431.7466,-30.989674,22.359636
3198,983.63666,6.3716874,30.933844,7.1558466
3199,863.95667,337.4872,11.285496,11.687501
3200,413.68097,675.186,-6.768035,5.5276504
3201,455.6741,844.08856,19.116846,32.20154
3202,438.57162,879.1036,0.38263428,45.0186
3203,649.31586,528.41614,-17.926718,-17.835537
3204,670.9693,423.5119,-4.1116295,-7.2824907
3205,845.36365,884.15753,13.622449,-3.5165346
3206,617.31134,524.90204,-15.799008,23.454939
3207,310.87717,182.51218,-32.91645,40.423958
3208,630.4889,970.14124,13.318507,-47.194103
3209,223.14049,474.01862,-4.6383305,3.116804
3210,1022.7205,409.42862,-39.690437,4.0372753
3211,641.73334,472.0851,-2.282362,-21.167356
3212,921.67633,321.73923,-5.523717,6.2635655
3213,73.33345,987.86633,-8.7652855,30.591524
3214,298.60257,410.48874,17.082952,9.838305
3215,400.17984,214.71945,-24.801695,-30.942354
3216,280.17465,876.73254,14.354101,-21.70751
3217,456.31155,927.4852,20.595232,-11.531077
3218,248.08759,158.57115,-7.9267373,-13.370558
3219,146.68317,192.6598,-13.333041,7.255973
3220,246.15005,803.79395,-54.214005,-15.341464
3221,59.15174,8.661101,-7.1111712,34.671806
3222,899.54205,979.4546,-47.63551,-30.23158
3223,117.8447,983.47363,5.5909677,18.51277
3224,800.5379,95.148346,1.2834622,18.84436
3225,917.22015,490.08002,-24.926542,-1.559551
3226,289.35873,947.99005,8.948478,18.208216
3227,763.4445,10.589906,-17.944456,6.324723
3228,751.933,763.79474,7.2349477,24.393614
3229,934.4685,762.0696,-26.810423,-5.860373
3230,402.8603,161.45767,4.5194054,11.45322
3231,72.40423,179.2883,21.259901,-9.654625
3232,165.92719,704.95197,-46.476948,33.37313
3233,600.52985,80.08647,-20.070868,-3.6436508
3234,118.7401,217.88895,6.034744,12.134303
3235,549.43835,611.26056,-4.664364,54.613598
3236,246.95175,611.1791,-46.437458,-4.0463414
3237,450.91788,667.5203,-0.39510477,-16.982557
3238,77.63415,572.43494,-12.914327,-7.0831113
3239,783.19806,396.83432,74.12612,-19.898275
3240,275.99475,568.17633,-12.09075,-5.215207
3241,539.22003,368.2889,-39.35956,-8.300052
3242,233.05014,143.86151,-31.85065,-33.099373
3243,69.10483,55.76464,-29.449156,52.635406
3244,278.19226,39.623238,-19.045828,-15.918877
3245,879.8454,910.2118,37.28721,-7.083462
3246,562.3035,404.8281,-7.4503536,-28.66325
3247,367.06937,777.8989,1.8940436,-21.398306
3248,811.51587,870.54346,-44.486496,-35.012104
3249,833.82983,839.20715,-7.8583217,7.261403
3250,619.4032,76.176796,-0.4860762,-24.647768
3251,618.58777,703.99744,-5.4682417,-10.496432
3252,846.3665,59.93577,-28.727982,-0.5496609
3253,170.18834,28.708612,20.724342,-6.398566
3254,339.37277,386.17065,7.3334723,-14.860503
3255,957.7243,258.9336,-53.528255,-43.815765
3256,620.83044,101.31024,-3.7608707,-5.990203
3257,729.55884,646.12805,57.256985,19.83072
3258,902.17017,586.3912,63.765465,-43.194714
3259,684.04224,908.1912,-12.333945,12.008139
3260,413.1302,987.9767,17.888485,21.350744
3261,212.80817,791.48676,-13.044416,-25.35018
3262,993.9644,393.56955,2.425162,-21.206945
3263,761.60254,817.10864,-5.3402824,-50.85235
3264,477.41443,841.4682,29.080359,-1.1795863
3265,632.7239,486.99927,-13.499125,10.726952
3266,541.0153,313.8265,-18.571144,-42.466564
3267,626.6003,1010.4563,74.66937,-6.094719
3268,127.287895,772.12787,7.644472,-6.344192
3269,978.2256,388.16553,-14.426709,-52.610973
3270,79.06893,661.6836,13.015734,-17.49719
3271,656.3725,610.67145,57.740047,-3.5986028
3272,504.08542,851.1515,-4.973991,-22.72181
3273,738.9895,831.30383,34.01627,21.709085
3274,915.80786,237.86934,31.73882,5.8090243
3275,365.28406,545.4824,-4.6805596,-31.321018
3276,577.2596,15.24865,-5.7382975,-33.30096
3277,761.0847,326.57513,-18.992903,-19.395945
3278,1002.21094,193.43248,-29.951252,36.52072
3279,566.01263,1017.5401,19.435762,22.996624
3280,920.9706,876.7027,-23.484888,-8.420991
3281,549.26044,474.59235,-14.385661,3.396905
3282,556.3674,367.09174,-81.942665,21.297304
3283,469.87604,20.034042,5.7635202,-26.278278
3284,769.10065,382.93787,-18.653831,-16.738987
3285,185.31389,80.35449,18.26056,-15.562218
3286,482.99237,700.9566,-41.13938,-12.675695
3287,59.63777,673.7406,8.495258,-44.92694
3288,894.2289,201.15761,-35.3219,-7.8512607
3289,201.70706,131.58087,-3.70539,6.92728
3290,924.4449,494.79565,-31.365425,60.516674
3291,722.76807,572.42474,1.7754513,-25.816875
3292,917.1359,160.02818,41.378044,-20.652355
3293,727.3736,660.10986,37.284122,35.62754
3294,393.09354,1002.8858,-15.790306,14.622853
3295,401.14548,68.83495,0.34820834,2.0867937
3296,344.658,736.59564,-1.8059645,6.709053
3297,342.7861,447.20325,18.957401,-25.694262
3298,837.3682,379.21027,4.5777416,14.90124
3299,935.33,978.669,-20.650545,2.13926
3300,388.05365,794.60657,-45.465244,-2.4895608
3301,980.01666,802.2297,12.910061,8.778776
3302,332.74194,286.53372,-5.2883954,-18.726166
3303,42.42575,34.308594,-89.82214,5.655303
3304,97.39093,145.86859,9.804298,-17.998724
3305,106.51456,135.51852,-5.3290753,-15.294625
3306,143.0381,366.0569,38.762222,6.4793425
3307,581.4231,880.06335,11.052865,4.4664955
3308,889.6094,161.0302,44.628902,-5.124587
3309,659.7121,815.57935,-19.00765,5.9373703
3310,153.35748,875.11584,-15.341316,17.01602
3311,872.7941,591.7879,-0.4384824,-9.7489395
3312,982.6011,12.089294,13.713009,11.3965645
3313,218.71867,201.71536,54.845367,-13.522799
3314,16.86033,448.4797,20.748392,6.3477187
3315,962.4055,256.6212,-31.33287,-50.328087
3316,248.27165,902.669,-57.13253,-14.292224
3317,510.90118,713.0443,-10.639843,-3.6366017
3318,693.3164,16.291065,-16.59049,-51.379307
3319,794.6472,758.98535,17.870178,12.496454
3320,442.37277,51.8991,-23.359543,-0.25301617
3321,1012.8904,658.5839,-30.160477,-0.09718935
3322,674.47406,846.13885,-16.532179,13.599724
3323,60.625748,477.6854,-0.13683096,-24.22998
3324,803.02594,971.8298,-4.660493,24.434622
3325,377.5223,354.44516,16.298986,-8.068507
3326,514.99835,930.6601,-26.714985,27.03491
3327,974.7982,730.7983,24.93483,23.380926
3328,596.5698,195.55167,-58.716434,-25.27
3329,912.67664,139.48492,-24.618158,-52.246063
3330,464.2728,348.18097,15.506373,-10.36169
3331,78.96748,742.1846,-4.4050574,9.429293
3332,278.00607,907.87476,-68.37402,21.933584
3333,40.94078,775.5276,36.644756,30.428286
3334,305.8396,266.70312,-66.62135,1.0712328
3335,44.50447,600.5479,-37.14018,-1.4317906
3336,770.69244,915.9328,19.163897,-23.489206
3337,796.9966,406.80475,28.514912,24.989998
3338,854.50726,586.2773,-41.368702,45.394783
3339,23.450573,700.79663,-8.02398,-3.2969942
3340,97.09382,422.26047,50.41838,-37.734116
3341,783.22107,119.75324,34.639515,-12.962676
3342,601.80444,54.80932,12.940915,44.292137
3343,308.84744,883.23145,11.243185,40.90242
3344,743.0294,683.4495,-20.883583,7.775289
3345,168.78581,733.4543,-75.40349,-25.553028
3346,699.83417,162.7144,0.017021397,6.791925
3347,711.0756,368.81097,1.5109333,7.1573644
3348,547.3887,361.49332,-74.7256,21.72576
3349,62.676582,139.59949,-0.57089996,75.91648
3350,727.55,787.7801,10.974541,1.3630531
3351,163.30643,878.08026,-37.696095,-42.235447
3352,380.73825,425.7752,-4.453517,-24.888144
3353,126.68964,916.6532,-31.59197,63.14232
3354,223.75601,485.1304,-12.238762,10.216105
3355,278.86423,606.50867,12.699157,-60.46661
3356,348.04614,477.40848,17.809786,-70.45012
3357,866.52783,712.894,-3.5102658,-8.607671
3358,131.6732,570.8358,-3.003601,-11.270095
3359,638.0736,569.75366,-17.44949,0.010751878
3360,646.9617,661.52954,-5.16751,-1.1587613
3361,739.465,608.5521,-31.814114,-10.161301
3362,743.9658,460.7761,2.7959385,48.65716
3363,579.3563,438.25638,-44.938637,34.526096
3364,568.39325,194.73412,10.984345,-0.39842257
3365,544.88043,766.7009,-3.9497674,13.095432
3366,578.5726,27.551697,-5.870885,-16.64942
3367,517.2482,913.78937,-1.5583313,44.99572
3368,320.9525,687.5242,-4.7923617,25.247902
3369,865.72723,366.27057,-39.4269,1.6262211
3370,814.66425,439.2449,12.866391,-17.040154
3371,494.0376,674.91925,-13.648943,40.53584
3372,438.33514,735.7629,-28.389585,17.73265
3373,604.8553,1023.79877,38.456364,-81.37019
3374,1021.8746,998.506,-12.995138,12.75705
3375,747.4214,8.947493,62.16825,37.178993
3376,996.402,601.39185,-8.480546,56.070602
3377,357.54416,397.82352,33.2712,-12.955956
3378,551.6127,676.3414,-22.077568,57.659374
3379,395.03287,526.2334,9.20338,0.6604313
3380,612.4681,1010.8871,27.508724,1.2338654
3381,524.9886,695.9458,-4.458002,-1.1800045
3382,734.87854,847.7483,3.4728353,42.25145
3383,81.97741,485.62503,52.45395,-0.13630186
3384,116.96978,195.55026,7.9898224,-11.184196
3385,756.951,78.886795,21.303009,10.580881
3386,473.01498,750.78827,-39.39926,-20.257181
3387,108.77285,600.66376,7.72703,6.4845376
3388,214.86702,350.8622,-22.918432,-34.664394
3389,503.1089,772.5555,-46.07551,30.098112
3390,379.16577,869.1477,-4.754792,8.494859
3391,433.2808,204.69756,-8.199973,-5.209364
3392,684.3019,736.30383,38.454365,-24.631735
3393,883.1875,96.95855,5.9337883,-0.94330287
3394,127.84002,600.65564,43.286114,7.578353
3395,988.85406,693.01904,21.113861,-33.734886
3396,287.67926,532.8535,37.674683,-24.642048
3397,938.6571,286.25525,-56.62726,-37.955204
3398,275.89774,584.33026,2.4001338,-7.1596327
3399,812.2638,32.237606,21.599554,-4.4470477
3400,802.95795,73.05497,6.0963416,16.844624
3401,807.03564,157.03574,15.81594,-23.19698
3402,428.5006,14.960176,-10.061006,-16.52343
3403,250.63954,21.98719,-12.182585,0.585923
3404,261.1701,170.96631,25.685104,7.549399
3405,939.575,860.1952,-13.426531,56.19636
3406,803.768,301.7907,24.670963,0.6424916
3407,124.658966,810.3461,-51.868523,-6.330447
3408,471.63974,329.67618,9.954305,-6.6268735
3409,750.7622,88.94696,25.206835,12.421415
3410,348.67337,806.44354,-29.929466,35.173866
3411,776.6452,70.724976,8.485533,-13.628689
3412,682.7536,645.14984,-1.2322176,-19.040459
3413,819.2554,908.994,-14.978273,-30.806665
3414,931.92194,455.0687,-48.718586,47.191544
3415,333.2541,982.04443,3.9237716,-6.957837
3416,728.8127,904.41266,4.2050385,-13.680445
3417,984.27783,71.971275,-27.530445,32.51001
3418,951.407,351.83975,9.019811,-7.967832
3419,915.68976,975.9978,-29.69643,10.039403
3420,682.26825,53.214806,-25.58581,32.38665
3421,651.3759,610.4555,75.76095,-34.879776
3422,951.86725,271.20984,66.6255,-60.50655
3423,499.8969,650.3269,26.795073,5.8827114
3424,781.5292,429.6328,-1.3787287,-4.0663915
3425,604.58545,353.41025,21.368143,5.2734466
3426,554.66437,69.14451,-1.3674154,4.231529
3427,640.2422,479.0624,-2.0602565,-23.99907
3428,727.13336,827.5614,69.75148,23.82146
3429,773.297,141.19876,-22.377274,20.306221
3430,25.064316,25.627369,-40.649426,-7.886097
3431,14.619949,954.5247,0.3641485,12.900629
3432,967.2484,83.657265,-13.895351,25.662552
3433,49.111027,749.01074,22.33535,39.828735
3434,91.522194,697.7606,9.620307,44.579617
3435,160.08232,881.0503,-18.297016,5.6411138
3436,731.231,428.48578,0.8588048,19.040821
3437,242.0475,929.50946,-0.07988002,-21.357105
3438,859.8266,811.36145,-7.4392295,55.412884
3439,323.60422,799.0906,-11.480553,12.234311
3440,812.1066,370.18152,14.213966,-26.231268
3441,488.47382,364.40048,9.325239,-38.681355
3442,606.7822,591.6245,2.9249792,0.121727616
3443,721.143,943.7205,-8.602664,21.128859
3444,64.24473,123.408516,50.1044,70.07006
3445,422.61652,765.7929,13.707303,30.370285
3446,800.1459,403.37875,24.668484,9.582336
3447,336.8168,568.1706,-4.4354033,-2.8303523
3448,349.17096,320.6276,-16.942413,-37.401207
3449,448.25107,733.43823,-34.21189,29.354488
3450,724.4681,358.10855,19.67,-6.2460976
3451,937.3244,210.1766,15.826976,-9.602128
3452,633.6916,901.66876,-9.961092,29.024996
3453,118.99228,104.51945,-7.5694,-10.5964775
3454,589.2498,347.52222,-15.802488,74.82216
3455,122.36559,994.59564,-18.451319,8.133341
3456,365.231,364.64185,22.469675,-34.00795
3457,487.24603,884.2981,12.044868,1.7173256
3458,945.80096,849.1346,-44.369125,33.189682
3459,825.0727,338.06824,8.794764,-0.598565
3460,141.34085,209.55318,-7.409006,13.345987
3461,146.2682,923.8004,41.882603,79.66083
3462,48.474472,740.20154,26.956278,39.091156
3463,598.5671,64.9221,-0.29393724,-4.850864
3464,134.42668,60.13262,8.788652,-52.63853
3465,64.32977,859.7964,-21.948763,-5.089391
3466,198.05939,457.36987,-0.9732143,-1.2189131
3467,211.34326,525.2569,-15.492058,6.577412
3468,532.0687,686.14685,61.92811,5.9755144
3469,813.4188,134.83955,83.904495,12.655446
3470,418.9897,505.0283,12.516098,23.152718
3471,473.85596,200.66391,-44.71153,-44.003796
3472,1023.6561,980.8951,31.669962,23.447994
3473,187.20305,175.70941,29.811567,5.7050233
3474,600.063,159.01474,11.1491165,-70.17325
3475,396.9498,629.9069,-16.740019,-0.6958392
3476,526.44305,705.23706,-26.06464,35.45939
3477,871.0463,762.21533,3.6072128,14.2763
3478,323.484,263.7846,-25.589546,-21.67605
3479,766.98315,1020.45087,-29.861816,-43.156803
3480,911.5526,131.42993,11.831071,-13.803742
3481,153.88547,560.10034,49.745014,28.978594
3482,1001.70215,451.84644,-35.9814,41.499546
3483,385.44962,375.56342,-16.734264,-30.747719
3484,753.7242,402.9462,38.407608,-26.985643
3485,408.5572,675.3611,-8.808726,29.78314
3486,530.82556,201.4299,-32.448032,-19.588516
3487,368.77298,140.95836,-19.190212,-18.672388
3488,742.21387,114.02327,17.774042,32.34168
3489,112.463135,584.86414,22.11743,-43.303543
3490,821.9085,568.26154,-16.370834,-22.804964
3491,656.01404,201.14507,32.675205,-10.633348
3492,928.6926,694.67566,10.410539,-14.510322
3493,795.47943,919.2754,38.202072,11.952755
3494,938.14166,532.0996,-54.825737,-45.376125
3495,962.9225,255.57965,-36.325497,-52.884212
3496,607.28217,971.9552,14.320562,-69.777885
3497,783.9173,272.73444,31.932596,5.368263
3498,859.6703,143.6276,-1.6745645,10.0890465
3499,388.31094,952.309,-41.076256,4.2786264
3500,953.0711,24.521214,15.387113,-16.844002
3501,958.2159,262.77664,-27.656567,-45.780857
3502,205.20354,681.6322,17.985794,-4.1060514
3503,108.665436,276.5181,34.457336,-15.603732
3504,768.0479,725.1646,-3.4217894,-4.731364
3505,294.949,737.5858,1.7215452,-26.165424
3506,201.17429,720.2522,30.1093,-68.20615
3507,104.87139,1.2986915,53.260788,-64.490814
3508,401.6681,226.6117,-21.6733,-8.047724
3509,599.40216,488.10107,47.034916,-5.8157663
3510,756.6347,646.1487,-4.6926136,4.4039254
3511,757.7272,767.06946,7.40868,18.978426
3512,379.08102,771.91315,54.846886,-35.946117
3513,514.9309,319.55826,-49.898956,18.975914
3514,35.091496,59.584774,21.665691,0.57332486
3515,974.0704,132.6835,-0.462999,-1.2968228
3516,768.14154,887.4719,-18.038118,-14.486834
3517,512.1622,338.25702,-7.789447,1.7735617
3518,239.94379,608.10455,-2.677652,-10.95276
3519,789.92004,12.630948,-3.9855404,-86.57009
3520,62.22669,591.63385,-47.709602,41.803795
3521,412.3818,365.83646,-29.252579,0.0016144061
3522,374.29468,813.6224,2.5399663,-10.086688
3523,542.8625,695.42834,-12.263582,38.070415
3524,555.3909,552.02496,-36.42853,42.34899
3525,201.9326,920.8512,19.208319,30.61341
3526,13.573366,672.9547,2.9111888,-8.43073
3527,15.242631,403.8696,-54.15889,21.239042
3528,1013.91693,703.24976,30.062569,47.13463
3529,344.11063,594.7682,-17.471102,20.751556
3530,660.41064,663.21704,21.531982,-5.628749
3531,870.4691,352.65442,-23.246655,-9.88461
3532,763.65875,23.974201,21.196442,8.831969
3533,907.7523,200.32977,0.66923684,-3.4920948
3534,349.7826,573.8945,-31.357988,35.944656
3535,662.8369,60.2218,-18.519966,15.856974
3536,257.7232,590.37054,-26.007893,-38.093094
3537,782.0332,860.73895,-35.057537,5.3681664
3538,121.07626,771.20917,3.6718223,-16.669624
3539,820.9996,720.70447,8.356051,22.058134
3540,632.40765,564.0333,-0.060829766,-26.616062
3541,808.1118,71.687874,-35.874027,20.049538
3542,476.59842,759.55133,-29.208822,-14.155036
3543,828.0673,289.65186,1.361725,-1.5533876
3544,228.0106,596.3466,28.580393,21.885357
3545,678.82227,272.0772,-23.845007,-6.1625514
3546,477.4195,879.25946,17.619894,9.413782
3547,922.90515,398.88522,10.809084,-4.8597174
3548,263.47742,464.33768,4.990714,-4.8953824
3549,650.71606,286.9607,-8.115215,-18.794256
3550,186.1995,976.70245,11.604682,6.552263
3551,769.6621,387.83832,69.76509,-33.94124
3552,766.3781,884.4197,5.8840423,-53.753155
3553,889.09174,955.1445,-36.667282,-39.673615
3554,90.77038,758.2361,29.859085,16.93965
3555,452.0591,792.92896,-1.1635563,7.396175
3556,953.9604,951.53046,-13.466586,-3.2164679
3557,340.46494,877.07666,0.2851404,-5.320784
3558,309.3552,262.3612,18.235668,-30.4968
3559,799.28815,552.429,-11.816688,-2.9851773
3560,353.3544,803.4755,-43.65016,54.964863
3561,524.8389,581.41,-10.860999,18.302721
3562,650.3234,419.72867,26.511585,22.14804
3563,557.1393,659.7343,3.426339,21.735449
3564,444.6408,818.0839,-29.388626,-22.372215
3565,0.97295403,845.1709,5.194822,7.970664
3566,178.99426,420.8516,-0.62998223,1.3106134
3567,920.5952,527.66376,-18.2107,-27.896736
3568,61.08098,11.62155,4.8956094,-13.419975
3569,643.1575,972.7245,14.580822,-1.7836573
3570,958.296,175.02461,5.170081,32.81526
3571,670.6246,468.775,56.84957,-1.964446
3572,574.2213,496.3088,-10.617087,14.2787
3573,561.782,233.10062,-1.1229616,1.9843916
3574,578.0378,479.63736,-19.219294,-74.19572
3575,229.0923,813.36273,-27.164268,37.884144
3576,545.5395,223.38249,-20.258905,19.84426
3577,39.03978,562.3156,27.041468,-0.11615334
3578,504.3993,882.2217,23.002146,8.860358
3579,589.94324,752.99805,-26.690435,-14.014576
3580,379.3038,364.95685,-0.043896127,-29.41504
3581,670.77234,613.3122,24.996355,-25.513807
3582,349.25986,509.8851,-52.39592,-49.359303
3583,180.49632,426.0371,-4.372682,-8.078973
3584,873.79944,621.46783,-35.661877,-10.830743
3585,480.45276,285.97342,-8.221298,-13.33358
3586,240.35362,798.0864,-50.433395,34.72666
3587,689.17053,30.691551,-16.063976,-14.244776
3588,1009.575,918.27356,-0.0811903,16.856638
3589,185.88396,231.2905,-40.14067,56.86064
3590,73.84713,215.94574,-10.285211,-12.353475
3591,142.71983,957.8598,15.965064,34.47865
3592,270.16373,321.30377,16.856306,8.8714285
3593,623.6886,966.65485,4.9466734,-35.759636
3594,547.7333,675.3498,-6.7188735,59.810123
3595,253.73184,336.6634,-19.639412,-22.183382
3596,529.1795,0.72713083,-47.123596,2.8202562
3597,525.7242,1013.82904,-40.04771,-28.497068
3598,849.66736,379.86288,10.99596,36.64233
3599,168.8576,402.2938,8.903343,9.931722
3600,251.93523,936.8558,24.25724,4.1468487
3601,775.8738,798.5683,11.541037,-7.8676353
3602,391.21786,459.25165,-16.705797,-46.931377
3603,214.17534,316.62,-14.397502,0.50165766
3604,820.81165,500.9839,7.9536667,9.346019
3605,110.65415,921.2352,-65.73244,55.220085
3606,692.7577,607.6417,38.74293,-11.263633
3607,513.481,848.90393,-21.36224,16.644003
3608,743.19946,8.841992,37.70078,11.489527
3609,992.1517,456.43848,-27.416162,19.667894
3610,969.7612,435.64572,6.0495286,53.033676
3611,370.12686,50.94163,34.38887,8.012686
3612,175.10567,181.53104,3.2144783,7.293122
3613,979.1058,594.5654,-22.330235,18.634935
3614,322.74814,541.78595,7.3359847,-1.1643097
3615,932.4718,667.4337,10.516476,30.552456
3616,186.29901,192.93274,-17.52189,-50.412678
3617,10.299246,260.87128,15.736106,33.565132
3618,1016.2703,1020.52026,-33.54608,-42.57587
3619,379.57654,135.66586,1.4714978,1.1911346
3620,897.6977,614.1684,10.227416,65.63104
3621,194.99422,970.55396,46.38831,3.9138763
3622,445.74796,103.269936,3.7207112,12.780151
3623,822.1887,716.6401,-20.287941,19.091352
3624,681.15894,39.08074,-9.676413,-0.027602235
3625,322.1305,787.56116,-7.580364,-6.1166296
3626,590.5442,634.7065,-16.933374,-4.309035
3627,828.7277,844.68695,3.4786513,-3.5502446
3628,61.055027,215.18631,-10.434043,18.562277
3629,278.4135,274.05627,53.93652,-37.627106
3630,669.14606,104.315865,27.840189,17.78546
3631,533.97784,171.86263,-35.582256,-11.64351
3632,532.3554,0.62521446,-66.78824,18.814138
3633,69.5272,288.38306,14.445459,2.3543754
3634,342.8459,480.68716,-20.16557,30.333006
3635,108.98683,479.65515,17.90348,-6.0391955
3636,560.8543,709.0969,-13.791134,-24.139528
3637,253.0138,158.43254,8.956668,-16.400635
3638,1004.35376,634.742,-14.405053,17.336292
3639,815.3463,868.1536,0.4753149,-19.5328
3640,718.41,647.99164,38.40589,57.20509
3641,343.51602,41.37715,-3.6683533,7.2959113
3642,162.0189,12.688793,-2.7320733,34.107292
3643,626.91394,489.529,-19.78588,18.80321
3644,318.0888,331.8555,-5.5464506,44.020924
3645,79.39938,299.2487,-17.835014,-7.392897
3646,1007.78284,550.28394,18.535381,-10.497387
3647,482.04834,130.32275,8.005179,20.307692
3648,1006.995,745.24097,-5.609012,-26.491823
3649,540.16156,977.36224,13.723617,3.3059535
3650,982.04095,721.8531,-74.906006,9.102035
3651,810.6523,97.4605,-2.7274816,-23.31965
3652,129.2328,909.5195,-37.177334,62.291958
3653,0.11767578,186.71819,37.793034,-69.305855
3654,63.284485,128.05641,21.680025,58.501263
3655,0.8180715,620.6158,-13.114479,-10.436151
3656,660.1372,115.179016,-47.528263,-0.8617806
3657,780.17505,852.8625,-33.736633,-10.334673
3658,600.0689,317.9738,-9.465933,23.332409
3659,503.42776,666.52673,-19.99329,52.05106
3660,642.50397,5.286842,10.756294,-30.24236
3661,232.53853,408.70996,26.96921,3.1840224
3662,144.33968,374.2561,-14.699444,13.8850155
3663,19.331602,1009.5848,8.627366,2.7654705
3664,470.24615,818.941,6.265474,-7.163999
3665,273.22614,79.41422,16.101175,29.960716
3666,560.9585,142.50772,-12.594809,-24.156773
3667,766.89905,790.43787,1.945562,-25.376505
3668,315.10776,535.65186,7.859684,22.169682
3669,962.8668,719.21704,30.630032,11.319771
3670,395.50345,565.48755,-30.792519,19.489706
3671,630.5355,576.9208,-39.657867,-8.648576
3672,690.02045,21.287704,-12.651296,-42.8377
3673,226.57825,835.1725,-50.684578,1.5514892
3674,328.65894,306.43683,11.927983,-20.247185
3675,611.8013,199.9537,32.948547,44.57679
3676,539.9346,642.8895,-9.665388,17.995043
3677,966.8664,225.07,31.58574,-21.635538
3678,749.53674,841.51227,6.4682403,7.8979654
3679,578.63727,623.6449,15.439131,-27.915865
3680,116.1398,137.29312,-3.515704,-10.68904
3681,173.18433,232.8992,-19.19326,11.566543
3682,224.54633,1000.9625,2.7170246,4.783296
3683,474.78323,487.42334,-3.0300446,-9.381244
3684,122.26281,374.6075,15.07262,4.6353717
3685,151.50647,558.00287,34.682625,18.905443
3686,932.75,758.23364,-5.152949,-0.26836932
3687,313.74524,356.4258,2.19044,17.651085
3688,644.75555,807.6402,-46.72821,-40.25614
3689,759.54407,649.04004,-7.8040137,18.614677
3690,3.2669675,153.75903,14.639156,24.049799
3691,343.4886,494.91827,-22.901558,-52.85132
3692,14.001765,741.2116,2.469875,11.954443
3693,351.7568,610.99384,-28.262457,-41.196445
3694,110.93011,770.246,-4.388106,-11.243354
3695,968.6586,230.21167,9.495978,6.5722694
3696,546.1396,912.15955,25.099665,-22.136387
3697,367.5049,722.6872,-16.810152,3.705562
3698,326.76294,460.41034,-1.7677841,-25.63365
3699,752.00165,661.00226,-9.826268,-3.0178945
3700,60.9465,403.14407,-17.327253,-35.01152
3701,997.7096,642.0169,14.348203,-37.088646
3702,321.75076,42.931206,22.416706,47.334408
3703,937.5449,928.8849,-7.3119197,6.199973
3704,93.32374,745.68335,34.420986,-6.50308
3705,176.07614,967.4641,11.968326,-11.398448
3706,3.2001562,973.3633,51.779644,12.077969
3707,719.13885,363.15182,-22.713617,-30.75335
3708,258.08395,981.47705,-30.924849,-3.4953787
3709,188.00743,675.07025,0.87530535,-30.648514
3710,856.3322,909.50586,13.776545,46.698757
3711,439.39362,444.2656,-8.390177,-1.8248057
3712,901.71234,888.54956,31.828455,-32.41594
3713,586.4904,186.91895,-32.398132,-29.504934
3714,825.53796,60.10974,-2.9971106,4.174052
3715,949.991,33.236217,-39.818623,-22.369207
3716,961.0154,983.0397,-0.11396374,22.04988
3717,351.64255,79.06905,-13.962348,-26.283825
3718,51.29684,599.16223,46.060127,-29.556246
3719,63.899494,941.75964,-1.9684875,3.0494301
3720,43.23933,0.34614486,-58.35553,-38.05235
3721,259.05826,823.1957,27.798523,-4.1552343
3722,296.0564,498.6047,-27.642803,-53.85043
3723,162.35535,525.2551,-0.38128132,-20.65039
3724,670.81165,584.37445,-9.429185,-15.488032
3725,839.0735,64.64989,-20.788038,-24.64346
3726,403.4148,911.29016,-1.0712261,-8.190177
3727,780.1751,211.45343,-14.206337,-49.712315
3728,996.92426,54.382786,-21.620111,15.224919
3729,233.97342,295.23718,-26.453518,-54.34198
3730,513.7207,311.46124,-19.202381,-11.035288
3731,26.992634,405.33533,-46.17047,4.3613386
3732,814.5031,967.837,23.54545,40.854233
3733,240.86014,20.388063,-38.866413,20.804232
3734,65.88142,35.781315,-52.686924,19.134613
3735,737.3447,838.9744,27.848616,35.56697
3736,282.67154,52.029152,-20.655886,-3.8781707
3737,731.6927,293.2504,16.546938,46.267086
3738,705.7611,483.7806,-32.935726,15.399675
3739,261.21152,393.2699,-89.91582,-3.8917649
3740,293.28485,235.59708,1.1615407,-2.9779828
3741,279.1864,380.79144,2.455029,-33.243755
3742,383.32025,718.94196,30.193214,-25.685009
3743,699.0031,688.3461,1.0070751,21.035364
3744,723.42206,659.21765,10.184071,29.62401
3745,516.88794,50.699516,-11.260686,0.48775437
3746,307.1236,767.1228,7.8771033,-16.092188
3747,331.96954,822.2091,-33.954777,30.713112
3748,258.90057,893.0059,-4.719943,-42.87579
3749,585.0708,31.163406,9.44804,-27.51971
3750,735.141,870.306,47.56314,32.711735
3751,838.7155,120.678116,-23.759705,44.111366
3752,28.536488,520.7828,-5.8526363,22.177753
3753,409.4857,276.34308,-9.223395,10.984256
3754,405.42603,915.5041,-9.33868,2.4561698
3755,755.7045,921.973,51.59694,-31.156858
3756,764.2743,797.0164,-6.443754,-34.97923
3757,310.63474,424.83084,33.72132,44.253365
3758,106.69485,830.5888,0.37354633,-37.983875
3759,739.97095,172.39726,-5.2366943,39.09576
3760,853.0515,333.13806,9.524534,-16.098103
3761,991.1154,915.649,-5.7386675,9.708267
3762,738.05646,85.295364,46.299034,6.4187207
3763,725.2881,742.0365,-13.691678,-0.825617
3764,614.7937,1007.9766,9.522253,6.615159
3765,234.83563,779.78644,14.552678,18.993078
3766,533.9122,761.4791,-7.4725714,4.820984
3767,929.9599,765.70984,-42.472256,22.387798
3768,469.41345,326.52536,18.33376,-10.525019
3769,803.83923,1005.17035,-9.960436,-21.866638
3770,430.00317,685.77594,12.367354,-5.289913
3771,172.3119,641.9098,-2.0042286,0.3585441
3772,383.61813,119.753815,-14.603983,11.438722
3773,873.01715,963.3023,-2.077358,13.10196
3774,842.9624,205.28334,42.667423,4.112749
3775,894.84125,595.66205,-22.939537,23.553246
3776,736.1227,1021.329,41.112553,80.06096
3777,213.4032,9.834756,-15.596712,-10.769006
3778,444.35727,108.83858,8.808497,11.127167
3779,249.59468,602.1005,35.2313,6.9979672
3780,364.49734,304.23813,19.464037,24.916695
3781,505.03857,610.5995,-44.88043,-2.4772573
3782,1006.84644,309.364,23.219236,86.23565
3783,486.13797,579.02875,1.1625055,-25.200277
3784,64.21152,144.55708,-9.674592,-22.850447
3785,659.02026,85.91617,15.65687,38.198036
3786,152.65326,97.21869,-4.751766,-0.83376366
3787,45.62885,143.8726,-41.70305,44.721817
3788,932.6332,228.47858,-4.342123,18.119223
3789,995.1973,406.2142,9.238459,-8.449637
3790,329.41602,29.03162,-45.05617,-5.5379524
3791,1023.12024,341.62173,13.529069,-13.292534
3792,692.6271,377.97766,-17.677889,8.338199
3793,1015.70355,435.05814,-32.178383,75.16769
3794,1010.17395,333.72733,-2.3122792,-44.27506
3795,487.68503,394.37534,12.073087,29.138395
3796,329.8358,47.038185,-2.5422425,-23.790878
3797,351.19153,890.2646,-17.569752,-1.1057651
3798,463.16812,318.31607,11.475548,-5.889077
3799,680.03125,470.78162,35.89177,5.061756
3800,133.68929,251.42416,57.168144,3.4928362
3801,658.0324,950.1932,9.050805,-8.542279
3802,68.67751,816.3704,28.588846,-17.270071
3803,634.68005,333.7556,21.337206,15.032291
3804,963.5139,172.08969,17.026506,33.830017
3805,725.75006,780.2901,-26.533508,81.63363
3806,282.8438,908.24506,-81.12385,-3.9566143
3807,964.1578,733.8938,29.902805,39.222622
3808,477.62656,706.0755,2.519116,-68.49043
3809,312.71545,18.627499,-7.2633367,-6.843225
3810,753.7258,653.3848,34.82362,1.3694081
3811,440.9717,683.5115,-29.050814,-11.126733
3812,738.3499,388.177,-0.7366407,21.136011
3813,545.9632,540.3621,21.15017,-36.195976
3814,637.84576,41.078278,21.572943,28.909304
3815,111.56211,209.05522,0.37328964,7.287526
3816,826.4988,319.606,33.35566,6.175517
3817,362.3128,443.3276,2.6670997,3.2085183
3818,825.5632,305.21,3.1052275,-21.345211
3819,149.45473,187.39572,-5.577113,-24.485046
3820,857.7369,478.10907,-17.95187,-27.105494
3821,490.27264,160.54921,-6.904142,-23.88088
3822,24.664392,1004.3084,42.57679,73.959625
3823,698.89703,696.3359,-9.425393,1.0702207
3824,584.18274,670.19836,11.372823,14.862475
3825,588.0235,436.5702,-37.471924,34.465702
3826,569.91943,514.33264,-32.331314,-17.166786
3827,665.30524,620.2528,2.7945948,7.943399
3828,5.583588,624.7684,44.65311,13.218848
3829,512.8091,805.61176,-1.3183509,38.7371
3830,553.08606,613.36975,31.198254,25.533037
3831,200.99184,161.50957,5.96406,-1.3339261
3832,398.98093,227.08594,42.153435,-37.776546
3833,62.10172,506.19678,2.478544,35.19749
3834,244.43651,677.14636,2.0909765,-49.971077
3835,194.34662,542.22076,-20.3875,-40.10916
3836,1004.9424,881.3517,-63.17797,1.4771453
3837,347.7791,25.057037,-26.457094,15.027226
3838,497.05612,119.82746,21.93531,-4.289666
3839,139.36981,542.068,27.923933,-65.644035
3840,237.1755,562.7369,-21.71845,11.075704
3841,655.58826,606.69507,51.01578,-4.8682427
3842,618.0399,384.91873,-30.852814,16.833443
3843,68.12548,974.9652,-10.300591,25.156597
3844,390.38818,19.26693,2.3343692,-7.177022
3845,132.78113,814.59247,-58.669502,-8.106577
3846,684.1928,67.29685,-37.382538,22.967318
3847,517.7263,353.20953,13.242815,14.0428705
3848,626.01935,447.33813,-16.725716,-14.592996
3849,281.19165,493.76642,-30.051065,12.889135
3850,210.8673,437.1263,34.91081,-16.71399
3851,1021.6282,690.884,47.3728,18.421942
3852,833.1402,74.99902,4.0153484,-13.508405
3853,608.19214,64.53957,2.1834826,-11.479434
3854,144.5103,272.37396,48.483837,-3.3805034
3855,725.949,204.12317,11.85566,-5.426253
3856,479.7076,794.4905,-7.4426985,-15.36276
3857,391.24176,180.3341,24.991812,11.015753
3858,547.7607,365.85745,17.69171,-57.334248
3859,65.4273,648.7968,-18.762173,-20.19241
3860,357.61002,84.31202,-27.931013,-11.925561
3861,737.12646,696.6516,-7.4972076,26.226072
3862,468.25623,705.2627,12.418429,-44.286488
3863,54.89139,595.9198,-31.573399,14.248709
3864,391.89606,963.3044,13.829746,-2.5094237
3865,753.50903,878.10645,-41.23088,-66.91894
3866,857.235,568.3699,-5.8488007,12.269335
3867,35.17308,1020.14215,64.16195,33.162052
3868,212.5059,62.38577,-68.47085,-12.493334
3869,122.5957,60.40721,18.888597,-12.29858
3870,784.85925,97.91959,-4.702764,8.980078
3871,969.2337,387.51242,-27.979752,31.1811
3872,194.88017,530.70044,10.400775,-42.88373
3873,629.1632,412.25787,50.214214,39.39814
3874,417.35718,722.4266,-25.708925,0.516461
3875,1005.3,778.64905,-9.771246,-12.943201
3876,34.39476,713.9156,-10.342072,23.822144
3877,28.55733,461.99533,5.8878756,-50.245747
3878,196.60892,535.6392,6.14236,-32.421825
3879,747.93677,508.21948,-0.40763307,5.2279353
3880,967.11005,1021.9568,36.929813,2.941358
3881,308.31097,388.90518,-84.65299,18.083672
3882,283.42865,400.35495,-42.575977,28.26209
3883,213.81596,501.01804,6.513234,35.27614
3884,71.57842,861.98145,-19.55832,-15.380282
3885,1020.08136,323.79077,-5.376253,25.239656
3886,369.23297,214.33286,17.218622,4.0257673
3887,982.85046,662.5811,-29.331123,-5.230248
3888,1023.3995,835.94653,5.9272747,25.51788
3889,1006.38776,715.4367,9.414778,-20.992659
3890,629.15967,794.34064,-2.8239436,3.39806
3891,520.44995,313.4377,-50.237045,-0.44922277
3892,713.2227,750.3187,18.157145,-0.06596059
3893,734.4305,288.4148,12.181116,25.06832
3894,303.9956,306.3872,4.38448,74.07513
3895,295.68732,240.08139,-5.9200826,-71.85624
3896,62.830425,228.97696,-7.3714128,7.4345875
3897,462.70642,772.11206,-6.437914,16.75391
3898,547.41254,39.400776,20.522179,14.499552
3899,320.57123,384.9264,-25.392216,-9.936403
3900,316.86224,558.20483,5.245179,-5.757334
3901,325.65765,851.5388,26.034056,27.601093
3902,53.988594,1003.0529,46.37409,-41.635513
3903,660.7472,825.6583,-13.876357,24.589117
3904,434.17593,82.324745,-6.9471555,2.9491904
3905,381.31152,301.67355,21.921558,23.256956
3906,864.2075,284.35394,9.028874,-1.2889292
3907,705.8959,390.12875,5.3092017,48.85446
3908,848.62866,704.90894,10.26057,40.050056
3909,921.66846,481.48383,-22.030067,-9.795867
3910,91.35802,305.55823,-7.2534714,2.3741038
3911,531.61017,240.40181,12.333778,-37.831985
3912,826.0408,516.18304,11.33394,8.3828
3913,655.57654,616.4898,17.11519,14.784307
3914,257.0006,309.7469,26.553038,-19.155365
3915,754.68335,1.7966033,43.95727,43.440475
3916,486.6728,896.2875,11.555473,14.219455
3917,664.54596,586.2731,-9.694523,-0.8486396
3918,125.79832,471.52234,31.839525,-1.3120142
3919,842.0861,7.417182,-2.185851,-16.093067
3920,431.54297,635.7321,16.892643,5.9178605
3921,230.55203,100.24374,18.312666,-9.439388
3922,472.75592,193.501,27.312841,2.8107734
3923,1007.699,607.82227,21.376385,30.080763
3924,987.1074,294.6043,49.673424,-23.247915
3925,113.035934,98.432655,7.1246266,-15.630798
3926,335.08197,120.51554,-15.929195,-12.371564
3927,889.1752,756.4254,-0.5256861,-31.224878
3928,808.38245,54.05381,17.73529,6.2680225
3929,339.92175,872.72546,2.1982338,-5.66568
3930,569.6099,75.185616,-0.2857898,0.8856347
3931,467.2555,874.72614,11.213166,16.65921
3932,1003.99884,802.3068,-5.1505,-9.048029
3933,837.99384,722.5672,-28.789497,12.950116
3934,723.90967,534.2636,34.45677,22.62595
3935,919.0714,694.45483,39.534973,20.782436
3936,324.62662,288.71588,-20.687876,-6.7879763
3937,743.4348,612.47064,-26.289516,-9.284315
3938,360.05038,406.27502,-15.483395,3.5994391
3939,955.30164,257.98486,-16.250425,-45.050022
3940,45.819794,77.31281,-11.863624,-4.0050025
3941,366.98062,144.04654,4.885139,-33.175133
3942,804.012,125.05299,62.73101,16.588556
3943,375.783,313.72336,-30.180916,19.515612
3944,489.44882,632.9115,0.09592035,58.261745
3945,309.3204,726.1069,-0.044854555,-2.558856
3946,909.14984,376.5962,8.4244995,28.345728
3947,401.8509,205.73381,-26.868176,-36.841637
3948,850.78625,657.1669,-55.825523,10.755989
3949,555.44653,242.86304,-2.918467,33.822712
3950,511.9816,814.80286,16.661037,18.84113
3951,772.605,150.77524,7.402494,24.24389
3952,85.8653,619.2044,-33.83112,3.272933
3953,395.26062,358.01212,44.051117,29.289408
3954,869.673,699.6516,-5.180697,-13.172088
3955,908.3024,578.696,-0.21215485,-23.91391
3956,509.84564,844.97577,-2.475345,-6.931036
3957,553.37897,150.1327,35.378315,34.533497
3958,18.624584,46.72922,2.7228396,-30.774115
3959,60.941696,66.43957,68.421,-4.464928
3960,708.03784,603.657,-12.217166,-21.122595
3961,383.23926,12.113337,-0.15306576,7.8876815
3962,954.76917,152.6874,3.3061635,9.375265
3963,153.47389,737.78015,-6.8759704,1.3248296
3964,66.312065,698.9356,27.97225,-41.6621
3965,818.29175,1007.0396,-23.099043,22.235714
3966,1022.5963,655.16925,18.049248,-6.588575
3967,970.0018,613.37164,5.5527415,-7.6979017
3968,55.929394,493.5209,27.664755,14.790548
3969,618.0946,212.58781,-27.027012,-65.43981
3970,218.74554,994.38855,-1.6573403,4.0809774
3971,874.6553,596.7829,3.1565874,-23.901001
3972,88.52157,440.82654,-23.436388,-25.405876
3973,916.5405,505.33298,13.384404,-17.842575
3974,248.21857,947.93207,-5.135287,-0.23772076
3975,296.2535,354.68018,-16.928404,10.641879
3976,683.96423,512.362,-6.115269,42.951435
3977,385.41785,596.95166,26.616793,-4.2511106
3978,165.43,466.97858,-4.159882,-8.8210335
3979,211.33807,139.84082,6.4800916,15.405521
3980,542.8614,124.0675,-1.123414,-6.4501038
3981,838.8919,588.3355,-32.038277,-9.328883
3982,57.01843,1013.1732,26.842066,43.428043
3983,749.1178,535.1311,48.38457,-1.2299076
3984,763.8363,896.05347,6.0162983,-37.901638
3985,72.34089,429.06793,-26.093052,14.524535
3986,354.12842,307.95428,-12.292362,1.1642199
3987,634.7616,411.86295,42.00952,27.398478
3988,792.85504,439.4862,16.513294,13.135398
3989,975.0605,105.71748,1.3573079,3.104107
3990,223.40233,905.4985,-29.484795,-17.495586
3991,566.65497,238.69685,10.66757,21.407375
3992,831.02875,802.0319,-51.15223,-14.971388
3993,543.96643,34.67609,28.098167,-24.544634
3994,110.64173,689.1632,-31.824854,-3.6944387
3995,274.76486,622.032,-18.545004,7.121411
3996,26.502298,587.5044,-51.960423,-50.59231
3997,41.819782,1006.24054,0.9186848,55.738636
3998,481.03674,603.73895,-9.205919,-32.309185
3999,505.07138,581.3855,42.483875,-3.0435164
4000,227.65825,312.26077,14.759634,-6.0356913
4001,334.54782,202.0622,47.804966,12.778965
4002,674.3303,256.39694,29.385565,-17.523064
4003,643.67194,374.1793,-46.132225,-19.573486
4004,443.73978,770.0438,71.55885,42.8455
4005,796.92865,434.94257,15.518133,5.104038
4006,813.6193,445.07864,15.449653,9.699487
4007,273.33112,716.99225,-38.797016,23.406097
4008,587.0369,966.5242,30.824165,6.892905
4009,930.48096,479.83487,8.965039,-6.21474
4010,84.697266,189.91646,-39.163437,-38.266518
4011,219.38051,0.93146014,-23.809038,-24.27816
4012,223.89449,295.98853,5.4486785,22.502539
4013,909.06744,368.63947,-1.3381838,11.384316
4014,788.7639,221.03871,48.545403,-68.14178
4015,921.5708,394.10413,15.222205,-1.627184
4016,485.70786,619.13635,4.900205,20.63158
4017,216.36435,308.33566,-1.4526434,-16.917
4018,862.5685,1007.2726,0.0013499308,0.37488508
4019,788.5591,234.91104,45.301018,-20.859444
4020,858.0774,396.8015,-15.236797,7.687677
4021,822.9551,351.32785,-0.25596872,8.879721
4022,158.82092,561.0125,48.26693,5.819277
4023,449.37704,301.20264,-10.100706,-18.128237
4024,530.56995,760.1053,-20.722164,25.224682
4025,154.52805,467.19275,-11.892772,-13.390641
4026,106.51148,841.26855,-22.73032,-29.447966
4027,358.6862,213.19312,17.698944,-0.85694134
4028,509.78555,17.361729,39.200138,-22.982983
4029,218.10706,587.6811,-5.576936,53.770473
4030,735.87213,187.54285,5.0440907,50.458046
4031,440.3707,893.85144,-1.1302525,13.488922
4032,522.55475,81.00357,-23.694475,6.352047
4033,747.9411,440.59824,-11.427848,14.667462
4034,359.71957,84.09938,-33.25658,-30.12852
4035,806.2305,792.8895,-0.8668035,-33.36143
4036,525.35236,579.7176,30.127693,-12.314359
4037,716.27527,284.30554,50.236214,13.62522
4038,494.22812,780.2035,-43.32358,35.40796
4039,967.63776,832.4522,-2.020976,18.16952
4040,154.44176,606.37946,0.774347,8.158483
4041,811.13,251.04369,4.1395483,-1.8824362
4042,477.62332,697.499,5.4612565,-17.360205
4043,731.15857,56.034714,-30.833471,33.390915
4044,171.27713,454.4212,13.322212,-28.157219
4045,211.09322,707.7824,6.7109666,27.036337
4046,992.25806,199.953,30.337729,45.76062
4047,474.17807,374.12994,-6.6133876,-11.669837
4048,846.13995,619.0045,-27.807177,37.203224
4049,717.41534,72.487076,-5.9441924,-32.177444
4050,685.44666,44.050026,-24.625748,8.575986
4051,946.3068,929.0036,-11.179659,13.749728
4052,722.58093,828.21356,42.19469,41.697422
4053,764.1929,178.85373,-12.659866,-43.60839
4054,717.3544,658.1794,87.79624,5.0584273
4055,451.1257,230.00394,7.802825,46.5772
4056,907.239,251.38976,-14.165757,31.36872
4057,965.226,481.8746,-56.015408,-33.78671
4058,252.73405,142.2774,-1.3467263,-37.60709
4059,497.92188,892.09894,3.8164449,-1.8001249
4060,375.31012,339.04306,-14.154167,27.497335
4061,984.7427,689.53217,-0.070151165,-24.335285
4062,654.4245,817.6397,0.13521287,-3.156488
4063,1009.041,294.90732,44.491375,15.777555
4064,626.50134,177.34596,-7.420171,28.188334
4065,27.214705,862.63116,-0.9963097,-18.504627
4066,41.42018,395.9401,-44.797447,-6.511639
4067,502.6997,777.1475,-49.976757,37.612274
4068,570.06555,9.518812,-8.520728,-25.175688
4069,902.7141,573.52136,-8.273269,-26.748917
4070,721.45105,596.541,-36.845097,-32.472324
4071,909.06885,918.1046,8.211628,-15.992698
4072,286.73264,752.8557,1.206281,66.041756
4073,478.48953,699.4731,14.375923,2.559782
4074,29.533712,994.737,29.777246,72.999466
4075,900.6464,710.1606,-52.450615,35.64693
4076,809.194,809.1088,-2.0204813,-18.817148
4077,306.15894,953.62683,7.608329,-26.736486
4078,505.96924,995.86664,-34.559704,-30.585644
4079,185.22528,636.8343,13.539596,8.047057
4080,446.03928,252.25372,16.671463,-16.609447
4081,238.08098,497.7786,7.1398487,54.811382
4082,376.49603,192.13326,31.356215,-15.908741
4083,686.94135,649.2003,28.53844,-21.164328
4084,1020.5917,212.56552,58.00911,9.28418
4085,604.302,468.90894,22.581356,-15.977244
4086,6.2523274,431.04706,-35.909763,37.411163
4087,100.58841,848.4692,-7.878626,-18.556925
4088,1012.6479,891.3539,-48.44636,4.606994
4089,602.20685,653.377,17.40771,15.853518
4090,785.8379,153.60292,49.019123,-65.5067
4091,908.9124,872.9733,-24.662664,1.2234602
4092,313.79724,39.661644,25.395475,47.72575
4093,252.35005,969.2709,-21.27422,-43.273254
4094,869.3663,621.49835,13.507659,-7.080519
4095,318.52597,182.6923,-26.43517,49.20097
4096,267.54953,67.10513,34.999935,23.77666
4097,716.51733,673.0985,49.966564,-19.346508
4098,949.50073,824.64526,22.465511,-20.96758
4099,435.57172,261.0556,-35.654675,22.221539
4100,150.30254,153.31245,2.5287962,4.206448
4101,814.74347,335.03845,8.995008,9.95024
4102,500.8573,461.5323,-5.1957355,-9.429703
4103,653.8422,262.06332,12.591861,16.078278
4104,408.62595,859.1642,12.720651,31.819172
4105,743.42554,371.13318,15.181661,30.98934
4106,652.9998,600.82446,7.397436,-11.400025
4107,582.25366,530.29626,-26.794992,25.452677
4108,493.2231,455.92514,-16.0815,-17.960356
4109,161.51546,61.88132,-19.537992,8.039429
4110,315.8451,852.5559,-1.454414,34.823483
4111,107.27703,523.84064,3.2719514,5.026972
4112,930.59406,392.43613,27.333494,-0.25520077
4113,796.27374,785.59094,-7.6306524,-17.827656
4114,949.2738,238.75093,7.46309,-21.920761
4115,446.18042,415.31027,6.7534194,-16.924162
4116,470.06622,334.14044,-7.534176,-8.892888
4117,9.264088,820.01337,13.234203,-31.666986
4118,79.851425,977.8179,42.614853,31.119776
4119,96.96574,623.82635,-18.936333,-25.90743
4120,45.65223,21.872032,3.910792,-29.715855
4121,126.90515,931.5031,-13.031981,38.227688
4122,687.7086,908.2341,-28.15504,20.185047
4123,137.29958,96.30782,-36.312397,8.809738
4124,50.88251,150.07271,-44.093197,44.443043
4125,355.25906,77.488434,-11.941644,-10.911879
4126,558.1329,433.6938,-54.274937,-21.0113
4127,187.64197,190.55226,44.718143,19.275837
4128,864.63666,393.46393,3.52759,9.391323
4129,159.93082,25.25583,41.32413,-6.3184285
4130,273.2729,814.5556,-14.772792,0.004943129
4131,632.1551,541.4604,12.139888,26.471712
4132,716.7648,433.48767,38.863167,18.532991
4133,636.43524,158.78549,-35.234814,5.1649823
4134,2.281527,1006.3911,24.590721,-67.4384
4135,145.87164,146.81758,-16.65825,2.564182
4136,361.21393,945.5859,26.027685,-6.3291764
4137,994.0539,953.063,12.891532,5.6945295
4138,600.4725,193.98418,-58.939323,-22.903929
4139,313.76074,399.06024,-61.05747,14.711106
4140,663.1665,333.42517,19.82173,7.8675313
4141,299.05096,677.6409,9.690926,-20.28788
4142,784.049,443.7812,39.388,-10.6315975
4143,296.66974,985.15283,-6.132806,9.063201
4144,586.0702,750.5739,-15.87454,-19.113844
4145,955.61847,753.038,-2.5645003,-6.1245775
4146,363.4555,221.23335,-36.534367,-26.97749
4147,410.90524,620.8264,-12.026577,15.403333
4148,448.7952,800.7939,54.600964,-30.763283
4149,275.932,310.33337,31.563099,1.7331951
4150,333.01508,197.45856,11.223895,49.985218
4151,427.50186,685.3393,-7.5651617,13.886272
4152,685.97,98.905876,33.85191,27.718128
4153,150.91685,503.74237,-7.806375,1.3045651
4154,203.72366,732.97235,61.197433,-31.995539
4155,708.6979,869.30304,-16.332134,-17.756077
4156,766.72064,839.89954,-27.647978,-43.10405
4157,701.13306,873.23413,-30.878239,-0.7717504
4158,954.08997,649.70953,-12.678646,-8.207254
4159,687.28564,856.82306,-3.67596,5.064289
4160,20.924204,1017.78467,-10.475109,30.671312
4161,703.06744,887.28455,-14.146461,-6.936956
4162,113.302605,775.89233,-18.220528,-15.044024
4163,988.12915,911.3897,-13.705199,-8.225407
4164,314.38797,767.06683,70.811325,23.076427
4165,838.7814,646.564,-3.0265121,8.7464695
4166,521.3047,859.8092,-1.1949526,8.414089
4167,464.17654,800.8565,-2.7058132,-8.288562
4168,370.15314,290.15665,13.198757,35.353928
4169,524.59955,289.3755,16.49429,-26.299408
4170,742.9548,83.782295,23.33247,4.754826
4171,209.86783,118.16816,8.446563,-12.383255
4172,954.3535,537.8763,-6.294243,-29.392778
4173,150.08705,840.10486,-3.4168527,-14.217885
4174,983.04065,667.71,-28.94755,18.964361
4175,686.11426,776.924,29.475178,17.570671
4176,794.7018,1002.67633,-10.269205,-22.970652
4177,679.6775,890.08307,-31.555212,-24.603453
4178,853.86194,438.05405,0.11954039,2.738547
4179,531.85986,414.58038,0.62195003,-0.8829709
4180,394.16364,431.67273,14.396705,-25.554426
4181,566.9451,170.17429,-1.7687712,-29.934427
4182,312.231,858.549,-1.3996956,32.457653
4183,540.0236,907.88403,12.00673,-14.678329
4184,882.0853,244.08702,-5.771941,-78.01431
4185,450.98062,850.8199,21.482853,39.707466
4186,126.27154,421.23898,-5.1241636,20.986565
4187,127.626434,817.36896,-63.316868,-3.5689275
4188,680.20135,757.0626,5.106182,-52.080475
4189,211.72829,242.74199,-7.586657,2.507687
4190,80.72796,20.417137,14.145255,-3.989477
4191,942.76843,367.12668,17.914854,23.384827
4192,539.695,683.8846,3.3917518,3.1138685
4193,709.9659,618.53,-13.167859,-56.135452
4194,837.67346,81.56238,10.632035,5.039279
4195,333.83987,58.557285,-0.25968632,19.93705
4196,387.26614,170.72256,16.842278,29.917747
4197,882.2509,233.0377,30.663616,-3.7802093
4198,598.5482,888.67676,11.152198,-7.7977843
4199,191.02649,643.7972,15.942486,-9.888275
4200,890.63367,902.19165,-22.292435,-12.708744
4201,759.2852,801.93146,-4.5389853,-10.351228
4202,568.6592,612.72766,44.979095,53.04743
4203,326.25668,594.1231,-11.225344,-11.237759
4204,612.4486,331.4742,7.3165436,73.27732
4205,772.1642,280.0006,8.840923,23.201277
4206,64.00355,119.94109,11.378752,40.593372
4207,524.4415,191.7355,-28.215862,-53.383263
4208,798.8322,778.8529,-17.611383,15.05836
4209,586.03296,527.31323,-45.497234,21.948477
4210,113.848694,93.33676,-9.604083,-34.991367
4211,942.9014,236.06476,-2.6763635,-30.603912
4212,399.3852,302.28915,16.451628,7.561519
4213,74.92487,145.1327,0.6658693,-4.7735133
4214,482.29962,367.518,-6.7835183,-40.666416
4215,205.13278,840.50055,-19.44007,20.643652
4216,689.5601,636.47217,19.673233,-40.531124
4217,86.5907,696.1028,10.578436,1.377464
4218,857.6728,824.655,7.689138,19.207159
4219,557.80426,534.99396,-0.3442189,56.727886
4220,560.70325,1006.4019,13.42068,32.99574
4221,687.45935,638.06464,17.982454,56.5896
4222,211.98337,353.85312,-16.262758,-24.164486
4223,273.98755,626.82654,15.609014,-47.48192
4224,86.044876,657.87103,42.703514,27.902653
4225,170.18866,429.16125,17.552008,-44.22222
4226,482.95816,312.71057,14.570283,-32.510654
4227,712.1082,855.5991,-9.118694,-37.902954
4228,170.62506,867.0356,7.1624827,-11.761642
4229,160.88358,598.0896,14.990055,3.701834
4230,41.418346,202.30617,-18.686424,-16.499214
4231,428.49854,700.69135,-2.5441976,-29.798634
4232,70.04057,619.80743,-3.9783833,19.280312
4233,16.615118,141.59697,-1.818424,-7.774778
4234,148.35857,315.05023,-10.098487,-0.30834842
4235,122.44554,420.01312,-10.168307,6.590527
4236,201.28139,207.87187,36.581764,23.136246
4237,895.6416,261.22043,6.494305,-16.321072
4238,156.57413,621.5489,-3.9448557,28.060038
4239,705.1658,319.35635,-5.084832,5.140969
4240,451.68494,144.0418,9.287139,-13.063781
4241,115.08541,379.19788,-8.683149,-9.980848
4242,148.1116,734.8171,-19.747814,-6.939953
4243,635.2201,608.9819,55.610207,-37.23849
4244,276.2421,154.3291,37.472775,-17.415867
4245,331.21265,736.0774,-15.05806,-5.9967055
4246,305.4855,629.86755,-18.039145,-19.651709
4247,749.27014,785.88165,20.865767,3.555296
4248,123.9292,482.0035,31.482094,-6.665677
4249,427.0925,22.965094,7.1867547,4.2164407
4250,702.24164,14.713724,34.51459,34.253017
4251,773.5457,481.22055,-20.442303,-1.7689513
4252,765.9944,854.76904,-28.902336,-9.613424
4253,342.28687,305.8025,-0.9476462,-20.535473
4254,195.44298,1010.4159,-0.11843199,2.3298779
4255,170.7802,384.23758,19.34996,5.2002783
4256,833.76733,120.75417,34.41372,-28.58501
4257,652.5569,531.8732,24.738796,6.0476356
4258,138.95871,907.39014,32.15864,62.716812
4259,569.6695,510.13953,-42.68174,25.994936
4260,163.20099,864.9614,11.306969,-25.178911
4261,664.46405,1012.2635,-14.048334,4.7724752
4262,162.11069,575.9174,24.885588,8.900955
4263,46.030636,816.5901,18.317236,-2.25354
4264,460.5737,527.6439,42.074257,2.451591
4265,830.5282,286.71283,-7.3087225,-19.641682
4266,790.3776,118.560455,9.578129,5.284828
4267,484.76495,572.2353,17.803217,12.632357
4268,967.106,193.78986,5.3781757,17.870054
4269,737.23157,167.31677,20.133537,21.361488
4270,655.1957,406.23746,-1.2165688,28.382757
4271,91.346375,552.12305,-36.26019,-31.204231
4272,193.08238,181.43488,30.954838,19.155674
4273,833.87726,675.8062,-15.050322,8.992332
4274,774.0259,314.011,33.85015,-6.515661
4275,247.3,66.31754,13.213796,-11.539594
4276,54.592934,942.2682,-1.3829845,9.15533
4277,1006.9048,618.20154,27.76542,18.466246
4278,390.60114,610.9832,27.205921,60.675262
4279,291.84146,319.65826,7.29953,39.75915
4280,886.6576,938.89185,3.1887274,-10.010889
4281,114.715065,682.59436,-10.049616,-0.07800146
4282,37.014473,1021.9596,46.4618,26.475302
4283,956.61084,225.51115,36.869152,-41.869946
4284,1003.5816,774.91003,-17.21404,-16.466217
4285,307.7694,863.7343,10.784234,29.892754
4286,148.566,140.28885,-2.8882298,5.1127076
4287,829.9088,101.68784,2.2863328,-75.82449
4288,844.4589,252.33565,20.723795,30.327782
4289,277.85608,877.858,24.24016,-38.008957
4290,288.2881,94.63501,29.080238,38.7026
4291,105.44899,836.52435,-3.8545449,-25.914078
4292,316.72403,302.148,56.150585,-18.550503
4293,471.9205,362.7118,-16.53028,-31.558485
4294,422.00302,642.5375,-26.400885,-4.273976
4295,816.923,977.4857,-21.806927,-41.27997
4296,600.8967,23.94074,6.7074127,-26.657661
4297,954.234,301.6342,-49.0109,-11.302378
4298,312.20407,525.7277,0.08164614,10.757741
4299,439.88605,542.4799,17.703568,19.941626
4300,74.90259,791.32434,15.4889555,37.282635
4301,793.74567,152.7272,0.44514078,-14.722372
4302,524.6939,210.859,-28.75626,-5.4710336
4303,475.58347,971.4945,-41.202515,-7.4383383
4304,347.55215,301.10034,-17.55512,-22.70562
4305,21.328854,687.328,-24.49285,-21.915854
4306,165.23073,170.58318,51.15832,-25.394987
4307,841.56885,187.57062,23.586271,10.868283
4308,13.829295,473.62674,-14.123463,3.8428316
4309,611.22064,103.97299,-7.0549207,14.527963
4310,286.50095,595.05975,25.53588,-38.076473
4311,735.5482,171.6335,48.74303,-9.836331
4312,584.3586,140.08319,-3.4284985,-14.356457
4313,119.54615,815.0801,-57.634014,-0.10403102
4314,702.9841,790.4872,56.42323,21.46309
4315,525.6967,612.14606,43.40341,2.989121
4316,655.28815,226.75996,8.105214,44.09539
4317,945.3845,347.75708,12.837981,7.356268
4318,344.01257,378.96786,-21.68622,55.25221
4319,766.6421,914.5378,21.930166,-42.148357
4320,946.83044,68.19195,-41.415653,-5.2042546
4321,228.86084,1014.36566,-1.856415,15.257979
4322,342.1759,459.27512,-49.1574,10.036135
4323,387.46777,190.13744,-9.725851,1.9960543
4324,138.57129,903.0962,20.120378,65.903564
4325,506.09543,237.03871,-17.023676,-7.1137733
4326,959.5797,334.7838,-19.755276,11.385942
4327,1011.4779,295.66864,-26.824402,52.58972
4328,863.6397,564.71344,-2.4479115,2.662828
4329,1000.20404,104.40146,7.5822926,-10.580075
4330,903.6167,747.71704,8.654248,-2.365905
4331,811.1368,890.6181,23.268934,7.438202
4332,964.53076,995.90106,-26.76023,-7.9218
4333,626.1029,146.5365,16.494135,-14.712777
4334,83.18238,743.8333,20.770536,-11.59951
4335,388.8114,114.71049,-3.803198,-3.0493226
4336,565.2496,954.2957,-9.113998,7.1286163
4337,306.36255,20.223934,27.779621,-29.619333
4338,65.75737,552.3626,-23.579576,10.740731
4339,142.07788,108.38345,-22.502798,20.546955
4340,780.728,642.41016,20.341095,-50.73574
4341,491.65753,414.506,15.601137,-8.681315
4342,794.5273,294.7333,22.08678,-5.1970124
4343,1020.2042,219.52472,12.515904,31.89524
4344,351.27426,514.5933,-40.480434,-78.9817
4345,891.0328,961.20575,-30.837103,-33.991352
4346,807.20734,870.8291,-26.339367,-40.027485
4347,990.7104,883.4654,-11.399923,-6.6062956
4348,369.2062,577.7743,50.15938,-33.529274
4349,580.6825,208.06404,-46.214645,11.689374
4350,460.557,622.5998,17.8776,-3.9801376
4351,603.44727,1005.6262,71.01801,-29.821476
4352,444.83356,146.6319,9.751456,2.8133512
4353,935.1506,516.2756,-23.89802,-16.821722
4354,576.74133,475.52103,-17.057735,-49.24361
4355,482.64496,991.3641,45.45052,-32.383728
4356,1012.69226,329.2324,-3.7212837,-0.62464523
4357,808.74414,315.94913,26.066689,1.7130305
4358,542.6018,310.97144,3.168191,-28.256247
4359,193.10143,697.7117,9.109878,-89.53776
4360,779.3069,751.7473,-12.576372,-34.834843
4361,5.514424,205.27676,55.70169,-40.569817
4362,542.7516,913.14087,9.126513,-28.227888
4363,349.37076,689.91406,-20.80277,34.6828
4364,554.6215,142.24942,-3.7851644,22.832993
4365,149.20705,737.8598,-4.3476152,20.196205
4366,335.9767,848.6775,14.568882,51.49345
4367,52.114754,109.24636,67.90475,0.14458926
4368,875.42554,291.41702,-2.9618366,-8.92283
4369,808.1078,681.44806,3.11128,-26.115618
4370,769.2341,706.50934,-7.8374944,18.636444
4371,722.1805,404.70428,10.821904,36.173706
4372,977.36145,688.8217,11.8617115,-23.50985
4373,390.02023,804.6469,-37.747364,12.001503
4374,362.9368,488.34937,-8.581295,27.038631
4375,769.00824,868.1798,-5.725869,-37.888924
4376,76.98214,978.25616,29.724146,44.206608
4377,762.5502,493.22913,-3.2119045,1.6977308
4378,296.92242,837.62067,20.899677,42.470543
4379,604.6338,965.7374,-26.4333,-32.69989
4380,369.50253,400.0388,56.414616,25.460932
4381,643.5926,542.2551,6.903388,-16.9868
4382,807.05316,818.2546,-4.6862826,-5.653987
4383,45.343693,263.32153,-4.292254,12.019818
4384,1008.83386,347.00385,12.496245,42.29577
4385,903.6872,585.1745,-0.5723327,-31.654858
4386,530.27386,503.5258,-4.722298,4.9468017
4387,796.62695,397.79227,34.662056,7.1508527
4388,851.7879,499.5239,27.892302,33.529186
4389,74.81795,174.35228,19.093214,-13.730387
4390,503.846,933.3647,13.732021,-39.867584
4391,363.8465,72.110054,26.789574,-15.1770115
4392,862.5241,399.4016,-8.765485,21.830381
4393,562.12177,606.87445,-41.141167,21.945568
4394,186.15605,736.4683,47.045563,-20.723248
4395,10.6595745,148.76643,-10.29474,10.925832
4396,215.32951,771.4119,-7.070742,23.536709
4397,224.61441,871.02576,29.366152,10.485728
4398,533.21185,209.47763,-6.6458983,-21.280256
4399,285.28494,235.20085,-10.464643,-52.713284
4400,386.9451,959.415,-29.241837,-4.059986
4401,485.66583,432.91324,13.466303,1.8646038
4402,511.44547,1005.60785,-62.654068,-64.61013
4403,545.13855,115.99946,-9.45484,14.265824
4404,742.2816,309.358,42.94303,11.696701
4405,535.91046,668.8481,-47.690266,24.023146
4406,2.9368484,802.30475,22.079363,-17.328846
4407,286.93564,976.525,-21.560751,16.537827
4408,532.89404,806.09314,5.0128016,-2.9601197
4409,814.271,951.5351,26.326855,42.071766
4410,117.68349,730.2369,-6.4157147,-30.246723
4411,728.5805,791.0451,35.56868,17.481829
4412,984.5721,946.5108,51.36568,18.36288
4413,1004.7787,211.43465,74.34966,23.798895
4414,521.86206,294.15485,-13.2830925,-19.822823
4415,982.565,502.28983,-12.867871,-72.19691
4416,680.269,1016.4948,-12.643709,20.426718
4417,834.8956,149.58348,-10.959805,-33.272694
4418,388.82687,175.43669,7.009721,24.667662
4419,65.612335,423.04,1.0673804,-43.144894
4420,344.76285,567.164,35.128876,3.7107446
4421,559.7397,850.4705,-2.834289,-16.1434
4422,410.32202,367.24072,3.93896,15.051068
4423,245.32224,325.8418,-22.27828,-50.045605
4424,596.7935,429.64902,-66.279205,-3.304831
4425,17.190262,764.50726,-2.6612937,29.26065
4426,770.0575,259.8059,14.787291,-14.21719
4427,661.6366,271.89105,-12.977587,-8.050411
4428,109.39959,957.1084,2.227877,7.857821
4429,922.74347,463.17465,-31.2166,35.05837
4430,196.58466,730.8126,41.883198,-41.9002
4431,952.582,256.27493,-19.05215,-66.31911
4432,494.0551,929.6973,3.783117,-51.299488
4433,687.1862,958.7712,-4.2762465,-25.315147
4434,282.24103,396.10184,-49.329117,13.105196
4435,366.826,772.04456,-0.38024592,-47.39631
4436,23.082088,139.80891,0.0858951,-18.16137
4437,393.4089,663.8944,9.410818,7.0707264
4438,157.2973,803.90405,-17.978472,15.455981
4439,985.8974,651.79,-14.17132,-16.432714
4440,295.56836,299.2785,18.30866,88.118065
4441,668.69885,691.20593,3.3087723,-6.0429044
4442,320.92303,108.56129,-1.1084833,3.0397673
4443,316.81992,697.17487,-20.929533,14.68543
4444,29.124243,293.0022,16.611593,0.9946545
4445,556.8059,196.58635,-17.531038,11.439962
4446,679.22784,946.1801,-3.5630934,-14.159105
4447,374.18256,233.5793,1.6941584,5.0992556
4448,1011.682,306.876,11.029385,77.48446
4449,239.43918,267.28702,-19.5245,28.393534
4450,977.52246,79.27445,-4.5889344,-29.62217
4451,761.0775,840.71,-35.29043,-40.216133
4452,392.11093,795.5281,-17.15055,-16.548761
4453,665.802,1021.5651,-8.228972,10.1884575
4454,493.97632,291.99228,35.21792,-4.220226
4455,420.0385,971.94806,-11.728883,-16.833847
4456,777.526,421.27762,-15.901081,-24.784418
4457,300.94394,759.64984,42.650326,1.2431569
4458,474.78354,826.7437,23.71074,-20.219788
4459,416.55453,725.9414,33.778164,30.870771
4460,711.8714,825.8014,44.3593,11.594603
4461,213.32611,314.27115,-3.546825,-8.850007
4462,185.39645,466.6385,-14.530041,19.68109
4463,170.27722,350.94797,35.811123,-0.5360649
4464,347.12766,170.40855,-7.449361,-1.0611435
4465,568.9006,680.2344,31.804405,50.38985
4466,235.66837,261.15112,-48.702557,7.956059
4467,452.76355,1006.8977,9.616744,27.555603
4468,566.5436,968.2583,-16.971352,-28.39825
4469,394.59344,593.2309,1.2953826,28.91747
4470,17.225054,1008.12823,74.788605,-50.066597
4471,341.4285,957.36914,19.279295,-37.209248
4472,628.12506,717.11993,1.4996132,-3.7704608
4473,1.5425688,309.83487,1.8280463,1.1710074
4474,680.8099,912.93256,12.740124,-3.4387724
4475,509.99023,319.55368,-13.201153,-4.834757
4476,515.71844,490.54102,-20.927177,-9.460882
4477,672.5308,507.09946,18.924446,-8.914407
4478,925.14453,641.9014,2.8966892,20.47009
4479,492.23438,239.69579,0.4231208,17.390415
4480,945.41974,245.94096,-44.455894,-78.2539
4481,969.35944,126.5417,-8.356133,-0.13507512
4482,794.4466,399.46658,32.284313,-12.748013
4483,7.6104627,623.6358,3.8119261,-10.244953
4484,818.2167,414.29227,27.457264,29.818264
4485,790.8828,643.5444,19.922508,-14.863066
4486,552.11914,105.49473,-12.420474,-7.482588
4487,460.6425,332.1588,70.97479,-50.546104
4488,627.90375,627.6803,-14.410579,-46.709724
4489,703.6984,240.53752,-15.228287,-1.6843361
4490,653.5168,665.9453,19.12368,-7.0028067
4491,930.9532,832.5751,29.452085,-12.030875
4492,543.92786,230.76938,-39.56609,3.5154855
4493,38.201355,988.81323,-84.69975,-22.232027
4494,626.7412,830.99365,-13.784145,6.586698
4495,472.41528,911.866,-7.6872487,-0.6526706
4496,508.0851,853.797,14.521004,-4.145781
4497,1007.78174,991.98065,-7.9979844,-19.114153
4498,562.79456,184.68811,21.812208,20.4415
4499,348.96338,885.36615,-11.620157,-11.337056
4500,544.954,139.90988,-43.996197,-17.022434
4501,648.62366,567.1711,42.822205,-18.495035
4502,289.3693,586.04834,12.588538,-12.085716
4503,661.00214,59.40196,-30.46338,4.281371
4504,515.5321,586.0009,75.30167,-10.065085
4505,255.86618,897.86945,-20.40126,-3.9334483
4506,166.18544,532.6071,-44.033455,6.535205
4507,551.18225,243.56067,10.124586,39.60171
4508,508.06638,630.58203,-23.225441,35.57113
4509,26.547035,541.663,-20.749474,8.660971
4510,754.82855,6.2357764,20.817547,8.160264
4511,303.64233,556.6298,-26.59597,-8.283222
4512,355.24948,532.6364,-23.792892,-50.14215
4513,932.0081,54.667877,-7.8357344,-8.489862
4514,865.43146,495.3402,23.180717,13.482818
4515,109.92117,886.8488,23.788683,-7.2005463
4516,689.4816,768.13824,-68.0492,51.449394
4517,861.0334,62.396423,-28.490887,10.106223
4518,200.28326,548.0133,-5.3438644,69.473366
4519,640.2209,488.06647,-17.36976,3.6762981
4520,839.0063,599.7803,49.177456,-7.931139
4521,589.5373,177.61246,8.318106,10.863325
4522,92.46372,142.18007,17.27571,-33.928703
4523,520.13403,597.42065,-9.332107,37.723206
4524,261.0899,970.4108,-11.012119,36.777664
4525,931.1236,467.4362,-21.3324,33.543514
4526,606.1725,1010.94745,-37.75434,-18.030293
4527,822.46625,244.24179,17.759098,2.486643
4528,434.46555,452.58688,-14.800874,4.508319
4529,830.59894,568.3582,-2.8772917,-11.732581
4530,22.995182,995.5466,23.85162,76.55799
4531,833.71857,875.14374,-19.693111,-40.98785
4532,559.1349,748.05273,12.841306,-9.913997
4533,987.1117,666.3076,-3.253621,-48.7889
4534,745.3668,394.4031,26.63711,-27.041933
4535,138.14893,158.03577,-18.148268,-12.533353
4536,890.5558,477.6253,5.359386,9.788723
4537,650.95416,424.49954,-15.590268,16.120792
4538,49.147728,259.00128,15.637784,5.8115053
4539,940.3857,864.50415,-29.94885,51.47505
4540,64.969215,489.27948,-7.4539056,-55.816975
4541,568.4557,512.76697,-51.93852,-6.867649
4542,216.11774,232.08157,1.0578412,-12.642812
4543,6.7684817,881.6471,-2.6779733,51.875854
4544,218.48895,317.5359,2.9989996,-36.30463
4545,842.231,926.9768,-11.761106,-11.409166
4546,4.543445,215.80188,22.094099,8.237575
4547,811.6773,943.34576,23.246542,28.8646
4548,141.42358,369.6125,44.75998,-1.9999995
4549,774.898,208.0688,-24.062632,-39.88404
4550,868.3407,499.19064,12.762378,24.010794
4551,80.57853,164.55132,-17.914228,-27.006754
4552,119.67817,760.3641,5.2997513,-29.174335
4553,731.9873,661.1551,67.51614,42.43
4554,1013.23584,149.87207,-9.110026,12.650122
4555,999.72125,724.60767,18.0721,-22.553831
4556,210.14502,356.33203,-0.36911073,20.421804
4557,782.74945,179.12805,20.324335,-26.882273
4558,818.7985,444.54364,34.195347,14.024981
4559,444.26184,219.86046,-3.7909853,8.2481575
4560,449.61935,254.86172,-30.308638,16.804733
4561,854.7966,827.3949,-4.494154,18.183365
4562,241.78253,755.4707,-27.835995,4.6295505
4563,63.852463,283.23294,8.535162,0.2528127
4564,958.8296,318.63477,42.1667,-13.33012
4565,445.78284,290.75546,9.040339,11.409703
4566,907.3824,387.36252,11.052255,11.117822
4567,656.06476,1008.4811,-2.3074539,-8.943772
4568,83.468895,22.011507,13.707174,-17.549484
4569,738.04095,103.84526,-31.667093,4.1585383
4570,739.44434,186.87387,12.97602,47.125652
4571,314.63968,33.077465,-31.072695,-6.802671
4572,592.2999,392.25,-9.615186,1.7887655
4573,313.98492,870.7319,8.331278,15.672307
4574,477.95453,424.77048,19.90744,-7.7343345
4575,551.37854,111.23768,22.301752,-39.130947
4576,163.08012,706.3838,-39.414093,13.606905
4577,975.46906,502.46082,43.660183,-75.68599
4578,497.7983,907.5967,12.205015,-52.83465
4579,590.73376,154.90036,-11.471231,-2.3129826
4580,115.510025,876.3341,-22.358816,14.92815
4581,834.56494,279.15842,11.27455,-6.479422
4582,41.360077,425.7478,-42.53326,-39.155083
4583,542.7176,96.25875,-10.311831,-37.292442
4584,154.6936,12.468622,5.400778,31.117382
4585,572.1084,127.24493,-2.2983627,-9.920739
4586,120.271645,679.60284,38.72473,-6.948687
4587,874.241,658.0489,24.26548,35.566177
4588,638.2845,411.2806,17.832312,19.016039
4589,1000.6617,854.77124,19.481808,-17.670866
4590,974.8484,962.8956,-30.551588,-9.234549
4591,274.4412,705.7776,23.822023,-37.09516
4592,432.15155,782.4846,57.93126,38.55115
4593,192.69626,680.8697,53.35115,29.238493
4594,646.1155,147.86227,-27.400923,-3.7566483
4595,359.6108,400.58658,29.10681,-31.201458
4596,281.31168,401.82938,-46.152557,29.66098
4597,579.0646,365.42346,15.855005,13.051204
4598,96.16101,198.33391,-6.656609,-10.813199
4599,249.17789,501.0607,35.39897,-11.462658
4600,976.1406,325.79617,-46.10695,-12.0847435
4601,698.4259,520.8402,-7.4993486,-11.897571
4602,409.49954,950.3086,-19.364609,32.223236
4603,864.59216,330.9246,-24.038754,9.454061
4604,201.8378,525.4486,1.9094335,-37.07917
4605,99.990654,899.77155,36.31384,-43.604645
4606,35.445362,108.03864,25.372602,-8.040423
4607,589.08826,182.05402,-36.060005,-40.2978
4608,571.3133,64.666985,0.6690493,6.5034
4609,525.6667,978.7252,26.148922,8.602188
4610,86.89886,753.3041,29.367735,3.330976
4611,113.55073,314.3342,13.917536,8.8024845
4612,464.03525,202.30234,5.8055277,45.24218
4613,114.26338,481.22614,18.647018,-1.9573286
4614,228.0233,771.46893,12.004641,7.294781
4615,844.4255,1.8726643,3.5348988,2.97853
4616,815.91296,213.48395,52.682487,-3.0852244
4617,73.28312,169.61607,3.5736825,-24.254608
4618,299.93442,33.002975,19.100676,-50.0725
4619,756.75684,354.7754,-2.739933,26.760035
4620,607.6229,20.637186,16.457968,-24.378593
4621,603.3827,885.3762,20.367813,2.8659601
4622,725.1985,983.04724,-11.227849,-10.528377
4623,328.6277,628.4664,-15.399419,-11.845892
4624,613.1023,33.68504,-12.082823,37.572685
4625,496.28088,338.33527,-37.453075,4.252088
4626,865.55255,690.6909,-8.316856,-11.7193165
4627,681.0015,303.19708,-8.726265,0.32574773
4628,400.11035,388.4817,2.3291,-29.074112
4629,909.2066,603.31714,-4.386454,-9.243516
4630,935.10004,380.98724,-14.439648,13.814206
4631,742.02466,537.7655,41.38522,7.218355
4632,364.83472,351.11078,12.70318,-24.037994
4633,635.8405,1017.61786,-45.816532,-3.5207644
4634,40.619534,619.9984,60.28192,5.764267
4635,789.7152,434.00922,5.60356,7.011046
4636,853.4965,39.918545,-0.7111134,9.556537
4637,7.618148,197.83176,65.67825,-52.36371
4638,346.24203,106.01234,-43.193134,38.533947
4639,986.43585,493.27213,-3.7310083,-5.3996162
4640,570.873,692.6992,41.793053,4.5537267
4641,455.40253,790.2985,11.929275,-1.0821369
4642,629.01544,104.292595,-8.322203,-2.2497628
4643,240.87166,943.54175,11.593014,-7.874749
4644,476.0406,324.6292,8.033985,-1.9301537
4645,442.46512,931.6222,-6.95661,-9.82467
4646,995.56213,680.81445,-1.6466994,-27.72622
4647,845.1904,927.5315,8.934787,-19.236473
4648,298.7842,621.58105,-22.720491,6.401692
4649,780.4962,588.1319,11.09264,3.1791863
4650,363.40344,813.55945,19.95178,-4.882472
4651,842.9792,884.88715,12.415013,-25.06068
4652,744.4126,676.95734,25.895157,37.484303
4653,509.20547,850.42773,5.0994315,-14.351052
4654,449.8459,281.22974,-3.234988,34.988987
4655,662.5892,420.82687,54.896877,-2.9329696
4656,446.86163,930.44464,6.3296223,-21.91555
4657,304.0495,521.00525,41.10439,-7.911768
4658,130.18135,666.6767,-22.133522,10.681245
4659,50.38924,769.0916,13.10608,52.47968
4660,736.1515,925.5192,-2.2257485,39.669373
4661,265.85754,86.77561,35.314083,32.25738
4662,353.4245,243.8,-30.403185,-27.618645
4663,254.3995,153.95128,15.151807,-14.084677
4664,466.0599,417.08282,35.043797,28.120802
4665,778.5174,174.02484,11.986137,-38.255157
4666,529.99255,242.9732,20.892508,-13.877407
4667,277.68884,197.45952,-5.0081735,-6.3728194
4668,174.49255,751.0865,-13.000848,30.905045
4669,793.9084,268.5052,-32.214867,2.5654068
4670,393.64108,467.23746,-17.956377,-39.682972
4671,843.6832,591.8482,-34.58761,3.7684515
4672,941.93933,377.69553,-8.482258,12.4161415
4673,905.15485,126.48395,-16.5046,-3.8718293
4674,197.80576,400.09018,-1.798768,1.1173327
4675,549.7558,910.8367,24.974771,-24.318308
4676,479.9874,2.3177488,14.680997,-17.723377
4677,872.96655,514.8724,17.014406,32.976055
4678,131.62666,903.69574,-25.90754,9.198063
4679,29.24742,473.64117,-80.93228,2.0023582
4680,528.6243,76.89653,-24.201614,6.8664894
4681,331.53683,504.9001,-51.136387,-15.478763
4682,489.03128,292.53076,26.22518,-12.673504
4683,920.1357,533.1174,-30.187271,-36.892338
4684,789.383,4.5327177,-4.7915373,15.025435
4685,804.24786,224.67126,-28.13849,15.873535
4686,531.46826,215.79341,-23.615797,-2.9028215
4687,461.25607,392.93567,12.246103,2.4732199
4688,234.70102,514.3211,8.5751295,11.409775
4689,747.0825,406.99652,43.330135,20.935638
4690,317.92105,941.9557,-10.53142,-21.946056
4691,499.4711,679.95416,44.42268,-20.422789
4692,108.00367,817.564,-41.117336,37.828957
4693,901.2329,264.8193,31.963102,-29.86464
4694,516.0915,431.07544,8.766157,-31.691408
4695,673.2072,163.34409,6.9659843,-20.286615
4696,611.05176,204.78323,-24.959604,-33.004044
4697,395.30624,214.98302,-38.646603,-28.71893
4698,795.366,71.18617,16.53195,-40.639565
4699,598.47437,240.35788,12.658772,9.950095
4700,563.846,298.136,1.3743725,60.73808
4701,212.21614,511.44568,38.398514,-61.2303
4702,75.366295,157.74927,3.9536378,-60.753193
4703,729.7533,282.9624,13.980874,11.821471
4704,634.56805,291.7969,-25.436533,-25.680365
4705,395.06906,756.0124,-12.864518,23.984861
4706,734.4304,783.08417,-22.679655,-0.15379624
4707,595.8509,0.0036621094,-69.37162,53.87712
4708,524.4367,582.355,2.2398853,-8.116812
4709,306.5312,15.490856,7.4765086,-3.5982246
4710,245.15889,131.69766,10.084213,6.6385074
4711,139.31334,481.0147,4.837317,25.00463
4712,437.1308,694.86523,1.1309156,7.0320516
4713,955.9426,258.74545,59.5835,-60.097603
4714,50.949055,842.92535,-24.967209,-38.9118
4715,15.8999,218.04677,75.79097,-13.412336
4716,26.393267,691.03345,-28.348942,-20.204067
4717,426.28607,717.3594,13.621554,-6.3349996
4718,926.49567,396.8252,22.744421,2.8580585
4719,319.41974,657.3699,8.638356,-24.262066
4720,169.24121,872.52826,-4.283401,-8.790328
4721,968.8748,306.6058,11.963425,-8.494096
4722,331.3128,976.795,10.517457,-41.989033
4723,135.2592,533.07666,-12.610904,3.1558018
4724,699.2259,102.134735,2.1098769,-11.816693
4725,949.0744,1008.76373,6.517452,4.40996
4726,753.83246,39.698334,9.241469,19.236834
4727,721.39685,549.19354,4.857577,37.46593
4728,22.448109,539.47473,6.7220526,18.053
4729,932.9672,670.79364,11.824005,-47.833523
4730,77.58304,927.39136,-7.875754,-4.708798
4731,38.21035,944.2853,-60.90744,7.750813
4732,325.1886,665.7965,10.787509,-9.29952
4733,321.1294,506.86963,16.109095,-5.768934
4734,819.63763,716.1862,6.385263,3.9426394
4735,403.7972,304.02063,21.018257,0.5011024
4736,858.7714,624.4298,46.665344,-39.633537
4737,164.67181,1021.9825,8.391387,-8.162983
4738,595.0281,319.412,0.4935698,37.168987
4739,875.4721,456.1279,3.278104,23.180447
4740,463.07764,335.3074,3.5668695,1.1206658
4741,78.5023,746.64343,64.35737,12.925539
4742,157.04576,148.7112,8.745253,10.565865
4743,827.6515,240.02553,20.763725,4.4219213
4744,119.02422,566.96094,-8.088965,-21.502577
4745,550.57983,484.643,-41.379665,10.522812
4746,306.6607,300.2917,19.659227,78.262665
4747,587.74677,889.7495,19.895824,7.7826457
4748,487.23444,217.40628,4.6243443,-0.61267734
4749,460.4093,954.7836,18.395031,-31.11008
4750,945.989,520.9946,43.00403,-6.4840026
4751,590.0636,32.89022,18.73381,-18.874409
4752,845.58685,890.46765,24.700024,-19.745226
4753,301.07355,319.97086,22.73231,42.354374
4754,840.5706,146.4143,43.108734,-15.888686
4755,397.4042,767.4843,16.01067,-17.458479
4756,135.42601,912.9099,-4.4789267,69.6864
4757,645.55865,385.187,18.657825,-26.396973
4758,553.9581,655.0914,0.033385836,23.170753
4759,389.2117,971.6812,-31.413343,33.36933
4760,951.5334,851.4803,-42.518383,27.043957
4761,334.88132,604.3065,-0.15551734,-7.2068295
4762,106.8097,1012.2345,-18.399607,-21.653349
4763,611.88403,353.4411,35.831818,39.336105
4764,521.0266,129.02809,37.923054,34.536697
4765,83.031624,28.789864,-22.238598,-34.33582
4766,991.7202,173.38922,-22.103226,-26.507132
4767,72.05298,579.2282,22.751469,26.47943
4768,324.65256,392.70926,40.08006,47.374153
4769,229.58731,537.63776,15.22647,29.76972
4770,256.35422,263.8264,-9.39612,-6.8150396
4771,858.9202,74.49288,16.525845,16.028053
4772,32.178078,877.84393,21.998034,-21.318306
4773,199.32251,707.29297,12.529775,-89.123535
4774,594.5825,747.56274,-7.2457886,-21.02509
4775,800.9446,18.319717,55.743168,29.39442
4776,122.00371,716.08215,-9.867235,-24.920874
4777,548.5997,24.6377,4.3208165,-16.226528
4778,525.97437,382.21265,-24.092012,26.476166
4779,764.9831,770.22186,4.0346265,-27.206676
4780,792.6949,11.57916,14.835883,11.619781
4781,398.79846,716.1131,2.0171041,-45.83366
4782,90.28798,164.49907,2.0594258,-2.9887567
4783,786.30914,667.4512,-12.092877,-6.8470435
4784,998.8807,197.85098,-25.599504,27.063587
4785,647.6229,115.161644,-43.44324,1.734753
4786,138.57253,608.5855,17.365114,-5.7466702
4787,168.8812,729.96533,-20.219639,33.17608
4788,348.7665,665.1623,18.02121,27.130182
4789,829.8218,125.195755,16.785141,71.82974
4790,51.24705,531.38763,-4.9386406,-16.079847
4791,549.2173,30.707994,35.176617,3.0103385
4792,136.72893,815.7338,-22.591715,-27.451687
4793,984.58344,981.1257,-29.488008,-16.11003
4794,920.76843,689.28516,-1.6132032,-10.600723
4795,402.74847,624.35626,-7.3970976,0.7886139
4796,40.248726,609.0285,24.558222,15.098436
4797,605.9688,185.2688,-10.159393,56.1951
4798,268.2149,78.992905,18.428907,-10.34447
4799,21.984015,26.684431,-21.06788,-53.440086
4800,788.6501,592.0034,22.165205,4.4816384
4801,519.10236,932.4393,-29.01565,21.667162
4802,955.53394,17.217644,29.450348,-49.113003
4803,30.329409,128.77316,8.76247,-36.773285
4804,559.001,764.1059,-43.70625,2.3755035
4805,783.51215,462.00677,-14.600491,-3.2774305
4806,384.45917,143.61954,4.742886,15.9986925
4807,971.2419,601.1156,2.3794136,4.4163013
4808,871.5871,626.8962,-16.029198,-0.2604913
4809,217.77629,718.7787,76.48343,-45.586117
4810,364.795,461.8871,-22.678082,10.106288
4811,123.603004,807.668,-44.759827,-15.0473385
4812,559.2255,517.3049,24.470768,24.052824
4813,924.16736,720.7076,-9.559155,65.13802
4814,730.089,1001.34766,-1.0906214,37.892784
4815,763.2794,89.32926,2.9221709,0.14926732
4816,597.73,577.53064,0.24865015,2.8477535
4817,599.651,174.13878,-21.675686,-61.406216
4818,689.60333,36.74269,-1.6873337,-9.674698
4819,257.73285,934.33435,-9.40204,-7.0993567
4820,217.72227,14.500687,-56.869205,-15.056629
4821,44.12945,456.41766,12.740205,11.047522
4822,798.9014,152.57198,15.262959,-26.017239
4823,960.1897,130.66127,-3.03759,0.28747922
4824,692.92584,31.902128,20.478764,-25.542913
4825,859.97186,839.8564,-1.8628585,-0.6249958
4826,202.04298,535.5591,7.77659,-40.15747
4827,592.12805,537.5066,-52.85695,38.2032
4828,575.8451,742.39716,-14.1276455,-14.15429
4829,702.37964,398.44476,-11.251766,-42.132942
4830,147.21884,82.48441,54.074184,58.964783
4831,593.75134,120.2113,15.499585,-5.2497973
4832,845.5135,949.4659,5.6023536,-11.645413
4833,492.52518,406.46545,14.585822,-5.9258976
4834,757.4572,1018.734,17.463528,2.8286257
4835,240.85359,691.3403,6.5586205,-25.879032
4836,253.93724,987.86816,-37.28257,-64.5955
4837,438.27246,141.22214,-4.64245,0.9667149
4838,58.919807,705.79083,3.0625412,-10.910856
4839,118.62595,683.7718,-1.6059809,-5.0314326
4840,798.6756,6.495864,17.205025,1.8955202
4841,273.86176,402.2976,59.049477,-43.23171
4842,1021.4122,839.5982,8.810315,-22.483383
4843,617.88495,132.62216,9.1739,-35.52961
4844,423.14368,165.31879,-15.664861,31.207588
4845,646.28314,175.48944,23.672506,0.28350976
4846,959.87305,683.1754,32.820423,-4.1469965
4847,190.17767,68.853325,-14.356824,-2.0104604
4848,106.696,261.8217,-0.012152632,-48.434162
4849,108.664764,655.21155,67.391785,-15.681697
4850,1002.65735,324.74023,50.379543,11.024041
4851,383.70328,440.29153,-23.661846,-68.12391
4852,467.10886,195.54758,12.457332,12.950613
4853,719.7935,337.9716,15.827981,12.8722925
4854,564.728,46.412155,-7.532842,22.851948
4855,298.6841,966.25934,5.846552,-18.470875
4856,723.743,797.2335,14.557711,26.131817
4857,313.52823,362.67422,-15.416831,14.350277
4858,642.7305,254.13858,38.190212,-10.984054
4859,237.95895,698.63226,-3.6404214,-11.90503
4860,169.44176,343.1571,-23.999456,-14.566497
4861,260.91354,837.8162,1.9593471,-5.2231627
4862,867.2254,491.6304,5.45987,23.300276
4863,1014.2619,753.7044,2.8749113,-10.72292
4864,896.228,677.1404,5.320961,6.5664372
4865,880.4932,743.56433,-21.135963,-4.85369
4866,348.39066,136.11151,-12.254691,5.5680656
4867,543.4711,690.051,-2.9436789,30.863016
4868,404.66095,270.85995,18.065674,19.731712
4869,167.12291,971.62054,-13.500109,-0.040543146
4870,166.40656,383.91772,9.796019,3.5330896
4871,708.10876,368.97858,-22.315657,-8.869598
4872,289.8334,386.23187,-76.2461,16.042274
4873,248.4984,478.6043,38.253326,-3.708964
4874,90.856415,818.3536,-22.096249,-25.742193
4875,830.5552,794.8573,17.939981,-22.692987
4876,953.9991,1013.1629,-3.6197302,-11.4607935
4877,332.25842,717.42804,2.6695514,14.646967
4878,492.72787,792.54193,-44.08526,48.30473
4879,357.50513,335.99762,-5.353991,-32.218166
4880,221.59619,627.7957,12.886479,-9.215925
4881,622.266,94.64653,-0.57187676,-16.648157
4882,608.41614,212.41214,-20.636202,-30.443424
4883,691.90485,34.77567,14.561288,5.160911
4884,540.3658,510.03647,8.364432,26.273752
4885,849.8291,695.69806,1.6452986,-14.863815
4886,815.0119,439.85233,-5.1374936,-17.973825
4887,786.7618,626.503,-2.2172527,-2.6884253
4888,907.6927,747.66833,19.878513,-3.0239115
4889,998.83905,623.5234,-3.109624,36.8251
4890,581.1232,960.2647,23.286955,2.1805906
4891,206.32274,567.56036,-59.43464,-22.643753
4892,35.974556,448.2102,44.052616,-4.665461
4893,221.48874,740.5295,84.67129,22.119648
4894,771.5706,249.3327,26.367496,-33.92625
4895,293.62698,277.42236,53.246815,4.9126754
4896,70.685036,91.27617,-8.011228,4.134716
4897,268.46417,597.0202,9.791956,-65.6008
4898,432.45187,519.43054,3.5681813,46.932575
4899,713.0671,528.28534,-13.305594,-17.53869
4900,899.8755,745.4778,1.0494858,-11.8950205
4901,717.8592,361.63904,-2.456136,33.55367
4902,420.82474,758.8678,-40.199276,32.027035
4903,382.95007,629.96356,-41.22917,25.950766
4904,64.587746,181.05959,50.212833,-3.2406793
4905,374.63004,454.1001,-30.205875,-40.390034
4906,23.996523,662.6278,-7.837168,-6.537727
4907,811.4365,510.74112,9.519104,13.893227
4908,825.90314,724.13,28.599117,25.683819
4909,639.07874,890.83185,4.088517,-24.395199
4910,21.431816,146.73158,-15.851953,-6.823515
4911,776.22125,313.0641,32.82126,-10.264096
4912,727.00146,537.8598,35.892036,13.049764
4913,480.09723,489.7178,-3.99312,-1.3111669
4914,898.24854,986.94934,-40.31289,-13.666867
4915,987.52216,867.02,1.6212461,-1.122861
4916,200.22449,726.5002,50.07102,-61.633255
4917,207.35303,752.9045,71.944016,54.074562
4918,647.0665,457.32294,7.22544,-19.200052
4919,311.455,19.09776,-21.794844,-1.1593343
4920,43.362,363.6756,-2.0995445,-23.190256
4921,426.68048,759.75073,-35.22658,40.554726
4922,997.0322,189.4709,-17.64784,21.472305
4923,316.85638,342.6521,-9.522351,25.186573
4924,741.0935,939.0971,-26.21672,-39.343178
4925,910.20856,79.35377,12.68345,1.3825651
4926,378.91168,203.65671,-43.637535,0.86301225
4927,956.54285,969.0547,-19.910706,4.5571346
4928,880.184,718.59735,4.691272,-15.959252
4929,851.1657,996.8065,-9.76401,-12.750138
4930,986.35236,693.2692,16.768835,-45.416214
4931,264.5599,33.810802,-15.138545,-9.490026
4932,474.6174,659.5136,-24.094276,-3.0496035
4933,927.0748,467.8992,-34.40887,44.497704
4934,102.79032,296.41574,-31.984858,36.20976
4935,268.45386,902.065,-89.88205,4.6063566
4936,61.841972,598.97675,-38.83871,12.831086
4937,281.4863,84.1337,21.29821,18.565517
4938,556.22144,588.5564,-8.321077,76.55886
4939,580.44666,654.5548,50.48529,-2.4269266
4940,669.1027,62.488197,-9.624791,12.029762
4941,345.26535,32.879528,-23.942406,19.626444
4942,119.466545,84.22688,-10.546716,-57.72906
4943,38.429977,480.97382,-81.65828,-14.215115
4944,141.73268,730.7585,9.631288,-22.40694
4945,86.46714,433.7306,-1.1242851,-11.918982
4946,90.03399,5.6140337,28.120838,9.204659
4947,750.7331,33.2567,30.740896,16.709187
4948,543.9446,6.2861347,50.383957,23.5642
4949,484.09302,1008.4165,48.669613,-6.6847973
4950,377.88535,402.56375,19.278397,3.2958324
4951,268.53827,709.53723,29.913664,-33.306458
4952,113.110374,423.28458,25.29,-21.366125
4953,99.5941,591.43915,-9.617701,-3.3476632
4954,460.11017,999.9932,33.725685,-32.955406
4955,981.35486,502.43048,56.362198,-70.16625
4956,875.3735,304.89972,-2.8703225,28.206139
4957,340.27768,493.33438,-23.391777,-51.74355
4958,518.0929,565.7744,16.717852,9.2541065
4959,225.78772,288.87454,-3.1381161,52.460026
4960,1002.11835,654.5723,-46.619884,-4.187539
4961,524.5035,900.2199,4.9832563,30.461466
4962,552.65576,145.91827,-24.686556,-44.974213
4963,94.09,840.0594,-17.789534,-21.213614
4964,300.14468,668.42975,11.669849,-17.89391
4965,1011.07526,319.86856,-6.7370586,46.241287
4966,863.81256,867.9194,-19.529922,-3.8814828
4967,801.78156,941.6639,16.889317,10.075615
4968,279.9385,389.77136,-50.933002,8.718843
4969,456.83942,628.2911,6.153613,-2.904678
4970,435.26807,981.7126,-30.721067,-7.8283854
4971,408.2697,908.3741,6.993951,-10.973977
4972,717.9715,645.3847,25.6019,50.924976
4973,588.6623,103.46636,-10.882959,12.238219
4974,479.63583,650.0769,-15.90001,-2.4668834
4975,787.1352,261.90192,-23.32719,-5.744462
4976,352.20602,703.9886,-7.2398853,12.615402
4977,593.80304,587.4125,13.101131,-10.254952
4978,925.8027,454.54834,-32.44416,-25.957607
4979,962.11566,670.6119,-54.26437,-2.2203085
4980,16.922718,478.59433,-6.02701,16.5577
4981,939.6149,213.95387,6.8600416,-6.0038834
4982,428.81122,690.1074,-3.3933105,6.8520865
4983,492.0891,649.36255,23.500214,12.560799
4984,438.91953,290.5977,14.564465,18.505556
4985,231.10045,545.998,18.22224,47.46757
4986,973.9758,298.84518,20.500698,-18.968592
4987,593.07117,109.162704,11.45575,-10.974776
4988,1006.79504,178.52577,-30.268824,-2.3362107
4989,33.187782,3.0124507,45.103798,57.69827
4990,940.7053,992.8415,-35.235508,-44.951397
4991,859.0546,467.04727,10.920868,-19.112267
4992,709.52893,568.8819,-20.100084,24.391577
4993,542.1359,680.64044,6.0468855,12.614215
4994,836.90967,440.72272,21.904352,-29.1008
4995,391.97195,764.07684,11.659494,-30.957298
4996,249.12451,911.31036,-64.5478,-17.883411
4997,683.16266,192.01596,-5.1611433,14.378806
4998,400.5871,961.0896,-42.79717,26.320732
4999,267.54996,606.27246,-14.212598,-49.324844
5000,123.49327,147.66547,-23.202847,-16.925812
5001,23.862991,695.3309,-25.406614,-4.006677
5002,65.21605,588.6263,-64.49928,23.129457
5003,996.9836,608.907,3.353403,28.314323
5004,909.10974,585.8278,24.407742,23.457262
5005,974.8312,381.05466,-23.644861,13.443139
5006,529.21075,4.2224226,-57.41163,4.776975
5007,611.48584,278.52826,-31.59657,29.201963
5008,989.81696,711.7504,44.617744,-50.383488
5009,443.22003,731.7344,-20.746008,26.289099
5010,447.35468,256.07953,-40.565754,11.780911
5011,673.89465,1023.21814,-23.654755,-27.791098
5012,533.6202,543.68365,18.784645,-46.185066
5013,139.27333,45.348255,6.1429467,-3.3843343
5014,603.7985,301.7525,-4.637122,18.018667
5015,168.89194,717.5899,-2.5404294,16.278563
5016,656.583,738.3121,-1.305139,-16.646307
5017,378.66248,765.72736,-29.527405,35.27777
5018,1010.6682,711.17523,8.2048645,-14.291041
5019,810.1265,39.630367,40.84777,7.77121
5020,858.5453,870.98206,1.6995547,-21.014963
5021,771.99884,343.09366,53.474705,17.301998
5022,498.87994,788.2733,-45.967896,46.62979
5023,748.88824,151.08548,2.5223627,4.6593647
5024,199.03282,724.272,27.998943,-50.922176
5025,235.47937,1019.58044,-23.857233,-41.318016
5026,262.2154,499.67593,7.269838,7.341581
5027,650.2509,629.7839,-29.818966,11.789918
5028,623.42554,572.3198,-31.204325,-4.7351995
5029,343.82993,125.89472,11.530981,-4.670715
5030,749.85736,112.81323,-0.1357104,-10.450731
5031,224.75749,753.25653,25.981922,19.221003
5032,825.13434,715.3968,-31.04696,-1.8723874
5033,449.47186,452.7946,1.6225752,15.852148
5034,76.30165,658.36273,27.85924,13.982389
5035,1020.26465,718.6941,-40.069614,8.15633
5036,783.26447,1001.21185,-10.041868,0.103934206
5037,734.25977,693.87085,-22.40787,24.803547
5038,197.49033,681.7082,0.8928645,-7.8015785
5039,689.2592,42.963436,-11.775359,-32.95993
5040,273.94235,943.45233,-27.935646,0.82897943
5041,545.0112,360.71255,-29.138798,0.8250094
5042,446.5102,785.3244,60.683315,32.509224
5043,807.64905,853.371,-2.413965,-18.685444
5044,323.82358,499.17456,5.899763,-27.32146
5045,973.7471,248.4338,47.0065,-52.710716
5046,197.97209,210.65256,8.920727,14.272018
5047,572.6661,113.37387,-4.512078,1.0250856
5048,484.16867,292.68866,26.4913,-11.183128
5049,181.54565,887.9527,-40.41032,-57.793217
5050,407.00046,217.30943,-26.780851,-1.924854
5051,805.50977,937.2033,-2.683032,21.958809
5052,742.73334,756.8079,1.2690948,27.464659
5053,2.9784422,450.61807,-43.074905,32.54502
5054,813.76886,661.24396,-35.566624,10.937903
5055,115.480736,17.222889,50.56821,-30.764149
5056,840.4032,997.8342,-32.63059,-3.4661932
5057,287.10767,861.89044,20.812185,49.053604
5058,131.45625,465.87857,12.383821,26.491781
5059,1023.7851,441.7003,-46.52441,26.535778
5060,220.57094,179.69446,5.110735,-15.986482
5061,61.876945,780.441,0.0067619123,15.071693
5062,675.6185,523.7096,-30.676405,-41.47428
5063,238.7783,934.18677,2.617995,-17.568993
5064,157.78798,632.643,-28.750984,-5.1796956
5065,306.97803,316.79916,32.581764,47.36795
5066,726.7373,949.0124,-11.961178,24.625708
5067,1004.16736,326.53397,-32.67045,41.98517
5068,625.4673,202.64163,-1.3386002,-36.112427
5069,118.84645,391.5579,-16.916624,-44.1415
5070,44.217396,735.5062,21.792025,44.94147
5071,481.88718,763.5086,-48.76339,-28.37243
5072,682.9742,472.8812,-4.5560975,11.588339
5073,80.62057,724.1047,-11.934632,-51.8398
5074,829.54346,383.12753,-1.2779827,13.740704
5075,82.69179,803.87994,15.900465,-3.4117794
5076,875.06964,312.64435,-6.4908915,41.09671
5077,174.86551,232.14062,-22.013256,31.920366
5078,844.6311,636.144,34.785717,-29.764812
5079,452.8511,794.4671,-0.51988846,2.156901
5080,364.67657,164.4704,-8.401289,-3.6179764
5081,398.02164,800.1309,-67.89567,16.742466
5082,159.0069,352.10193,-53.049656,34.36267
5083,919.0248,397.95132,-0.5982629,-4.3304586
5084,641.8957,379.25916,-26.909979,-1.4986191
5085,393.09628,35.97275,1.262574,-20.752058
5086,1022.0638,216.66673,20.828335,12.237139
5087,18.68582,407.9528,-64.05419,22.686571
5088,67.63277,0.18159066,-34.78219,-1.0484521
5089,488.40894,983.4795,-12.42041,-17.21301
5090,326.30853,139.65651,-26.605118,32.101547
5091,347.61002,80.726204,-21.033358,-19.802746
5092,169.46213,700.70105,-65.25156,21.208
5093,253.1072,597.85834,29.972557,-1.0365361
5094,772.14386,718.55054,2.2869186,-18.3672
5095,418.93616,98.889366,-8.413227,-1.0937045
5096,507.50708,857.501,18.792364,-12.215246
5097,440.62823,315.17493,-1.7173233,-1.1732031
5098,704.09625,528.9351,28.508091,14.767474
5099,994.4036,991.0066,-12.954643,-1.0073259
5100,653.9563,319.80887,14.498977,0.044608336
5101,601.72974,921.8639,-25.69515,-7.2211576
5102,538.47095,1.2690318,-84.82695,30.07306
5103,387.5604,117.10698,-7.501862,11.973873
5104,664.6094,846.4971,-5.647855,40.42274
5105,116.78058,372.1115,-17.784317,6.8682384
5106,350.323,182.99199,-10.712169,25.404167
5107,328.39877,500.23724,-45.451103,-29.763395
5108,213.06442,844.4957,-6.5285807,41.197025
5109,729.79645,836.198,-6.129409,6.3274236
5110,818.03094,397.40613,4.3407454,-18.86839
5111,222.30331,799.3712,-44.352936,-5.1351256
5112,629.89355,620.78723,20.262436,-23.138872
5113,207.4653,686.7332,6.3249173,1.8509127
5114,650.8662,986.02814,-10.992707,-10.63388
5115,499.14056,581.04285,37.161514,-2.4750993
5116,165.7133,884.713,-17.123058,5.2403946
5117,121.79241,810.4258,-57.953396,-11.846454
5118,675.16315,55.196663,-30.28516,36.64902
5119,424.67093,770.75323,23.476768,37.928333
5120,733.64557,389.57513,-2.2877057,30.12319
5121,115.356155,663.8126,-12.177388,31.747412
5122,82.31625,877.4697,-12.086682,14.884987
5123,673.54626,770.31036,34.945663,-2.175646
5124,153.00653,102.95583,-10.991305,-9.607752
5125,492.08298,471.39,-16.180717,-29.607306
5126,575.3853,902.1874,42.148117,1.9455072
5127,475.87698,949.0527,31.855104,-24.661966
5128,825.26685,580.7829,-46.758286,-46.643234
5129,506.3093,116.832214,22.72299,-11.472456
5130,110.494835,378.2144,-20.518833,-8.006505
5131,107.1741,966.2268,1.5606867,3.420631
5132,74.88921,974.5936,39.59115,42.599525
5133,995.84644,587.3789,-14.785978,-19.665115
5134,87.90023,276.71732,29.072191,-38.88341
5135,586.5905,357.88693,-29.177164,38.85315
5136,845.07086,651.4314,-8.946411,32.873535
5137,894.74207,587.93915,-17.594011,12.382462
5138,267.32642,813.0831,-21.37086,14.174384
5139,354.4587,600.6295,1.9896307,-35.685055
5140,455.0201,502.28174,11.214494,-7.2831445
5141,892.6533,870.40295,55.450447,6.021525
5142,737.9755,351.21423,7.4852495,-20.536743
5143,816.8313,292.26938,21.144138,47.681614
5144,369.4515,753.2146,11.817563,-51.77863
5145,593.90375,182.7383,13.731175,22.539743
5146,366.598,135.7865,9.398988,7.1331496
5147,688.8804,608.37775,33.98135,-71.774086
5148,907.35486,587.4843,-16.112926,12.891154
5149,143.78413,102.094765,-18.553915,14.760401
5150,3.000451,448.59888,-19.328613,15.2182455
5151,149.17744,400.81754,1.202089,2.8819275
5152,957.92865,271.71365,-38.914722,18.095987
5153,400.62155,511.25616,-14.208876,7.5149584
5154,507.90375,619.4092,-9.239952,11.386136
5155,141.90222,141.4718,-12.639748,5.2483945
5156,123.33054,457.33884,21.399782,-5.9716806
5157,728.016,846.5624,0.6607953,48.08183
5158,767.747,881.43524,6.977336,-3.1619563
5159,64.23639,992.80927,1.6211855,-14.707145
5160,833.1628,728.4109,37.819626,33.177097
5161,129.31744,206.21323,3.3949876,3.4384866
5162,1012.80023,435.51578,-39.224133,14.466568
5163,781.8115,760.3698,-42.25813,-54.90711
5164,147.3449,195.693,2.684286,12.911186
5165,247.62923,698.2562,17.138002,-17.983702
5166,334.87302,924.70575,-22.003756,-4.89715
5167,214.88206,361.82684,-21.348467,-0.8632457
5168,730.62634,787.9588,20.099966,6.541964
5169,336.62564,453.59167,28.62426,-23.478842
5170,412.7186,409.70987,0.3185035,-1.1625526
5171,607.73224,350.87756,19.221008,16.523113
5172,409.03918,599.1883,27.70893,26.570158
5173,555.20435,695.9274,-30.232962,-6.6005607
5174,481.21686,628.47925,-11.465188,42.0116
5175,832.12054,230.13913,29.023958,9.623003
5176,636.1293,774.35834,24.419487,11.759552
5177,377.83133,521.2099,-25.95462,-4.5001535
5178,286.43207,394.55353,-46.116016,16.528898
5179,890.0605,390.75882,5.444922,4.5055013
5180,76.89342,29.315811,-19.126123,3.012817
5181,822.7566,283.211,-9.083965,7.780295
5182,768.9099,750.99243,-21.67677,-36.812862
5183,739.45905,754.62006,-18.33718,-8.758263
5184,531.8867,25.06889,-3.6544414,24.419325
5185,395.431,971.8034,-25.146442,42.978893
5186,181.49097,242.60892,-17.422092,16.31776
5187,353.64197,82.876465,-21.778069,-17.80363
5188,602.0426,555.5786,4.0895557,24.799623
5189,729.73553,288.91867,16.487751,26.159477
5190,322.40823,52.85274,1.2030716,8.759396
5191,93.7658,322.8774,5.2764645,-21.015024
5192,192.95834,735.9208,4.8177843,-22.191256
5193,12.041674,547.467,-11.7362585,-2.6816988
5194,545.59235,104.6016,-12.473358,-3.6054056
5195,612.70306,323.49008,37.89975,19.811617
5196,929.4906,700.04614,-0.28408206,6.456833
5197,845.79596,816.0202,-8.610748,0.1167266
5198,95.311226,16.063143,19.284523,-39.309875
5199,300.97498,471.3725,-8.17404,8.354148
5200,452.3835,800.9381,-4.6149263,-7.5106053
5201,915.2842,751.57446,6.5019107,3.8277984
5202,529.1765,214.54309,-52.896046,-4.688886
5203,366.39978,343.61536,5.216488,-11.760406
5204,364.09973,192.34683,21.101164,-26.080936
5205,272.46432,380.02246,2.8357615,-28.041342
5206,201.57706,607.0085,3.3626785,7.154358
5207,615.03674,251.48677,-9.502315,1.8148357
5208,780.5802,599.4986,8.681526,2.002245
5209,705.3601,237.4658,-5.027548,9.675466
5210,523.5162,388.42566,-5.7867413,15.50399
5211,255.918,667.07587,-0.20289975,-40.315582
5212,296.14017,428.455,-13.282266,6.5966673
5213,559.158,125.995766,20.258862,54.208828
5214,858.4697,742.70905,-42.721004,-9.644475
5215,4.6625433,274.3147,-10.512293,8.109492
5216,802.6629,787.85846,9.068068,23.421091
5217,256.7919,787.49115,0.7530084,83.77299
5218,990.2124,410.30493,2.8842912,-5.0972214
5219,631.44116,328.19324,26.941603,11.56377
5220,411.31454,435.3066,3.874476,-1.6086627
5221,253.95885,950.77295,-16.689232,5.483425
5222,686.22284,715.2274,-28.965729,33.05022
5223,954.6754,262.2813,-5.9733486,-52.058575
5224,262.9148,793.25397,-13.741837,24.740774
5225,509.56754,675.48285,-10.149699,78.383255
5226,766.6087,901.63983,14.1698,-30.471962
5227,860.3702,844.8684,-1.0913222,-3.1737137
5228,163.54797,650.4603,12.340985,-9.463337
5229,529.0643,566.5093,-17.217623,71.04831
5230,743.4258,45.1944,-2.6638725,21.477951
5231,725.99713,664.99274,52.62226,32.570675
5232,26.39821,568.4418,-11.572683,13.892233
5233,435.4072,251.5245,-26.39205,1.7173214
5234,688.8076,469.11334,-11.842555,-5.2929864
5235,502.80518,576.42773,37.81599,-6.453734
5236,322.20282,501.005,37.23027,-25.69133
5237,1023.3081,501.72818,-0.044260893,0.5662518
5238,25.88066,194.40317,-10.302867,-26.988241
5239,727.6952,993.27466,-44.91729,47.721756
5240,496.16144,279.6538,-12.004059,-22.770102
5241,998.0743,329.2717,-41.746704,42.395893
5242,371.42352,559.9925,24.665073,-16.496128
5243,293.4155,395.2298,-82.017685,-9.11302
5244,760.4863,146.4474,7.367767,15.090846
5245,418.9977,767.3028,9.652368,43.95125
5246,628.4064,369.0037,-22.663498,8.7483635
5247,22.955463,240.8001,-8.79514,-2.239032
5248,330.07187,710.04016,13.853709,11.079253
5249,334.00604,386.97754,7.021056,-3.0785592
5250,394.95135,915.3341,55.41849,-27.39316
5251,57.13226,9.796231,21.600742,36.74064
5252,172.95752,148.55154,41.35255,6.314171
5253,359.89505,76.20203,-6.211545,-25.929995
5254,194.30067,491.2871,4.5492373,-20.346842
5255,896.7233,387.76862,0.44575214,-7.50757
5256,784.2047,116.368546,3.6618767,-3.1595242
5257,148.93935,523.9293,-10.345611,-10.454992
5258,863.9508,629.05133,-13.8304825,18.091967
5259,416.48724,732.2973,-24.05006,-43.5395
5260,976.90564,75.447525,-5.82449,-18.58368
5261,401.91562,833.6695,24.005112,9.524476
5262,866.35895,192.90349,35.103275,-19.875547
5263,94.7271,666.5083,40.769173,15.108213
5264,530.9637,6.087768,45.700386,-55.360596
5265,69.36182,979.862,-11.3051195,19.98239
5266,267.43094,467.8138,-3.3645217,-15.388139
5267,568.647,963.9581,19.580553,6.6092453
5268,328.68375,918.9728,-29.983894,-2.6657028
5269,958.8628,564.9915,-6.278298,-43.60406
5270,316.6279,861.2456,18.217503,15.378519
5271,780.1683,754.4294,-28.75464,-26.405481
5272,450.73196,784.02405,-10.220194,11.420331
5273,44.847298,706.19995,-24.849184,17.263525
5274,904.1821,580.1397,5.9377265,4.5608077
5275,807.64655,394.8707,39.58386,-1.9605222
5276,1003.16956,42.29895,-11.76113,9.134097
5277,311.1168,175.80531,-30.535618,39.465973
5278,195.45045,944.7389,1.2543756,21.730547
5279,670.6763,417.37012,25.55741,2.3227494
5280,315.74268,843.76886,18.450981,39.02243
5281,948.38837,932.05054,3.9327056,30.96916
5282,268.6023,919.2976,13.258192,-35.57855
5283,307.93314,166.8848,-13.351804,24.537886
5284,999.3726,560.291,-0.7762891,-16.662306
5285,296.74393,282.49655,50.934917,27.961565
5286,412.60184,440.83868,-3.670519,-6.065516
5287,442.1022,113.72943,3.6383035,8.22797
5288,657.19666,157.30322,38.99385,23.331253
5289,730.45074,235.65547,-28.0321,35.99879
5290,1009.76953,104.53876,1.9652207,11.195682
5291,896.67145,461.27658,-38.794724,33.690327
5292,828.1913,635.11523,15.441091,43.14843
5293,476.1084,13.176209,3.9145312,-16.92158
5294,235.73758,611.65607,-3.7820787,3.5795753
5295,47.069496,260.27066,-7.518187,14.886615
5296,668.54803,423.91034,-40.730236,-28.917822
5297,410.99557,836.77246,35.083927,6.8160467
5298,386.38428,853.5795,-28.738567,22.40621
5299,694.4393,1018.1569,-4.511349,1.1560017
5300,811.20557,802.3926,22.272865,-0.73502827
5301,232.42168,551.2002,12.683238,-8.822237
5302,732.72876,704.83105,-24.57922,63.50297
5303,558.44666,477.98987,-35.33657,3.8318908
5304,99.25937,29.999638,-10.079705,27.765823
5305,528.3319,130.719,-37.38629,12.110344
5306,341.9868,146.07878,-18.352545,47.71215
5307,442.5532,438.27087,-21.56964,-5.058748
5308,55.846146,482.7751,-31.909145,-16.986183
5309,41.0965,831.1795,-9.371823,-0.45518008
5310,796.51666,347.9416,16.27908,-18.125816
5311,104.448364,259.67932,-13.430641,-16.216305
5312,801.2733,126.66007,-24.778887,-23.289234
5313,1008.3463,214.59024,73.440895,52.0234
5314,666.47736,925.0937,-5.780105,-3.5780737
5315,594.11523,700.2517,-7.790038,-3.0325768
5316,744.1768,849.48065,37.64656,13.036406
5317,6.5755057,895.69336,-13.904349,-13.962932
5318,861.95654,548.9875,-14.890968,-13.34573
5319,597.1121,1003.82544,-56.274487,-29.261911
5320,584.29,897.95386,3.8987556,2.035569
5321,291.38495,454.04388,-2.953385,53.269436
5322,901.4964,875.4543,-18.802488,13.505655
5323,435.23572,184.28938,-2.2678795,-3.5393934
5324,14.356217,895.16797,12.253052,3.6197498
5325,915.67267,938.38965,15.680874,5.2402887
5326,88.49476,630.9568,-11.791499,-1.072629
5327,745.7089,365.22827,-10.677082,-55.63063
5328,714.978,373.78293,-7.145547,18.42983
5329,829.7696,131.16927,52.61736,-29.722471
5330,919.69794,486.4997,-37.149487,81.9751
5331,252.87914,765.4188,6.288642,26.354692
5332,941.61957,250.13033,-56.97085,-69.67297
5333,705.90784,65.96244,-11.937383,11.913976
5334,826.25946,711.976,23.525373,-6.9836793
5335,712.6128,1016.93896,44.593708,-25.588163
5336,921.9871,497.29044,-45.885044,22.514471
5337,9.351952,365.0639,-7.8368955,-22.186747
5338,22.791636,29.500278,-29.961086,-10.099959
5339,989.1691,473.69318,6.9657993,49.377872
5340,922.1429,701.8867,-8.002528,8.206783
5341,548.37164,906.6692,22.139988,-14.079172
5342,43.548046,694.047,-31.460659,43.626007
5343,629.76056,989.729,55.82943,-70.5909
5344,714.6964,653.31256,89.581924,8.664823
5345,979.8647,505.7562,62.534836,-60.81429
5346,938.1527,425.24188,8.997866,9.048164
5347,302.94684,414.17422,46.540676,69.815475
5348,652.37335,604.94116,2.3093672,-9.5331545
5349,162.89723,640.91394,-9.44944,0.9017295
5350,664.38715,516.17883,-66.41192,42.647015
5351,806.5024,25.970097,72.374565,44.442936
5352,109.31624,486.14777,3.3226693,10.749382
5353,689.25757,469.38586,-27.972616,-10.451345
5354,422.19006,785.52875,19.81555,-0.18151037
5355,120.82604,572.486,12.444737,-74.24249
5356,83.753235,459.9604,27.020094,50.286213
5357,930.4664,860.47314,-37.445637,-22.47404
5358,795.0034,223.83723,3.7470212,-57.143986
5359,776.9396,867.3683,14.343623,-34.777103
5360,957.54425,639.76746,-10.140665,13.682594
5361,163.82457,512.5674,-11.254181,-28.890005
5362,199.31146,67.10937,5.9975557,-4.0672116
5363,131.39966,67.53912,30.838432,-0.25316763
5364,10.309543,688.06464,27.239775,1.7602382
5365,99.88252,844.5668,-7.119671,-31.842371
5366,414.793,273.4427,-6.820981,-0.34880802
5367,1008.3281,959.5599,22.495306,16.991394
5368,23.570705,673.71936,-5.3996696,-43.09642
5369,739.28217,202.14572,-5.5813584,18.947939
5370,982.7184,491.77005,18.632786,-74.98778
5371,529.5097,339.5174,51.755394,11.406627
5372,73.36907,938.41254,-5.2786655,28.663174
5373,583.6445,1001.511,-59.726276,-12.047807
5374,546.0173,111.030136,-13.303023,0.79332095
5375,996.0558,677.09735,12.506454,33.955338
5376,947.95593,867.0804,-5.8260074,20.850718
5377,603.48145,65.75516,4.5500245,-4.9619803
5378,233.27638,352.95502,-13.877975,32.740093
5379,592.76807,761.12256,-27.354185,-11.22678
5380,951.931,1018.299,-5.173587,-3.2338724
5381,561.0934,166.58432,-1.9735081,-34.650867
5382,118.558136,804.1342,-27.661379,-19.535591
5383,8.5448,217.41391,-15.997901,17.331615
5384,897.31726,268.17612,-0.30290973,-0.088861875
5385,66.19287,437.85083,6.4288797,-6.5829735
5386,851.2593,90.12626,14.966306,-30.548946
5387,21.783878,926.87946,2.0386388,-42.42559
5388,831.15186,42.06424,45.68068,46.883636
5389,516.0004,100.98068,-11.784826,8.726
5390,907.20087,931.7387,-40.164547,4.93711
5391,582.60626,522.2571,-33.38004,16.776636
5392,330.11475,391.4777,19.158716,48.126293
5393,414.88098,445.72348,-10.7357645,6.9243603
5394,164.47015,736.6709,-12.631319,48.94225
5395,927.3221,473.18887,-44.29267,57.130337
5396,589.45264,629.62396,5.5968876,-10.547326
5397,709.1624,150.17737,-5.964449,17.81892
5398,137.34932,915.90356,10.917555,49.878624
5399,1015.73724,3.1625814,-40.62877,-57.386425
5400,611.75555,930.8549,-32.515015,0.6543627
5401,345.2508,691.5059,-24.609995,28.284098
5402,361.5831,99.08458,29.85288,-77.77711
5403,681.42834,270.32254,39.109,-9.2338915
5404,1012.91797,218.00159,71.58691,30.169445
5405,154.49463,3.233302,0.7477997,13.384502
5406,181.33385,522.07306,-41.865208,6.9394436
5407,853.678,426.14716,-1.8737408,34.631042
5408,337.23978,941.788,14.964318,-30.152912
5409,692.31036,448.891,13.346438,-53.307293
5410,690.49915,413.04773,-4.5316734,-48.380157
5411,805.55054,397.59232,-25.428162,0.52712864
5412,192.40356,699.62396,30.917788,-35.04883
5413,538.93463,756.94214,22.442722,-5.4451337
5414,986.3523,170.02968,-11.795958,-35.218567
5415,658.06024,810.3414,1.4292606,-0.3955521
5416,896.1764,85.01154,38.989674,-22.695835
5417,548.72595,270.71313,12.215235,51.626587
5418,700.39557,845.03656,-57.78897,-35.305546
5419,886.9607,189.99625,-22.505236,-28.750278
5420,687.6341,464.43936,-0.5616861,-8.891527
5421,393.24826,116.5359,-4.5190387,8.697347
5422,2.3760505,652.1112,12.398713,-6.576701
5423,18.919817,917.5807,4.955119,-47.038116
5424,164.75993,926.5591,44.545,-4.334447
5425,538.6075,992.91064,22.50348,23.986069
5426,11.43411,373.75723,11.162472,-4.3589
5427,950.5347,1013.2966,-6.2977915,4.7345953
5428,169.40732,709.3871,23.277462,5.2051587
5429,782.98267,402.18887,64.40885,-16.56039
5430,851.8938,400.96118,-12.596771,23.808651
5431,67.90397,139.28647,14.435441,68.099945
5432,203.70024,527.82465,20.480356,-52.76529
5433,152.90436,889.0382,-33.763584,26.559053
5434,250.8652,793.3809,-33.278957,22.92684
5435,597.2494,664.4649,1.0864807,0.7450509
5436,60.585323,112.522736,56.281967,39.426373
5437,624.69196,251.68282,-8.536128,0.9773267
5438,338.11417,700.33594,-35.62857,4.487368
5439,598.3123,373.51367,5.923342,-1.3767096
5440,410.67432,659.26135,33.581604,-16.559822
5441,26.894524,471.09937,-67.36765,14.883638
5442,269.13095,1003.4972,-3.9926953,-26.687206
5443,620.17847,793.33124,-1.2765554,-4.367406
5444,246.41873,510.97083,17.912054,5.632847
5445,897.48834,162.7012,48.2185,-6.1144004
5446,579.13055,532.49365,-17.843056,-14.576191
5447,134.14084,308.83105,-11.341303,-26.198963
5448,7.4478693,358.48102,21.942286,10.304575
5449,151.26764,372.53503,4.9857745,-0.5672637
5450,915.49243,835.7522,-9.213126,2.6226497
5451,744.8245,172.54068,-1.8309319,19.191586
5452,860.9319,354.10883,-33.961903,-8.432902
5453,611.6386,64.73275,2.833355,-18.632164
5454,115.01569,717.0168,2.8351934,6.5359035
5455,106.91813,254.38354,8.593848,31.563015
5456,118.78045,645.468,16.051554,-31.026573
5457,247.49132,971.9534,-5.2160945,17.543623
5458,696.4571,624.2282,17.964003,-12.154514
5459,225.85686,781.6595,-55.94245,-15.663304
5460,950.4992,495.73145,-4.1125393,-54.449497
5461,680.4221,935.3065,4.0607033,-1.7126566
5462,670.3933,615.0374,25.049755,3.558077
5463,415.7116,232.42358,-67.26355,-47.55561
5464,118.79338,556.50433,-9.023309,-27.946415
5465,717.4871,473.72836,-5.2107754,69.05295
5466,973.4074,370.74677,-10.392766,17.947622
5467,271.80823,421.61652,-61.902977,55.414326
5468,310.54413,948.1646,-16.142885,-24.689638
5469,122.84556,688.3367,-7.347418,-11.940312
5470,368.8206,114.36358,-8.505846,18.525537
5471,404.65082,839.32623,22.79517,9.266714
5472,842.2313,887.0291,11.768025,-19.440466
5473,59.851967,142.76436,-3.7009063,66.80724
5474,265.96967,103.135765,-27.175476,2.032071
5475,197.8197,856.31573,-31.88953,36.075264
5476,976.6638,928.00977,-12.254133,-35.511772
5477,526.4781,117.849945,-46.992844,12.222072
5478,439.7816,19.018341,-0.7455084,10.610286
5479,379.50656,407.22104,9.721795,-21.241558
5480,339.49252,247.70885,-2.7894661,16.155287
5481,775.65076,860.53204,-23.948967,6.3750706
5482,586.76666,228.0168,22.26692,-27.025791
5483,659.1898,21.23228,2.715026,10.326735
5484,168.82278,3.864994,-3.098542,12.77207
5485,361.36667,779.5375,49.855923,-21.844112
5486,657.9871,889.7581,29.44833,-0.3015596
5487,555.7335,312.46494,-4.236939,8.262713
5488,464.99435,999.2762,53.15649,-25.172405
5489,543.4561,758.4482,-7.607875,1.9543563
5490,669.7776,93.681694,11.707911,9.616039
5491,832.0108,717.9166,34.060616,10.391191
5492,536.38654,381.31854,-24.877115,44.657417
5493,795.4728,640.19696,9.657358,-7.9872136
5494,564.19116,757.7519,-37.53466,-5.2711177
5495,792.255,105.92073,-14.103897,53.344627
5496,726.81714,487.7633,-16.98209,24.978477
5497,820.54266,391.34042,-23.501999,13.456515
5498,251.01018,307.077,15.352204,-24.625547
5499,870.2713,879.2689,-35.685345,-32.817265
5500,842.648,382.51028,9.92905,25.481127
5501,133.55127,731.18097,-3.9082663,-40.50867
5502,477.0265,147.95593,-23.366772,1.5596848
5503,767.0279,863.2742,-7.6225944,-37.135254
5504,1010.25494,173.37451,-18.268356,-15.630373
5505,67.778694,174.30838,29.905006,-22.53861
5506,1011.199,544.0813,19.871729,-7.633585
5507,682.3553,769.2115,22.276112,-5.1368217
5508,699.2301,591.9402,-10.892091,-26.1034
5509,632.36786,626.2169,19.770565,-15.6067915
5510,349.9681,106.40269,18.684145,-50.450584
5511,315.69135,77.45729,3.9652092,-12.185218
5512,342.53223,422.99933,16.867662,-43.903843
5513,657.7508,628.94824,-15.338774,9.389921
5514,552.3223,280.5756,24.08181,12.819023
5515,171.32845,498.36044,-3.3403575,-1.168707
5516,719.1435,585.9017,-17.245684,-14.752194
5517,73.865585,995.4537,-16.558735,52.430176
5518,806.3092,299.3652,39.676224,12.927866
5519,1009.1751,772.82404,-16.779806,-26.130262
5520,609.0531,29.04102,22.078335,-10.895528
5521,368.1113,775.6667,-0.5765376,-43.24276
5522,34.344284,653.11005,8.651368,-31.064428
5523,527.9827,824.274,18.960245,-26.088072
5524,975.7973,68.13107,-32.402763,16.802786
5525,828.3177,65.82872,14.961166,-20.79013
5526,369.12753,694.2567,-25.405825,6.823835
5527,472.254,8.718321,-2.859379,-21.563828
5528,331.1813,460.72955,-2.0453217,-14.383943
5529,103.91582,886.6376,16.114,7.939794
5530,65.395164,372.6874,-3.1521049,6.1517687
5531,914.4642,978.7162,-25.182241,36.086704
5532,923.4995,360.65552,-15.796559,-13.934865
5533,612.05304,1013.1994,17.40651,-18.515638
5534,742.52545,218.41063,-26.303572,17.398994
5535,986.9138,153.94232,-0.67524904,-32.692432
5536,495.61823,925.829,3.362247,-47.593834
5537,470.76105,848.8723,38.86683,-11.389255
5538,400.7122,955.5972,-55.08776,31.437685
5539,423.6852,763.7825,15.76542,32.263386
5540,818.9389,384.62726,14.453083,-12.3645115
5541,421.3119,37.749844,-30.148077,3.6292956
5542,854.2675,1004.75195,-12.258415,-2.0377748
5543,33.261837,832.5902,-2.4359448,0.57811975
5544,791.63434,361.9908,26.90656,-8.053162
5545,642.64026,466.35883,2.2898145,-47.855553
5546,79.04945,932.7548,0.049052257,2.4136386
5547,54.241898,777.491,-9.938094,47.708424
5548,988.14496,415.05313,11.1184435,-8.597838
5549,641.271,796.9374,-11.151982,18.695957
5550,769.85077,529.0081,17.269627,8.765854
5551,854.37506,45.879658,11.599833,-28.182379
5552,811.6834,856.767,-13.759407,-32.28957
5553,459.13666,764.23016,-21.695518,8.233139
5554,397.4726,32.64651,7.1122413,-13.60555
5555,999.3123,47.295788,3.8137524,-9.869307
5556,179.73643,312.3113,-2.7051365,-39.17022
5557,767.1688,964.25464,25.929628,-10.625801
5558,543.5796,332.1993,-13.213096,-78.543
5559,66.560524,504.54544,-0.73827446,-39.31771
5560,255.86143,913.4021,-61.179672,-15.268574
5561,1022.29443,1023.9234,-19.821661,-46.504116
5562,444.43616,940.74493,2.7253575,-39.17689
5563,2.5519571,892.1093,-24.29406,-8.530613
5564,712.30365,110.42276,18.514584,3.655814
5565,351.76553,72.851295,-21.86607,-21.658728
5566,241.98058,297.55994,7.6951985,16.399187
5567,774.8696,724.86707,21.345032,4.770007
5568,267.3891,710.1405,41.826935,35.516125
5569,732.57306,927.0762,-20.105616,2.7193677
5570,628.8808,507.77585,-21.752092,42.45158
5571,779.40375,832.9937,-15.221367,17.256025
5572,426.9291,793.5972,-36.94714,12.482597
5573,822.25214,208.5156,10.281811,-0.20473988
5574,790.80914,830.2718,2.3293016,3.9641795
5575,834.2442,125.35534,-19.336012,57.14309
5576,296.0578,101.7466,6.3281846,2.9140353
5577,115.84375,743.84766,12.287411,26.240788
5578,387.56833,760.1796,-5.915028,-19.31482
5579,839.0574,198.29974,25.013569,-11.237906
5580,745.8613,761.0094,0.86443853,19.828722
5581,887.0738,910.91895,7.3417535,15.916088
5582,319.74173,534.90216,-16.093914,43.512543
5583,791.6396,5.042327,-0.07145472,-47.677746
5584,241.28459,62.746334,0.92795473,-14.691602
5585,163.35645,935.26447,-18.005484,-34.928383
5586,294.0044,874.9855,55.248516,-18.086338
5587,482.8187,792.21716,-38.37559,20.924614
5588,326.869,418.83624,13.45489,30.45045
5589,865.0005,879.98834,-32.233192,-38.554752
5590,47.5882,789.557,4.2184815,17.44999
5591,293.0917,750.3426,20.000746,-8.76721
5592,497.83344,492.1292,23.356922,-17.658646
5593,548.7941,1000.7562,34.341988,45.197556
5594,482.8047,585.90564,2.942437,-8.128835
5595,656.52374,817.6172,-14.515756,11.326811
5596,203.82288,1013.7976,-23.738514,-43.601738
5597,983.2629,987.47125,-27.782206,-10.012256
5598,269.04855,1011.94507,-9.4152355,1.3937167
5599,289.20987,802.958,-55.368534,7.403525
5600,707.3,102.7642,16.64982,-3.9042594
5601,298.52902,429.35446,-45.849476,-7.7745194
5602,893.7426,458.62213,-33.30787,-43.5387
5603,285.72888,754.07086,-0.03912143,-8.253545
5604,207.83197,409.56155,-5.8063602,-18.945808
5605,979.0085,189.96208,57.674522,20.032438
5606,194.054,803.0442,2.450966,5.3669834
5607,103.490036,608.53046,-10.605191,21.580105
5608,673.21906,923.6687,-2.4219017,-4.4216585
5609,1014.3362,1023.6431,-37.364647,-56.962177
5610,368.53116,350.30286,18.294062,-25.633862
5611,176.14247,297.31946,5.151931,-35.99226
5612,514.74615,936.134,5.2248597,26.157543
5613,197.97012,500.0488,-5.938743,-48.284714
5614,408.54715,225.87083,-23.542301,5.586078
5615,726.832,363.40726,-25.504107,-44.68419
5616,101.91787,163.91655,8.152918,30.800344
5617,620.63837,141.59659,11.492163,-17.020573
5618,625.0191,314.21713,-10.5236845,17.78896
5619,175.40442,503.34726,-17.893068,-39.540672
5620,730.525,698.7149,-11.078349,45.300884
5621,806.33105,312.4508,12.197535,37.068874
5622,282.1992,870.76917,15.067509,-23.932783
5623,30.180672,153.52885,12.716588,-17.440115
5624,330.96344,133.73454,-27.997768,23.031982
5625,101.62127,628.4121,-32.83655,-39.031918
5626,381.96164,125.30772,-26.635855,21.84763
5627,1021.93115,1022.20734,-12.351296,-54.535427
5628,163.74161,605.28284,8.057843,9.124191
5629,682.6832,308.09143,-9.144612,-3.450713
5630,407.90768,602.19904,8.402861,-21.078869
5631,787.39923,311.5724,33.039078,-29.360233
5632,250.62935,88.3731,33.17642,3.2444296
5633,577.4219,469.2364,-3.905254,-8.914321
5634,626.04047,560.50934,-12.226365,-22.885294
5635,340.75424,127.722374,29.334772,1.1143672
5636,208.19481,845.0627,-15.1417055,45.349472
5637,650.16614,821.3171,0.68348473,7.594007
5638,836.0422,765.4299,8.277182,5.246977
5639,25.935627,938.723,24.171413,-14.661142
5640,102.2664,958.00684,4.0002384,1.7700982
5641,858.25604,403.2543,-5.3009253,29.638409
5642,676.0886,377.3316,6.697474,-5.2155795
5643,504.1695,285.8631,36.225063,-4.2830043
5644,650.9232,254.79503,-2.9159489,33.265026
5645,121.82261,370.90088,8.940223,5.9270277
5646,377.10593,491.12872,0.6481448,-7.04891
5647,855.59094,336.14404,1.3605568,5.719416
5648,395.41006,620.3291,-2.9500847,-8.268998
5649,850.8637,597.8194,-30.683754,5.0839396
5650,918.56866,79.14957,-31.604069,-2.301472
5651,22.481367,983.1055,0.7114841,8.224994
5652,467.04196,319.8779,8.890404,-1.4735783
5653,902.97546,780.7806,-27.61593,0.7460423
5654,191.17188,278.0356,-1.4977716,-8.901477
5655,389.53186,331.60028,-36.076797,8.598493
5656,790.9173,628.25806,9.163174,-8.992203
5657,367.86166,290.83643,-6.3605814,23.926447
5658,691.6084,4.1400614,-26.247797,-64.60491
5659,868.539,816.07764,2.012154,7.6703067
5660,3.9929187,311.8573,-22.185152,33.38802
5661,845.1605,37.497734,-3.664439,-11.2411375
5662,570.8691,231.32625,-2.9158187,-18.571854
5663,562.6712,413.82278,-18.271164,20.829357
5664,218.75644,404.44592,-11.727006,-31.130611
5665,391.09045,313.3154,-2.3793712,10.050852
5666,350.1601,1022.8135,9.956451,5.7056003
5667,211.31569,983.1987,-27.108078,0.51765895
5668,649.3035,788.38055,15.748856,-24.092613
5669,692.74115,272.68082,-3.0919595,2.1192408
5670,127.42152,848.04034,-45.286186,-29.02674
5671,853.06793,728.68195,51.804607,-33.86323
5672,924.0606,67.46177,-2.573762,1.0754884
5673,586.3124,535.42566,-43.098137,34.761253
5674,598.3034,198.76382,-60.53129,-43.442192
5675,265.793,529.84424,15.446607,24.854298
5676,885.95306,135.90828,-7.6980805,0.6804314
5677,235.36253,618.76605,12.725975,-40.926258
5678,625.48114,849.30475,11.907577,2.743644
5679,951.1427,423.42084,-3.5725865,34.394337
5680,638.1861,715.52246,-5.935658,-3.841332
5681,736.4571,332.94672,-36.86156,-18.540277
5682,6.551127,282.7245,-43.893833,33.2985
5683,636.4292,376.75717,-16.086527,42.195183
5684,93.29211,740.03217,26.919415,-12.031896
5685,995.73926,556.83673,0.2402134,-2.8873527
5686,77.92448,297.3145,-6.9848714,3.191273
5687,565.8691,11.901647,70.02749,8.247937
5688,626.742,931.9122,-19.732542,-4.1020355
5689,364.7524,895.1469,7.2115726,-3.6813946
5690,943.3881,279.92923,52.345806,-31.958874
5691,663.2889,295.42245,-17.176632,-31.278057
5692,976.96564,5.8709645,48.423424,4.5270476
5693,781.21375,136.30872,2.4614112,-56.4176
5694,307.2606,913.01746,-67.03398,-31.837854
5695,418.53586,766.76337,13.88661,47.386528
5696,430.62717,759.1015,28.692936,4.9029765
5697,574.02466,548.852,65.42162,-5.6753893
5698,66.42094,789.46564,12.031366,43.925285
5699,569.68695,355.76785,-54.21961,55.745773
5700,540.676,193.47357,-70.14471,11.153864
5701,735.9044,881.0303,-12.759254,-20.981485
5702,826.1996,647.97565,-14.253998,0.9100621
5703,534.44916,532.91034,-3.795236,-72.3573
5704,302.2968,818.6685,-1.1711864,19.274569
5705,784.0233,360.61484,7.754174,14.78572
5706,807.7247,264.78223,-24.1307,4.4480343
5707,303.37732,900.1102,-55.037548,31.01229
5708,666.6408,619.2547,28.771257,-4.064498
5709,739.12396,200.37886,-9.8053,-40.84469
5710,312.5749,201.97005,0.6703112,64.80537
5711,671.68353,408.7942,9.852715,-15.320007
5712,693.5166,26.246176,4.07208,-32.875202
5713,876.31726,202.18982,20.90268,22.413519
5714,66.06187,951.12634,-30.828314,52.242874
5715,963.89185,517.1126,-5.8228297,-50.49634
5716,546.01874,106.95056,-27.574703,1.7050571
5717,411.42142,447.5417,-4.0947843,7.3707957
5718,179.41853,698.1032,23.643816,-44.96973
5719,928.0047,656.8326,-10.125904,-61.278835
5720,898.6219,255.46007,-1.3377105,-27.39595
5721,347.45673,565.46594,32.72167,5.312951
5722,124.65399,554.94385,-31.839434,24.908152
5723,572.6569,955.5513,20.751007,-5.458329
5724,1.9977667,412.21298,-29.270912,22.754078
5725,747.66785,554.3193,-1.0201365,-10.583291
5726,718.5799,797.9202,17.971151,26.862913
5727,26.815886,55.441765,16.467072,-37.802494
5728,879.9669,261.60983,-10.384837,30.62811
5729,903.5215,390.79703,-16.443676,-15.887274
5730,562.4447,584.6228,42.364735,66.74308
5731,381.62106,403.65057,17.28512,-17.570208
5732,117.26894,261.38547,31.721754,23.064194
5733,234.39998,264.8126,-20.891115,22.664429
5734,523.0332,780.14355,-17.155304,-56.8123
5735,548.17346,532.37213,27.008354,-41.52341
5736,21.363258,475.80615,-16.6336,7.9489594
5737,285.30258,410.15964,-22.315924,55.96206
5738,198.19894,522.87006,12.556599,-47.667786
5739,758.7918,210.47073,15.645163,-6.891364
5740,759.8024,397.91293,50.60066,-26.024858
5741,1011.88086,914.4029,-12.0133095,-2.334538
5742,73.24959,912.0311,31.882406,43.042137
5743,925.91064,128.14514,19.641285,-9.30441
5744,894.47046,164.5455,41.05209,-34.546455
5745,551.40906,107.50486,1.3306187,-7.8198338
5746,50.816124,480.54956,-27.757908,-11.041835
5747,596.615,653.78625,-6.8838305,-7.90197
5748,171.10062,930.10583,37.783066,4.5656714
5749,11.621989,620.0786,13.947083,-12.343841
5750,893.5673,712.37976,-43.145245,-14.490231
5751,956.023,1012.6243,6.455136,9.379384
5752,1020.3302,217.64465,52.39266,18.037981
5753,147.30249,896.5246,30.24884,1.8824906
5754,104.85375,971.21747,5.393642,8.251602
5755,441.11252,694.0398,-37.377487,-21.153484
5756,994.007,685.32336,-4.3252745,-39.341858
5757,393.26675,769.2391,17.0985,-7.0183463
5758,631.7977,758.43,9.515007,-2.140133
5759,195.93594,575.6978,-36.180225,3.7407086
5760,952.39594,447.8843,-47.784588,28.148142
5761,882.4925,183.63329,43.790928,-32.69522
5762,269.90265,540.33765,-3.8435206,4.059741
5763,544.2002,875.6454,1.2085762,13.927745
5764,188.89424,445.19827,-1.9424589,-3.2457156
5765,522.3481,584.1884,-15.277223,19.996479
5766,623.9816,624.45184,8.605703,-17.004774
5767,81.64939,932.42773,34.691246,48.86148
5768,866.704,622.5746,-1.8912807,7.9227443
5769,382.38394,116.30361,-8.707226,-5.9977217
5770,7.347517,18.56803,-45.948933,-64.59208
5771,545.7437,572.8561,87.35763,21.648212
5772,834.7137,62.454197,10.159582,-19.826216
5773,473.4191,16.778608,-0.11047145,-19.552776
5774,904.9818,543.21893,28.203814,8.797144
5775,929.1065,841.7685,24.884497,0.14789613
5776,405.84747,220.10211,-29.470564,0.8114152
5777,307.2172,850.33234,19.714184,29.849955
5778,851.43964,406.6484,-9.397169,25.928234
5779,430.82135,254.7998,-29.142391,10.385143
5780,223.26234,100.70074,25.756878,-30.029428
5781,951.1717,97.73886,13.245085,-14.990271
5782,255.1547,901.9597,-30.533768,-16.140596
5783,960.78046,444.04218,-26.015404,13.223401
5784,729.3006,252.4165,-19.11759,11.136325
5785,382.1101,461.54892,38.004986,17.182701
5786,490.02173,222.59949,-5.810705,3.9129264
5787,340.9512,457.39496,-1.8815302,-14.511213
5788,630.7316,118.09369,-10.701075,1.4050466
5789,1004.78186,687.828,44.49091,21.467642
5790,296.06534,308.09473,21.9989,61.03693
5791,647.67523,746.02496,4.6138883,1.1647294
5792,477.77234,943.28986,0.3276844,54.897755
5793,482.439,122.71647,26.461994,1.059981
5794,957.26324,68.77148,48.425407,-56.662434
5795,336.4954,391.80374,20.830011,-3.8962083
5796,787.4942,328.87057,7.443358,13.879906
5797,827.283,881.0647,-28.564936,-34.71501
5798,533.8411,712.09326,-32.34857,37.8615
5799,781.38116,173.26073,20.384495,-35.73525
5800,1.4776878,233.69426,4.528752,-32.07013
5801,378.3754,576.2677,-18.348858,25.23803
5802,619.45294,622.85254,5.7141914,-20.01136
5803,413.1826,717.6251,34.114227,17.433208
5804,497.6035,568.58234,-16.619081,40.42682
5805,740.5775,247.96516,-3.6537702,38.265312
5806,900.9844,435.16125,6.8413544,32.412357
5807,983.9341,482.33923,27.032059,52.44078
5808,913.233,207.47229,16.271524,6.64286
5809,240.83765,287.01324,1.3054758,5.154463
5810,453.9643,447.37344,-9.8912,-16.579115
5811,258.65878,909.15625,-63.525703,-29.800203
5812,101.36829,1012.52374,-26.58237,-12.916974
5813,123.083374,450.10233,5.3275914,48.643856
5814,288.3641,393.8807,-61.38129,15.726655
5815,806.54425,401.95587,33.55345,18.95031
5816,198.6073,576.11273,12.121211,32.439175
5817,842.23236,532.32715,-6.4721007,-4.088585
5818,165.28473,712.89026,-2.9358242,5.557144
5819,290.2251,760.48413,11.64766,0.65040284
5820,778.76935,721.21045,9.231904,-11.448732
5821,919.2433,738.5188,31.210032,15.091867
5822,320.13977,679.4888,10.72638,8.302827
5823,695.0578,334.8883,7.174367,3.307577
5824,378.16245,597.25446,38.420586,-6.556923
5825,330.57266,396.12543,-7.815767,18.969393
5826,879.2052,284.46,9.837136,-10.060428
5827,487.9152,612.4555,-56.30688,-16.921581
5828,211.69417,950.65765,1.0715048,2.8308249
5829,441.2379,532.7447,2.5327504,18.295835
5830,423.39478,449.35944,1.5550612,4.929799
5831,815.9615,160.64746,18.480482,-9.132281
5832,1009.178,754.62524,-8.336551,-20.175337
5833,136.08102,470.66455,-19.32816,3.2645822
5834,920.75,645.55756,5.2835565,22.040892
5835,818.42175,341.95273,6.658543,1.860481
5836,342.1804,2.383322,5.313212,12.74544
5837,410.8249,202.70741,-12.692587,-39.360275
5838,210.78038,481.47797,7.5968857,-2.5096238
5839,214.89642,492.92975,-11.362949,24.534199
5840,1020.9145,523.3678,11.634712,-3.9586775
5841,495.2453,137.59172,-21.642395,-27.962702
5842,139.49391,200.87527,-5.4577503,5.899971
5843,542.4012,253.80551,15.051674,21.003979
5844,46.143528,207.30792,-13.235308,-11.786566
5845,517.9958,551.41205,69.4058,49.435287
5846,239.38896,622.5099,-5.2305174,-2.1028688
5847,187.09425,154.20584,8.926289,-6.3937817
5848,983.10297,655.6212,-18.749947,-11.988809
5849,785.8523,354.7247,38.902878,3.1064649
5850,701.10394,716.24005,-44.630596,-18.053019
5851,260.64517,334.82816,-18.46008,-18.507725
5852,610.48755,1009.2628,21.441587,6.664392
5853,334.2981,597.9267,4.217211,-12.831367
5854,849.42645,481.009,10.006138,-17.659748
5855,762.86676,910.0476,5.578229,-39.977345
5856,574.09,886.95087,12.790246,25.775564
5857,99.930786,838.55634,-19.768703,33.005684
5858,643.22003,460.21384,-14.940796,-27.61088
5859,83.211784,445.12073,31.917881,7.304673
5860,130.26686,338.648,-5.9317493,-2.1641681
5861,625.0788,354.08914,-6.6761713,-24.029493
5862,420.7818,440.63614,-6.0883245,-0.090655
5863,907.07135,129.78078,2.7390554,5.2967515
5864,893.2766,936.68097,24.054329,-9.998449
5865,945.8876,386.3391,-2.69942,-50.079247
5866,31.11025,939.0995,-29.204807,17.859795
5867,954.9465,60.283936,-9.276513,-14.570622
5868,152.68,735.5261,-27.140177,27.617289
5869,364.55515,781.3204,-15.176131,1.1077137
5870,602.59814,528.73956,-23.25731,-3.3615017
5871,521.9242,2.7199135,-18.306484,-13.135678
5872,114.10936,561.74097,-5.627984,-57.145355
5873,525.5405,492.28024,-13.387394,-10.583194
5874,388.22903,870.93677,-1.9100631,4.9823813
5875,509.59122,199.7358,-58.90752,-31.065186
5876,856.73535,611.428,-22.99866,-1.1432109
5877,1011.1057,662.56836,-35.632446,-5.4225254
5878,328.65112,771.8419,0.17075782,-12.357119
5879,50.447697,949.6838,17.84456,11.7015295
5880,273.2531,614.95685,-6.5159492,-30.795946
5881,862.8204,819.52325,2.1663857,11.312082
5882,546.245,610.60474,11.665698,26.314476
5883,528.21375,0.2921359,-27.723763,-2.4020412
5884,1006.0359,606.3212,-27.740318,38.517017
5885,629.72675,808.5524,-16.876282,26.192825
5886,783.2745,581.71234,10.857831,3.763273
5887,128.83708,523.06726,-23.469624,-15.382623
5888,976.3585,766.50256,-8.506465,-10.016539
5889,465.8077,356.30176,-21.694155,-34.17096
5890,924.7893,162.49567,19.410065,-28.54467
5891,304.36963,85.398926,-9.769015,4.3005147
5892,63.862698,69.11769,25.489176,12.9606085
5893,71.45445,747.112,78.78716,18.920025
5894,171.10146,558.9353,28.3203,2.1201475
5895,275.66098,906.0223,-79.977036,7.9848046
5896,992.0128,658.0464,-2.049474,-0.81581914
5897,725.46844,938.89014,-8.569009,15.313676
5898,81.026855,661.3532,38.438564,8.294956
5899,996.3703,178.73987,-56.388187,9.138094
5900,597.17957,552.72644,-14.2129545,-38.378845
5901,991.0476,149.00534,0.13595325,-31.649523
5902,635.4917,666.47455,-9.85803,1.4080576
5903,150.55327,467.0556,-28.166931,-25.954525
5904,370.18103,847.1119,6.746535,9.105616
5905,440.11685,146.14597,-12.324767,8.467579
5906,423.4556,899.8134,-16.57207,2.3586671
5907,563.2292,315.167,15.330498,10.389659
5908,818.1013,993.65894,-4.895782,-0.6248155
5909,550.64594,431.79333,21.010468,-24.148378
5910,561.37616,429.6896,-7.6434445,6.523974
5911,1011.34357,835.8786,-4.810006,-5.7396193
5912,517.06854,16.46293,39.383816,-47.255657
5913,696.3202,734.32965,21.016918,32.877678
5914,125.72065,750.9233,15.465451,-55.90292
5915,24.054443,474.25345,-31.535088,10.927336
5916,72.117035,71.734764,1.2857198,10.920514
5917,563.522,705.79584,-4.6785483,-2.312533
5918,562.8334,1013.3291,4.0539427,31.581223
5919,25.228035,757.56396,4.3764668,23.47517
5920,488.76392,465.47864,-17.286104,5.8656235
5921,367.601,140.05148,-19.018862,-27.35613
5922,926.7272,689.0624,9.629677,-16.353205
5923,79.92882,30.632936,-21.497068,-28.893145
5924,250.16476,165.14362,13.605235,1.2978904
5925,44.536095,805.6782,20.803041,-16.201962
5926,372.3942,369.57776,-24.168633,-36.665527
5927,945.09937,380.5623,12.879016,14.256513
5928,788.11414,346.05008,18.31252,-20.858746
5929,879.8357,327.63165,-1.0436846,38.22541
5930,167.4886,556.8278,25.078423,-5.396227
5931,444.81122,719.4464,26.209848,-22.856783
5932,568.7706,388.2096,-5.603879,11.214062
5933,957.4984,665.2417,-26.518469,-13.456262
5934,1020.08887,834.5785,3.8441794,-11.965595
5935,106.08907,806.4176,-41.183556,6.6176925
5936,992.1995,612.0974,33.224373,4.3786464
5937,516.4155,849.0057,19.838547,2.6303236
5938,330.97586,835.46027,-2.1534073,20.45581
5939,299.8544,395.35147,-89.59539,8.524396
5940,676.61255,907.548,-17.045229,10.55723
5941,50.90353,179.29103,14.92016,-41.07809
5942,739.35614,862.71497,-33.3058,-29.562754
5943,558.1233,297.0347,-3.9109414,25.24672
5944,246.4848,794.3011,-48.214016,28.50462
5945,667.41003,515.0763,-30.098476,-10.21356
5946,229.02989,869.2388,10.732168,1.646406
5947,551.7278,607.1745,-16.671862,86.38481
5948,204.1634,357.60495,-0.5241676,16.992472
5949,662.0611,278.47858,8.722221,-11.926404
5950,355.00046,40.97161,20.249716,-27.05144
5951,842.3451,855.3599,-26.228966,-27.394493
5952,455.41406,245.36871,-22.396511,85.003784
5953,750.67694,771.3759,-6.234929,32.872112
5954,179.06726,410.72208,4.909474,-17.039333
5955,381.41296,435.877,-20.319204,-45.24121
5956,122.95928,339.51447,-8.458494,5.5245686
5957,523.6943,112.16762,-56.192665,6.3639646
5958,257.62512,984.0787,-44.80642,-56.339016
5959,459.3091,387.50647,13.020547,-4.670538
5960,415.86395,278.99277,-1.833916,6.7482347
5961,624.4834,985.87836,34.915825,-82.951096
5962,908.2185,430.96783,19.394468,15.09155
5963,506.57394,776.7043,-45.86103,37.682064
5964,237.50327,333.3527,41.391468,13.540402
5965,256.4361,609.9534,-75.97539,-29.207396
5966,717.6099,991.9439,-19.225132,7.643416
5967,957.0947,3.9033608,34.82621,-75.60382
5968,936.5702,879.09735,-32.23695,25.362253
5969,393.11246,236.24776,-25.957767,14.998461
5970,567.7926,148.25388,6.9712996,-39.008324
5971,914.58234,579.36975,17.584747,-21.14579
5972,428.2444,774.33026,37.993443,39.911804
5973,581.04626,386.1288,-5.8628726,-17.005445
5974,156.1893,493.81815,-32.756115,-48.39498
5975,214.37825,176.53133,-17.578373,-3.668225
5976,550.19855,446.4267,-9.019154,32.273758
5977,284.21964,69.77968,12.036949,-11.071487
5978,851.10266,592.5261,-16.66272,12.492589
5979,587.374,945.2789,-8.888334,-0.28576452
5980,225.3618,532.7947,1.7041173,-3.175533
5981,356.51312,111.74134,4.8508763,-6.017812
5982,508.6958,201.94969,46.80932,-2.0108051
5983,393.02878,961.6154,-29.33299,17.957813
5984,908.59296,511.99786,47.38138,-40.345867
5985,299.70825,738.98346,-16.03559,5.2749267
5986,138.59038,573.7936,1.9471031,-0.30174887
5987,782.58777,625.03986,-2.6414309,-23.670065
5988,1.4154915,139.49532,-2.5290108,-1.4804312
5989,955.3506,828.60284,10.393832,23.158361
5990,659.70746,983.45447,1.2973664,-5.6488476
5991,800.95386,512.31775,7.804977,14.950081
5992,324.9842,939.8442,-20.754223,-17.692867
5993,273.20007,185.23122,-14.221023,16.984201
5994,71.89801,122.937614,-71.276245,19.053755
5995,632.77026,274.69064,-18.523026,-22.2992
5996,912.77496,841.5591,-12.814299,-5.2662334
5997,910.5956,489.91315,-40.162704,-0.36403275
5998,792.68713,3.1706827,16.727644,-4.8657746
5999,571.9357,360.48505,-55.76509,53.506844
6000,33.524746,1005.9212,34.85219,77.84761
6001,847.0786,793.97986,-10.780526,3.4907184
6002,270.76358,494.27676,22.177591,27.66794
6003,525.16974,514.88293,20.947435,22.4495
6004,939.33234,374.0357,-15.90227,5.477638
6005,966.9105,142.15038,-6.87281,9.138806
6006,884.2082,907.1391,-3.0390038,-18.322128
6007,236.68059,985.3861,-30.417284,-22.021454
6008,663.5714,607.1969,30.003067,0.6143118
6009,928.51434,805.734,8.846724,-12.336163
6010,15.644264,27.890392,-13.911695,-51.96415
6011,298.22842,755.0753,21.62854,20.623407
6012,413.4113,945.3537,-27.822678,11.096995
6013,755.23456,928.85004,-17.8684,37.878063
6014,583.58875,919.94196,1.8807819,11.601971
6015,246.91095,912.5871,9.843106,-59.254974
6016,573.5866,476.7065,-19.023611,-29.966795
6017,729.13684,542.9533,23.571985,19.20147
6018,47.17674,866.3738,-3.1542232,-3.4253776
6019,874.1271,142.24072,2.1192856,12.672669
6020,275.25656,111.074135,-13.877434,5.579119
6021,662.2212,821.56055,-30.361364,18.872686
6022,11.680818,456.57535,16.26053,12.375469
6023,747.4541,526.9302,56.567745,-3.8748412
6024,562.1979,230.05435,-30.94411,32.864956
6025,254.87852,19.642061,-23.103094,8.348439
6026,94.884895,298.56616,-18.009626,-24.211426
6027,586.3884,839.99347,1.8372728,2.3777616
6028,684.63916,243.17404,2.637292,-4.9320493
6029,855.8901,933.91986,15.328252,21.859734
6030,527.0563,201.95398,-30.054405,-22.337168
6031,518.3569,438.51022,-7.64723,-4.553212
6032,516.13165,855.58417,-0.5607365,2.247903
6033,153.06447,632.2724,-6.5039186,-2.7634926
6034,707.80524,757.1075,4.6895056,10.789485
6035,233.55568,438.23892,1.0724946,-8.384073
6036,31.764174,209.62904,-23.056566,-11.253688
6037,995.5874,490.3046,16.64545,-17.613823
6038,764.40985,654.9125,-16.941595,-31.926184
6039,924.08307,491.624,-13.764299,6.4475036
6040,286.13693,320.0922,9.365796,21.66393
6041,301.60794,404.19827,-27.469332,-85.70551
6042,784.7779,725.6374,15.884691,-2.5673409
6043,325.7904,42.981586,6.6024,12.430892
6044,950.74677,493.09552,-52.390774,3.836565
6045,123.16105,1012.98724,-49.25106,14.520489
6046,969.3082,748.4233,-1.1148695,39.97373
6047,289.28326,272.39774,56.63429,-8.925018
6048,25.715044,201.64017,-13.788958,-27.02546
6049,837.19025,124.81914,-20.216894,50.234005
6050,882.36755,942.89264,4.2453775,-8.511834
6051,1001.23517,660.07666,-27.14035,-2.328771
6052,717.8485,760.9498,30.25371,12.418478
6053,379.6921,931.0643,2.998549,-6.1789064
6054,923.9806,696.29785,3.025911,-0.23498777
6055,620.3029,617.523,-4.083974,-15.724706
6056,88.55209,730.95544,35.185425,-11.201066
6057,997.5199,1010.8539,-42.502274,-23.819174
6058,260.7995,518.58636,26.515669,42.73471
6059,482.13187,496.26508,-13.013966,13.5804615
6060,559.81006,582.91144,4.5836167,50.455727
6061,685.5117,471.6051,-39.716606,-12.594548
6062,947.11615,17.009205,14.127922,-35.385895
6063,446.20377,1009.11206,53.402344,-34.728382
6064,695.40686,270.62402,23.912897,4.1428676
6065,180.1428,166.62764,52.435802,15.99222
6066,458.36908,318.52798,5.925392,-2.2873585
6067,788.0201,204.42058,0.14422421,-51.181286
6068,345.6559,273.86383,-13.699421,31.117392
6069,668.3864,820.4511,-47.58471,17.47821
6070,604.42267,277.44162,-15.285389,-2.592381
6071,88.7485,507.8099,8.162588,-11.260715
6072,402.47043,152.70084,-7.5831113,-8.108907
6073,279.7044,591.96954,14.735368,-73.88861
6074,785.995,34.700504,13.183435,-27.786472
6075,391.8974,378.70526,-16.542677,-23.777872
6076,205.05083,238.15508,24.621943,9.639407
6077,759.98615,11.385678,1.7961192,3.8917885
6078,997.1591,492.17905,6.127788,44.642933
6079,435.76807,407.5473,8.275627,-9.154688
6080,353.6644,111.35845,16.325985,-40.127663
6081,485.62808,304.697,7.396273,16.466206
6082,989.11926,400.5058,4.6039286,-33.562706
6083,882.2863,651.74835,-6.5653934,8.2145815
6084,558.2072,594.9683,-4.059619,76.69084
6085,1011.9989,813.1334,-20.326168,-19.694447
6086,530.77325,547.9817,52.443092,-11.883913
6087,220.26965,278.5415,-11.333192,56.90128
6088,227.02618,654.15393,-8.805799,-13.392402
6089,594.3854,184.99518,-43.598625,-39.963577
6090,670.1915,747.7941,-17.477646,-64.348114
6091,135.64001,721.2873,13.083537,-17.527449
6092,193.46367,540.5532,-3.0276499,-30.998205
6093,901.298,858.8927,-24.017143,21.896017
6094,756.8386,27.334282,20.115711,22.543985
6095,819.92255,985.77014,-16.043133,-26.363375
6096,517.3262,615.4923,-10.246434,9.779652
6097,57.516068,440.96942,-14.983792,22.949776
6098,874.61414,722.3054,-2.0459814,0.8624917
6099,577.1214,435.15005,-47.168045,28.522717
6100,634.68646,973.1978,2.6287482,-20.67348
6101,656.7367,512.3562,-18.032269,-31.193148
6102,745.523,311.62952,51.09856,-4.0710626
6103,724.0223,344.2543,11.59306,-15.246513
6104,986.67554,887.76294,-6.0683656,-11.710536
6105,35.713238,156.55035,27.804346,25.94395
6106,233.38971,749.20776,32.6845,18.127075
6107,532.4712,577.16693,40.52102,-6.553025
6108,6.6451597,690.4884,20.628994,10.884812
6109,38.95792,743.9385,-7.203901,51.196304
6110,979.2667,185.54515,19.320398,-2.7113664
6111,676.2537,182.52963,5.149736,-8.015929
6112,291.2903,429.29703,7.8153176,10.478685
6113,432.99634,360.12854,-22.526922,8.531026
6114,885.7109,867.9308,-28.647339,-5.763365
6115,97.7819,322.77277,6.344266,-24.129608
6116,710.6462,126.48353,11.18023,34.368137
6117,213.60559,584.88666,25.378523,70.43949
6118,840.5634,32.294495,-22.65945,1.0278597
6119,502.4562,349.4854,-9.110843,23.974045
6120,256.92743,998.28375,-16.53666,-32.92075
6121,697.1446,111.289856,15.283778,1.3420699
6122,910.543,836.57764,-6.541331,5.199862
6123,959.98193,275.82385,71.533356,-52.25077
6124,637.975,686.00433,-2.3980148,3.44551
6125,373.10846,146.16641,10.632071,-4.4471455
6126,866.006,9.827204,-16.456184,-7.6424136
6127,537.01294,358.513,-42.931484,-4.02308
6128,539.7876,129.03465,17.972517,-19.004442
6129,826.6828,343.8582,8.281752,4.7005367
6130,1014.6282,966.1492,50.40062,26.12352
6131,242.27644,558.2989,-1.3481159,32.181393
6132,350.52124,207.7459,14.919455,28.033142
6133,389.35034,966.32074,-36.377316,38.455658
6134,881.5037,364.12006,-3.256108,32.598366
6135,194.89255,918.8723,15.432659,26.028313
6136,571.4946,480.0432,-13.245555,-25.164913
6137,369.1493,118.600075,-1.8952575,38.377502
6138,964.6154,337.7608,-15.955358,9.570702
6139,355.45453,648.40454,39.537273,-13.501212
6140,242.79573,507.12863,14.184795,-1.404229
6141,368.28806,954.06366,-3.7640717,1.2349472
6142,227.18513,45.047726,10.775774,40.50076
6143,735.4248,551.0247,30.19437,30.381172
6144,435.99133,568.2766,8.424948,0.657122
6145,713.68427,248.28622,-37.718372,-20.645046
6146,184.1836,8.690742,7.920821,-32.79769
6147,871.4445,358.29474,-26.511415,-0.9968963
6148,704.217,765.9163,-20.57478,25.004736
6149,128.91725,434.43408,7.3790393,22.527136
6150,9.407576,434.97937,-50.605076,21.52902
6151,772.3774,793.7321,3.9355326,-21.050606
6152,633.5126,380.80673,-31.906963,9.994383
6153,985.61176,416.9249,22.175858,-10.941735
6154,676.11847,147.55069,-6.8600726,-13.460091
6155,349.8105,656.91815,-12.767607,-3.8190954
6156,247.9886,269.21988,2.1644354,9.17883
6157,703.7645,229.49146,4.519027,20.981255
6158,23.273067,134.43698,-6.232113,-21.894846
6159,17.000282,132.37477,-2.6938484,-31.382181
6160,302.63876,828.5998,4.7750077,31.430502
6161,226.99234,429.5329,-9.036104,-14.543427
6162,591.63477,948.41895,38.794136,-13.732769
6163,637.3711,590.43195,19.848423,64.84493
6164,850.406,428.38055,-6.2420053,10.382478
6165,653.1723,341.11136,-2.1296065,1.9850128
6166,925.5887,944.83563,21.458668,9.573463
6167,996.73804,379.27145,5.4387794,-47.66363
6168,415.67856,377.5131,-3.78294,10.014355
6169,920.81323,181.6706,4.8684626,10.962118
6170,82.98631,943.4195,12.877787,25.67268
6171,494.3092,346.96735,31.045141,-63.49469
6172,92.83768,637.90985,-3.8597398,2.646507
6173,739.1046,388.10275,-26.213707,-39.026306
6174,148.39783,99.49355,-25.917513,0.0016799284
6175,819.7202,126.71294,25.165323,-45.813786
6176,700.5996,234.266,-4.633342,15.619919
6177,489.82388,944.5339,33.538803,-42.138115
6178,782.6545,146.0227,35.032864,19.375307
6179,563.288,181.39688,0.10590341,-13.567696
6180,638.09106,478.2783,45.14234,21.036932
6181,261.84402,123.93619,18.644382,-8.072448
6182,59.44742,447.05844,15.775004,-11.249345
6183,33.33711,37.251755,-74.3148,21.252945
6184,60.60625,149.34384,-13.711917,-49.556778
6185,486.8111,156.15208,-11.470349,-15.846608
6186,374.00705,138.1977,-17.481422,-1.854322
6187,330.95438,117.14395,64.42075,62.84876
6188,1013.70074,317.16714,-53.065346,26.78822
6189,916.01605,495.3908,-27.535416,3.7703655
6190,698.5833,663.17615,60.843506,27.575722
6191,597.7696,596.38525,1.581866,9.464921
6192,305.11197,796.47,-26.698952,5.3302083
6193,586.5919,273.7587,-29.12164,-2.0790162
6194,859.6058,715.5221,15.682778,29.406046
6195,365.7351,78.10228,10.419895,-23.971727
6196,1015.43506,790.92993,-34.580673,-18.36337
6197,217.23224,593.6323,2.780595,-4.2208614
6198,406.01724,167.41586,10.0479145,-18.718573
6199,798.8678,58.025364,-53.53816,-12.169174
6200,186.58313,905.3035,59.405594,-18.210703
6201,947.80505,92.838455,11.467012,-17.851646
6202,353.8617,44.8215,19.084167,-36.162266
6203,94.59914,696.81433,26.623579,23.170282
6204,344.83875,509.12552,-26.02089,-39.892006
6205,874.7073,208.00363,19.251999,32.010197
6206,436.25153,898.97064,-2.8555725,5.501924
6207,81.82014,293.94186,-7.9950294,-15.927582
6208,657.0532,529.6262,-4.8382754,-62.102253
6209,584.8146,191.7532,-39.171448,-17.678364
6210,18.281342,366.04898,-11.10833,-9.128686
6211,339.6233,122.94364,-48.856827,-44.61871
6212,579.5741,443.7994,36.80026,-43.012688
6213,340.71378,564.5913,5.9813533,-8.361462
6214,109.973114,155.02002,-2.2643538,-17.218948
6215,556.8022,420.3923,-2.5657203,-14.3651085
6216,244.12086,833.3415,23.97491,36.382103
6217,297.63596,919.89557,-36.62444,-57.0468
6218,730.9146,16.22385,56.19107,2.5338826
6219,944.6791,365.65524,21.937025,16.81105
6220,538.3138,884.5301,-14.231478,17.5511
6221,646.0583,308.45242,-10.808032,-20.124815
6222,502.65613,974.7802,-9.82422,-12.513379
6223,67.561356,935.30225,40.839626,45.479416
6224,451.3191,664.8468,4.855131,-24.254967
6225,734.69403,244.25519,-10.409191,20.954496
6226,551.3688,45.681915,21.511425,20.232662
6227,217.04298,956.0784,26.970146,-21.75103
6228,893.0733,470.98593,-12.279592,7.789099
6229,534.05115,137.87317,-10.4014845,18.547619
6230,956.0291,114.961105,-33.824013,-33.934692
6231,837.0207,356.08646,25.422403,28.84229
6232,206.91241,968.1411,23.716694,-14.596811
6233,970.85046,327.84372,-4.750913,-10.767985
6234,974.41174,697.08704,-13.7114,11.447091
6235,254.64922,962.7945,-22.179134,-62.450375
6236,874.8389,358.6254,39.096493,71.559395
6237,791.9836,634.9498,9.027323,-14.989083
6238,150.64453,213.01712,-20.432608,-3.6195467
6239,362.4651,287.29306,10.136987,30.77696
6240,787.38855,113.86381,-7.0383844,22.842518
6241,932.7463,218.63309,5.2701364,-3.64314
6242,55.68649,444.92328,10.625852,-23.802658
6243,597.58636,1017.3887,-64.76935,30.63982
6244,853.0075,981.5489,-9.473284,15.782284
6245,507.95737,111.300415,25.174578,-3.4956691
6246,126.70042,464.73865,17.907415,16.896137
6247,647.4339,203.92241,2.8762865,18.581491
6248,202.08064,928.01,-5.953542,-41.46448
6249,238.63684,66.58638,-3.6834621,-19.333584
6250,222.30345,305.2531,4.1360874,-10.5622225
6251,689.3518,889.28864,-18.23437,25.424538
6252,561.8893,701.3451,-47.659927,-18.26373
6253,922.7533,745.87103,17.815248,3.3910596
6254,946.1159,536.0437,-30.685852,-35.9398
6255,56.8696,183.89722,22.115314,-3.6364913
6256,386.9162,563.83795,-41.636295,7.641604
6257,350.82083,172.25414,-17.414173,2.9619617
6258,63.61479,426.09644,21.69229,15.882091
6259,397.31604,477.8681,-5.212381,-6.5899262
6260,801.36444,492.67252,-34.066143,19.829002
6261,213.24773,708.1411,36.593067,-75.60165
6262,728.1793,114.12375,-10.960493,34.667374
6263,134.94221,923.08136,-3.0226603,81.6368
6264,399.46887,705.7582,21.171022,1.8289671
6265,329.37274,954.35284,-3.9366302,-29.77626
6266,255.55525,759.1294,22.852962,23.29258
6267,143.71341,636.1702,3.0758111,-16.433691
6268,441.35953,120.14316,14.813813,12.227635
6269,864.58325,395.66824,17.449707,36.490475
6270,557.28143,585.93,19.76634,80.19526
6271,444.05005,248.12071,-11.0613985,-5.651337
6272,190.78996,907.20685,14.358495,11.370052
6273,922.39606,824.8035,17.29607,-22.501217
6274,928.8916,374.79086,-16.824993,10.380476
6275,110.09736,72.19302,-6.771379,-7.4105844
6276,21.385105,195.42833,-12.438951,-26.292595
6277,672.33813,1020.24524,-11.671647,12.057288
6278,179.32338,21.836906,17.810104,-15.497468
6279,779.729,317.8262,20.784237,-15.428276
6280,268.47528,501.1354,4.752309,10.491053
6281,319.90433,489.17355,-10.21932,-25.474821
6282,296.42108,258.81268,30.492714,-54.985237
6283,729.4714,995.20764,-16.296675,45.827396
6284,485.7204,809.87256,-8.110248,15.618848
6285,334.08582,829.2902,-21.97401,29.016857
6286,213.76091,335.97385,-9.62394,52.683025
6287,4.6095386,917.44696,-13.064533,-36.57001
6288,350.11484,359.16068,23.846622,-41.414795
6289,659.88824,207.00822,-36.45823,2.122381
6290,21.138557,895.7047,31.223158,-3.3107984
6291,625.5807,225.10933,-37.118267,-27.397022
6292,753.3496,398.74548,39.95903,-22.9447
6293,185.70856,184.22583,38.37752,14.785477
6294,968.4389,615.5469,-23.375055,-19.125914
6295,801.6167,394.20453,34.602146,2.492035
6296,215.1881,838.712,-6.8285484,52.0931
6297,749.9291,192.4086,-15.075336,-67.00121
6298,432.6857,355.20807,-12.477662,-7.2903485
6299,369.8984,919.3713,2.4915452,21.174154
6300,626.63873,358.8551,40.63286,42.83181
6301,468.31308,386.43973,22.294573,-14.915937
6302,14.138237,361.65936,4.7622848,19.698
6303,584.7777,150.1192,18.013596,-4.3494334
6304,971.0833,69.54562,-14.240421,15.971868
6305,521.3256,492.8219,-18.780094,-10.36818
6306,69.49178,119.88266,45.093155,46.788406
6307,337.47842,332.87744,-14.6113,-9.376416
6308,963.3846,542.2122,2.8907,-29.293001
6309,750.43256,226.26263,-0.45351833,19.515965
6310,980.54614,90.926674,10.652069,-32.445534
6311,61.770344,833.9123,1.9619088,9.652556
6312,479.1171,561.70844,4.6668453,6.9960794
6313,964.1877,392.15433,-37.551476,36.37655
6314,954.9024,194.61067,-8.520572,4.932169
6315,1014.9903,89.05179,-8.116674,22.995295
6316,510.03976,184.84084,-13.545744,4.762127
6317,638.14404,968.4,10.871423,-11.4349165
6318,702.388,777.85156,71.03861,19.43598
6319,445.68323,258.75766,-6.678879,16.931099
6320,529.7537,651.80206,-12.251205,-23.120543
6321,768.9147,136.32823,-5.567092,11.979854
6322,591.234,663.3549,-9.03266,-4.2930565
6323,546.78235,493.2795,-47.64546,26.945766
6324,24.68962,480.54584,-8.066261,14.502261
6325,35.429726,1013.9375,-51.598812,36.305046
6326,433.8602,34.20516,-11.9736595,6.383175
6327,723.02075,822.63055,39.272346,28.246311
6328,232.1819,363.20126,-2.0318513,-24.90439
6329,519.7696,356.04175,6.2751603,29.461931
6330,108.7849,808.4258,-27.439964,-8.999519
6331,943.1688,768.33124,-1.3287598,0.68058515
6332,720.09314,1000.94934,-15.224876,20.082424
6333,203.57713,907.5646,20.391743,2.8882263
6334,806.91974,697.70935,25.069277,22.851536
6335,827.8013,211.17024,14.70932,-3.8629305
6336,325.62946,793.88855,-26.880491,-2.567827
6337,694.8324,109.68799,14.619911,-2.564084
6338,145.28499,1003.6785,-3.3730197,9.73403
6339,583.1443,443.29736,-41.772156,38.836575
6340,824.04663,197.92084,39.125515,9.09609
6341,335.495,869.23627,-5.3779116,-1.4930881
6342,149.69855,98.38925,-40.187016,9.109767
6343,483.74997,880.26843,10.0264015,0.80526495
6344,957.27673,269.46127,64.15217,-59.590485
6345,670.9915,710.88354,-19.484709,-8.587819
6346,626.5076,769.58167,11.166906,-1.142359
6347,639.8755,153.05292,-18.631485,0.072325334
6348,559.6602,824.6222,-11.47692,-1.0707324
6349,31.42586,1016.0048,-29.724972,16.772463
6350,791.85077,28.633518,25.290833,-35.887882
6351,244.85992,69.67918,9.067045,-5.98243
6352,878.3779,111.48027,1.8441899,26.829473
6353,718.91437,936.0878,-10.092153,8.847484
6354,734.9591,273.4938,20.20958,-17.03423
6355,127.33499,534.80817,-14.988635,-3.1964903
6356,17.776283,1016.1965,-27.099787,14.216301
6357,530.51483,1015.97656,-14.930542,-18.467981
6358,582.6189,891.43896,-9.186137,-1.0513622
6359,679.56555,780.45374,23.23669,-4.946729
6360,277.5494,622.65015,-4.046392,-15.455725
6361,106.56809,664.6114,60.445984,-3.8882399
6362,804.41174,414.57324,17.936325,51.275307
6363,900.9648,429.21442,23.201187,21.636023
6364,786.0735,424.9721,-9.286319,-7.094253
6365,192.51625,53.08282,-17.64159,-21.1252
6366,773.0286,524.3611,9.142682,4.645631
6367,25.868956,1016.0349,-9.171016,39.185272
6368,863.0326,620.45575,3.7148192,-11.070419
6369,964.651,278.1972,68.861336,-54.922813
6370,627.5187,968.19836,22.309143,-33.200512
6371,376.09225,927.6127,-0.7388939,-9.487638
6372,234.7741,891.39716,-26.442175,-6.225175
6373,216.30496,541.4742,-76.63851,-26.066933
6374,383.99112,868.4923,1.4408346,-5.623821
6375,584.07336,619.41626,3.1732373,-4.365363
6376,822.44324,993.1711,-23.746225,-20.156673
6377,727.0583,369.61896,-43.631294,-67.18111
6378,241.22197,870.5865,33.171604,-4.054201
6379,148.29536,562.517,45.218735,-1.2556041
6380,476.7822,444.49487,-17.54867,-23.76699
6381,455.12946,188.13585,58.44051,28.121662
6382,857.0072,865.1226,-0.063290104,-24.859205
6383,612.7667,472.74005,25.096323,-19.126806
6384,93.15771,996.84796,1.567192,-29.888958
6385,604.9801,880.8899,12.330853,6.5447187
6386,1009.30896,704.09906,-12.788436,-17.936127
6387,266.36298,907.4211,-76.79197,-19.584166
6388,584.2367,548.5392,5.1959414,23.886562
6389,500.2934,675.703,-1.5151695,56.878975
6390,549.32874,284.0102,3.5657566,-5.3969183
6391,235.03441,548.4849,-4.764316,-25.476717
6392,11.292478,1009.8459,-1.9964511,-24.42492
6393,749.6909,401.24448,21.299175,27.24471
6394,692.85675,974.3498,-6.269443,2.2651494
6395,875.3418,300.3277,-20.920332,-35.810852
6396,686.74005,214.83698,10.944544,10.853444
6397,873.08044,896.741,-25.928518,-1.3934252
6398,518.6196,113.369545,-1.5156235,18.395794
6399,968.52216,262.65814,0.61229646,-29.159151
6400,564.90375,410.29178,-2.181207,13.668049
6401,116.52295,223.36023,-10.36301,-3.7334943
6402,152.83823,61.675995,38.046623,16.397516
6403,82.67037,936.41266,9.197186,23.908907
6404,332.36948,156.17169,-17.69647,52.830734
6405,749.484,899.8037,21.767622,1.7727923
6406,617.0008,196.94017,-16.288572,-21.686285
6407,569.7555,340.48587,-46.6373,41.398884
6408,44.27954,4.8624926,-39.252274,-25.117382
6409,470.18552,12.65302,-12.482284,-21.582113
6410,659.2979,107.79898,-46.56308,3.446228
6411,659.4213,827.63763,1.7054639,19.842686
6412,731.6796,453.13074,5.585261,63.735313
6413,355.8554,413.20526,31.497643,-55.15641
6414,403.29288,955.1287,-39.468277,32.012318
6415,400.83307,62.777832,1.2872971,2.1730022
6416,767.5195,480.83276,-1.4973676,-1.7792109
6417,1022.4578,154.73463,-8.269928,13.325965
6418,994.4629,398.99915,6.762898,-21.83299
6419,981.7031,457.3821,6.3824444,-12.523303
6420,555.5569,838.3929,-18.12137,11.556116
6421,971.65234,847.04114,-26.948698,-7.3270893
6422,940.47906,93.23274,16.919022,31.110323
6423,212.81294,312.70773,12.024651,-1.3255808
6424,282.5634,805.84216,-5.2104697,-10.771659
6425,1013.2435,180.89694,33.63966,-47.889557
6426,516.8607,612.818,2.6685755,-4.6209106
6427,248.70775,338.95874,-23.980612,-19.410898
6428,603.9413,1013.79626,-29.600533,2.4285545
6429,381.34814,244.31566,1.8052039,-3.6277056
6430,380.07227,342.73328,-9.170831,49.551746
6431,176.6772,338.97702,-13.656474,-23.58
6432,624.6455,154.34908,-83.72961,-31.02471
6433,304.49655,967.3475,18.421732,-13.391384
6434,182.94153,235.32292,-2.8015764,4.8409653
6435,193.8529,717.77155,11.053097,-74.10674
6436,677.90216,268.0588,9.527679,8.031006
6437,53.206234,883.7309,5.2379847,6.196055
6438,207.90927,124.42646,-9.966828,44.53098
6439,846.1777,157.1743,-10.862356,-15.846511
6440,445.82446,238.35031,-22.646729,-33.39218
6441,620.2183,220.08224,-22.378637,-60.880505
6442,269.67148,844.1543,6.972521,36.837955
6443,770.29285,814.1555,-8.458669,-36.155796
6444,555.74677,652.26715,-22.5251,-4.2095327
6445,18.74101,493.48642,1.8384907,34.472164
6446,237.17407,257.6712,-35.864277,1.0829854
6447,198.17351,909.047,9.647925,3.424895
6448,142.51,893.5542,-57.26521,69.43123
6449,815.76715,719.7929,-5.2566476,1.2981604
6450,470.6657,323.38907,7.5088625,-9.305695
6451,840.58386,739.5102,3.752802,10.8174925
6452,980.5021,203.2253,34.893948,22.746754
6453,212.29965,307.1766,-0.33437592,-19.665182
6454,753.3205,342.4651,0.087425716,3.6316583
6455,110.527626,908.8768,-85.7888,27.208101
6456,967.8657,309.2869,3.0158634,-34.1327
6457,114.83316,519.0054,-12.725706,2.4803863
6458,382.89795,667.554,10.026251,2.8729575
6459,778.475,857.7083,-30.139938,-2.8939364
6460,59.835014,776.16626,11.49272,14.974931
6461,23.515629,986.2875,32.23633,74.81983
6462,125.707726,726.2329,-12.990418,-26.004963
6463,162.52748,566.87177,3.4074311,-31.296942
6464,373.2285,488.22116,17.9481,-16.02462
6465,270.67868,821.7303,-17.516273,20.960552
6466,169.11378,878.62274,-1.1098199,-4.3986883
6467,552.42645,100.45248,2.3876438,-3.7160993
6468,243.40855,301.65085,-1.4664906,-7.368811
6469,170.37851,74.76921,28.963327,-11.51591
6470,47.435745,518.8909,17.120453,34.23319
6471,45.981464,252.54254,5.0153065,7.9865146
6472,184.41129,943.1704,-28.22775,6.7803364
6473,862.94135,393.79254,18.315844,37.824566
6474,406.8439,709.2812,35.900963,15.283749
6475,689.8804,579.273,-18.122736,-39.520084
6476,528.7802,405.30322,-12.784353,12.472719
6477,1007.28784,330.16644,-24.851587,45.113598
6478,729.63855,0.5031056,-36.57137,-1.1361889
6479,559.41095,831.6242,1.679948,14.556933
6480,369.0173,996.0686,6.9347363,-15.706896
6481,253.10081,26.437643,-13.201701,11.91785
6482,606.1093,1008.5216,-22.117872,-36.862217
6483,606.75745,389.11752,-35.193577,8.954325
6484,438.02454,354.13083,2.63178,-3.7920463
6485,442.3053,742.98425,-30.420607,22.534143
6486,104.3533,848.61505,-18.064508,-70.63629
6487,860.79205,334.64307,-8.085524,4.4960284
6488,71.215965,227.21371,-26.45168,-9.808639
6489,66.67703,865.12695,-13.569065,0.2965149
6490,921.9661,877.7852,-44.788895,11.541394
6491,44.31018,474.92667,-55.154728,-20.38472
6492,919.39185,782.1784,-20.236567,16.558464
6493,178.63123,235.49445,-14.9395275,24.914972
6494,691.5746,486.77682,-48.35459,16.278284
6495,776.40607,865.8822,-29.388134,8.395491
6496,606.678,864.6433,6.881902,-4.5639744
6497,986.0899,510.81567,45.885643,-67.31786
6498,340.69138,509.14554,-32.86498,-12.354416
6499,647.53906,547.06635,25.293604,-32.134277
6500,511.71515,560.51154,21.208054,18.272501
6501,936.355,661.403,9.660037,36.887417
6502,895.3692,682.415,15.841765,-6.772137
6503,1022.7798,7.5111527,-57.14945,-69.52655
6504,616.67706,829.19135,-2.3834763,4.851287
6505,536.8291,230.03458,8.101543,51.891663
6506,804.1525,143.82632,-25.08224,3.83943
6507,816.8416,841.8385,20.22952,25.348291
6508,717.6139,647.2963,86.16951,22.7508
6509,344.1748,869.92883,5.33734,-1.6819301
6510,366.6388,492.23148,-20.147123,14.6126175
6511,926.2849,439.03558,-34.203983,10.67288
6512,449.65973,971.33453,6.0019107,-19.505892
6513,539.7748,878.412,7.354893,13.481773
6514,879.88025,518.6045,6.978754,17.580097
6515,335.38416,876.13745,5.0975056,-10.86522
6516,607.2709,455.9646,22.89575,-27.02126
6517,605.166,561.0807,-60.252136,-20.79457
6518,424.56558,277.49347,-52.749184,61.272263
6519,1001.52045,544.9856,16.486034,-2.8959432
6520,396.09125,13.418435,-1.7472963,4.663857
6521,1020.77,146.73236,0.675803,29.872585
6522,534.0395,74.51592,-24.201653,8.266019
6523,261.34085,852.40546,-7.672133,-4.424273
6524,453.00134,843.72455,28.767666,44.553905
6525,962.5227,752.04016,-42.571968,-40.653687
6526,198.009,793.65247,-3.5064669,9.512792
6527,475.2788,537.9436,29.534622,4.566807
6528,770.92694,883.2304,10.4896145,-53.420753
6529,954.6884,550.0731,-25.964163,-46.75677
6530,613.2567,796.09985,5.7097764,-0.17677249
6531,791.9056,171.74069,35.509792,-38.937782
6532,337.80838,86.7887,-48.659878,22.112778
6533,694.55786,888.5233,-15.854141,24.997725
6534,560.8034,55.478542,2.9692569,15.08233
6535,141.94398,550.1037,12.031683,31.318148
6536,514.0801,439.0588,2.1526031,-23.388584
6537,225.02606,746.985,28.703152,34.864746
6538,168.21574,479.62567,-29.799835,-37.54776
6539,118.99186,812.6684,-60.5371,1.2891918
6540,885.63324,679.5039,-12.477736,-3.1802425
6541,248.2594,843.0494,4.844992,0.27840018
6542,557.3541,1013.11475,-29.702692,33.24575
6543,989.59076,405.1816,-8.651245,-20.700314
6544,111.90805,558.98334,-27.468838,-27.337072
6545,277.07654,188.77112,-3.0768404,15.607484
6546,545.66473,506.87244,19.357538,21.39492
6547,158.81163,78.549736,20.426214,-25.483017
6548,823.02405,120.703964,17.011536,-37.977787
6549,155.8641,182.15091,-54.531624,37.03119
6550,294.01987,948.1014,3.2681458,32.36977
6551,492.06396,141.00565,-2.1451914,29.634584
6552,401.3796,952.23364,-49.65581,25.879206
6553,799.40546,220.29033,23.668436,-31.682404
6554,923.86835,618.3047,-33.372868,22.23246
6555,615.5454,27.757864,-7.1335387,15.76556
6556,806.27295,898.8608,31.762682,-0.47136456
6557,299.63687,948.91547,-20.065718,-6.597645
6558,934.9741,455.9929,-52.115128,55.006294
6559,858.0144,658.8422,-10.721876,-0.45903257
6560,295.9469,229.7363,11.647504,-8.760282
6561,348.31415,71.696945,-27.066442,-21.049114
6562,242.72188,377.21057,-16.32354,-1.1026411
6563,267.42026,1006.3876,-31.350832,-24.555403
6564,479.2345,822.1294,26.265663,-19.97459
6565,724.3561,770.7667,-6.241095,65.58947
6566,195.50151,158.36403,-11.723624,17.535448
6567,14.261892,509.17892,-14.230914,-8.40865
6568,601.04584,295.7795,-8.633089,16.96912
6569,35.09441,211.8011,-32.555424,-24.52263
6570,918.3345,132.44519,14.569491,-3.8632517
6571,294.73758,803.4809,-31.016514,-6.543299
6572,227.9545,428.3876,1.2080454,3.6465328
6573,740.7463,237.02821,-14.985428,39.086197
6574,32.955647,29.738222,-39.45452,-8.855845
6575,414.34714,628.8831,-5.9404054,-23.89791
6576,723.55273,676.0526,-1.3003193,48.26198
6577,568.5993,536.9482,6.5734878,36.677155
6578,189.005,726.31335,2.144377,-66.621506
6579,197.8525,698.2806,12.520276,-89.12487
6580,544.8186,30.781017,11.877131,2.9560695
6581,29.81173,387.56216,-20.774912,-12.623363
6582,791.8716,553.1476,-0.26769164,1.5463161
6583,354.85663,128.58434,-79.92771,-41.37102
6584,117.59462,97.30926,-12.515693,-3.3117182
6585,885.06006,835.74426,-25.891964,1.8359245
6586,130.88017,913.12177,-13.698356,57.001392
6587,436.24078,300.3233,12.426131,11.484439
6588,333.89142,972.9808,-27.984486,-58.88408
6589,546.3785,461.03186,0.13208857,-5.3616204
6590,804.9867,807.7289,-3.2397592,-18.457224
6591,506.00424,261.76813,19.526136,-21.066874
6592,936.32947,525.5953,23.924707,-16.230604
6593,867.16266,872.44165,26.647474,3.604737
6594,283.02396,390.32874,-41.48583,7.8663206
6595,376.0363,362.31488,10.535595,-7.323139
6596,913.17847,923.8486,-55.92744,9.665636
6597,846.2539,526.50824,3.3405309,5.5146384
6598,228.47472,600.9957,23.861696,21.557545
6599,791.27625,935.6241,13.431692,-3.9753947
6600,188.08817,689.7283,12.144795,-27.295494
6601,120.08389,836.7422,-27.122173,-20.690226
6602,334.79565,703.1543,-50.60459,6.5854006
6603,956.40686,1018.5006,2.818811,16.645945
6604,886.6153,486.23898,-50.360275,-24.60157
6605,889.69714,464.07758,-16.46224,55.92399
6606,866.5737,190.00511,63.350796,19.47171
6607,33.777527,321.5027,-13.588564,-7.951115
6608,631.5451,370.53204,-23.753437,4.908362
6609,469.88028,650.6274,-1.3572654,-2.9725149
6610,912.6874,597.4995,8.210608,-8.414819
6611,930.8311,417.7503,24.116695,3.3028758
6612,351.5323,137.23012,-6.756189,-46.070835
6613,695.63586,210.01392,16.082193,-10.642539
6614,463.64285,508.6641,-8.65556,2.904981
6615,857.5461,966.52545,4.346507,15.120096
6616,767.3424,739.6083,-28.707394,-53.14291
6617,566.3731,300.9948,-35.02963,-12.951928
6618,995.01794,491.08704,27.267338,-51.725906
6619,903.58215,528.1663,-5.877546,9.690364
6620,709.58875,744.13495,-40.012398,-4.896697
6621,73.941055,435.40884,17.069788,-17.828259
6622,498.54623,455.1156,-10.782089,-8.302229
6623,305.77518,384.9937,-88.09041,18.441252
6624,977.22876,369.71173,-0.12892567,5.7729206
6625,453.42038,34.838673,-23.606173,-2.1826653
6626,790.7351,38.25955,23.437244,-22.401438
6627,339.75693,816.40094,-35.114098,28.607386
6628,302.80527,624.2065,-10.894715,-10.258136
6629,436.20013,652.25226,13.77039,-8.846771
6630,92.97282,444.12497,-29.332594,-24.607708
6631,289.04456,426.0906,-12.015487,72.246605
6632,602.47076,1011.90454,-27.530592,-7.3471055
6633,219.32301,15.776143,1.2244258,9.470538
6634,168.45331,980.7757,-10.203921,12.9192
6635,654.5378,518.9579,-19.51809,-17.220974
6636,362.7554,787.6086,34.66426,-76.25873
6637,555.5801,610.59784,-9.592441,75.93261
6638,812.2975,126.75646,-15.3132925,-24.375051
6639,460.74844,968.8338,12.225168,-15.704142
6640,210.64716,983.86536,-2.7279074,10.815289
6641,665.76697,773.2103,57.998615,-36.727455
6642,1013.9575,1010.64325,-31.693186,-55.58142
6643,289.92694,909.7011,-53.54332,-60.61693
6644,466.34866,8.287268,-13.049057,-15.881065
6645,197.82271,679.6136,-17.495054,0.6515194
6646,302.05978,424.43616,-5.8897424,-4.102614
6647,722.73737,657.60925,40.23708,38.69377
6648,703.497,595.1373,-10.381737,-25.682697
6649,30.008806,1008.384,15.0489435,-10.6060915
6650,489.08463,369.546,1.9351465,-45.922543
6651,661.34985,273.65228,4.0632186,-27.732584
6652,415.0272,653.05316,18.005106,-18.019413
6653,733.48627,532.67456,26.527117,5.9892416
6654,905.33344,136.13982,-3.2745638,-13.771578
6655,219.38145,556.398,-57.5201,-22.890985
6656,151.03165,849.664,3.3045495,5.510377
6657,842.7334,121.63278,46.795807,-2.1414685
6658,1019.63916,491.4228,14.207384,29.009548
6659,371.8244,613.938,-7.264902,0.8481193
6660,232.57549,559.42816,-19.47844,-7.511069
6661,726.5513,896.9013,13.043771,-37.166496
6662,797.6179,930.5111,-2.1111116,11.182373
6663,127.53419,20.473492,1.828882,-3.3483093
6664,109.995384,422.78363,72.2495,-16.632967
6665,878.62604,136.06255,2.7205906,6.815528
6666,706.3755,377.1071,-28.167164,17.176186
6667,105.02743,249.26114,3.692638,17.311333
6668,765.57916,485.56488,-4.592069,-4.7273397
6669,968.1193,265.01627,-74.44806,-16.137903
6670,104.68581,455.80176,44.776493,23.559084
6671,466.55206,478.16946,13.011184,36.85523
6672,175.65837,928.76,-3.2335649,-30.043522
6673,919.4609,5.5699124,2.031409,3.8776379
6674,786.49536,29.858616,16.327066,-36.69827
6675,303.7432,363.9717,-7.024472,18.619524
6676,952.29803,277.37128,-34.120346,34.416782
6677,239.2652,427.42175,-5.1410084,-9.744607
6678,767.4625,796.4461,1.2329793,-51.14356
6679,348.40198,684.9501,-22.37536,27.924038
6680,617.94275,503.8191,-24.769186,34.904873
6681,534.13635,9.358107,-5.3225746,26.385794
6682,229.05339,745.87616,46.999252,28.178978
6683,224.03036,878.23804,30.379898,13.422768
6684,77.27009,917.5994,2.806684,22.88575
6685,85.58782,125.307976,32.883835,43.004757
6686,720.25446,189.44406,25.114326,1.7769738
6687,159.92606,275.76193,17.121052,-9.181933
6688,581.5497,759.57526,-15.17389,-8.599863
6689,653.2771,523.94574,-22.341309,-22.211937
6690,475.85086,493.23102,5.184941,8.54181
6691,829.08307,867.73413,-34.753162,-43.938736
6692,951.6428,547.3937,-6.9420967,-33.561573
6693,216.60771,856.43756,2.995233,40.366604
6694,326.93027,565.232,-19.128313,-36.057274
6695,1023.9716,5.377927,-52.305473,-73.24028
6696,91.16222,891.05786,-40.56099,7.623912
6697,16.651766,205.86751,-25.788937,-6.3613744
6698,45.079075,630.8809,-29.90961,-18.193377
6699,277.3178,316.11542,17.759193,17.012295
6700,722.6122,866.28345,-20.148897,39.2161
6701,408.85516,902.45154,-9.786408,2.0035973
6702,1014.6244,771.4415,-0.8324672,-16.230812
6703,484.92276,800.92645,-5.751102,19.044321
6704,216.9413,11.553117,-54.23888,-12.476957
6705,545.561,26.482872,11.709924,16.205246
6706,257.5704,648.8116,9.838959,-27.865507
6707,529.72284,574.58466,31.47634,4.272474
6708,763.69135,905.22235,10.6620865,-18.325111
6709,271.25906,714.6589,24.209393,-26.511242
6710,16.144705,258.43295,23.30971,-26.418118
6711,482.8062,359.90677,-0.8004015,-32.35144
6712,720.4469,535.00995,31.477995,23.533487
6713,850.4138,787.5504,7.811282,11.627233
6714,439.182,749.01715,-43.46866,52.890244
6715,411.6029,782.0798,42.19486,-60.506447
6716,1023.8264,918.5221,-14.647687,6.388979
6717,1004.5694,588.72205,-41.33938,16.309378
6718,496.87158,937.9436,11.303869,-62.569443
6719,136.22559,886.37274,-9.271167,-55.704433
6720,377.85126,481.19254,16.191414,-5.762118
6721,906.562,265.28894,21.683554,-16.543724
6722,287.49164,898.90027,-60.109447,3.2081592
6723,991.6878,406.51874,10.15891,-15.563797
6724,104.39917,672.8239,-10.10027,21.262186
6725,581.49994,198.23476,-43.561993,0.17578162
6726,557.92456,696.28973,-37.736813,-16.404577
6727,820.7675,123.86092,39.469975,-52.715904
6728,871.34875,496.32513,9.41529,24.56616
6729,107.324745,133.91344,-9.2113,-7.6259365
6730,940.5344,888.12396,-17.80282,-1.8056616
6731,809.33466,978.55664,-1.0400908,-38.33126
6732,393.58722,200.22693,-26.673075,-35.876804
6733,86.34751,28.929216,-24.798912,-27.748892
6734,310.10532,75.643394,0.07651257,-12.186104
6735,599.4632,1008.64044,-57.301723,-6.5279675
6736,748.27893,39.485683,3.063115,18.453876
6737,736.27386,434.83203,14.439099,-10.71017
6738,947.422,572.95276,13.540031,0.23388842
6739,890.59155,971.3674,-16.843447,-15.58813
6740,1014.58105,548.5419,1.7615272,7.294448
6741,586.623,756.3324,-23.884268,-7.069346
6742,297.2959,627.1549,-19.030582,-2.8515718
6743,316.05774,945.2379,-8.784247,-19.293049
6744,680.19934,82.52352,19.482735,-6.542622
6745,185.75984,300.94922,-4.283138,-40.235313
6746,963.99274,188.91911,-1.7692972,23.011507
6747,536.5511,877.1468,10.247901,20.476524
6748,373.49512,290.01428,6.9123797,38.602875
6749,328.76788,920.4914,-11.925885,-38.890396
6750,975.56915,914.0316,-21.91925,1.1026256
6751,168.11017,24.026815,20.402128,-7.0213614
6752,849.04016,955.78613,2.8887908,6.9433756
6753,855.35004,727.3271,-36.916924,20.130457
6754,2.3011148,217.91121,21.341066,5.4787955
6755,732.5792,923.08466,-11.552348,9.563997
6756,700.8799,112.97638,-36.17657,-15.702169
6757,929.97705,459.0307,-26.779552,42.74089
6758,983.8357,195.97289,25.861538,27.890266
6759,704.1703,875.31854,2.4701548,-20.526659
6760,641.0719,405.8314,17.735224,19.383713
6761,27.00634,397.69022,-39.341137,6.1931753
6762,454.79657,153.36975,-39.72118,-7.2154512
6763,672.77435,865.85175,-5.427479,13.609215
6764,229.68912,620.42804,21.335157,-8.779782
6765,232.41435,238.1733,-16.404472,-21.033623
6766,509.81033,895.5426,18.29757,-4.4431076
6767,642.0773,157.15582,-5.878587,4.700636
6768,268.03418,1017.8534,-1.6290977,2.038498
6769,675.08636,1012.8001,-14.988726,9.1843
6770,728.2552,1008.9242,-1.7929268,32.75982
6771,681.0052,151.05298,-1.1083823,7.9689994
6772,0.46689194,826.43414,5.4665265,-12.2893
6773,423.833,1004.88586,-13.887028,-6.5773106
6774,560.60144,412.80826,-12.745186,-14.1702
6775,552.9074,356.47675,-49.108192,-10.646449
6776,270.31128,496.6571,17.784874,6.6085887
6777,870.88776,716.74884,5.3331175,-7.4952106
6778,954.39233,751.31134,-19.79364,23.418736
6779,56.30068,600.6176,-25.75983,5.648124
6780,263.73987,998.6759,-16.92107,-17.980984
6781,623.2797,137.32434,13.303446,-29.142561
6782,610.7302,762.78564,-40.320885,-10.399675
6783,59.265648,274.0771,2.555462,0.917841
6784,718.54974,98.25212,-17.539448,-14.018977
6785,273.63794,190.47226,-22.807705,7.5390105
6786,1023.76605,834.3,13.599115,-5.557626
6787,968.81854,607.39496,5.705761,0.209868
6788,935.4378,770.4191,-1.8871224,14.286643
6789,21.12563,376.12595,10.390883,14.229704
6790,902.8687,424.3965,15.043391,7.1836796
6791,370.52756,925.0057,-3.0186372,4.9063444
6792,60.10587,125.91731,11.601921,76.528915
6793,262.62692,355.5801,-5.9822907,-1.7455367
6794,720.22064,191.79208,24.35452,20.34958
6795,45.42283,1016.62854,89.63223,8.127932
6796,770.35516,255.32425,51.18127,-22.155012
6797,267.89822,625.51953,43.61708,-17.7298
6798,417.423,449.50424,-5.353085,11.7683325
6799,774.9778,676.7903,-5.4192543,-2.0761473
6800,951.7677,936.7968,13.093881,23.023382
6801,863.39185,500.18533,4.3907113,12.89292
6802,749.44653,1022.0062,5.7584786,0.4950256
6803,915.2974,157.60815,-1.4953178,-31.637184
6804,116.35999,865.75397,-30.051805,-55.342537
6805,4.1278853,712.6584,-35.605232,52.454742
6806,327.75418,698.9189,-48.116238,1.760734
6807,204.29536,978.6085,2.8873134,5.5225224
6808,494.80164,578.45416,16.753328,-3.5451267
6809,903.9139,448.44293,-5.659649,35.691475
6810,259.06876,731.79834,-5.4328966,12.151051
6811,55.645306,157.30406,-10.539234,-4.681796
6812,764.8411,441.93115,18.819368,15.205141
6813,16.754202,772.47894,1.5936847,16.784767
6814,712.9749,644.3239,18.781713,33.15106
6815,914.8778,990.96594,-10.615167,25.563097
6816,510.99448,617.9494,10.225588,3.3453767
6817,386.72455,258.75626,13.420451,10.074625
6818,961.37537,173.11925,4.285917,0.085843295
6819,887.89984,929.6938,0.11239026,-7.4816585
6820,38.402706,86.311295,4.1093354,15.512056
6821,354.74002,663.8533,-1.5512667,3.6713982
6822,375.75302,149.64116,4.975556,18.154205
6823,824.3378,463.27252,-10.780802,-6.1164885
6824,888.8081,167.08067,52.828693,-56.46796
6825,886.26685,694.58624,25.667633,-56.72894
6826,220.34213,770.6992,-11.730758,35.708904
6827,978.38,511.32837,50.81649,-51.122837
6828,783.5043,324.64163,-10.602173,30.78389
6829,73.46819,674.4294,3.01964,27.192085
6830,88.20656,742.6564,32.867268,-15.850141
6831,860.27704,134.6168,38.422848,18.400572
6832,0.98447025,213.96718,21.804876,2.9657674
6833,432.47986,896.01105,-9.763988,8.226049
6834,496.71957,999.1543,0.96900415,-33.458363
6835,603.87054,943.067,2.301321,-1.9405065
6836,277.1228,105.55361,-14.442941,5.663351
6837,148.97314,441.3402,20.078558,-15.309515
6838,210.47014,975.0328,9.236331,-3.5244262
6839,908.46826,134.98573,-16.960592,-14.416529
6840,270.28027,940.7345,-32.587887,-1.4895269
6841,165.9856,919.40515,22.72415,-0.44687688
6842,308.84787,353.18066,-5.3769236,30.333576
6843,748.1593,503.2595,-4.68112,-0.07014955
6844,364.62183,113.73692,-5.589192,33.259594
6845,622.4352,860.2528,5.983492,-8.20956
6846,413.21002,758.44116,81.541306,13.370766
6847,1005.5173,290.53183,61.311077,12.55322
6848,482.8212,418.49576,21.834036,-7.8411026
6849,53.19615,271.83228,1.8718019,0.88862807
6850,1016.0612,785.50214,-44.125366,-23.118355
6851,789.60016,110.86359,-8.317005,34.961826
6852,637.8481,482.7013,16.273956,4.59598
6853,328.84796,974.2023,-5.2305856,-29.939833
6854,737.833,437.27072,-36.343803,-3.3295593
6855,57.71851,528.1653,25.196669,-1.0573232
6856,58.707336,485.45117,-24.524706,12.250699
6857,933.68915,243.57506,-34.29118,-9.151294
6858,864.98083,61.491455,-30.98533,7.818461
6859,300.50177,793.3644,-20.593285,-10.902483
6860,898.5235,785.7136,-11.832102,-3.4363563
6861,850.4079,947.7473,14.393234,-11.440249
6862,719.713,927.63696,13.41929,40.77776
6863,816.19336,312.367,17.523762,30.120731
6864,221.26361,776.82745,-2.3302019,4.7305017
6865,831.5523,737.23114,13.174114,33.990692
6866,622.0876,176.66953,-36.16825,-20.28563
6867,6.8402524,82.27453,0.47473282,5.9620132
6868,568.17944,456.6691,-27.210367,83.84539
6869,1010.2146,776.6879,-7.3022976,-19.5972
6870,114.00014,813.5282,-33.82398,11.580389
6871,723.50336,802.8861,62.992764,19.871588
6872,722.3402,787.774,2.760692,3.4209254
6873,692.6891,651.7277,46.075268,5.6303496
6874,34.00081,52.88004,16.434137,-9.866548
6875,216.04977,649.1885,-7.9709125,-6.5545516
6876,188.74808,216.81148,15.31789,23.571707
6877,206.36403,555.2951,-81.20534,-38.803257
6878,730.6762,855.743,-34.41843,-51.101257
6879,282.821,827.49255,28.788061,25.819195
6880,319.5668,496.18384,4.264332,-18.562244
6881,535.1089,109.040016,-23.862116,1.8285483
6882,917.6124,716.6649,8.896215,-7.4441752
6883,535.38544,616.1044,30.857521,-32.476295
6884,595.64514,427.5282,-45.349224,17.859299
6885,841.3034,924.4166,-15.554152,-19.981602
6886,819.90564,434.06802,13.821842,6.1586347
6887,757.3171,815.3191,41.305088,-17.28381
6888,867.3664,185.59518,56.75384,20.030184
6889,794.5307,214.49174,9.134066,-36.90386
6890,237.97441,605.01575,11.260167,14.901289
6891,914.8616,475.01288,-38.57452,-21.813843
6892,149.1258,975.6723,-18.548798,13.872025
6893,355.6751,299.52365,-3.8828962,18.290697
6894,510.09213,342.77185,4.8106375,-2.2143018
6895,195.38069,547.64417,-26.016691,-36.768246
6896,193.60269,729.63,6.821703,-46.65322
6897,244.82248,620.6175,4.771678,19.623272
6898,617.98737,107.28372,0.44389567,-0.62195414
6899,614.3963,409.90427,-37.215683,5.9851446
6900,704.5327,370.69745,-33.34877,10.7679
6901,105.25842,439.62375,22.274786,-7.952567
6902,145.77199,839.2714,30.917274,2.930845
6903,41.19596,248.56737,-2.3232682,5.6003737
6904,499.84763,934.2025,5.3653708,-41.18894
6905,265.39175,613.39075,33.91234,26.47258
6906,879.1155,904.88495,12.992361,-2.327722
6907,434.44403,474.64584,21.432606,19.306625
6908,534.6044,548.1957,27.343668,-46.59969
6909,110.08061,117.812965,17.805244,-49.501926
6910,61.69631,485.57718,-13.912262,5.706349
6911,467.7879,328.60022,6.8586597,10.869539
6912,108.77265,262.6988,-12.288844,-38.68796
6913,538.40894,202.71536,3.4353557,-30.399702
6914,780.2291,46.27609,-15.884385,-22.25663
6915,465.78568,765.10645,-43.085266,-7.637266
6916,388.15213,427.5221,3.189589,-18.610432
6917,449.2555,222.4355,-15.941114,19.35635
6918,355.65683,628.07056,-11.175145,6.571241
6919,969.4496,184.19316,46.56313,5.701614
6920,723.39246,878.2505,-28.9595,-9.6287
6921,525.83466,319.49173,-48.576424,11.446879
6922,911.7174,235.44003,39.936268,5.455597
6923,770.6741,364.57922,32.15062,-6.3198633
6924,19.82961,481.87772,-11.300994,10.051841
6925,230.50514,564.8077,-17.471575,10.238193
6926,388.5954,451.75912,41.79493,-5.863959
6927,837.9736,366.5027,33.132103,34.102585
6928,565.3596,437.75153,-68.5088,-5.2425776
6929,457.8001,129.66714,22.138086,18.375427
6930,4.400871,426.28787,-31.734886,32.912663
6931,560.11005,908.74335,23.175299,12.426189
6932,355.0188,488.32895,34.416985,-54.228783
6933,431.477,540.1654,5.7644916,14.13451
6934,295.255,421.7519,5.6074214,8.473396
6935,591.8783,41.491703,-25.45988,-4.8934464
6936,144.6985,533.02655,-4.53332,10.063979
6937,86.052956,662.9195,19.58328,5.646252
6938,807.0849,131.86069,-22.10821,-13.267757
6939,432.29962,18.87464,-4.319605,-10.308405
6940,858.47375,917.38696,35.593292,-6.994466
6941,693.8937,905.2711,-24.095734,-9.927919
6942,1003.93695,763.43304,-10.167987,-22.201124
6943,829.4259,463.7582,-14.969557,-4.2919264
6944,931.05597,348.42606,42.715836,14.356063
6945,306.4586,173.95284,-39.097565,30.032633
6946,52.03625,484.5519,-33.20851,-1.254021
6947,644.74225,56.258816,-9.062301,6.071226
6948,692.77844,902.4467,-33.01359,21.095844
6949,533.8472,918.22473,-15.2117195,14.309269
6950,52.831413,621.4768,-21.267628,19.136816
6951,226.93463,749.73444,-50.883945,9.300151
6952,455.2416,756.074,-37.74015,-12.821627
6953,485.0918,919.7743,-8.362548,-25.995968
6954,561.8144,952.163,-6.395161,-13.31497
6955,452.9251,392.0276,14.299681,0.22388826
6956,266.33966,457.6567,5.4233007,-6.3693457
6957,1010.8343,471.20377,3.737388,27.260317
6958,765.7834,167.97624,-28.446953,-18.26827
6959,92.409996,545.7956,-30.24065,-39.30922
6960,610.61774,147.37839,24.640541,-67.36085
6961,949.69086,138.04585,22.90486,12.180658
6962,832.2175,503.7241,8.703336,20.137003
6963,569.47064,312.92172,20.134378,18.450981
6964,956.87695,958.8451,-13.192891,-9.984195
6965,763.653,728.7234,40.8723,-30.589226
6966,973.02637,95.35203,-5.7230625,43.47286
6967,554.99457,908.2215,24.461891,-18.12929
6968,238.40074,616.7464,-6.0412135,1.9115279
6969,261.42352,499.03983,31.016104,-4.019741
6970,367.72012,166.0369,-15.385322,-11.043741
6971,351.7284,368.21426,-12.935739,-9.743291
6972,708.2681,118.5157,-47.940834,-32.748608
6973,505.65646,450.04413,6.912357,-31.615004
6974,246.0296,413.50815,14.154318,-6.453158
6975,224.22427,15.993297,17.232405,8.371067
6976,295.186,178.05261,-66.666565,22.300741
6977,870.6449,57.68549,-30.484844,7.5953684
6978,562.9131,521.109,5.9495187,0.68978095
6979,284.47412,798.05133,-44.17996,8.133504
6980,636.3113,450.38458,-24.343979,-23.558853
6981,579.6772,493.918,4.241363,-33.12852
6982,104.77474,1011.06934,-21.61938,-38.89996
6983,192.62886,1005.0823,-15.68059,1.5329783
6984,128.54427,291.5557,-8.938835,-16.98652
6985,752.7549,444.78992,-9.967161,18.910872
6986,623.73004,903.0235,-21.551102,40.70686
6987,725.60547,426.47162,-5.427421,36.042324
6988,449.43927,872.2337,-13.179043,45.87255
6989,574.9852,210.93571,-33.25144,11.182858
6990,385.76865,796.9493,-24.825708,-24.065355
6991,354.37744,211.75998,4.0305486,0.4435222
6992,610.3002,1007.78973,38.650967,15.466217
6993,237.75842,130.6246,3.8755736,-25.688587
6994,342.06934,56.037266,-22.069294,-54.911037
6995,554.5823,536.4784,24.292889,-26.11382
6996,468.00543,495.5735,-9.349703,12.7530575
6997,664.10223,555.59143,-11.454535,2.0263739
6998,919.0236,762.1101,-14.311893,12.383316
6999,220.59901,367.04492,49.20475,-40.264545
7000,449.50345,113.78225,7.3934994,18.087875
7001,716.14655,865.0612,-19.344982,13.647829
7002,999.23987,785.613,-21.322382,6.622619
7003,753.8375,439.70673,4.202496,-4.102527
7004,642.4112,753.5098,-5.6649885,-0.16789335
7005,547.4262,314.98563,-11.729131,-3.8431714
7006,626.8034,220.3149,-6.6285763,-17.4896
7007,902.0438,741.597,-2.2397265,-10.377664
7008,780.90283,411.8557,32.589977,-18.447838
7009,81.209465,666.86426,19.387104,12.90076
7010,681.4031,466.66553,-1.0557156,-7.8510094
7011,80.84585,981.77594,18.967918,18.892952
7012,927.9048,879.41425,-33.54269,-21.086094
7013,489.9052,987.4426,1.8666736,-27.26301
7014,796.5754,34.3515,-14.511521,45.780624
7015,343.74316,246.36479,7.006648,11.346767
7016,886.2213,778.0134,-18.688074,-30.41599
7017,1002.371,552.406,28.83206,-5.557174
7018,341.867,431.76743,10.888862,-49.95071
7019,160.45248,603.5147,5.3792334,10.527661
7020,883.86804,278.42572,24.015846,-23.067076
7021,832.3213,469.49582,-10.279074,-4.9551773
7022,827.4311,233.94777,18.077179,25.970636
7023,320.93784,604.69763,-6.5472097,-5.368457
7024,476.88757,179.62427,35.087227,-31.677105
7025,232.49217,906.2881,-67.1162,1.1742519
7026,627.2844,617.7165,13.652346,-28.607538
7027,418.5956,763.2226,35.63738,27.262245
7028,194.03082,903.1872,12.098562,8.277374
7029,755.5707,3.890728,25.813139,21.996004
7030,950.83075,321.951,27.370975,-11.262882
7031,704.5857,868.7565,-34.458275,-6.6795897
7032,346.66855,203.59563,15.672813,40.278625
7033,651.40454,463.89566,-10.743121,-2.5828888
7034,249.32814,312.34622,11.538926,-26.876965
7035,960.1273,1017.30145,26.81467,-5.2464495
7036,244.98361,804.07904,-58.28458,39.10621
7037,906.1475,1003.3415,11.738833,-38.18029
7038,15.2345915,533.8977,0.90925056,1.9913708
7039,519.4568,184.6157,-36.578815,-63.965054
7040,742.9591,846.64636,-46.364872,-52.04317
7041,901.0713,840.7567,-31.25924,3.52103
7042,161.379,876.5923,-8.120369,1.7356751
7043,856.7702,523.0326,-13.280043,16.017881
7044,578.98975,5.1346555,4.3406115,-35.14095
7045,529.9126,137.10022,-27.735695,10.687433
7046,291.9161,601.7414,30.724554,-30.30887
7047,1001.7155,952.05237,16.606081,10.027424
7048,584.0647,474.39954,4.846715,-61.566795
7049,694.1697,50.599194,-75.506905,-10.975487
7050,204.20892,415.5372,-15.581882,-25.878998
7051,518.82434,557.18286,60.186394,5.4255953
7052,925.2097,647.678,2.683391,29.483898
7053,669.6088,652.249,52.712727,-28.925922
7054,299.0202,194.98445,-48.787758,55.936806
7055,110.77135,479.3179,18.717426,-26.208202
7056,259.0754,729.2306,18.4134,41.557564
7057,319.7279,90.918106,-17.125996,17.277103
7058,478.99066,295.66907,25.055796,0.41959706
7059,615.20184,274.8453,-43.129646,11.22494
7060,131.80293,907.5096,-30.93727,63.073418
7061,750.32166,175.1781,17.533365,-6.073837
7062,982.578,1001.7583,-22.490171,19.619514
7063,884.0932,150.13889,-8.061459,33.571785
7064,522.28,418.95547,-0.23186356,-24.671835
7065,718.9801,953.408,-7.645736,-21.428514
7066,721.50616,753.53424,39.806316,3.3552575
7067,874.8296,911.9618,33.36088,-7.031704
7068,538.89435,917.1591,50.84916,2.2832496
7069,686.62897,918.5077,-0.096920125,25.021488
7070,35.385006,522.4331,-1.7229738,29.174349
7071,538.8453,311.2203,-37.18361,-11.864224
7072,381.39532,453.9143,-13.274641,-4.147288
7073,236.04224,179.73749,-4.9531713,12.433136
7074,628.17084,564.85864,-11.427734,-18.912987
7075,953.7691,480.01468,-21.935717,-17.81028
7076,605.77356,98.23019,45.514343,-27.957823
7077,961.91455,267.10287,-12.076612,-29.179993
7078,52.409885,715.1664,33.905388,10.302247
7079,572.1096,866.83624,-27.260086,-6.664738
7080,528.45874,208.0094,-21.114809,-16.372705
7081,398.01324,625.6378,-15.372105,-1.3431076
7082,720.0671,197.39761,25.9081,26.65901
7083,357.80447,656.418,-8.92773,38.113514
7084,233.67497,297.97162,6.3859863,17.423552
7085,578.335,406.51474,-30.810339,-41.21117
7086,40.171104,738.55566,17.948261,40.231796
7087,765.3883,780.23193,5.889926,6.5642824
7088,132.96294,481.94022,3.7060273,3.2691457
7089,798.06104,100.96761,2.0887089,-27.26654
7090,145.48668,168.1101,0.26845294,-31.62618
7091,46.800987,108.26429,63.39027,34.666477
7092,719.11597,369.75412,-0.06407517,5.938464
7093,245.19493,750.06464,21.051691,23.171772
7094,957.22595,198.405,9.708463,0.07135519
7095,569.3199,237.70865,15.95979,-15.705156
7096,408.1678,393.03357,13.562015,7.8288436
7097,69.28575,534.38904,0.49816027,20.918621
7098,983.6123,485.72678,12.084592,-39.211674
7099,533.4184,142.0122,-8.450419,-2.215075
7100,534.2152,370.21506,-31.211182,32.773666
7101,583.22614,835.24384,5.0490127,0.019461516
7102,821.64764,440.0074,32.751614,8.039652
7103,598.2,397.88834,-18.406668,0.5023218
7104,647.1639,189.06104,16.404127,61.0255
7105,414.48022,308.8651,31.18392,1.8837063
7106,741.7213,540.9119,4.737915,1.3500795
7107,248.8337,245.96277,-13.837209,-13.421243
7108,667.9583,930.6552,-3.39059,-8.361092
7109,581.4735,697.20905,-23.926643,6.7409716
7110,342.0883,202.67949,12.50468,34.293224
7111,386.43433,778.6805,-24.517813,-72.76794
7112,166.10956,820.88275,7.720094,19.286055
7113,66.20561,986.7782,-19.773062,39.299965
7114,290.22418,368.1348,-38.57474,34.516407
7115,152.73486,421.44315,2.2602758,15.57422
7116,794.10516,382.82858,38.327297,61.2629
7117,914.7408,123.24832,3.6310763,-20.438572
7118,347.70834,745.9414,-7.928512,-17.990276
7119,597.64124,994.14343,-45.248943,-55.227192
7120,307.83057,875.1506,0.69238997,-19.328741
7121,733.75665,1016.0424,-18.330309,-5.1764574
7122,382.6793,969.354,29.438381,-21.650501
7123,368.00815,505.44562,26.732367,-24.069525
7124,938.13794,279.39642,32.809032,-11.496125
7125,705.53644,750.3221,27.59996,15.819934
7126,185.77745,454.52936,-5.2535872,2.9898922
7127,545.13074,267.90335,19.24609,50.558563
7128,841.77734,892.01624,19.394659,-31.388708
7129,420.0862,116.48904,-4.429813,4.152153
7130,629.1587,451.32773,-33.76501,-27.149244
7131,697.3592,651.0074,71.35867,-6.1229935
7132,622.161,209.66191,-8.754968,-27.627298
7133,119.8917,442.91656,-2.250436,39.08189
7134,536.2358,219.5258,-11.91434,-15.901623
7135,748.5619,801.31366,-50.365532,-26.127382
7136,1006.1226,575.61707,-26.964611,31.06757
7137,211.49574,594.34406,38.48378,43.66983
7138,246.42105,60.207497,11.0388155,-15.549785
7139,710.73676,1014.3159,-28.186022,5.437523
7140,973.02234,239.06363,42.50397,-1.5840086
7141,778.9139,673.6608,-1.0432919,-4.649691
7142,482.05054,363.74677,-8.414579,-61.791744
7143,69.722275,447.9514,5.1965127,2.2500286
7144,50.482754,607.40656,34.723118,-62.852875
7145,1019.4865,3.024037,-30.814497,-60.163074
7146,112.70305,120.705864,12.03418,-17.854174
7147,824.2976,134.39308,46.21695,-34.02548
7148,117.40936,642.7961,9.702905,-22.182865
7149,635.11084,415.75836,44.07942,37.25187
7150,866.7731,329.5462,2.738256,-17.303226
7151,129.73431,890.9668,-36.423893,-35.717846
7152,35.748215,205.06435,-25.843761,-22.701052
7153,545.34344,607.2686,-16.314486,78.615265
7154,663.6951,613.54877,16.25494,-1.5521315
7155,737.1508,690.56396,-7.562441,23.366035
7156,506.9541,658.07635,-23.783495,53.97968
7157,395.36676,840.96857,9.688276,14.906376
7158,70.57508,787.8113,-1.6795276,-14.443946
7159,389.17926,625.71875,-21.037008,8.830394
7160,820.7105,115.059944,0.14260754,-59.868126
7161,466.92664,949.0785,26.081223,-23.61106
7162,589.8371,336.79947,-9.936252,70.455734
7163,64.2065,6.9719386,-25.976236,27.500814
7164,390.65472,698.8501,-10.4173565,1.3257737
7165,975.19653,191.43108,36.975708,23.29846
7166,916.1971,454.9331,-43.320545,4.304268
7167,691.1011,606.01544,22.385672,-11.668319
7168,490.34543,584.6014,12.276051,6.30513
7169,651.7983,508.1141,-13.455187,-14.227014
7170,967.25415,964.1126,-27.122528,-7.6757784
7171,675.4526,5.5147705,-35.422234,-55.820534
7172,37.287033,955.13336,23.364922,7.877717
7173,718.6095,562.1896,3.2199688,-8.366492
7174,663.10675,774.8347,59.461876,-32.101097
7175,207.64369,338.77383,-20.00971,-26.50739
7176,927.1972,682.4752,12.599411,-19.998814
7177,181.06548,910.7015,37.78591,-28.038626
7178,864.0463,36.29444,-13.04648,-4.7044783
7179,852.4835,133.10396,54.28972,37.778137
7180,485.76376,132.94708,11.7766075,9.437997
7181,394.96243,593.9382,22.522291,15.807168
7182,178.52614,902.4214,19.24916,30.82743
7183,778.64026,684.5798,3.463454,12.598843
7184,610.3549,1012.54517,-59.039196,-32.91264
7185,532.19543,44.026634,57.6369,-6.3143306
7186,105.56134,624.12866,6.7427597,21.301928
7187,659.0402,622.0151,-19.393118,-3.1641212
7188,354.5692,500.90475,-48.950905,38.3658
7189,409.55655,486.3721,-21.327534,0.5183163
7190,194.76826,381.14832,20.697247,1.6301527
7191,446.12262,442.64908,-18.099977,-0.85953456
7192,147.67764,309.99747,-13.27507,5.8426547
7193,234.32976,560.72925,23.960728,-7.0214715
7194,148.52994,93.90881,-29.711634,-7.048122
7195,699.1133,158.82701,4.6496964,-14.409896
7196,871.2312,720.1188,3.2485387,-4.0321226
7197,200.27771,685.96545,-5.470957,-0.79802746
7198,462.49387,714.6716,-6.250692,-46.754936
7199,359.37543,542.7926,-14.286127,-46.276722
7200,156.49474,612.0988,-4.6533055,12.466251
7201,828.4962,746.6867,-0.61963314,15.24684
7202,1013.5476,446.84827,-38.887817,33.421608
7203,55.18414,905.0795,-24.432606,-13.605391
7204,164.15414,708.48865,-3.7182276,-5.302724
7205,853.19507,311.07526,23.816895,-31.980757
7206,967.2571,918.72107,-47.534485,8.418151
7207,678.5471,310.26068,-5.762338,2.4699888
7208,433.71756,689.8715,-7.276958,-16.630241
7209,942.8171,91.429214,11.264308,-17.02375
7210,736.2924,46.36418,-12.862689,23.540815
7211,1021.1244,234.50258,9.607662,66.62507
7212,218.49051,914.2998,-18.844519,-23.873573
7213,553.79224,1009.9301,-28.73416,-30.89646
7214,837.23846,116.485016,48.233627,-57.713245
7215,14.363141,717.59656,12.595086,-10.1414385
7216,629.2893,654.7973,-11.390311,-9.211372
7217,221.41818,780.7804,7.55212,13.700586
7218,752.03845,607.67017,-36.857204,-1.8524257
7219,79.66176,443.01938,-30.468502,-8.427762
7220,431.6575,39.427933,-13.691976,15.595336
7221,843.78625,272.00015,4.4626584,-13.587633
7222,395.39035,659.55457,32.459602,-18.929493
7223,281.63226,950.1653,-39.202164,-6.517368
7224,251.28206,188.55476,-49.32081,-19.194696
7225,541.876,357.9783,-34.737373,-12.039035
7226,1018.16174,318.05438,-53.90141,45.51147
7227,464.46573,186.32176,27.022602,3.4452474
7228,192.57831,689.2912,-7.427958,-12.893668
7229,1011.59106,20.521044,-1.0013554,-66.259
7230,1010.2067,1022.35956,-33.960167,-32.241722
7231,437.20334,57.198944,-8.850097,-17.856798
7232,824.7763,287.35138,-9.659235,-30.53073
7233,259.6517,790.46747,-44.93849,24.925264
7234,19.14514,29.313887,-18.586294,-39.614574
7235,650.51624,37.1667,17.040668,-10.320453
7236,517.9502,484.4613,-21.439352,-8.87827
7237,722.1258,999.22296,-21.618504,42.69888
7238,851.09155,125.83715,31.814884,11.287678
7239,562.9974,629.45715,1.7580792,59.140068
7240,746.1146,180.95253,-37.850616,22.53177
7241,707.0891,918.19006,-13.958595,-7.066488
7242,257.25656,346.01376,39.8246,12.673993
7243,88.372345,910.4929,39.16596,41.939945
7244,510.87732,941.591,-11.847482,34.366726
7245,963.74884,28.451408,40.666954,-4.7504497
7246,997.9926,389.75735,3.6689029,-21.353605
7247,44.268997,110.00001,52.21897,34.114555
7248,375.81396,792.8029,-51.61469,-57.654007
7249,158.10503,798.3878,6.2394595,-7.2648582
7250,223.59863,166.87045,-39.184555,0.4403204
7251,862.5166,606.3905,-21.140469,-61.564713
7252,607.4341,35.718815,-31.693102,35.942196
7253,344.2136,396.9401,26.940855,-5.455956
7254,587.32794,391.03952,-14.164664,-2.9203644
7255,264.02353,473.1598,4.98043,6.9470854
7256,263.45496,148.59674,31.09851,-19.171955
7257,527.5149,312.40543,-37.673462,-7.6878233
7258,14.440103,24.715885,-46.27099,-39.79947
7259,688.6548,894.6206,-12.422297,28.606709
7260,469.07895,483.77072,-4.215607,-9.292829
7261,433.17844,269.15073,-28.835552,13.597655
7262,708.47845,693.0488,-0.75913817,10.3092375
7263,207.66046,504.4124,10.84298,-44.791733
7264,380.18228,361.33676,22.125132,-23.742357
7265,688.5924,38.938053,-9.453757,-30.992895
7266,281.49207,92.35582,33.471973,21.174345
7267,571.123,277.7545,2.1411424,12.16004
7268,52.92962,993.431,52.94985,-44.448154
7269,564.0984,238.08693,-5.46426,-7.182549
7270,215.59593,978.42883,15.054282,-5.472912
7271,921.08093,757.4914,1.5934354,10.08694
7272,725.6375,329.79816,8.078581,-15.851694
7273,943.3276,333.73685,-28.569376,0.77040166
7274,828.5337,118.02345,30.912321,-26.524359
7275,680.7205,549.4491,-18.694351,-12.767811
7276,1012.32196,255.7838,34.119198,-3.7639751
7277,923.408,767.702,-30.426424,16.39239
7278,561.68036,365.52087,-67.69138,18.781029
7279,639.1888,887.4675,-6.1139975,0.9026836
7280,1009.9398,319.06354,-3.3449643,59.822033
7281,513.54126,136.98991,-54.184437,-2.6338217
7282,435.2937,369.74338,-4.802994,-28.864805
7283,365.435,542.0184,-10.732378,-53.195393
7284,769.1425,803.42554,11.903858,-42.784573
7285,368.58908,973.80817,-1.1396815,-15.554643
7286,992.0867,247.03098,-7.8476396,9.984933
7287,596.0434,589.0745,15.230829,-3.947829
7288,3.580067,248.37122,4.9541416,-15.107148
7289,814.90247,697.4841,2.0797155,34.987125
7290,122.02764,503.2224,19.817726,51.446384
7291,116.01646,175.6714,7.932788,0.13068202
7292,673.38043,130.57646,-28.67029,26.112309
7293,905.94904,163.33496,69.42931,0.8322309
7294,472.14215,333.0343,-2.6872773,-31.401863
7295,523.9432,891.67206,-3.752652,20.371292
7296,409.91003,841.5962,19.756033,11.107228
7297,907.5527,573.43616,7.993848,-16.174026
7298,419.9053,655.38837,-2.3592205,13.651095
7299,985.1329,880.0333,-6.5988626,-7.87877
7300,716.9577,535.19214,20.36574,30.56739
7301,183.6707,190.97084,35.73832,20.067858
7302,38.923237,732.4677,18.942665,41.496887
7303,425.91183,800.42584,43.031967,-12.924477
7304,667.814,302.5877,-14.664637,-13.36628
7305,774.5997,852.3833,17.792597,6.3649592
7306,352.9661,31.754759,7.138343,23.034164
7307,635.31134,189.03667,31.801409,-49.51063
7308,791.7781,403.96194,46.456562,-28.990873
7309,506.66782,915.16235,-0.923434,43.800415
7310,708.8066,819.67114,22.442669,9.299844
7311,589.37445,432.4429,-36.122776,28.869978
7312,341.4134,586.8072,29.054968,-22.347546
7313,590.7142,668.90814,-6.989005,0.42856836
7314,296.2241,568.7311,-1.4584538,2.2412212
7315,259.76834,718.0872,9.547952,-12.113163
7316,300.6638,592.7338,32.77036,-5.208551
7317,960.37506,744.46436,-33.788284,-28.781034
7318,580.8809,466.98364,-17.521805,82.053276
7319,555.6644,559.40717,28.079834,53.13338
7320,609.2675,147.4512,-15.996343,-21.347609
7321,178.46954,419.90735,-18.835123,-3.2535455
7322,626.49695,685.0366,-0.38384348,0.6993182
7323,741.5009,378.67596,46.757694,36.523914
7324,501.46066,334.85834,28.750765,-30.735447
7325,333.3619,512.1812,69.02513,9.88607
7326,72.314415,79.32382,-1.0024613,8.406382
7327,1010.1827,496.34323,47.421825,1.6386591
7328,603.49243,1007.072,-9.379374,-37.073334
7329,881.4379,91.530205,27.98926,14.03226
7330,668.407,578.535,-10.24068,-17.09146
7331,163.88136,719.26843,-18.463905,37.55832
7332,430.16843,569.33026,0.28236958,4.6293397
7333,58.132984,748.09717,41.362156,29.39794
7334,859.8895,555.82544,-9.53118,-7.430229
7335,431.72287,1018.03345,14.81293,-13.5366535
7336,465.03064,832.1842,18.897797,-7.208488
7337,524.88513,586.825,6.571168,18.227932
7338,563.3336,161.35005,-3.6782274,-41.084427
7339,928.89294,61.453354,-9.539543,-5.5818596
7340,625.6467,379.7105,-25.171244,14.621985
7341,921.095,604.5119,-3.6454034,-22.41947
7342,384.24872,235.60925,45.617397,-32.18408
7343,676.1832,362.16626,17.199438,15.427636
7344,695.1742,73.60504,-33.649166,28.417189
7345,929.6851,458.30148,-36.669857,31.519075
7346,906.60614,841.5137,-18.944815,8.501061
7347,864.9279,360.1419,-33.295235,5.3396783
7348,939.64716,239.6221,-30.420967,-55.619022
7349,818.71594,265.85535,-34.006805,8.346494
7350,680.7622,903.36847,-28.542511,14.53181
7351,766.38983,771.78406,9.451241,21.983088
7352,101.134285,823.1932,-20.286688,-53.232395
7353,328.54572,179.97223,-10.44088,44.7976
7354,155.57019,404.96692,3.9612525,11.202519
7355,64.53967,4.7143536,-19.177708,33.06342
7356,178.68138,813.05554,-20.939606,-3.787498
7357,333.90613,498.05075,-29.796474,-39.85831
7358,10.941342,1009.2908,-23.84486,-20.469828
7359,885.6527,98.38345,-13.232801,-6.9464765
7360,600.1251,282.13507,-18.800138,-3.1360228
7361,347.24536,305.6457,1.8557404,-7.790365
7362,552.7888,366.84766,-87.40502,21.45603
7363,277.26587,425.15732,-30.46837,68.66676
7364,330.79633,599.9273,-31.514965,12.21794
7365,323.49686,682.65436,-5.3798704,-16.404236
7366,964.49005,519.7133,77.39486,-26.622461
7367,346.21796,311.75287,-3.1043248,-29.38253
7368,155.29454,92.29999,8.627436,33.269268
7369,786.36346,218.66072,-15.088435,-28.104574
7370,360.5733,638.67456,-32.2524,4.6494894
7371,970.7718,6.523609,37.556946,-59.383743
7372,469.46024,1000.6081,50.452965,-7.0812106
7373,199.21967,75.524155,-1.2641876,5.0756497
7374,907.40546,582.7176,31.660395,7.561297
7375,860.6744,339.0589,-6.378164,13.513847
7376,992.29565,180.48613,-9.853378,-12.797578
7377,233.53035,248.04205,-14.42698,-6.550739
7378,662.0987,778.52875,56.96907,-35.214928
7379,448.1481,225.13412,1.7580259,37.115913
7380,1002.7548,6.9097943,-54.558743,-5.447153
7381,585.5728,396.07816,11.475112,-8.055401
7382,939.7591,768.25464,-4.22064,9.582102
7383,416.75876,974.93567,-3.1679943,-15.828387
7384,786.92444,9.915296,-14.354709,5.8347645
7385,301.5917,554.8952,-8.802543,-16.80995
7386,797.32446,224.66617,10.243003,-46.80206
7387,230.64278,214.58398,14.458012,-3.6143415
7388,759.74493,483.8646,-5.916234,-2.1352975
7389,230.08823,285.0003,-24.786442,73.11401
7390,68.34565,794.1331,9.611192,40.400246
7391,472.95294,699.80493,-15.694194,-13.264025
7392,791.8681,603.41235,6.988856,-21.911936
7393,89.62919,426.7949,12.232831,-19.605293
7394,259.15033,181.55487,13.984802,26.547598
7395,189.64253,148.0942,1.1524823,-13.328723
7396,27.819084,48.831253,2.6995778,-20.094227
7397,165.52052,725.757,-11.871462,41.314625
7398,306.6334,799.2371,-39.554058,-3.8195565
7399,759.63617,73.92828,11.156601,14.671061
7400,892.2346,941.0082,12.868433,-7.348978
7401,176.34218,660.63354,11.596225,13.595644
7402,513.5956,656.60864,-4.770782,50.9806
7403,237.05632,807.83636,-45.397167,36.238125
7404,630.3308,741.06866,8.753952,8.74307
7405,52.011864,552.9194,28.804451,-28.715588
7406,471.416,767.1452,-23.668262,-15.971912
7407,507.74298,164.4188,-23.052431,34.86381
7408,984.736,695.09314,11.219716,-38.603268
7409,443.3004,993.316,-24.139774,-26.633118
7410,385.65222,803.94135,-16.407724,-7.364405
7411,926.92584,454.2316,9.906557,8.966873
7412,955.7331,409.81635,-4.1913786,33.241
7413,290.75568,478.70367,-3.7243655,15.72762
7414,276.88565,294.01724,21.625458,-67.67979
7415,978.3885,516.35956,42.503334,-33.20449
7416,727.67474,968.05597,17.897312,45.420288
7417,29.881334,1017.5355,-17.737656,37.53601
7418,769.52924,87.88054,8.505787,-2.4573948
7419,174.37756,500.24518,-18.68487,-50.36256
7420,723.39764,447.77692,-1.4001642,43.96057
7421,706.49164,378.53036,-29.181625,-56.162006
7422,79.99712,58.535656,11.571541,-14.05172
7423,22.006088,575.4584,-11.419799,17.484028
7424,309.66617,522.0266,10.319614,4.183128
7425,644.2531,953.97253,2.6175787,21.614487
7426,131.72348,802.936,15.04483,66.6125
7427,164.42966,817.1213,25.774328,-26.718044
7428,524.31824,202.44498,-29.433313,-18.4413
7429,865.7342,840.5824,-0.6396957,-5.2134304
7430,199.51613,383.18353,5.650541,-3.4870105
7431,466.21332,737.2735,-17.188644,-26.502647
7432,941.5052,876.5674,-17.053885,35.53472
7433,101.358406,547.1931,-36.250134,-41.385445
7434,31.74524,675.4793,-24.758837,-7.8698606
7435,433.53198,807.9523,29.181896,0.7650433
7436,863.7711,628.2303,40.549057,-33.983715
7437,888.33826,851.1892,-25.968948,1.9734123
7438,29.563845,56.706802,26.53401,-8.040415
7439,346.26285,381.12003,20.635754,20.379278
7440,695.9834,595.9906,-13.284855,-25.282625
7441,439.24347,152.737,-21.871836,7.594529
7442,748.32367,349.84534,8.086958,1.7550187
7443,347.4465,630.28955,-42.233265,-13.766596
7444,526.2929,709.06165,-13.371965,34.29578
7445,56.39839,3.883607,5.6134806,68.374794
7446,915.8885,1005.6364,5.6577024,35.81231
7447,10.111013,312.3517,-55.42428,-23.66183
7448,390.7435,465.20035,-9.307459,-43.832767
7449,498.87344,229.25162,4.881274,6.5588903
7450,225.50914,502.22775,-8.625891,-3.8457363
7451,1016.30774,380.88318,5.334741,16.22302
7452,759.6942,435.50955,-28.361868,35.698006
7453,170.01202,923.7247,18.48419,-12.835566
7454,853.34674,124.61849,21.606373,15.506625
7455,710.2766,860.81146,-34.209766,-11.685313
7456,301.15317,877.9785,-0.28359112,-29.22929
7457,550.5798,420.34634,-12.084699,-18.19581
7458,731.824,756.2392,17.570759,0.95526135
7459,534.4043,830.85736,-28.180971,-3.1558306
7460,278.53085,901.13965,-80.21543,11.649315
7461,450.88928,862.7884,4.1732903,59.37598
7462,219.25156,348.56458,-21.918642,-36.919617
7463,909.3148,904.9808,-20.930706,-4.789231
7464,1009.8581,767.2986,-12.590429,-11.663399
7465,86.905045,223.22856,-18.31284,-15.371578
7466,463.6399,901.6577,-8.179081,18.637487
7467,827.4136,411.84344,-6.5516624,4.1010504
7468,159.20126,399.6596,-0.4509116,13.323988
7469,610.18317,12.08285,-9.461297,46.99432
7470,360.8425,217.66927,-20.09132,-5.028529
7471,646.25055,454.06677,-36.895805,13.071875
7472,315.17755,530.4606,17.867659,28.392498
7473,834.89886,235.1075,29.267315,4.68974
7474,989.21814,395.29034,6.569836,-27.689943
7475,188.4288,810.7718,-17.690346,-3.6005554
7476,180.20251,315.1575,0.96443814,-48.525616
7477,700.1906,827.18243,38.390312,-55.23308
7478,82.05082,7.0086536,46.174347,8.025411
7479,433.14005,716.28217,-0.7526396,32.66514
7480,92.250565,189.23347,46.146523,28.95206
7481,133.95978,657.0226,16.383677,-3.3459253
7482,567.1909,19.939732,-23.309948,-23.957834
7483,204.203,898.9227,-44.206112,13.167673
7484,394.01886,178.27373,16.539145,23.936224
7485,270.13995,503.63116,20.107643,12.477906
7486,133.94026,914.36414,-11.351323,61.54607
7487,399.6058,242.18092,-4.778454,40.460983
7488,290.84622,700.66486,-9.004561,-5.939792
7489,2.2852206,388.5646,-6.666384,-27.783386
7490,626.25543,178.31255,-15.621363,16.371113
7491,259.68796,302.8302,16.707186,-25.5994
7492,201.93466,950.4751,17.516584,-5.913192
7493,609.90497,472.3094,18.0699,-1.6848228
7494,573.88776,230.9122,-14.15399,27.848103
7495,248.32085,750.0448,38.344414,15.663184
7496,326.92795,594.91895,-10.291731,14.558375
7497,484.47577,222.45277,-18.028202,7.9879045
7498,978.00836,330.81445,-42.830956,-0.70645434
7499,701.90283,609.19836,-13.818001,-61.122723
7500,235.54752,569.3651,-19.316229,-0.31946486
7501,98.6441,428.68665,13.273882,-18.146448
7502,841.1583,128.51056,56.123447,0.5230762
7503,691.4354,197.79405,-31.140417,6.7543178
7504,336.29382,546.29095,9.1931095,-18.232077
7505,193.29373,520.8578,-21.264109,14.503156
7506,51.32472,874.9244,-5.474879,0.47469875
7507,912.8961,690.4481,-35.695255,-12.038483
7508,695.76135,693.7118,-4.992411,8.5263195
7509,805.5698,880.9818,-21.11759,18.235682
7510,491.85938,906.8815,10.322931,42.27283
7511,385.75885,295.32864,11.790079,24.501884
7512,448.1437,250.18944,-15.221464,13.313136
7513,996.3532,242.36238,13.556553,11.829337
7514,167.90736,600.689,1.8281343,2.728695
7515,989.8963,661.37,9.643527,-51.525898
7516,581.8604,1004.8104,-80.02354,-17.479893
7517,184.99358,171.08789,41.629463,8.055783
7518,898.0586,467.07715,-19.86204,16.742184
7519,526.76215,618.7166,41.32545,0.63633716
7520,25.12944,1017.25275,-26.849918,36.98781
7521,800.09265,182.65,5.810274,-31.202566
7522,668.8073,847.27216,-4.565637,27.323254
7523,537.8469,754.33765,0.6042718,-7.1312523
7524,32.790974,598.0164,-56.09197,-21.941925
7525,60.131916,979.9662,61.79001,-15.237104
7526,759.0232,183.04283,23.763943,-6.2236824
7527,746.0514,232.48584,-11.419063,32.78671
7528,332.5689,392.80762,-13.682758,37.508976
7529,873.6324,516.09235,7.6010876,25.648424
7530,863.54254,593.1641,0.83584225,-16.647339
7531,702.7241,172.58578,15.39337,30.973774
7532,947.70667,944.9113,6.268972,36.681396
7533,951.20386,872.3198,-24.460306,40.31942
7534,930.5162,529.7136,8.54905,-1.0528194
7535,473.38794,1007.4132,33.327045,-8.3542185
7536,418.1112,760.58685,-45.02272,17.833849
7537,851.21094,820.1154,1.5664009,4.641801
7538,924.37585,485.59528,-33.256233,83.630264
7539,611.77856,984.5846,18.616028,-88.05364
7540,226.79016,193.68611,-4.390682,-28.617857
7541,765.89014,29.185383,22.627462,4.369387
7542,465.35532,21.69549,-5.0707455,4.196179
7543,996.8442,302.19577,89.995735,-0.87652755
7544,91.075226,264.21265,-34.97957,35.181084
7545,997.1539,955.3353,8.350296,8.233719
7546,115.18308,671.6794,0.64271826,-2.7345862
7547,636.7504,182.59003,19.543734,-34.411457
7548,199.57866,193.24026,39.905216,44.537052
7549,539.1238,912.4813,-5.316555,-9.539327
7550,97.12533,270.58527,-17.603542,39.965313
7551,278.03403,657.7894,-25.130184,-19.980366
7552,323.105,840.928,-25.701403,28.334812
7553,376.9342,917.99414,11.883698,-17.797318
7554,619.8507,136.69206,-59.327847,-13.700897
7555,30.175411,682.7456,55.172615,-9.832827
7556,635.1048,152.79129,30.98985,24.569876
7557,624.8508,106.651245,11.387177,0.24469429
7558,794.44836,177.45375,42.844944,-25.218311
7559,218.32549,876.2095,26.949327,10.94672
7560,400.6869,307.89923,28.214657,17.547451
7561,575.62634,517.8223,25.61914,-2.5537555
7562,548.2117,1013.38544,-54.338715,59.059906
7563,794.2378,4.5737023,-67.213936,24.445496
7564,445.91727,407.78262,-9.108146,14.409988
7565,593.8212,397.31818,-21.460646,10.483399
7566,269.93326,464.3581,-1.3522923,4.841136
7567,723.7451,995.90247,-36.575745,40.376274
7568,91.66293,201.86479,-11.244425,-14.59465
7569,461.7042,188.29855,19.489922,2.101227
7570,87.75192,567.94586,17.846325,-27.28836
7571,408.54395,831.0679,31.810827,0.8833861
7572,1019.5593,1020.6189,-27.201157,-49.22952
7573,80.2463,31.670664,-28.904877,-27.1837
7574,478.06558,513.8913,2.8590157,6.5829206
7575,903.41815,499.9987,-20.100971,-2.5449288
7576,999.75037,525.0725,-21.004126,-38.684563
7577,359.80215,294.97305,0.40858996,20.089338
7578,181.83794,581.97906,-9.609346,-4.976099
7579,596.9781,566.9631,-29.803188,2.2160926
7580,380.24292,942.5911,-38.25497,-4.323275
7581,64.35664,783.73804,-24.23916,8.417014
7582,123.46415,69.64786,-19.66693,23.385294
7583,227.11014,769.47833,2.834844,20.166857
7584,378.33795,587.61237,-16.433,7.862642
7585,592.3426,314.33997,-10.904324,-7.1689425
7586,677.7458,696.4028,-11.496394,22.438787
7587,938.1122,477.76825,15.894388,-15.09919
7588,872.05707,773.53894,-12.158035,9.99404
7589,885.23804,737.8186,-15.604994,-2.7020879
7590,272.13907,619.0863,2.6524322,-21.689138
7591,736.9181,599.7876,-31.988308,-6.8761306
7592,264.30453,242.8124,-22.620932,4.7677426
7593,386.74484,668.43994,24.411682,21.705479
7594,271.70486,202.13531,12.684318,-34.17008
7595,412.99606,796.14246,-47.07393,19.183556
7596,46.258507,879.2426,3.2424493,-2.1479125
7597,493.09097,363.72025,-13.856965,50.605766
7598,604.9465,1007.55927,-19.80544,-41.967667
7599,789.18726,429.94678,2.048721,-0.681563
7600,481.96603,697.20667,23.15963,-10.235643
7601,788.0297,355.21738,35.949383,-14.284625
7602,136.8771,39.76598,14.484081,-23.491117
7603,159.91203,814.2794,-15.934381,15.021611
7604,823.09174,669.7365,-30.199223,16.029789
7605,927.0811,247.07451,32.144833,-46.45359
7606,494.60965,887.4552,7.7563334,4.406448
7607,565.7894,352.81253,-50.046574,69.156204
7608,989.1747,959.7634,3.1905818,-9.955471
7609,481.39703,797.14453,-10.251736,0.9900319
7610,82.446686,909.3484,13.375758,-14.657006
7611,487.9858,348.54138,19.913683,-7.0309777
7612,985.6788,657.39667,-18.398869,-4.589793
7613,897.6303,534.3144,-6.9546933,12.508242
7614,146.45634,57.14562,31.899576,-7.219064
7615,594.8837,892.25916,14.652875,7.7617064
7616,577.5938,494.78754,-8.804045,5.205363
7617,312.859,351.03085,-0.7558568,16.64247
7618,764.35443,255.3277,37.91836,-14.832819
7619,155.83728,922.80884,66.657745,60.471027
7620,504.8567,482.82806,-29.24663,-20.931648
7621,329.86218,964.28827,-7.3280163,-29.221394
7622,845.67474,127.803604,30.947151,10.045185
7623,313.70966,708.18054,-35.059494,27.362654
7624,1005.49695,95.0484,-4.1164737,-0.6263264
7625,489.8142,922.6106,1.3782995,-34.892876
7626,680.1995,859.8068,3.6082735,3.604251
7627,398.98383,478.24097,-22.101835,-30.371677
7628,733.5914,867.5922,-24.451427,-22.894522
7629,435.82678,790.9812,40.191837,38.879
7630,221.59508,594.453,9.557073,22.681053
7631,1.0970715,254.91118,12.478224,14.868286
7632,945.0586,437.9553,-45.675457,20.594955
7633,75.31368,847.1421,28.589388,30.353647
7634,632.67957,191.65442,-27.54094,-26.948559
7635,367.9276,93.08448,8.62082,-1.8121989
7636,209.84695,227.78877,-6.933549,-0.5340603
7637,365.7227,550.7044,-5.7869883,-29.401293
7638,916.01886,862.36615,-2.841334,2.9300473
7639,1012.9412,287.8922,-46.670387,38.277184
7640,676.3382,310.8864,-5.995033,16.386011
7641,797.79395,292.89938,-13.691555,23.980618
7642,91.22439,522.8773,-0.20290174,-4.713258
7643,870.5068,929.1809,14.417462,-18.812115
7644,703.00793,62.391335,-22.705435,13.270552
7645,304.39227,801.0668,-27.905588,4.086793
7646,796.05524,33.25271,20.937199,-30.1756
7647,130.77936,47.28741,13.105227,-17.80819
7648,289.38483,847.7377,31.807379,46.416946
7649,518.81805,653.05505,-5.75625,6.6791234
7650,133.63507,851.75024,-19.044897,-29.350004
7651,959.2947,821.8489,12.027777,7.32335
7652,513.513,150.83559,-48.680992,36.834564
7653,102.716415,602.50037,-10.679408,12.837998
7654,894.09705,66.83723,8.470102,-9.867404
7655,189.52867,635.4559,-6.563136,24.09752
7656,886.90845,15.914704,2.590419,-6.0742245
7657,64.55406,981.5071,64.64598,-11.812721
7658,990.7978,158.986,-20.260214,-6.8437953
7659,985.2174,949.6434,4.5312314,8.302648
7660,774.58954,430.57526,-7.456959,-9.074469
7661,747.31775,186.92683,13.518931,22.390955
7662,54.41048,1020.7773,-49.80164,-12.91239
7663,617.59094,587.2718,-29.590668,44.81823
7664,878.47345,237.21599,26.858032,21.437258
7665,498.20474,273.034,21.601065,-36.450233
7666,511.9592,328.42673,-37.735565,26.832956
7667,293.3486,760.6983,39.114388,3.8075004
7668,552.6734,664.4336,2.7650757,44.261623
7669,122.66531,165.34818,12.751168,-23.670195
7670,297.0201,769.1737,-2.4307737,-17.501972
7671,184.41345,966.67053,22.369686,-15.0073595
7672,386.82993,247.7201,33.84571,-17.15489
7673,260.19632,159.37756,18.086996,-7.4821
7674,24.348993,487.94293,-2.371845,23.577833
7675,223.01921,794.9139,1.470925,34.171387
7676,784.70654,957.01526,13.547595,-3.8643997
7677,188.22023,702.2176,-16.796494,-88.41876
7678,84.53039,205.54872,15.593993,25.136652
7679,383.8739,922.35956,2.003036,-14.349375
7680,550.6302,535.7037,42.079117,-21.931807
7681,918.54126,684.0688,-13.575782,-29.005196
7682,728.563,321.8368,-13.212118,9.388929
7683,36.95956,43.466557,-86.20213,-9.647444
7684,286.37057,328.909,7.0100927,20.712524
7685,730.63367,657.7555,24.446337,-15.773136
7686,902.937,866.5125,-18.91064,-1.05206
7687,549.00104,337.20862,-13.095085,15.971152
7688,950.11145,854.7869,-27.088766,34.096535
7689,518.48804,1012.0263,-52.241585,-49.136433
7690,375.85464,345.80655,3.2151759,49.770218
7691,369.36996,555.8768,3.3391902,-29.775747
7692,255.28767,1009.0861,-13.161231,-15.690589
7693,998.3605,955.501,10.992748,-6.8850946
7694,585.2024,720.9492,4.9394054,5.9910355
7695,820.48773,334.8692,7.853743,3.1385505
7696,366.90015,564.89954,58.350662,-37.06416
7697,643.9253,149.69208,-14.993685,4.874328
7698,511.06726,687.92236,42.83077,14.946608
7699,304.68518,931.63617,-25.141993,8.673138
7700,833.2638,680.0816,0.30694687,-2.3594697
7701,389.992,667.3711,14.768035,-3.938399
7702,222.85355,50.202133,-0.8778992,27.304813
7703,882.847,57.93577,-20.4309,-1.8225144
7704,405.98026,955.53577,-34.291992,32.130997
7705,1003.2052,709.87384,-2.0415561,-14.74232
7706,659.8167,617.93896,12.37418,6.6367474
7707,976.66943,754.10266,-22.077425,-30.117393
7708,888.5508,89.924644,17.178137,-13.61481
7709,1021.7128,1019.92664,-13.19331,-55.426113
7710,542.5763,287.56113,-2.324742,-2.6045766
7711,506.5968,343.8037,-1.5436093,2.9912992
7712,933.5916,541.30225,-45.069366,-46.846535
7713,971.01587,770.7928,-16.052565,-13.121302
7714,57.552437,385.65674,-21.299194,13.896742
7715,511.18326,932.48315,23.970568,-16.19342
7716,515.18896,691.193,59.7039,39.59569
7717,931.9014,475.35757,-26.962402,55.093124
7718,429.01135,823.79675,26.175365,24.276083
7719,162.28175,878.5471,16.6471,56.815887
7720,533.6142,891.4123,-23.692207,8.5253725
7721,1020.4555,226.58806,7.2949123,37.6884
7722,531.2596,911.3642,60.499424,22.783033
7723,433.5047,146.9564,-8.576437,13.051682
7724,295.61447,587.9178,26.29216,-12.3936405
7725,78.93138,178.15787,20.794252,-11.151103
7726,408.68903,127.76487,30.92252,20.472202
7727,899.74,135.62163,22.39962,-3.5972207
7728,831.8144,955.1986,34.04925,33.501244
7729,826.7907,979.41583,21.989279,4.8544645
7730,952.3732,411.10193,-13.622536,23.108435
7731,977.5117,881.2345,-7.9391203,-12.264697
7732,648.7444,829.884,-20.889889,37.102272
7733,387.69873,539.50604,-22.412426,-39.874123
7734,793.9173,123.68318,20.970787,17.843027
7735,143.54335,791.29083,36.393845,-20.735064
7736,92.0429,20.963892,12.300834,-31.0534
7737,415.06668,993.09143,-14.108938,-11.093323
7738,466.05783,1009.4874,45.408833,-19.996195
7739,740.0379,765.9871,33.22736,-25.066774
7740,683.60077,1020.19977,-17.65989,19.153645
7741,625.6667,283.61487,-21.704361,-7.785882
7742,722.0754,589.479,-31.015554,-22.158285
7743,907.9597,651.15735,-40.125977,39.74481
7744,911.44,895.3432,12.773193,-32.54905
7745,826.58154,171.74023,39.72512,-11.21642
7746,729.56384,979.2146,22.61955,68.03022
7747,962.62415,90.31812,-7.9637394,23.333769
7748,284.75302,902.7409,-69.41375,13.7551155
7749,75.94336,184.08168,21.42478,-1.3788214
7750,716.98694,643.3021,13.723333,38.922886
7751,600.4731,465.10355,42.95212,-14.169963
7752,764.3303,654.55206,5.602351,13.685919
7753,465.68518,890.8902,4.760688,11.566884
7754,19.280817,136.40416,-12.839119,-28.664684
7755,678.7016,505.66843,-13.364461,46.49011
7756,197.71332,691.05035,2.6596768,-17.426352
7757,102.78719,699.8349,10.201932,66.99824
7758,767.2895,450.75528,-43.285423,-28.460627
7759,999.8395,551.80615,4.7594037,-0.43668026
7760,723.36523,706.88916,24.146257,-14.202584
7761,348.11697,67.32318,-16.88463,-29.744022
7762,148.02518,204.44774,-1.0522963,4.678955
7763,827.6237,893.0577,54.418083,1.4373307
7764,258.24496,723.0689,0.6918018,5.660384
7765,840.23596,683.2447,-8.896011,-1.6351975
7766,186.9136,732.6811,-0.11137016,-29.239733
7767,749.0211,983.0691,52.94221,-20.466082
7768,207.67236,604.18695,-0.20577596,4.490408
7769,722.97723,344.2509,4.3170595,12.330437
7770,984.61176,488.34207,12.454217,-54.54601
7771,594.2409,556.83344,1.531088,5.0544977
7772,272.56677,240.8512,-11.623871,-3.0524397
7773,138.67781,760.40436,-33.680817,27.056702
7774,645.1462,255.42798,14.098417,35.372833
7775,774.26514,397.94406,89.54892,-8.999475
7776,845.8396,588.13464,-14.763534,-28.612167
7777,268.01285,366.8162,-36.582764,-6.8842416
7778,336.22592,126.60886,-17.581831,0.1918689
7779,894.9914,430.17105,21.490164,10.178597
7780,17.512396,934.8775,11.9062805,-12.724526
7781,701.3797,283.08807,15.096044,10.115557
7782,629.736,569.9785,-28.030218,-19.711174
7783,534.7786,134.35976,-15.649053,17.26644
7784,355.09174,810.61,-39.09959,34.520306
7785,944.86194,847.3514,-5.2026634,10.128274
7786,791.4407,743.4973,4.7554016,-35.72052
7787,718.1217,720.2905,-32.626583,7.498754
7788,123.83262,282.52466,1.6272789,-13.275371
7789,103.11602,840.26666,-20.839977,-18.691292
7790,529.23566,2.0176592,43.766006,-29.425318
7791,723.9532,212.82095,-19.586893,18.114471
7792,981.1226,693.14606,4.7081976,-29.733917
7793,175.52939,341.48083,-8.078631,-21.564178
7794,422.55984,764.23865,-37.92526,31.186798
7795,362.83664,447.57864,1.8484994,-0.7655034
7796,245.74754,756.25336,0.8030129,13.8763275
7797,427.8049,535.2423,5.469336,29.890444
7798,741.91644,1016.7483,-8.06691,-6.3536153
7799,294.10413,269.378,-29.065374,28.689842
7800,915.0996,33.26313,2.209768,-1.6551899
7801,1019.4204,829.39484,-11.924605,-20.857151
7802,620.00543,391.66263,-7.0988245,36.96583
7803,486.16214,949.69763,23.248579,-10.453039
7804,957.4034,462.67365,50.331406,-31.293484
7805,292.32336,772.3114,27.644276,-9.753877
7806,486.01923,513.4331,0.5510938,26.522285
7807,551.9069,620.8287,-13.910294,-80.61719
7808,802.1808,857.87537,2.8113515,-25.397823
7809,776.43994,758.3594,-30.726557,-20.103788
7810,410.13104,230.28308,-68.17741,-52.646217
7811,335.1415,712.3121,9.714921,16.295057
7812,116.36145,473.36066,20.792576,4.342548
7813,806.1017,719.7262,-26.377045,5.26022
7814,101.50289,135.2263,27.01245,3.5616977
7815,324.44284,282.34753,-9.1649685,-46.252472
7816,122.452255,117.32515,-8.133435,10.300034
7817,457.68378,840.71686,38.930023,-9.784616
7818,515.1903,343.36948,-6.18632,-3.0887651
7819,372.54984,342.27182,-0.46841437,-15.74941
7820,138.50296,154.09341,-14.285117,-4.2708874
7821,911.7515,483.23093,-41.958504,-6.7156982
7822,680.1257,625.171,-28.366531,-63.902752
7823,704.328,371.3829,20.053879,19.956795
7824,363.74216,450.156,-2.4877386,-2.8571675
7825,444.64053,254.09586,-12.375024,10.476879
7826,613.8108,1013.0415,34.588623,-0.56915206
7827,478.81754,650.356,-16.86587,5.5367045
7828,995.8995,573.1827,-13.109893,7.06857
7829,194.64262,60.149647,-25.309988,-7.7477713
7830,737.92993,311.0118,21.266165,13.234802
7831,832.17334,106.11717,-0.9161211,86.844765
7832,88.06864,874.2507,2.1636233,-7.7350326
7833,110.82377,741.87714,53.19041,5.593919
7834,125.9955,107.21887,0.6557636,-9.489537
7835,151.41997,758.40216,37.03348,-32.119015
7836,653.2175,307.19922,5.5058227,-6.5243993
7837,756.0211,795.52795,-22.998896,-25.58428
7838,490.73865,591.1168,2.3850362,-52.895126
7839,918.658,542.0183,-6.6327095,-38.13897
7840,237.4478,294.27243,14.1368,21.235498
7841,285.6124,274.03656,56.570793,-9.9487095
7842,1019.3174,594.49225,37.273952,-4.1910825
7843,922.6662,136.71796,14.156485,-6.814853
7844,989.90643,191.77737,21.21341,35.18978
7845,96.62898,618.8878,-13.534109,-13.242502
7846,997.3379,992.86,-15.0437,-20.747446
7847,792.34546,725.7217,-36.081112,-50.738575
7848,667.32104,166.42892,30.202108,24.61796
7849,535.9995,680.5004,-10.266743,4.070886
7850,716.12524,983.3711,-29.368467,-19.50405
7851,443.06683,62.78034,6.8349133,23.449266
7852,230.8446,48.288136,7.012071,17.255726
7853,368.58765,298.89883,4.234538,-3.158522
7854,377.6664,1005.93585,7.06727,-3.996748
7855,342.78293,501.54507,-17.271067,-39.464367
7856,999.56024,689.491,1.6293784,-34.425095
7857,35.00732,599.8259,-4.2187753,-8.8285885
7858,565.1623,44.162807,29.523073,-6.948279
7859,573.02686,325.7805,-49.158073,9.897616
7860,958.6876,714.27527,-23.620295,9.126287
7861,824.0315,80.14611,-14.799182,29.502789
7862,535.8629,553.4253,38.8222,-7.8050976
7863,157.36267,54.04245,-8.840944,-15.250321
7864,162.89139,716.17505,-3.8800075,3.8318903
7865,720.85315,464.30417,-7.76114,58.265022
7866,51.778385,118.07206,58.13619,43.806335
7867,259.2976,377.62918,-41.342964,-4.8487315
7868,357.57742,312.47314,-10.688616,-0.7210364
7869,773.2208,175.3843,4.993095,-41.020676
7870,939.9416,965.2475,-30.728567,17.909943
7871,766.53906,565.9179,21.741007,5.156233
7872,7.8836083,695.1053,23.681417,17.649147
7873,102.40545,321.62762,1.0845579,-29.783741
7874,992.7749,719.4178,-43.07555,-3.2597363
7875,417.16302,980.58405,8.774651,-8.736506
7876,588.7737,894.6439,4.096004,1.6377777
7877,608.8378,847.2722,14.685961,-25.671711
7878,290.46957,645.83905,14.400611,0.82237524
7879,71.28806,141.8782,12.925066,65.16152
7880,220.73447,517.3526,-0.55972314,13.698809
7881,501.61752,406.1608,-6.321157,-1.8990606
7882,144.2599,45.871502,0.7288241,18.168112
7883,649.7423,314.74655,7.5572476,-18.165749
7884,19.67337,1017.1723,60.373272,-66.7463
7885,509.4995,190.45778,-45.10343,-43.0943
7886,735.39136,849.9741,-41.775986,-54.22191
7887,917.5887,610.21045,-9.6584425,-51.75634
7888,159.50842,887.461,-32.55427,22.0576
7889,889.5495,745.7977,-11.3297615,-5.352867
7890,410.82648,612.0076,11.673643,53.471207
7891,728.36615,94.29036,-4.8351145,23.072256
7892,522.7812,145.26482,-23.556965,19.996983
7893,148.5544,970.047,-4.475092,-9.159054
7894,380.0069,590.9588,24.937723,-7.7348294
7895,346.84528,904.6717,-14.058887,29.02742
7896,253.84123,696.7551,38.544582,13.511654
7897,338.93927,503.71732,-31.046795,-26.377918
7898,206.4644,130.2582,-9.846787,6.0291843
7899,898.8221,904.6338,20.122145,-10.444594
7900,978.19006,589.6846,1.6987417,4.359535
7901,706.8107,795.40515,-31.191895,-21.381235
7902,196.40398,147.97066,27.764275,-43.554058
7903,493.78122,483.2361,-22.589579,-5.6420727
7904,210.6835,839.9097,-13.132831,45.75417
7905,915.31024,502.0744,-23.01327,26.49432
7906,781.09357,9.975505,-24.478607,-4.9779897
7907,132.71405,935.6956,-8.308328,83.32922
7908,577.0158,399.1038,7.1989245,-13.165727
7909,77.497925,936.5503,-8.4725,37.224667
7910,122.946236,444.27222,33.307884,16.080252
7911,245.9772,659.56714,6.2288594,-6.9791355
7912,926.2738,976.3638,-20.08483,18.62342
7913,1018.07385,1022.8042,-34.301743,-60.693222
7914,998.6292,442.81583,28.303629,-33.341156
7915,138.69785,511.97916,-10.157284,-22.61103
7916,506.60666,934.2137,-13.582592,31.908619
7917,663.60626,243.07988,-14.483465,11.878168
7918,284.32047,182.52289,-77.60756,43.46326
7919,343.82767,389.47836,37.26192,-0.4187033
7920,558.8252,582.73755,11.574398,58.40921
7921,570.576,106.24029,-4.890308,-3.5377805
7922,20.428171,761.692,9.445764,32.404667
7923,954.8861,254.9924,-26.67788,-57.397594
7924,998.416,212.2946,26.843313,36.86422
7925,507.39246,584.161,27.657724,7.976981
7926,285.54065,733.2788,-12.952636,-62.60374
7927,149.53879,538.8643,-6.0325017,24.430874
7928,68.29012,30.405859,-37.7786,9.106524
7929,29.539785,772.66,13.10382,22.55337
7930,425.67834,646.2538,-24.205318,-6.720077
7931,550.2244,775.9081,1.1802752,16.322989
7932,548.2094,300.18073,-21.064606,-13.664885
7933,635.4006,889.2149,-22.342215,5.8217106
7934,227.859,15.324591,-84.55727,-30.823187
7935,519.43787,262.3291,16.46378,-41.52089
7936,718.92706,865.81036,-17.093588,29.102726
7937,631.18677,571.1634,-34.04299,-16.590979
7938,801.08093,122.450806,43.56216,17.755741
7939,456.47736,238.73181,-6.110435,-10.085285
7940,940.7576,270.67627,65.69181,-46.367626
7941,885.46204,852.13196,-12.989295,0.53315014
7942,282.7747,274.06488,10.456529,24.355606
7943,647.3281,161.6527,3.8772151,13.922394
7944,194.00487,211.8946,11.092233,11.994285
7945,209.44977,200.18127,43.251797,-12.857433
7946,400.6094,926.1692,9.148384,-27.456259
7947,740.24756,482.24973,-7.4896784,1.315384
7948,49.049747,1002.9183,-33.130558,29.33741
7949,819.25586,713.03564,-8.200492,13.673161
7950,771.2159,800.01404,16.063707,-39.517643
7951,405.6663,485.6813,-34.50076,-19.100143
7952,743.69867,221.73811,-20.976194,22.222078
7953,470.79132,264.49274,-10.008515,-13.677814
7954,166.1993,255.68517,5.0889716,0.5686843
7955,800.46106,994.99066,-5.034977,-0.38229313
7956,50.3626,888.11884,1.2808174,10.371218
7957,1014.51385,301.97144,-22.717382,55.250233
7958,427.78052,221.53296,-9.800204,-3.08905
7959,882.95,378.78873,3.479119,-17.887882
7960,866.71466,196.99226,-9.895878,12.219827
7961,502.4384,991.6118,-34.29474,-50.815166
7962,707.6552,710.0429,-41.6187,-31.415943
7963,335.70297,243.85724,8.914648,9.868335
7964,451.45435,450.8673,3.9694514,-18.244776
7965,65.138626,994.88446,-27.87632,66.65433
7966,42.449863,27.85315,-23.105886,-6.880486
7967,842.79285,757.21173,16.647858,-8.616556
7968,734.8081,663.2472,48.547054,34.424103
7969,759.88965,138.89923,2.4711473,-2.3302336
7970,107.54064,284.52512,-7.130022,33.276676
7971,74.492714,165.90073,-4.7879195,-23.201185
7972,165.57079,469.48376,-28.911507,20.90587
7973,475.51996,706.5017,-2.330145,-12.747809
7974,893.81604,483.0242,-7.089383,3.3286052
7975,323.86917,415.51028,7.9880104,25.83753
7976,862.3634,497.3544,18.84195,13.568595
7977,788.12787,3.2749715,-8.963112,-41.719433
7978,273.94852,199.12286,15.059047,-46.72063
7979,405.08713,359.5173,42.05164,21.399641
7980,105.2017,589.92285,-1.7568959,2.1505244
7981,559.55664,911.58264,27.703901,1.8998504
7982,75.82389,16.669134,25.247236,5.535691
7983,232.70897,367.78973,-30.872948,-18.505415
7984,784.7492,13.0471525,-10.445061,3.5331397
7985,339.93115,866.069,1.073753,4.336183
7986,646.47485,483.34146,-31.358086,-64.496735
7987,222.69592,1011.8846,-2.9517317,10.893867
7988,280.40152,157.53188,32.16987,-5.9506392
7989,496.00906,896.56006,8.258889,3.5154517
7990,214.39679,1000.224,-4.600089,6.037259
7991,789.83374,264.6212,53.675823,15.602555
7992,138.06967,354.43924,31.208117,24.342094
7993,402.64825,536.0457,5.5582004,-1.2071953
7994,356.8715,634.9868,-33.31695,5.011962
7995,22.452345,775.5976,6.240831,13.200568
7996,654.2164,523.7024,-4.485782,-57.806847
7997,1018.9927,150.18227,-3.8961515,-15.684377
7998,345.47153,207.21388,4.7204223,33.282024
7999,454.93237,245.749,-20.073383,7.266432
8000,305.37418,176.88441,27.951694,-46.412968
8001,439.35544,722.1322,7.1879196,-29.364508
8002,611.19196,347.63657,-15.463942,-33.28528
8003,673.60535,761.7815,27.37209,-19.102222
8004,831.5938,67.68355,11.08216,-11.549427
8005,148.51718,145.06123,-4.3257027,4.3411865
8006,585.0397,915.06934,26.760572,6.2712946
8007,492.10623,366.97562,18.857412,-19.562986
8008,547.36536,640.37573,-0.9770412,25.39074
8009,775.9049,238.31189,46.819485,-22.492247
8010,611.8551,151.42798,-13.457157,-57.643303
8011,83.05039,746.4391,-7.5722294,1.1823293
8012,362.5849,789.832,-21.33698,28.032293
8013,608.8621,17.887192,19.21892,43.153175
8014,108.824104,563.31116,-15.355047,-16.043474
8015,600.3505,169.39574,-14.260212,-71.25655
8016,939.76245,453.86362,-76.7151,47.061592
8017,129.57053,228.01802,20.482264,31.096643
8018,781.2567,39.292576,11.315152,-26.340055
8019,941.70715,4.113194,3.5128303,-69.29365
8020,88.29029,689.16437,-25.492702,7.006234
8021,261.7577,1008.75116,77.81437,-43.054253
8022,544.1515,560.9931,22.913477,4.2366486
8023,783.5961,336.40646,-25.369421,-17.555922
8024,255.79291,940.2636,2.2051854,-14.056246
8025,182.92369,500.46356,-23.581348,-42.9953
8026,963.9515,431.08112,7.5560646,53.553658
8027,34.17769,952.8415,37.375324,27.41973
8028,999.0224,535.0793,42.568634,32.740154
8029,241.10994,748.5737,17.43014,22.54051
8030,723.1168,1012.33795,-7.565419,40.91284
8031,48.61924,438.0945,12.945122,-21.477827
8032,586.2335,472.37677,17.583445,-31.414555
8033,895.641,740.20355,-5.372509,-5.705548
8034,368.78497,161.59552,10.676593,-30.722319
8035,53.459576,124.23034,-4.995599,45.947464
8036,563.9385,249.78705,11.729285,11.758993
8037,766.5344,74.65012,6.563483,-17.015657
8038,34.344116,398.5799,17.763268,20.62579
8039,502.1845,929.6864,15.020186,-39.999634
8040,170.3013,919.86993,37.72324,-16.095188
8041,642.6456,557.6475,33.43462,-38.76477
8042,729.959,1016.1409,19.813099,68.1617
8043,714.62463,818.7572,12.207901,12.434997
8044,58.578186,488.88492,-19.984388,11.236231
8045,670.1682,768.1766,14.311525,-12.424104
8046,230.54422,934.74603,-0.5697094,-7.518108
8047,686.5252,952.6634,-0.34059116,-2.666889
8048,273.0585,819.99176,-11.512807,18.977367
8049,784.7726,170.00905,19.730112,-44.229443
8050,130.01657,793.34283,8.3722105,51.857567
8051,368.07184,892.76984,0.902161,-0.1497519
8052,662.6038,498.31924,4.049613,-55.249237
8053,206.1828,136.19902,-0.59760475,16.1637
8054,887.23224,943.23724,8.568837,-7.6823463
8055,485.82254,948.1438,36.253395,-27.205107
8056,638.3501,195.43713,14.965478,33.41629
8057,63.48299,6.8149147,-37.725426,-29.998331
8058,1016.5844,172.23958,-1.4756644,14.251853
8059,562.9258,1004.0726,-9.772884,-19.344864
8060,526.8632,551.8796,49.89232,-15.117211
8061,223.95851,742.4152,-6.9732966,0.3370376
8062,215.32095,591.58295,-12.411606,16.749304
8063,976.45447,71.41159,-7.745593,-6.140386
8064,962.7427,966.9731,-34.656673,-15.337948
8065,516.509,444.78244,1.9470611,-10.10964
8066,469.43552,129.74254,33.139557,-16.157297
8067,57.207172,855.1684,-25.823973,-10.531808
8068,214.11118,522.5262,-1.9009384,21.225296
8069,502.7775,919.4168,12.0782,-42.424793
8070,452.47583,253.73529,-52.339417,34.665157
8071,371.015,770.0634,25.03473,-51.838135
8072,866.5666,624.9577,-1.4842247,-3.3543463
8073,412.54697,282.93094,-1.9364591,17.915321
8074,142.90968,583.0125,12.141479,5.694959
8075,205.68564,343.4549,-32.66802,-16.224815
8076,566.47327,859.6022,3.1321719,11.323626
8077,750.63824,436.85873,-3.4790707,8.010921
8078,253.95158,517.37103,-16.265522,-41.271667
8079,489.32806,344.61322,32.43952,-51.587105
8080,758.4532,394.99982,51.06733,-10.451508
8081,560.8836,417.8499,-7.9112134,-17.430307
8082,186.31854,645.2581,-1.648211,10.110535
8083,889.3975,938.4929,-2.5810747,20.46401
8084,980.6837,159.73163,28.554401,-10.605515
8085,227.75024,524.4941,17.459177,-14.584277
8086,997.82733,207.35771,30.635735,16.184443
8087,490.13916,685.5754,43.8632,-37.006577
8088,173.64056,322.31494,-1.8280745,-50.427036
8089,474.0614,384.947,45.340565,-24.487556
8090,917.70886,638.91876,5.9191966,7.6782155
8091,332.88568,277.92822,-23.895428,4.1174026
8092,721.3024,690.30273,-26.351383,3.60419
8093,119.62524,405.33075,-4.329117,-21.772617
8094,496.51514,972.99097,-4.913231,-12.594742
8095,366.37436,394.66376,20.680508,-0.0030360424
8096,1001.40234,637.697,-1.2764968,16.92279
8097,594.6182,13.170497,-43.309532,64.89324
8098,151.69641,886.0211,-38.867245,26.695236
8099,738.72003,178.81232,-12.739681,11.950541
8100,342.812,139.75856,20.083364,-61.221294
8101,73.35537,937.1108,25.8747,43.82093
8102,998.5432,808.124,-11.238931,-8.489907
8103,858.2066,530.92365,-0.39764065,-24.620977
8104,921.859,151.46295,14.538792,-37.371223
8105,817.1825,516.7316,6.3063636,22.527147
8106,802.1174,618.06177,10.56518,-22.193907
8107,1016.01,297.4227,-46.83532,61.46543
8108,739.5219,383.34772,10.122025,18.805668
8109,22.687628,52.20085,-7.241637,-48.560894
8110,844.6356,916.17163,-3.7447402,-11.176889
8111,973.8437,121.49107,-0.3007822,-2.0535946
8112,918.58057,872.62616,-4.2224135,2.1743364
8113,748.873,608.7722,-22.693531,-11.252799
8114,17.967085,1020.4622,-7.405626,30.122833
8115,597.2739,300.6729,-15.093631,-7.2268662
8116,591.8222,731.6839,-2.7458372,-16.841337
8117,304.81015,846.1058,30.164225,20.08674
8118,871.9639,528.68317,2.837564,13.075594
8119,913.5124,772.2652,4.8863206,-2.8495905
8120,863.7969,719.75287,-3.164905,3.8669434
8121,970.865,883.33777,-13.362597,-16.030115
8122,853.02814,872.45746,-4.3875537,-15.867943
8123,321.87564,204.04207,25.103275,18.827803
8124,773.2098,892.89075,16.074677,-40.780365
8125,471.61072,248.46513,18.167267,-2.7702963
8126,389.6903,455.49503,-20.314226,-52.25227
8127,157.62833,284.30292,18.48991,9.04253
8128,604.40204,289.3982,-10.849653,14.429603
8129,743.90753,749.529,34.654755,4.826409
8130,275.4253,1003.31323,-17.407703,-2.810479
8131,756.17096,864.2319,-47.585365,-32.04196
8132,739.0201,504.19803,28.715199,-4.6827884
8133,929.86774,494.2298,-1.6508336,14.396731
8134,959.096,277.60938,-11.1430435,30.606888
8135,35.3169,104.67366,23.173622,18.563335
8136,71.2208,632.3425,12.499471,37.335087
8137,656.7668,1019.6834,5.7804375,2.5091617
8138,781.4643,948.30383,20.138374,-9.352754
8139,396.21396,333.0727,-35.311012,4.9409285
8140,940.4138,762.084,-39.49657,13.04263
8141,808.6117,950.3967,28.332579,34.61257
8142,526.4632,206.90633,-27.965975,-27.43069
8143,784.47723,45.25634,-3.605559,-41.58029
8144,780.7545,845.1367,32.834465,-19.002644
8145,519.8602,320.62476,-45.72244,21.837929
8146,727.62897,712.4774,-22.241385,68.35364
8147,782.5292,233.06885,60.317135,-32.435215
8148,512.8638,93.23879,13.530167,-37.492558
8149,99.10664,838.5393,-17.445934,-15.449612
8150,268.40216,681.60315,-0.8046604,-26.827099
8151,543.6948,637.06854,-2.8335838,20.25884
8152,987.4817,588.67017,-17.85686,30.409943
8153,397.85477,699.29266,-11.78573,37.83251
8154,950.7464,742.7662,-13.135702,7.9721913
8155,755.2146,430.71768,-31.539444,47.46336
8156,487.6644,375.38522,3.3985517,-33.890327
8157,901.18225,830.3505,-21.993488,-7.105389
8158,594.2605,368.90198,-1.4091871,-54.01773
8159,992.5307,616.84784,-4.2917504,40.23465
8160,337.143,727.061,1.0020276,20.59704
8161,196.33463,738.38965,-50.992966,33.549156
8162,920.5994,493.38113,-48.858788,7.306824
8163,983.0023,65.0033,-29.53775,36.35296
8164,1012.80286,877.2518,10.405796,-10.747358
8165,163.66173,590.01166,27.262203,26.342129
8166,383.85318,700.71564,-17.38499,3.1174772
8167,238.0414,975.13983,-29.111486,-27.35517
8168,947.3546,22.946,8.482105,-29.220768
8169,556.216,163.39255,8.386484,30.021215
8170,764.77515,889.1467,-2.0059416,6.2977715
8171,275.85812,174.06532,-8.264928,17.797821
8172,97.91593,845.67993,47.959652,-14.337293
8173,91.63736,655.2672,34.253635,-4.558313
8174,414.65042,623.0577,27.315205,-2.608644
8175,196.76053,1022.4243,11.484375,-8.7124405
8176,480.9785,946.21954,35.56036,-35.86572
8177,654.52313,30.889576,24.29358,-11.570853
8178,148.61717,855.6508,8.163485,-23.659382
8179,650.7281,886.93475,-63.94342,-18.729155
8180,195.03331,739.3996,17.541836,-7.6639776
8181,686.3047,317.84665,28.193111,30.320063
8182,515.4898,651.9455,-1.9651575,19.918869
8183,318.2068,390.24368,-39.93879,-3.5929556
8184,205.24734,212.0596,-8.193964,4.753961
8185,708.5852,210.26372,11.936393,-27.170586
8186,336.14972,693.8202,-43.34822,8.0033
8187,258.61157,378.98813,-13.039821,-9.399825
8188,332.11456,392.94156,10.146654,-63.110992
8189,964.00653,780.93066,12.106702,33.038292
8190,266.8973,891.1832,6.8265014,-21.146416
8191,547.0852,694.37573,-3.4731047,32.64391
0,154.4542,372.85745,-15.514177,26.908054
1,369.33997,715.13226,-34.685963,15.375418
2,341.76523,120.520164,-8.852318,-15.140633
3,595.98096,755.3751,-29.723509,-9.608749
4,980.4186,856.4305,9.599151,-25.020065
5,101.32475,1005.56586,-7.3150897,-6.733108
6,428.65594,840.12714,-10.24978,-8.964728
7,517.4063,555.005,47.45627,2.885877
8,745.99646,222.92525,-20.32188,16.96296
9,540.20294,173.57843,2.3704104,22.916069
10,551.8633,31.068718,36.889095,-3.1053085
11,607.22943,470.77814,30.386171,-16.27982
12,473.40408,345.14606,-0.5426959,-12.954457
13,39.89712,512.21655,17.134779,42.978195
14,173.70288,225.43211,-19.863646,21.781754
15,646.642,619.9476,-30.070917,28.096678
16,960.1855,943.21173,-10.122966,-0.2889362
17,364.64355,822.3116,42.278763,-5.5770216
18,776.08374,536.4825,18.407345,15.109138
19,313.58536,46.48655,8.782902,11.871511
20,230.00958,261.78415,-36.439472,16.945753
21,860.07446,148.70691,14.430923,28.874285
22,990.1295,655.87756,-22.693148,-20.778902
23,960.42365,67.90326,-27.783394,-11.882292
24,324.4831,97.42217,-13.35039,20.9626
25,822.5693,126.44328,32.18768,-52.027225
26,734.8863,788.2,16.205645,16.768007
27,535.1984,1020.2689,-8.071889,-6.390183
28,461.81662,548.3869,34.489643,-4.0745893
29,878.51263,454.60568,-5.0591474,30.245289
30,426.08984,844.75195,12.478291,10.809061
31,850.9972,69.96408,24.34628,9.625236
32,0.1905203,900.1635,-4.8104944,7.9209723
33,797.29596,816.72675,-18.320911,1.2276807
34,267.71497,515.6995,-3.893554,47.77669
35,385.59808,214.43214,-48.88633,-32.534435
36,699.15234,701.1501,-18.56784,-24.215199
37,988.70483,288.581,60.69938,-17.371996
38,170.2643,236.27638,-1.2137653,4.1967573
39,700.2467,325.5342,21.663107,16.833124
40,493.07727,122.727036,27.487558,-10.092721
41,734.5059,135.20491,-1.0251182,2.6755083
42,266.35184,351.31372,-35.671036,-0.20362441
43,666.5809,738.64246,0.062196728,-34.755875
44,183.6776,156.79092,18.019714,-3.599017
45,881.5824,360.21533,-4.624871,-8.683935
46,848.3089,384.5376,17.084072,37.966373
47,674.23676,34.30222,72.05023,14.256896
48,701.06903,599.4577,-8.386603,-14.804298
49,4.336241,287.5631,-22.681273,33.051178
50,249.2769,760.4385,6.9161777,19.344273
51,969.35156,265.8388,-0.24359286,-33.81799
52,596.016,340.61038,8.256054,71.08854
53,377.8286,565.38983,3.1491857,3.02807
54,336.39957,914.66565,-18.816723,-0.31084707
55,696.17676,301.34427,-36.571293,19.189234
56,790.5369,217.51912,13.234586,-17.304007
57,82.30455,302.90375,-13.067999,-10.744743
58,586.1337,321.58752,-12.263988,34.82725
59,337.5201,882.2825,1.0217401,-0.95857745
60,979.7419,299.01855,26.227911,-20.493883
61,41.582855,508.72287,-2.45405,42.655563
62,403.07938,582.646,8.785118,-0.62864393
63,690.3744,653.56274,31.402815,17.827477
64,114.23936,108.05068,-8.624315,7.821716
65,294.77237,861.8791,29.476168,32.152603
66,96.05095,478.4612,-16.319592,-4.4786315
67,829.3992,649.54675,-23.398302,19.736208
68,566.0489,762.04315,23.196722,3.9496167
69,617.0422,996.0194,34.91069,-65.0522
70,703.11914,276.2881,9.774638,4.249279
71,124.14012,412.21463,3.3023064,-7.482948
72,529.8049,983.24457,3.8840916,24.554728
73,706.7572,182.11572,32.359783,35.789364
74,493.2817,222.4536,-8.348518,8.974181
75,767.11237,7.3213587,38.358578,25.850101
76,996.46545,608.1659,-7.4840693,50.686825
77,508.5236,36.82196,2.0446315,-10.358243
78,792.36395,339.96222,16.850685,-27.604769
79,105.74313,843.59436,-2.6609004,-14.975965
80,740.884,424.91364,-45.586273,-25.25926
81,874.33057,227.33226,-2.0275795,-18.82638
82,280.1027,504.00137,-4.000173,16.542992
83,776.9266,234.13356,52.6402,-41.93837
84,153.6979,724.523,-38.310806,14.502743
85,301.4068,917.71265,-68.09313,-40.365673
86,279.43546,240.3377,-11.065287,3.1185389
87,442.07397,683.814,19.77185,-11.002965
88,766.17596,409.26218,1.6267945,-44.113758
89,145.33582,936.78754,20.34774,53.075974
90,787.3531,224.50015,1.1199495,-54.414062
91,976.28375,188.06152,37.39027,11.877355
92,139.44423,243.48227,26.027737,21.409817
93,279.77136,167.17152,59.83458,13.037764
94,462.3102,1003.09375,46.500576,-29.867798
95,1020.32764,143.44792,3.2590785,31.79539
96,76.08804,424.61945,29.045961,23.329182
97,3.113224,441.4596,-23.05876,8.123244
98,683.52905,246.41383,-29.523129,13.732591
99,1017.01263,957.5539,30.54497,17.753952
100,923.94037,525.8609,-3.2729673,-9.226098
101,611.38184,862.8566,6.166053,-1.8345275
102,20.422508,463.92722,-41.48994,0.52817374
103,336.44333,1014.1828,21.907347,5.6599154
104,605.4646,527.3874,-33.77912,4.2772202
105,538.9903,552.0424,15.661702,-3.8846395
106,482.0458,927.7035,61.419918,-57.296898
107,444.15833,724.3118,-21.389755,19.370314
108,504.26358,683.9902,31.987526,24.514053
109,153.32002,144.53812,-36.667923,0.082898505
110,992.75806,206.35692,-17.677681,-0.05439579
111,520.7374,1022.8626,-30.491669,-24.932428
112,814.0982,176.35954,30.03574,-31.936378
113,524.9557,763.7605,-14.969817,5.941628
114,310.87692,533.6327,-17.77668,-42.402767
115,284.97626,109.10561,-1.2315037,-2.1468534
116,481.5162,799.5273,-28.9962,5.625452
117,330.9191,831.5139,-18.911102,23.914272
118,330.37775,23.6296,-48.884315,-7.2428436
119,802.2166,153.08345,21.57406,-14.837962
120,154.95818,803.6691,23.139183,-32.698215
121,155.78508,1000.20624,-25.076756,7.5323477
122,6.109056,606.3395,-2.5659473,-29.289137
123,891.00323,228.89786,31.649158,-6.0996695
124,240.70955,440.8118,10.0210085,-8.733697
125,954.2548,442.91318,-36.650993,5.7491274
126,868.1795,321.59824,-13.852675,65.935844
127,555.7887,604.44116,-16.50375,88.47387
128,623.21185,693.5166,-0.47652677,-0.047542006
129,191.23079,675.3044,61.263332,37.8409
130,20.494982,667.816,-2.9137676,-25.452215
131,696.789,214.6346,0.7944132,1.6426133
132,386.4885,524.66516,0.099618904,-1.5856233
133,487.92496,247.33197,-5.2959285,-7.5748067
134,134.83603,836.19104,52.000828,-6.448184
135,919.16705,668.665,-9.837723,16.553997
136,625.2106,120.309875,-3.2225447,-4.217813
137,585.88214,467.67847,29.423733,-20.924757
138,287.5874,460.35446,-6.344833,6.3886237
139,256.4583,162.62878,12.487001,-18.648687
140,431.4766,741.64636,25.10629,-61.977757
141,674.07623,536.7256,-30.019014,-32.04369
142,742.3936,692.4377,-0.8742813,18.523659
143,722.533,365.10577,-13.497652,-25.850101
144,25.660973,422.88895,-20.821539,43.080524
145,805.8064,603.99976,32.40506,-4.4984684
146,364.4511,645.25366,-13.45405,14.528473
147,835.1464,717.16473,-21.632353,4.592895
148,739.64166,193.33409,6.8825603,56.008118
149,827.1193,624.95465,-2.3349137,17.717903
150,332.5438,789.72504,-23.918526,-9.620687
151,45.746845,1012.3346,-34.411163,-25.687767
152,549.6144,616.99695,24.936663,36.65124
153,978.71375,712.92224,49.4254,-34.949135
154,841.9268,898.3324,-12.652258,10.278142
155,212.4089,530.23096,-0.5426249,0.19921741
156,306.0111,278.05823,46.60238,10.949668
157,877.6797,188.50887,25.361246,-19.89173
158,490.4965,280.64795,18.505886,-16.93126
159,898.05054,227.84361,50.14219,-2.5300462
160,989.4529,664.328,-5.4445534,3.7198834
161,149.04778,461.68658,-24.020483,-8.213065
162,284.03787,406.14865,-38.986267,51.04673
163,147.63374,557.15204,30.735756,17.909176
164,526.77094,151.72353,-23.05412,36.499615
165,438.63278,194.40965,23.766003,6.399239
166,604.2796,198.0369,-52.986942,-26.974604
167,404.83743,238.09769,-4.208637,31.98474
168,794.3316,225.87488,-45.413944,-10.971128
169,37.725777,1020.9125,-48.582626,-30.834297
170,24.607077,1007.5769,-16.75155,16.843369
171,743.38354,131.29921,-2.3492112,-1.8352505
172,231.43141,48.67092,-0.60654026,-14.776477
173,294.22235,273.022,39.921913,-10.102878
174,430.18088,29.323843,-6.4416604,5.5577154
175,38.52451,1011.75183,-27.570822,32.540005
176,678.88574,479.1626,40.21,22.821682
177,56.12761,265.86868,0.4409357,4.0448036
178,400.47763,843.5604,-1.1507002,-4.3609953
179,341.92007,333.12103,-15.334436,-1.5031548
180,371.64594,483.031,12.73188,0.15830594
181,369.0766,452.5122,5.546716,11.053685
182,658.90686,605.10815,25.341398,-7.349517
183,225.98364,856.42456,15.233928,33.50835
184,57.92691,1001.9337,19.135553,18.248123
185,355.68887,392.91693,45.430405,5.0852003
186,346.4583,365.09204,23.323067,-57.458775
187,577.06067,120.79479,-3.111784,-6.429048
188,747.29395,447.97147,-8.287185,21.6409
189,1010.3341,476.14227,7.815026,27.655987
190,1011.99255,359.7031,-0.19980428,-5.5581975
191,95.88118,1010.16156,-4.7066574,-8.79462
192,923.0832,177.50807,6.5107355,9.529042
193,515.4467,87.685974,-27.080595,26.886501
194,205.4983,818.6315,3.980278,24.224268
195,357.98657,278.24405,38.505634,16.934498
196,148.40535,882.2367,-36.32974,29.678926
197,736.0925,457.5895,2.585947,43.731804
198,27.435745,567.45874,-3.5160177,-14.5803795
199,335.60834,121.324486,-24.435123,-38.840565
200,548.07294,95.62788,-15.461214,-4.6007543
201,978.748,23.607563,40.385426,-19.936464
202,656.68915,253.83545,-32.726017,24.858257
203,953.0737,536.4536,29.28427,14.311587
204,871.7223,284.67218,4.45751,-3.2583678
205,914.9389,361.80722,9.091595,-17.008574
206,958.07623,147.68144,3.34698,9.345091
207,272.1999,386.79922,-2.5576446,-20.120571
208,810.5836,989.2878,25.276167,27.388674
209,740.60266,809.4501,25.493666,11.9650955
210,411.7778,760.1082,69.428085,9.236311
211,621.5442,291.16986,-25.549122,10.691723
212,21.729797,765.86804,-5.1260676,15.369095
213,326.80777,277.78766,-16.851952,-21.248995
214,531.4222,247.9223,26.718552,-7.4489822
215,737.408,38.954548,-29.85351,15.213756
216,369.72482,135.73015,-24.593967,2.6976538
217,964.17206,618.093,-1.5738705,9.956479
218,669.12823,310.21628,-1.736554,0.6061357
219,168.22188,1017.0865,23.113043,3.4337783
220,346.68747,413.3636,15.894301,-57.674496
221,644.0003,65.91476,-10.304925,15.367874
222,226.72763,84.19541,16.87681,3.8637094
223,491.15976,615.923,-62.612877,-14.021325
224,10.199705,1003.8714,-28.341553,-19.614746
225,712.053,959.19055,-28.373762,-34.391605
226,707.2455,861.1342,-22.761055,13.700547
227,120.85849,929.2288,-39.458603,80.88892
228,736.8427,297.7759,27.531242,24.75487
229,689.893,1015.14264,-12.479597,-1.2122735
230,477.84308,931.55994,-0.9835166,50.982204
231,848.6894,920.92084,10.954468,13.469834
232,740.4105,853.0694,14.06454,46.306
233,174.73767,344.64233,-9.554367,-12.895399
234,22.464863,988.74915,1.5426828,47.88735
235,829.70325,475.9381,-8.033962,2.9042535
236,555.24756,612.9051,16.64671,47.507286
237,930.09845,628.67456,14.600707,-19.83643
238,398.01794,984.2337,-28.41206,17.447563
239,236.38011,691.6799,2.9570951,-18.545639
240,996.01117,921.3614,-10.189418,27.078083
241,640.7801,887.25916,-3.3359642,6.930038
242,161.75458,831.64215,-12.433062,29.636635
243,890.6773,618.5987,75.86437,-18.497126
244,319.956,579.51666,-24.408556,-43.770943
245,580.6341,658.97797,-40.70232,-11.94778
246,619.92773,832.09814,2.8634617,0.5473449
247,308.84772,194.9678,-14.769661,8.453028
248,723.18225,807.7039,2.1156673,45.882008
249,682.9471,330.09323,20.415136,37.845936
250,967.262,261.5227,8.84006,-28.081818
251,68.45963,681.2073,6.465164,-42.009937
252,37.42936,1002.94055,15.9292145,84.942986
253,11.776626,624.98474,14.80556,-5.299356
254,811.99493,819.9788,-7.34043,-5.1520596
255,118.62138,778.85114,-7.6339817,-7.2833776
256,298.69986,271.91843,-33.323097,31.358208
257,807.43036,933.4755,-0.978627,20.15714
258,290.22986,261.19434,22.063808,-47.96036
259,371.9857,772.0169,25.200207,-36.330097
260,792.649,33.00343,16.439856,-31.445225
261,33.965065,764.6586,10.026514,26.692719
262,223.54745,366.41565,-17.190376,-6.3973494
263,671.3304,852.3213,8.790836,16.593752
264,558.83435,520.1542,15.546483,17.28524
265,978.35846,482.21518,-38.562664,-37.03041
266,206.38763,547.1946,3.0968885,-19.660723
267,966.573,969.377,-3.5648966,-11.671174
268,1022.81226,210.17015,8.742458,-18.218094
269,544.3577,211.25983,-86.979355,23.121254
270,751.0122,566.87067,-1.1716621,1.4929538
271,1019.51416,451.23337,-30.43144,19.497412
272,308.12128,463.987,-1.485096,6.560579
273,1011.05426,217.03906,68.65885,36.186893
274,365.42957,559.66595,65.21342,-31.104916
275,575.61176,464.51242,-9.853709,-16.900581
276,705.8114,795.92065,46.56102,23.12788
277,389.4306,13.95919,2.8539507,0.037878446
278,648.4934,894.47,4.0051804,6.9994135
279,208.91896,316.4599,-4.4287825,8.58173
280,780.85144,4.9389715,-23.73959,0.5965008
281,31.257832,288.49734,-13.167752,-10.249257
282,443.5451,531.8648,5.997213,0.08243148
283,557.8084,228.22464,18.705757,27.568787
284,700.1444,89.548225,9.238626,-14.239296
285,871.1267,962.2993,-34.16172,10.084606
286,352.23715,473.89966,9.783432,21.64191
287,502.76434,681.2589,16.80768,41.617798
288,1001.9757,1023.74493,-46.228645,-28.258635
289,477.30453,291.7279,48.473038,-13.685329
290,540.0927,589.5061,-30.914286,-4.759461
291,687.2412,510.65582,-17.463957,18.128956
292,947.435,526.06995,45.15057,-4.1742992
293,577.2156,358.63882,-53.184048,52.459538
294,372.0151,144.50346,-11.984409,-25.125807
295,26.966911,755.77625,-29.888668,22.58744
296,707.1729,980.1956,-7.625639,-28.570925
297,338.4762,436.4786,10.875338,-38.848934
298,680.54407,231.01196,9.143074,-14.088125
299,964.11584,61.462967,-20.63197,-22.269768
300,476.7106,330.02792,10.44168,-7.095656
301,381.69757,957.10455,-61.09343,7.5045643
302,295.80774,898.21124,-45.570145,-10.692042
303,344.5409,55.852406,33.75955,-35.052544
304,971.9559,254.86307,30.6679,-44.402462
305,984.87646,506.56097,37.89728,-81.63207
306,581.02344,112.31142,-14.057475,3.8860693
307,549.8073,600.4036,-12.165992,89.17393
308,491.2152,286.67444,19.453691,-12.141862
309,194.78883,931.45325,3.5135427,53.698997
310,254.42412,895.1751,-36.425835,-33.906185
311,713.861,720.8516,-45.747353,13.630352
312,874.16974,690.17444,-3.375211,-11.860785
313,147.72302,366.72327,-7.491992,-1.8914157
314,791.9854,490.99393,-13.608827,8.089582
315,773.8708,86.15843,10.072191,-12.50837
316,157.4708,166.0329,20.270771,-25.283434
317,770.6765,935.76886,-4.6570854,-25.588648
318,234.22002,565.94025,-16.738504,11.486181
319,433.0607,240.89705,-30.63308,-23.675447
320,437.1217,181.38976,26.436434,-4.168367
321,470.209,822.88245,32.577477,-14.546789
322,269.75275,72.65846,28.566734,18.48218
323,812.79047,897.3014,24.643036,4.7079296
324,201.87817,27.559757,-4.56158,-19.763788
325,939.566,923.524,-7.441092,9.762288
326,718.02625,826.87787,51.046513,34.833115
327,948.8868,524.084,-24.160666,-75.28263
328,138.46803,911.6795,14.504675,75.61121
329,903.1752,872.81006,-29.918688,-1.2709138
330,234.57541,913.5824,-20.085876,-20.673828
331,873.56366,172.41862,56.56933,-26.909756
332,807.1258,461.75165,-51.53797,-10.800288
333,224.5555,25.112253,11.109564,33.21345
334,711.1947,648.6357,89.49093,9.558892
335,737.7315,130.28093,8.708399,0.16738936
336,22.43562,567.80176,-19.82602,21.379662
337,708.95056,186.61485,29.05426,28.051743
338,776.6228,960.09235,21.122559,4.1206775
339,210.53062,735.122,89.98009,1.8930916
340,518.5736,520.3187,-17.570223,-25.131168
341,746.4136,202.94145,19.584072,27.706877
342,376.76816,145.43596,0.977566,3.878757
343,795.245,547.1937,-7.830989,-9.57862
344,805.1536,647.9518,-48.192844,-20.781265
345,941.07526,233.08948,14.9425125,44.76199
346,139.58984,816.7056,-44.44025,-52.83512
347,277.55606,82.335846,17.385912,24.534903
348,529.98267,979.001,2.9405346,18.353804
349,926.1183,585.0945,35.278973,9.691398
350,509.69275,106.606026,-11.919918,5.3153906
351,75.415115,996.4638,-19.747925,38.844868
352,848.64594,938.82605,8.257913,-9.859125
353,486.49808,164.27693,0.60019225,-16.295225
354,507.619,629.53,-4.5103273,-63.916367
355,416.927,772.7962,1.5929093,46.234386
356,55.42955,945.67694,-44.919083,30.237457
357,208.02184,594.3215,-1.2596568,11.776547
358,203.04123,688.41064,20.0085,-42.038628
359,460.69965,991.7262,11.949226,-28.251373
360,833.4868,639.70264,5.2654114,46.34007
361,104.41259,846.3367,-19.916925,-21.566221
362,821.8571,237.8219,-3.6786678,23.777178
363,272.10052,916.338,-69.17891,26.981882
364,531.9144,755.2779,6.3295274,38.501938
365,739.2759,465.5135,9.46442,57.90553
366,857.3047,818.59625,-1.5044924,27.82753
367,439.1603,907.82996,-11.962623,-21.448273
368,1012.63245,455.8962,-48.806694,47.95773
369,69.40309,346.76706,-2.834171,0.3973154
370,396.79047,558.6123,-27.798935,5.6669364
371,563.2426,467.35736,-37.60817,-17.192575
372,349.67288,508.54327,-40.180496,-61.386295
373,641.44183,894.1537,4.353733,7.878152
374,727.1852,600.5267,-40.014286,-25.738018
375,996.651,948.2235,18.391216,-0.28402132
376,220.66315,697.22235,71.70637,-22.994493
377,152.25186,920.2839,62.03494,65.20479
378,559.856,656.7971,3.7843215,12.222011
379,374.42847,876.37,4.545144,-5.0524483
380,683.7517,454.248,-2.26478,-46.2449
381,49.998657,620.9291,-1.2043767,22.58378
382,56.206024,786.8835,13.02122,23.816431
383,984.12146,515.4571,51.262806,-43.545174
384,325.16855,760.96893,1.4727342,4.45099
385,98.53853,329.9734,-2.779486,-11.918378
386,978.7192,945.90375,54.505608,25.183134
387,943.9233,97.52632,5.1088777,-10.776115
388,294.82977,29.453901,24.144243,-44.316547
389,146.00789,914.5933,35.114876,61.48937
390,140.44948,534.63947,-12.694392,9.408409
391,426.20288,96.31763,-9.373233,-1.7128832
392,928.4956,384.97787,31.223028,-11.408258
393,846.58923,16.370153,-13.278379,22.098213
394,818.38074,702.031,-27.641283,44.869904
395,811.7974,316.8637,19.773312,36.780834
396,698.322,14.373888,-0.39381748,-51.910866
397,960.98254,327.11014,-11.888794,13.083991
398,783.70886,638.37396,29.997026,-56.160046
399,799.92053,946.03345,17.716946,0.48772871
400,113.10496,555.4115,-32.772324,-38.704796
401,432.68436,954.6491,-12.549558,-38.74826
402,693.21484,383.2004,-19.162243,13.354155
403,255.50595,157.22998,25.326132,-21.238016
404,35.218784,695.12555,-14.032992,53.75218
405,581.7685,626.1784,4.6879125,4.9099836
406,127.47723,565.4299,-3.1334503,-15.25128
407,27.725649,989.19806,34.537155,47.010548
408,424.80585,837.06323,34.958675,-8.076053
409,822.53973,478.27475,-18.963139,4.141337
410,464.53314,82.961525,-13.892105,1.2308939
411,47.024796,448.29288,12.6663065,-8.471288
412,576.9065,455.87506,-19.757734,87.804504
413,980.5903,124.454056,-4.20218,0.8837872
414,158.26576,729.53125,-27.142658,24.924217
415,201.53932,467.29453,4.7872453,-11.564796
416,843.5034,694.6376,12.185925,29.20789
417,493.88495,645.97577,20.877562,51.939983
418,761.00696,863.8988,-33.447075,-4.2821155
419,1017.9493,138.97884,0.6220961,12.936181
420,378.66113,801.9051,-31.599798,-21.237112
421,533.94696,985.0723,4.118165,10.859702
422,849.4026,123.93108,33.168358,-8.752671
423,905.4907,493.29013,-47.78193,-0.52861714
424,729.10645,533.3692,45.558933,27.667665
425,977.9146,978.32874,-36.88995,-19.484667
426,196.14177,208.65451,33.032883,31.111511
427,788.6568,398.39682,27.42484,7.7055993
428,541.698,554.0451,-11.349783,12.266019
429,841.77856,100.31569,29.804382,-80.57277
430,195.98611,70.112465,-5.963551,-10.696376
431,310.22247,942.7786,-0.8838812,-30.984543
432,681.69916,106.3702,43.87222,26.659933
433,1006.8751,719.764,20.274704,-15.3594265
434,599.4871,178.56445,16.664812,-15.0011
435,311.30038,645.39264,1.0289441,-34.16347
436,366.62277,555.63904,61.249905,-22.1025
437,793.672,144.88531,2.90939,-30.987219
438,578.74084,116.008705,-6.0911636,7.230225
439,504.66714,329.49036,-18.642923,-2.849341
440,607.59894,1008.60583,-23.367712,-32.19313
441,202.91225,676.8357,-41.875248,33.62777
442,376.76123,250.23766,20.815292,1.5412519
443,123.76101,903.7427,-46.255337,12.61852
444,322.4058,754.22076,47.49677,-8.238192
445,696.45715,628.2485,-0.011538334,4.1331453
446,538.6288,621.16614,25.315851,18.445894
447,618.2432,1010.8971,34.409317,13.463644
448,563.8007,22.533573,41.514317,5.112238
449,874.3025,473.84995,45.438896,-18.81347
450,675.1593,37.29079,-16.980566,-2.059298
451,577.0118,108.46217,-1.0568091,-9.613911
452,21.99581,142.63463,-3.9583616,-11.942015
453,295.04306,47.882965,-16.937672,-19.557566
454,1016.47595,214.34131,78.46729,16.320585
455,180.9492,172.15083,50.987682,19.829136
456,516.2992,25.727303,0.60994685,9.373489
457,28.285048,341.4874,-9.344547,12.165791
458,59.01916,699.0271,-16.882748,22.580305
459,869.5493,38.44313,-12.035174,0.629601
460,409.58752,216.71483,-55.906914,-1.093638
461,713.9348,948.5903,7.1909084,8.624951
462,315.8695,857.9393,2.7389748,20.242702
463,312.83734,876.7848,13.747162,20.73483
464,423.36655,989.547,-13.9950485,-11.242441
465,961.2,365.90884,-36.41745,-13.121892
466,328.47476,786.20605,-7.134176,-20.704952
467,182.17412,638.7012,-0.5097823,-2.3141797
468,920.8446,945.394,4.9947224,-6.419253
469,508.60794,981.4095,-0.30460525,-8.933247
470,195.25139,726.37524,39.21095,-69.6032
471,889.536,949.0907,2.186413,-3.2127194
472,23.202724,950.66846,33.49054,-16.522972
473,54.816795,476.4419,-12.798324,-20.34061
474,1002.99207,514.8102,57.0467,-24.689283
475,149.26163,553.533,26.420538,42.402016
476,105.59958,249.24069,6.911124,-4.3318615
477,602.4968,3.9466014,-40.68498,69.65961
478,305.29706,33.754864,15.706602,-57.476593
479,821.6482,33.389454,37.76413,35.09866
480,251.28752,980.5358,-30.125713,-48.56094
481,833.9677,123.38513,-2.004485,56.786236
482,956.95825,772.14343,44.49991,-1.9292923
483,877.5837,353.25015,-16.964891,-2.8979478
484,277.67352,335.26617,2.17344,3.5627234
485,342.12393,6.619637,-1.9404031,-34.528637
486,979.5177,486.8665,3.437891,-51.15784
487,289.2911,854.8671,-20.83806,-13.758632
488,920.3279,500.4027,-47.02321,25.437357
489,995.67566,211.39563,34.74791,36.178375
490,451.1624,760.7744,-28.149471,-8.674918
491,934.99207,267.4391,-67.334526,7.349762
492,806.7879,1015.1903,13.812657,-38.60845
493,678.4386,304.89716,-9.029928,-3.3777874
494,194.53024,160.24641,-7.314174,11.698002
495,902.24664,41.09063,7.3588862,-1.8935596
496,725.8152,863.98083,-24.504194,38.799393
497,253.13072,608.1542,48.032265,10.396303
498,323.13217,767.60455,48.238186,20.021969
499,241.55368,20.814604,-40.621937,0.67749816
500,810.8805,813.8068,-7.7229686,-8.775915
501,383.28995,827.41425,5.4258094,5.7499337
502,162.76042,392.2282,8.06955,10.127711
503,503.96255,724.3751,11.555244,7.2638907
504,530.9918,205.12297,-19.309069,-26.544905
505,569.262,519.2347,15.853748,-6.1716623
506,877.2178,235.06784,38.208096,17.192537
507,67.82575,429.33658,6.7768817,-29.742079
508,594.39154,668.4569,-43.03156,-35.67259
509,968.713,685.90466,-27.408934,-12.074071
510,539.14935,527.54065,23.016176,-26.52908
511,86.135796,927.59314,17.033508,16.64463
512,541.80334,983.7508,7.858351,-7.093214
513,137.34294,697.67194,4.1142664,0.72048014
514,290.88467,46.84381,-18.036766,-16.220745
515,233.46117,791.49915,-67.90499,-14.855029
516,112.553314,806.5886,-30.969751,-10.339067
517,683.1312,851.7895,-5.510097,-7.065545
518,851.4743,130.50395,38.512886,10.331532
519,18.85646,713.29425,6.612605,-9.290734
520,21.504189,945.54016,19.669025,4.456107
521,198.84056,54.268986,-11.74424,-21.851734
522,973.6817,292.17123,22.858913,-12.457745
523,74.45141,13.619033,66.7314,60.389736
524,636.3554,882.8244,-5.230296,-9.5771265
525,223.54892,579.20996,9.133965,61.063187
526,805.74677,434.95862,38.102066,23.349457
527,287.814,572.0432,3.7870383,-20.26121
528,681.7689,941.6344,-4.2083983,-15.717152
529,512.47974,55.42492,-24.120188,-17.202255
530,133.0072,280.44553,26.240294,1.9393561
531,871.9351,647.5605,29.149181,78.97449
532,266.4038,372.16623,-5.6355906,-24.818842
533,773.2104,724.0175,-4.0676236,-13.91518
534,840.5424,887.06433,5.3496523,-23.440922
535,553.3833,1002.0864,13.311503,43.22907
536,499.8449,467.29626,-4.878606,2.6580555
537,674.1797,507.87738,-12.00197,63.210503
538,388.86435,721.3576,24.170538,-27.697262
539,21.353651,991.9592,21.767216,57.646057
540,343.78748,512.2792,-30.136662,-79.52574
541,244.90692,21.317892,-36.99631,-3.3445654
542,151.22163,1008.5015,3.988652,17.32898
543,874.85645,360.29187,-20.051258,1.5523335
544,697.97565,277.12958,4.2045555,5.3816357
545,738.99347,718.40155,-1.5916804,43.175705
546,1018.53394,783.2867,0.6300957,-4.663896
547,582.059,117.2254,5.7426496,8.180424
548,168.61205,418.60843,-6.8557687,-13.053712
549,841.06305,595.1072,-28.138762,-16.811672
550,206.16052,327.86472,-8.31016,42.3736
551,443.66455,213.02315,0.18181683,2.3211734
552,372.30197,140.75322,-19.707336,-9.534004
553,975.67035,754.1261,20.769865,37.60421
554,73.56302,855.5607,-68.57214,32.097622
555,591.95966,429.1197,-24.3763,33.479572
556,620.85126,554.0494,5.3339086,15.55018
557,562.7143,305.52728,-21.395363,-9.924814
558,796.4105,229.58632,0.66670305,-34.042027
559,357.13824,895.7878,11.033456,2.152222
560,933.61786,269.80734,48.40329,-13.911664
561,796.35925,629.00574,7.7700353,7.5398116
562,652.1186,452.78598,6.1900744,-8.482959
563,607.55286,347.13983,29.31472,47.05533
564,764.4157,999.47455,21.54608,-32.497864
565,93.388374,240.21677,-8.356868,6.425919
566,624.4091,795.27795,3.5880585,2.5001707
567,951.72504,417.5806,-1.5618056,31.152088
568,730.155,561.97235,9.770616,-46.57456
569,126.20825,859.0827,-23.926947,-27.982056
570,287.07465,399.55804,-42.99401,25.003244
571,785.4887,48.933033,-28.844997,-59.776363
572,370.85544,650.71594,-20.498085,44.80731
573,122.26225,777.01624,8.670721,-15.865508
574,758.1122,346.66312,16.486662,16.187466
575,969.8359,530.0742,38.700573,-6.227283
576,749.09644,250.99126,-20.688587,25.126364
577,424.8698,757.84546,34.922626,23.8215
578,339.2037,134.99283,-20.7176,12.143061
579,287.31757,491.61584,-7.006672,9.895366
580,70.44967,1019.9587,-20.750612,69.49944
581,401.54355,591.68066,-5.283765,20.478725
582,5.5156794,177.59056,7.136259,-14.722706
583,6.054767,886.6356,-8.776392,-12.793864
584,487.09827,587.7891,22.190092,-33.253212
585,157.41776,845.9854,22.524261,10.8182955
586,26.55053,34.73389,-2.8647394,-39.499958
587,819.2946,383.30017,-21.611588,-7.519086
588,288.99893,400.17462,-49.984,30.855307
589,312.13672,849.32886,20.709747,18.579464
590,920.49963,263.24603,34.030983,-12.893756
591,196.36348,450.15692,-0.03529455,0.442357
592,613.53503,721.56506,6.9494104,-16.059624
593,345.5499,641.4251,-4.3031616,4.0921664
594,120.424355,713.8906,4.1270957,-2.4508936
595,335.37366,504.93372,-30.735298,-18.38612
596,356.73883,115.89576,25.25595,-32.071217
597,60.27608,430.76974,-6.2456007,-28.792698
598,384.66342,340.52597,-12.36671,41.341164
599,792.94244,882.05035,0.35721704,24.515377
600,703.4557,793.7976,36.834194,18.115023
601,624.2135,890.14844,52.85852,21.146608
602,924.3506,634.03564,7.6303315,1.8583958
603,904.1268,422.50156,-16.642458,67.030945
604,258.3601,60.214626,24.71113,2.2987685
605,405.54843,645.41724,-18.596767,-14.123669
606,395.4885,459.01437,-11.899073,33.117264
607,339.04575,239.56412,-2.4362895,7.398251
608,132.86041,452.85452,9.573837,-25.544722
609,119.94074,773.951,-1.1013665,-11.250052
610,366.10742,426.35745,-23.363026,-29.730314
611,136.90233,731.4382,-0.8908454,-36.545425
612,219.60115,672.93097,-5.0517993,-18.659056
613,667.99194,385.04303,-15.791733,-18.072334
614,486.7121,366.55634,-1.0228144,-52.12084
615,757.8911,469.34134,-0.8720698,-0.10025628
616,710.2322,370.39966,45.99307,-0.9932876
617,656.2616,582.67334,-20.872002,-2.9488962
618,837.85803,887.23956,16.702526,-29.844738
619,84.84596,27.777302,2.5705967,-57.135933
620,71.643585,984.8161,-36.625965,11.314505
621,474.1001,652.4621,4.628176,-3.5909274
622,559.2121,239.2608,-17.634752,10.599359
623,255.01657,9.921547,34.86675,-27.56995
624,483.34457,162.51003,-14.20504,-9.129108
625,113.75291,270.1527,-11.113605,-19.750715
626,290.75653,670.41156,-0.8511531,-8.642163
627,219.40033,7.1992598,-23.846817,-17.437521
628,136.55116,979.35095,-13.994215,4.0294175
629,834.8719,627.1451,-15.405164,24.75111
630,66.35764,906.91235,18.761776,17.782867
631,601.39734,112.17891,23.913189,7.3026752
632,118.480194,129.96759,-35.876476,1.1439568
633,445.30658,605.3555,7.43815,-4.6506405
634,786.59894,4.9885616,-22.132359,3.5824907
635,788.4641,107.20492,-12.703154,53.191143
636,186.3823,321.34875,3.6943934,-51.709503
637,571.96045,270.7301,14.991911,-1.1381313
638,517.72644,659.0025,-2.8427625,-15.249216
639,34.14181,147.07573,17.420895,2.2881176
640,463.32098,1006.313,45.13851,-12.105471
641,367.35678,566.0664,8.481352,8.136739
642,848.95593,65.351135,-22.13053,-7.7206373
643,314.95764,191.99504,-9.114544,3.506873
644,1011.81757,36.758858,-9.625686,12.161302
645,198.87035,284.43008,15.524928,3.5975852
646,933.6031,169.94084,-17.300642,-12.965983
647,623.0489,632.5087,-1.8894656,-30.47021
648,549.30096,364.5799,-84.69307,10.847147
649,297.38345,524.04974,62.864914,-9.338334
650,869.33356,631.65564,-21.374592,14.665073
651,885.45337,844.78894,-25.90685,5.3449445
652,726.9714,262.53683,-20.689703,47.38006
653,918.5304,979.8221,-37.439777,24.29585
654,727.9408,123.15228,-15.624491,-12.259954
655,347.33328,125.610886,12.103687,-5.7509823
656,190.8056,544.5176,-13.771576,-22.352148
657,324.0654,177.79633,-25.226143,37.994297
658,845.4825,922.4125,1.7801068,7.1567273
659,583.27313,663.7277,-17.018778,-15.343269
660,149.54675,127.358604,-1.6460593,0.109184116
661,265.13513,469.46808,-0.73921365,-1.8493218
662,439.52496,827.97504,36.263046,42.35676
663,271.64722,761.9235,61.97702,10.144011
664,575.6192,1020.1215,-16.438517,10.944612
665,500.79355,945.24677,30.099491,8.948477
666,361.80917,501.24216,-52.24837,1.847408
667,887.0202,799.00165,13.817513,-26.644762
668,99.07986,27.137526,19.595705,-23.551748
669,348.7647,999.7382,-0.6261209,-5.5152426
670,897.28613,525.18945,-36.316624,8.173423
671,143.25478,72.605156,2.3090518,24.90501
672,216.31685,776.746,-11.3427725,23.944714
673,758.33514,315.70728,50.987858,25.315147
674,778.16345,308.46954,36.404366,-15.1025
675,352.16684,61.647713,3.3903167,-32.496246
676,470.07565,1005.1769,37.084045,-35.11931
677,261.42078,448.3498,0.78431666,-3.4533362
678,620.58453,566.1053,-27.850288,-14.602034
679,318.8675,508.03604,-61.29759,26.263893
680,226.18452,314.5024,-54.067856,-39.2955
681,103.36851,781.7238,57.646774,18.856241
682,885.8913,567.2061,-8.177495,-1.4525826
683,909.49274,691.53204,65.40634,16.23055
684,710.16974,484,-26.15598,17.442957
685,814.7515,586.7579,7.6899104,19.262583
686,898.1892,715.0195,-27.648062,-24.645294
687,245.65248,95.101974,15.074498,-11.4817915
688,73.43819,142.14502,2.1403477,-23.14826
689,328.74875,494.8673,23.686415,6.2693186
690,401.17358,903.42017,-1.0292649,-4.8504643
691,781.21204,790.26337,25.529547,-26.570772
692,96.34322,534.9605,-12.124884,6.296608
693,685.6447,498.8105,-1.2094604,80.13007
694,571.87665,749.4405,-22.804512,-11.40456
695,987.6995,228.53944,-45.648994,53.863735
696,49.857784,617.6333,-2.9103518,31.049942
697,82.90145,897.17426,31.265594,-19.844286
698,454.4469,833.7275,40.6524,41.22095
699,260.39307,791.1919,-25.549711,37.63747
700,709.4691,656.5427,89.36814,10.645904
701,753.82446,372.9929,16.738697,-79.40453
702,907.38983,370.20685,-2.4053197,-7.0157657
703,977.0121,614.9939,-4.833438,-2.9463105
704,1000.9454,620.0862,-13.870641,11.719948
705,305.381,180.41196,-33.09438,50.672146
706,631.3679,969.8715,12.4588175,-24.464773
707,534.4544,582.796,47.13484,-1.6624331
708,826.1861,202.08672,8.882868,-1.4370202
709,556.7675,1006.0238,-39.547295,1.8773603
710,454.32202,838.11017,39.704567,42.32527
711,509.26178,820.0709,11.257638,-6.1775117
712,882.8522,523.7233,11.320697,17.551264
713,157.82645,915.527,74.91701,49.874264
714,55.43872,659.1601,26.205214,-32.654118
715,900.4234,589.1041,-22.058302,17.332916
716,385.52377,387.83392,26.464487,-31.96323
717,725.86475,435.8162,-1.3313498,54.499992
718,945.992,757.50586,-60.673145,24.642797
719,972.33014,309.00644,37.003506,-8.828138
720,278.50824,405.4604,-47.272736,40.750397
721,175.41508,425.86514,-3.5681088,-10.212515
722,627.9435,130.35712,17.656904,-40.343536
723,479.63647,128.58122,19.11444,-1.6653776
724,74.758286,689.0968,2.4186525,-30.741081
725,803.56006,318.87283,-9.201994,43.42122
726,202.20398,283.74664,-1.6457164,2.7095623
727,767.1684,793.47327,11.5951805,-42.252613
728,946.0742,26.02716,9.91103,-18.06562
729,622.70795,1008.14154,62.602375,-14.114341
730,639.3949,768.9315,19.614618,8.584321
731,836.4113,439.26196,29.674807,-11.422252
732,980.1186,918.7851,-19.182812,5.4828835
733,394.55344,309.59216,6.560835,7.708248
734,279.908,899.55963,-58.80664,12.348488
735,578.5058,303.28235,39.289078,34.24599
736,138.9331,903.15497,14.402073,32.764397
737,79.09768,799.6885,7.9756265,-6.8685584
738,577.62885,1022.5407,2.672002,-31.167057
739,836.4004,46.85113,18.87154,-24.050524
740,691.6371,407.3392,6.695899,20.423367
741,274.36362,495.6625,-25.843344,19.15344
742,584.88385,456.21878,-15.976881,88.570526
743,819.1154,996.2666,-21.133713,8.922222
744,169.73318,149.91216,-18.73988,-40.25129
745,827.9796,689.6508,40.02947,-56.37906
746,82.49672,863.4129,-61.271893,39.398983
747,923.0958,175.13298,-27.0465,-46.887764
748,133.58809,909.7596,-5.802806,64.996544
749,819.57043,366.79874,-35.395134,-9.972254
750,974.4875,296.04993,24.157679,-6.6036854
751,966.34375,597.12756,3.5825775,3.8181095
752,209.17665,387.57187,11.363271,-11.816396
753,577.88043,542.74023,62.230667,-4.0082984
754,371.20444,746.7826,-12.023491,-27.348562
755,166.05708,720.1575,-11.704683,20.411678
756,82.13864,654.6955,15.069968,-29.213558
757,931.7104,754.1923,-5.932027,-16.514542
758,1013.3658,25.63625,-14.935878,28.399405
759,53.25241,260.84003,4.6167717,3.788876
760,246.43063,727.3901,5.658171,-33.911446
761,364.21146,534.5566,-8.108576,-58.64913
762,586.94415,11.561096,2.1504807,-38.808388
763,774.9799,684.0068,0.028567405,15.127481
764,905.611,838.3214,-22.385908,-0.061301626
765,247.78012,582.7025,-7.5387774,-29.496746
766,349.87836,419.46423,13.999824,-42.3167
767,129.67365,60.45406,17.8572,-4.558367
768,901.1276,206.77232,-9.574821,-2.7503154
769,781.4653,548.13513,0.051584736,-0.6358274
770,250.20558,941.11,4.8164134,-2.3262737
771,484.69287,375.99622,-10.448049,-4.5601187
772,511.95383,339.8895,-19.915678,29.364208
773,483.23367,684.04126,25.613464,-36.839325
774,257.05618,9.028055,-41.496426,66.7107
775,825.91846,470.12543,-9.062971,-1.1303501
776,542.5759,342.61835,-10.662585,-41.72944
777,320.24646,584.03503,46.80852,-15.582987
778,218.66255,363.5535,-15.9299555,-21.222692
779,810.0254,928.2114,2.8868537,10.130624
780,635.2874,284.07507,-38.910812,34.37742
781,86.114914,672.04694,25.862879,24.509836
782,864.7722,619.50653,-3.7459247,-9.62022
783,904.04004,485.06616,-55.66181,-13.230938
784,653.3334,506.705,-12.096383,62.124496
785,558.4692,954.57806,-0.34625632,-4.759214
786,115.66433,713.2506,15.043575,14.939896
787,194.46759,550.3582,17.674139,-25.620481
788,314.15494,104.53917,7.485943,-6.085218
789,153.16638,395.64914,10.18265,3.5502875
790,639.92926,417.66495,15.041525,27.173988
791,244.47446,702.7779,26.262972,-5.842646
792,19.358356,901.18024,-14.420245,-57.213856
793,574.85913,528.75055,23.511877,14.749605
794,975.2294,765.1489,7.3300505,-26.119043
795,974.0596,203.13716,14.14257,42.476044
796,71.42311,145.73398,-15.870948,-9.724707
797,726.1752,724.7383,-18.021906,9.568018
798,49.53057,2.6740935,-44.358463,-18.41381
799,892.29584,210.84465,-25.87202,4.548883
800,501.85587,933.13916,-13.678767,36.85263
801,667.10876,275.62766,9.18485,-37.451534
802,699.1796,272.32358,22.395407,12.080699
803,279.19708,749.7545,-2.2290137,-18.212484
804,544.291,401.99457,2.8984008,-10.194166
805,309.73764,524.37225,26.103392,1.4841632
806,784.4211,710.23865,-3.225627,5.4778285
807,867.32947,591.0981,8.037849,6.322793
808,842.75696,363.7131,-21.46727,19.329765
809,951.9132,230.11519,25.241486,-40.29031
810,872.3296,15.629067,-16.827036,-2.5755916
811,906.33746,267.44702,23.201136,-5.331489
812,442.09903,13.1796465,-40.754875,-34.10816
813,192.56403,448.9137,3.0835123,-1.9567503
814,22.973639,39.071762,-6.3408823,-33.087513
815,396.25674,700.34674,8.655502,-27.414627
816,872.92914,679.3444,-13.153419,-7.692967
817,497.99448,328.284,-7.9800525,-22.189522
818,259.32034,391.73907,-0.2656889,-5.3622103
819,92.23411,620.86646,37.133694,10.846015
820,358.45667,552.2274,74.21277,-14.731325
821,916.459,374.51602,-46.679256,-6.5793443
822,401.68005,712.78864,22.660666,14.285333
823,199.35835,543.9527,36.879177,-57.04698
824,32.790585,882.66956,24.749628,-6.098238
825,807.48676,525.87213,-6.261241,-9.469667
826,736.27844,431.6247,-1.328596,12.789732
827,685.27747,780.0603,35.48866,13.466969
828,175.80293,805.7572,-26.911062,-12.969863
829,648.12964,201.18863,5.2004056,-4.32614
830,402.7083,980.4439,52.737404,41.527912
831,647.41534,103.521454,-43.66488,3.8277564
832,144.50809,505.3715,-22.568296,-24.840378
833,876.2556,19.669596,-11.232796,-1.3205006
834,771.5261,904.26843,24.509089,-25.99893
835,733.5996,990.29236,-65.48903,61.73482
836,94.530914,920.1473,39.919617,-18.531013
837,857.02734,985.7011,-9.237341,38.09996
838,206.03543,988.33563,20.74345,16.288433
839,743.6213,206.72739,-6.4498897,-0.35630906
840,553.02747,417.22977,-3.6970582,-18.437237
841,889.36487,608.2673,-30.731129,37.472073
842,950.94385,640.8542,-20.205591,3.0240924
843,951.2546,866.8811,-5.0149574,36.943382
844,822.69104,625.932,5.768516,-3.5893788
845,198.29607,61.543438,-3.7918115,-11.782636
846,450.41943,922.0322,-15.641526,-21.735317
847,86.498474,933.6206,7.666413,12.496027
848,604.20544,525.26117,-45.647415,30.86239
849,640.1119,336.4731,1.5166351,1.9377191
850,260.55325,654.9335,6.0664153,-17.7455
851,481.75357,437.82236,-9.741374,-6.7261834
852,273.81647,995.2426,-11.936731,-10.549276
853,1000.159,614.8755,4.1354623,42.081882
854,357.6202,685.9719,1.0951028,11.989835
855,227.67511,367.10635,-19.601927,-7.2193313
856,337.2319,876.3623,62.907814,-12.725303
857,418.6777,796.21564,-43.0207,16.600342
858,639.64215,292.4176,-32.163147,-32.953384
859,944.8035,734.0316,-37.663013,14.568827
860,495.07428,9.474185,45.30821,-12.386095
861,428.3835,1020.2628,-4.5308924,-16.336723
862,361.92493,330.14642,-11.985433,-2.4155886
863,624.7729,434.3205,-25.728415,18.191034
864,228.51485,86.85449,5.317022,11.827971
865,473.4226,518.1226,-3.2891462,1.5579046
866,279.38312,677.8727,-12.57407,-17.391468
867,579.6368,773.3988,16.742573,-40.620544
868,863.6573,876.3316,-2.116144,-20.741734
869,296.55917,762.91016,31.999624,-2.0211098
870,262.42444,725.0848,-17.336412,-37.278996
871,828.8559,656.7983,-31.626846,29.44242
872,537.60645,542.2636,-7.764571,-21.475105
873,244.48763,210.73332,2.3376646,-5.450553
874,535.16754,252.03978,-8.224966,28.349655
875,179.77457,338.3683,-13.116148,-19.236437
876,417.17972,808.5705,47.55223,-5.4108453
877,322.73386,864.45715,12.314415,20.691238
878,619.3696,4.1511493,-64.79696,-26.976236
879,341.2607,570.3524,17.026249,15.926049
880,288.95944,758.386,-0.37828523,10.117045
881,122.150345,910.8976,-46.46701,38.039482
882,305.55283,294.08942,39.422497,66.766426
883,957.467,547.8141,-19.083435,-40.862976
884,941.1383,35.371796,13.564198,-33.838867
885,145.80824,47.446392,9.387763,2.3491461
886,122.29527,421.0026,22.49876,23.474926
887,70.66387,928.50555,5.323108,-45.04868
888,774.94836,195.6779,31.808508,39.002354
889,874.1177,190.3932,17.174828,-7.885861
890,752.4895,330.56583,9.675972,26.731129
891,312.35886,224.04195,5.1148925,-13.478355
892,278.2087,982.9593,-9.022529,2.979137
893,217.60342,191.07866,-24.584736,9.934182
894,85.62347,918.84827,-65.648544,37.31053
895,631.82666,377.54303,-44.707256,30.882841
896,78.88,986.4654,-4.6805167,-48.37409
897,277.90866,257.38196,3.351939,22.292536
898,137.61961,983.55927,-11.233299,13.647635
899,47.24383,591.27856,-19.048994,-2.404522
900,911.2441,583.21643,-38.41196,16.07998
901,297.3465,202.65784,20.534458,1.9045801
902,352.56494,99.65508,20.594307,-87.61206
903,616.29364,188.35379,-40.22302,74.35032
904,147.88454,178.46156,1.4807171,-23.161703
905,776.6558,366.16153,40.432518,-21.332458
906,680.287,855.2715,-24.143839,-8.631402
907,332.32025,46.740715,11.675142,13.326551
908,24.101511,149.78989,-9.75553,-2.0869436
909,706.431,310.50565,17.245275,6.4985185
910,343.18607,43.714565,1.6846482,-21.825802
911,180.5828,362.96362,-15.899976,-41.513058
912,370.68912,786.5528,-49.767094,-66.4861
913,533.3515,98.07337,10.129396,34.077625
914,1005.32526,450.01575,-44.451294,41.7738
915,591.6518,543.2781,-44.44432,36.53563
916,803.4895,157.1799,12.5878105,-16.825342
917,403.26608,995.75665,-11.374139,27.459404
918,523.78326,689.9193,67.8103,16.05182
919,50.08393,757.3288,14.073971,32.068356
920,362.31583,388.94135,-4.1925864,-19.915571
921,89.0975,298.21252,-30.835297,-12.924607
922,314.36087,830.93054,-41.036037,23.687096
923,36.525345,977.8808,-60.876225,21.192863
924,955.0771,657.47614,-20.358747,1.5009366
925,991.6316,813.444,15.439494,-5.1708775
926,253.98022,945.1119,-3.4215899,-5.5640645
927,335.05984,786.16095,-37.07076,-14.8087435
928,949.748,762.4936,-46.48664,35.460968
929,95.66795,553.51337,-34.971363,-30.585491
930,792.13617,395.65753,30.668657,1.5700972
931,998.81726,182.45729,-57.815945,11.537155
932,432.80545,606.81866,18.839975,-2.909976
933,625.0436,589.9848,-25.414568,7.2052727
934,435.3674,440.01666,-13.673677,-4.400874
935,243.79712,432.9892,0.22508223,-5.0031853
936,262.25558,1014.4018,-3.2586918,-4.5464363
937,250.54198,160.71867,21.861378,19.454924
938,489.85684,603.0061,-6.5777144,-37.458042
939,788.0141,486.79077,-9.51362,4.5909786
940,969.11206,81.92271,58.305195,-57.87271
941,576.47797,473.09842,-13.59224,-25.393543
942,356.80124,406.56552,55.736607,30.153107
943,136.366,552.88116,28.589394,10.633436
944,663.619,196.14893,38.971283,-15.962423
945,67.9737,182.07954,32.151005,-6.2553563
946,212.72212,969.54114,11.457555,-8.920673
947,35.98662,207.61386,-28.521255,-25.522331
948,206.18016,794.35333,10.517655,-8.413959
949,535.796,353.0049,-40.632076,-16.189905
950,186.93007,743.71814,24.682625,-53.15075
951,905.157,603.8769,-11.424225,-24.45027
952,382.1869,382.19577,-14.499528,-34.387478
953,727.32074,656.9699,47.596073,26.068987
954,527.3036,288.13846,17.026733,-15.148008
955,347.70435,131.51141,-76.50699,-47.39917
956,259.7758,766.06433,14.882375,38.025776
957,979.7516,723.2338,30.240189,4.267784
958,866.50433,213.72865,-26.752216,-25.937035
959,983.30304,75.85977,12.124465,7.618489
960,837.69366,883.21954,22.39821,-40.854984
961,283.9982,964.1338,24.90271,-5.673623
962,88.20548,207.2151,-7.802529,-22.722586
963,218.95651,509.87482,-18.014267,6.561627
964,673.4291,928.70874,1.1536858,0.08123934
965,292.03674,284.26138,-2.3657734,42.11243
966,424.9159,764.16565,-41.893486,30.27432
967,740.61,603.4307,-30.842913,-7.6877737
968,75.20027,981.0952,6.9253135,34.2275
969,454.29846,585.1336,-1.6124879,1.425643
970,895.5547,595.9601,-37.97351,-12.094779
971,680.84845,153.74413,-12.321939,13.631734
972,379.23892,412.7144,26.02282,-14.456638
973,251.83015,973.6446,-23.223486,-28.35786
974,990.6857,185.94675,16.005657,7.6056533
975,966.9473,721.44635,-8.963723,3.2426975
976,286.80463,39.4408,-8.018967,-19.792276
977,42.805172,112.88267,47.392117,36.69559
978,376.72476,293.97232,41.447124,21.463545
979,495.8216,314.34857,-15.517507,-40.278114
980,89.641,853.152,-44.37409,31.611385
981,293.95114,42.569595,-25.172915,-24.788631
982,696.39496,510.34967,15.461508,34.278496
983,967.1079,449.05463,-18.22642,-12.021787
984,474.19693,656.86884,-16.577614,-5.3524537
985,497.7103,214.49957,-43.4932,6.059822
986,95.50328,831.72144,-29.66284,-37.428352
987,436.1095,654.7783,-25.135092,-7.815211
988,282.5956,433.5464,3.8488784,6.9594474
989,516.3328,990.707,-5.11534,-54.917927
990,823.5106,50.0194,31.3091,58.682068
991,479.5204,229.21414,23.416782,-15.089097
992,220.62779,11.703468,-68.61965,-19.527945
993,455.2018,194.17079,59.92625,7.553879
994,315.54144,563.31116,-48.564827,-32.064682
995,204.82986,85.56113,17.11391,18.270714
996,672.6288,402.19165,-2.2967942,-25.562206
997,146.66032,120.13376,-15.288774,49.280853
998,740.12024,223.26048,-24.91708,21.503267
999,785.55426,306.06625,35.578033,-33.844906
1000,582.64514,539.10406,-6.4549856,12.225552
1001,937.76196,779.437,-23.656082,21.322456
1002,78.80224,656.413,20.566921,6.8839235
1003,254.02287,164.6002,-0.79498255,-17.170021
1004,670.85785,297.1079,-19.460846,-27.99705
1005,559.5666,118.1492,-0.80223596,-46.855213
1006,197.70691,787.9489,-9.163162,10.314352
1007,1019.4377,785.68567,-26.55272,-20.79477
1008,510.1835,480.2455,-36.616516,-15.293546
1009,111.54424,837.1641,-45.534763,-19.300402
1010,950.87244,164.74538,0.15671873,-7.186688
1011,980.7903,669.97186,5.6688547,-32.541214
1012,142.13068,314.7104,-13.343577,-1.1957068
1013,930.8037,442.01706,69.56846,12.037171
1014,865.18884,15.891219,-12.740379,-8.163822
1015,840.054,308.1476,6.514951,-20.91416
1016,122.71131,495.99878,7.622849,-16.270555
1017,534.7532,525.407,-19.193333,-82.17544
1018,12.950625,956.3367,53.885033,-4.571957
1019,368.79053,139.86569,18.95354,66.09742
1020,409.88248,264.38672,14.313103,4.4010344
1021,346.9278,212.75725,-4.4281306,11.511313
1022,809.9062,117.99507,-26.116478,-52.914284
1023,843.0697,368.32187,38.413322,43.545876
1024,919.4517,165.97095,15.380259,-17.542278
1025,292.9412,279.93774,45.882412,14.616387
1026,152.68881,96.58618,1.5503308,11.672933
1027,494.01804,458.97766,-11.384414,-7.721631
1028,45.527473,528.08905,1.8710295,-13.306721
1029,29.567245,60.58301,37.64327,-33.411343
1030,750.32947,45.256985,-0.2182361,13.630925
1031,878.8702,590.3398,4.014135,-12.375408
1032,765.6902,519.41815,16.886875,0.057716947
1033,640.3878,891.4751,2.2488053,14.403206
1034,928.3492,747.1072,-0.5826398,-7.8858547
1035,68.79916,1000.6962,-40.838272,76.69969
1036,136.01187,916.31177,3.590723,58.389286
1037,588.974,657.2606,-12.699483,-4.2163935
1038,456.47397,479.46997,-20.617208,-4.440673
1039,711.4161,494.27982,-15.516824,12.788225
1040,921.2708,59.925858,-6.245277,-5.5250964
1041,527.67834,7.119959,-6.5893745,-1.6894588
1042,509.05835,993.5985,-41.290718,-38.17273
1043,511.5983,663.5494,-15.757487,45.654736
1044,88.22049,845.7623,82.38021,-12.809771
1045,902.0172,610.91504,1.7289001,45.760193
1046,683.5442,721.478,3.2561975,0.9681556
1047,12.058702,779.2315,-7.903621,19.637651
1048,106.985916,556.8782,-13.499085,-37.47341
1049,57.574757,589.0458,-29.866787,13.860316
1050,563.5207,525.25867,29.848038,-21.715096
1051,758.81824,789.99365,-12.056508,-27.211304
1052,28.082607,280.23026,33.090305,-8.193847
1053,145.58517,458.7415,33.115368,-12.731084
1054,122.98509,789.46533,10.56398,31.431364
1055,868.20264,694.43677,15.660549,-35.669117
1056,23.2671,362.45523,-7.919459,-21.553194
1057,943.0739,922.3916,-24.07074,26.789465
1058,72.15434,866.7146,-15.3251295,9.5357
1059,561.86487,939.80286,8.98054,-4.6672215
1060,42.150715,66.163864,33.150925,7.6749444
1061,914.9421,84.27079,1.729925,5.0778494
1062,97.65088,92.096115,-17.706512,22.960827
1063,606.4201,841.759,-2.9959178,13.420039
1064,882.24756,969.4655,-24.946085,-13.564713
1065,897.4881,234.0169,48.83518,-3.485159
1066,53.522934,722.9425,14.061168,-10.991894
1067,227.20045,419.52316,-16.2669,-43.496765
1068,915.057,998.44934,-3.475668,26.364685
1069,174.7283,998.2444,-21.705172,-3.8498738
1070,176.87767,306.0527,-9.476433,-21.177996
1071,192.16095,454.37085,-3.3997245,4.600483
1072,290.9885,425.50824,5.5736794,12.743929
1073,925.4004,753.69617,-0.9316422,5.213381
1074,999.99445,1.9485166,-66.40964,-11.687046
1075,300.7456,315.27985,21.211948,28.689795
1076,482.33328,616.58844,-12.651116,4.343167
1077,120.51037,105.294914,-14.344504,2.770718
1078,90.62376,477.7371,24.79337,27.568485
1079,832.2823,199.98907,16.7481,-1.737552
1080,47.097233,1021.3549,-60.063652,-43.119785
1081,212.07619,130.08331,18.723911,8.714294
1082,726.5232,874.0502,-35.69982,-12.51974
1083,543.47064,101.452255,-2.0701344,-24.232758
1084,243.61462,7.2241936,49.75425,-17.759577
1085,320.76532,481.1484,-7.382954,-43.957355
1086,108.758965,545.4349,21.764359,-30.078753
1087,860.57983,835.26764,3.163199,4.4500237
1088,651.50104,178.78658,19.247051,-40.12069
1089,167.12595,764.98517,-12.903187,15.512962
1090,431.53613,657.2004,-30.570782,-10.545272
1091,688.8115,45.10102,-26.964653,-28.44002
1092,887.0363,475.12802,-11.16729,7.664112
1093,1013.54816,809.08984,-10.509097,-19.647299
1094,104.3544,516.001,-15.262369,-1.3155758
1095,752.1554,28.847801,10.1715975,12.305184
1096,507.19873,337.88577,22.409575,-2.0613592
1097,312.69077,24.23742,0.44408152,-8.578186
1098,693.60065,372.90182,-18.926476,16.189514
1099,38.06206,1017.0574,-59.05591,-28.351294
1100,173.6037,23.439432,15.885359,-10.78504
1101,21.15597,733.24,-2.5494592,-9.093399
1102,838.69385,312.72107,6.418409,-8.090097
1103,492.2287,915.10944,1.591267,-34.97158
1104,541.44653,226.92554,-18.281496,12.703273
1105,599.3508,878.7559,12.403057,-2.080518
1106,695.6739,120.57486,11.1295395,13.659281
1107,137.61183,323.91455,-19.04218,-24.637522
1108,136.04324,909.55426,-17.203226,73.748024
1109,421.6259,632.0638,-1.3834025,-31.806887
1110,769.21515,893.0004,7.852508,-41.161137
1111,857.76355,330.91476,-8.952425,-8.396869
1112,465.13055,1016.90076,-27.3274,-39.30039
1113,581.83466,433.47202,-41.098038,29.937437
1114,178.1822,484.92474,-4.3338537,-39.325104
1115,277.74158,203.53598,7.736687,-15.284846
1116,643.15466,479.65573,-7.496928,-43.424316
1117,684.70166,79.59026,1.2589129,14.862846
1118,1023.10767,318.41092,-32.731194,50.015472
1119,699.50183,429.942,7.7356553,-29.073801
1120,376.6842,921.961,8.874669,-10.855621
1121,934.5914,234.01573,-30.766602,-33.572697
1122,65.13955,124.33003,9.75339,80.39072
1123,790.139,873.13354,43.288647,-33.63893
1124,332.49985,231.15211,-17.401796,-7.2246246
1125,893.6745,692.3494,-5.7141767,-34.70153
1126,971.37195,924.8905,15.010467,-8.05915
1127,982.4147,70.41002,-6.432428,1.155905
1128,427.66983,821.38885,17.09561,-32.2012
1129,238.32497,17.689959,-27.458855,13.444897
1130,534.6626,549.3828,37.605053,-14.275104
1131,495.77386,216.84692,-6.556197,-0.99553394
1132,175.7875,874.4516,11.544791,-8.993887
1133,519.6685,588.2066,1.0566897,10.020969
1134,967.5301,5.6088204,9.689304,-1.0834588
1135,536.7816,613.3404,65.32701,-17.6704
1136,419.17435,283.1647,-21.046638,0.008882461
1137,1003.2671,585.2263,-14.026214,10.5319805
1138,284.98846,423.30865,-15.807475,1.5767912
1139,274.015,954.7021,-25.591866,0.72108513
1140,188.50696,338.28857,3.119039,-19.445152
1141,649.8794,377.77475,-34.69057,-21.995205
1142,870.50476,724.6279,1.3164037,-1.2039342
1143,526.5513,1009.001,-45.703564,-34.691452
1144,51.115047,478.0904,-27.122427,59.871735
1145,57.1139,611.0563,-7.111267,17.861565
1146,97.69303,111.2907,-20.432077,-27.534441
1147,54.95176,741.60034,34.819565,31.927582
1148,149.02795,341.89737,-9.291817,-40.464897
1149,158.125,305.51825,-40.828316,7.105505
1150,767.034,767.7376,-14.601706,-10.076737
1151,605.27594,38.91504,-46.405792,1.0854846
1152,546.8679,137.1179,-39.359287,-14.468682
1153,62.10922,146.88834,1.7551504,61.900204
1154,1019.9846,640.8627,-29.673325,48.7749
1155,515.32587,174.84082,-9.862102,11.518897
1156,91.76755,873.89703,11.149256,3.1231437
1157,352.86353,180.98341,-29.094772,24.695833
1158,368.81387,940.8939,-13.477553,55.10071
1159,141.07635,133.7705,-16.08054,61.34332
1160,431.33676,300.51654,15.025533,3.0438025
1161,387.3194,436.4579,-26.796957,-59.63707
1162,726.9205,457.41803,1.3352282,68.20208
1163,102.2964,538.1826,-27.0017,-54.531193
1164,1007.97723,797.3619,-8.137614,39.15423
1165,294.55515,788.9893,-28.738647,-20.422628
1166,719.26935,769.84186,-8.588967,2.7295728
1167,226.58257,265.95312,-23.125244,20.93185
1168,238.8702,1005.53815,-7.5241246,-17.75563
1169,123.31352,427.7409,5.553548,7.3520303
1170,792.797,218.58084,-7.091686,-65.477745
1171,620.9229,553.9362,-18.60456,-29.171759
1172,164.13284,805.1341,8.38975,2.1599655
1173,214.22757,985.9904,-12.308258,16.784224
1174,501.38577,1001.474,-65.54386,-47.74231
1175,966.6456,69.143616,-30.167759,-12.844222
1176,788.20654,566.37335,21.747585,-30.797043
1177,27.775768,575.30786,0.60548174,13.632864
1178,408.46155,136.56256,-9.985912,-6.6741467
1179,687.49634,648.8601,50.76457,-28.121788
1180,504.33228,329.49545,-33.862057,16.388403
1181,412.71915,141,4.169212,36.529243
1182,372.8147,806.454,17.82807,-26.183666
1183,942.94165,932.89655,-6.8597865,17.828644
1184,81.208496,871.7801,-37.089943,-1.5677272
1185,963.56586,1020.699,27.615053,-64.58717
1186,948.1248,259.22098,-61.742603,-47.921204
1187,565.0171,824.2632,-6.74222,14.447965
1188,263.13107,957.53284,-36.272957,25.055275
1189,604.84485,971.8995,-8.459271,19.864803
1190,938.3091,275.86844,40.692177,-29.82946
1191,953.02856,88.58537,25.595448,-22.206356
1192,904.50586,451.76675,-19.14037,-16.45606
1193,558.03973,116.249435,19.51567,18.241058
1194,90.20537,106.644806,-13.692516,-13.260721
1195,757.48785,86.40713,24.965925,11.073346
1196,1008.6431,882.6249,-58.07091,-16.588171
1197,689.29956,430.00104,-3.9838033,-48.158867
1198,219.93813,68.52648,-42.87718,-10.782072
1199,238.19974,906.4814,-67.49222,2.8630521
1200,777.3081,456.82724,-9.284133,-6.4077263
1201,979.649,374.59552,-12.342696,10.835922
1202,124.55814,268.08618,34.214947,11.641557
1203,383.2766,665.29297,24.303478,21.876694
1204,975.9871,126.12863,-11.622187,-3.4886112
1205,582.3463,654.17737,-32.54652,-7.132752
1206,199.59485,390.26437,-4.5367923,15.614552
1207,665.77277,901.1501,-43.522526,-22.54159
1208,579.34406,612.7882,33.065994,23.846027
1209,534.9298,794.9708,-9.781868,2.9644547
1210,599.4047,34.606644,-41.203396,46.661945
1211,56.579056,603.1924,-10.540964,0.090892084
1212,440.81067,699.6377,-26.027773,-15.082468
1213,70.59914,753.15656,67.85327,10.402098
1214,41.61796,923.8257,-2.6230922,-2.9244123
1215,947.7743,413.4446,-6.730363,27.97869
1216,743.8542,182.08998,5.4801574,43.111435
1217,428.42215,290.1051,8.933423,11.329517
1218,799.37317,261.8687,-15.024403,-2.0769465
1219,496.37305,867.963,52.759953,-10.752929
1220,138.6979,146.98877,-16.398201,6.10402
1221,988.8697,161.82304,6.789367,-44.066986
1222,187.01003,946.8188,-9.4340105,-0.55057544
1223,309.10416,849.3556,12.014324,24.881544
1224,299.60843,269.75327,21.06636,-19.428621
1225,526.5227,139.05768,-38.84674,18.059502
1226,1011.10535,315.9416,7.1725216,88.636375
1227,737.7029,227.93109,-17.206215,23.622272
1228,47.696987,72.943886,-5.022682,-2.411962
1229,416.30545,211.19435,1.5725383,-37.596855
1230,411.45416,158.80208,0.35621664,-6.9107285
1231,860.63275,482.1161,-3.9403296,49.71918
1232,74.02755,24.521465,-9.586305,3.3530917
1233,503.02548,166.1409,-17.713318,31.233866
1234,352.43658,339.3185,6.682746,-4.408817
1235,559.3454,212.92741,-31.23034,23.4851
1236,181.42166,687.8926,7.798489,-45.759827
1237,88.55538,231.13338,-22.387882,-6.59599
1238,339.6139,109.47859,-6.494436,-28.40479
1239,739.5297,106.821266,-14.771161,-9.492362
1240,513.80475,659.3746,-7.183152,50.112743
1241,857.60754,604.7024,-4.2909513,-41.590885
1242,925.27167,698.0344,1.3379471,9.122826
1243,323.38293,964.49567,-16.0621,-29.029514
1244,240.17798,611.1817,-8.325501,4.223434
1245,364.4036,948.798,10.536517,-10.542345
1246,224.59045,767.8033,-3.2937193,44.26401
1247,36.976635,398.57245,-19.465315,-4.3090386
1248,364.05182,453.18903,-7.90654,1.7777545
1249,701.51544,105.41185,-19.434305,28.749186
1250,94.36968,303.22247,-28.828918,-18.307695
1251,219.85333,29.308393,4.69707,49.348797
1252,117.59607,320.15402,22.523663,7.1719484
1253,763.2054,526.2911,7.3974714,8.608227
1254,769.2888,908.15674,8.686818,-10.363073
1255,591.79755,361.50107,10.139241,16.573553
1256,258.729,385.35214,10.110915,-0.9478572
1257,472.60858,945.25793,29.35015,-23.384321
1258,482.26266,703.11615,-3.303419,-66.35484
1259,567.76697,958.9022,20.607239,0.9824822
1260,415.35587,454.71204,4.418749,7.30956
1261,270.50656,358.38333,-10.481196,-0.50438803
1262,227.21078,139.6392,39.735737,24.29276
1263,623.6894,996.7717,62.34944,-63.562786
1264,21.524076,941.81604,13.211511,-2.6578348
1265,242.11359,696.21814,6.141404,-13.803821
1266,9.118872,625.44366,36.462433,12.553833
1267,980.1149,289.81522,28.666225,-23.435545
1268,352.67822,390.25638,5.4002957,-17.318121
1269,965.1577,748.01544,-52.21425,-33.12985
1270,18.267681,956.23615,45.057434,-6.247913
1271,586.9938,24.775078,1.3279741,-45.586273
1272,1015.7055,156.31769,-9.756659,26.21291
1273,282.24554,806.06586,-35.72041,9.727696
1274,389.5759,767.05054,38.708996,-25.479874
1275,446.6394,1013.6098,42.938828,-26.462109
1276,943.2858,238.46819,-34.0614,-64.83201
1277,114.78342,439.9092,-18.85954,34.367596
1278,624.153,568.896,-18.654324,-15.502802
1279,45.30019,502.56174,1.0960693,53.546913
1280,722.33374,582.082,-29.650469,-30.299929
1281,773.05884,75.423615,8.677095,-17.903564
1282,498.62076,930.9042,9.471264,-52.1282
1283,383.35294,927.7367,4.356579,-6.266614
1284,824.7567,56.351746,12.476574,40.98341
1285,614.9379,141.03102,0.7255532,-19.800774
1286,620.90247,382.46307,-29.580423,17.154976
1287,477.72296,348.66492,-8.94502,-43.854603
1288,518.7851,167.00702,-12.062405,12.599453
1289,4.287335,2.4871273,-58.725243,-68.200775
1290,102.22004,484.65878,-0.89093447,-2.4888763
1291,306.1396,106.8556,-2.6847324,3.4928274
1292,363.77933,639.19214,-18.470129,2.000069
1293,770.58075,473.77118,-11.846586,-6.594859
1294,936.63544,787.35547,-3.2582266,-13.180965
1295,200.90675,520.7542,-15.530002,-9.253629
1296,934.10297,551.9584,8.154436,29.692226
1297,733.225,597.173,-34.710426,2.8308399
1298,641.51184,900.9366,-1.1848391,25.43526
1299,973.76086,715.4591,43.170765,-15.334117
1300,791.2826,15.340682,5.0947766,23.614742
1301,479.03293,495.4172,3.2657864,7.0042443
1302,957.9276,917.36816,-64.3909,29.570366
1303,515.8763,192.67448,-47.9008,-50.83837
1304,890.3483,164.04242,34.541904,-7.8439174
1305,799.776,517.37177,1.6574278,19.096777
1306,157.97214,478.34647,-14.26768,-16.396261
1307,379.1127,923.90295,8.842168,-6.5988755
1308,15.384346,688.5135,29.58934,6.1733065
1309,40.07639,665.3218,-2.3260086,-0.43979517
1310,732.2241,393.82642,12.952474,31.763338
1311,838.68646,1007.77094,18.814175,-49.314346
1312,421.2835,797.9766,-39.18073,17.709003
1313,464.6562,327.39294,-1.6933835,4.69984
1314,687.30853,383.43906,-24.519447,15.384486
1315,656.93945,554.22437,-4.523515,-1.1924573
1316,342.58347,130.0352,-17.017984,15.73552
1317,932.272,513.15265,8.561468,64.33613
1318,56.174377,135.14061,8.8055935,-2.8389049
1319,974.0108,303.9666,7.3370957,-38.779568
1320,167.43338,722.1395,0.100014724,13.74427
1321,747.5067,81.06292,26.384851,-0.32028067
1322,112.46008,637.3719,-3.808973,-30.56929
1323,440.09177,538.15985,16.66268,14.820138
1324,1010.8783,126.25507,20.171154,44.283073
1325,182.66362,183.33896,28.084097,2.2749949
1326,948.16205,661.344,-28.65174,4.3182473
1327,118.52371,513.55615,-11.880969,-2.2337983
1328,881.55634,237.80339,29.637604,-3.963502
1329,597.91504,599.5813,6.1854105,-12.792262
1330,373.15726,118.6164,-25.133081,17.238304
1331,393.12527,700.38104,5.583152,-22.323265
1332,52.32698,383.7412,25.569721,-17.705761
1333,295.95377,109.62705,6.16678,3.6049306
1334,310.37753,531.04816,2.36959,16.931982
1335,1004.0346,240.85295,24.617182,-12.300318
1336,285.12225,427.9897,-1.7536212,5.8611364
1337,920.753,801.40283,-6.3939624,-4.262703
1338,504.8463,336.69937,-9.113061,-10.584976
1339,104.43534,257.01166,0.1925348,11.781569
1340,880.06445,231.79596,40.1108,48.734623
1341,781.2833,754.89386,-28.67529,-26.076185
1342,990.2703,696.2014,24.97032,-46.477806
1343,130.90016,732.6983,1.4164472,-39.723564
1344,230.4852,481.69403,-10.5874195,16.77304
1345,934.8073,284.21417,27.728008,-59.28749
1346,382.85083,619.55444,-29.833588,-3.8359692
1347,351.58655,819.6239,-13.978188,28.305878
1348,429.66895,965.61383,22.646605,-22.224106
1349,363.4142,923.9957,-16.65758,-3.9267128
1350,336.21133,467.72845,6.877428,-23.900253
1351,612.6733,596.7065,2.9080942,8.272201
1352,864.7053,616.3636,-5.846904,-25.283186
1353,611.1183,420.13162,8.044861,-3.6401746
1354,464.1609,543.0475,27.016308,-7.9593873
1355,222.11359,539.2735,12.910148,20.459661
1356,572.0034,931.3801,-0.9041201,-30.633545
1357,130.78143,105.184326,-47.53097,17.47821
1358,250.18262,626.932,-41.07136,8.722578
1359,898.7811,100.462944,-38.387337,-14.048559
1360,258.27234,297.2595,-2.4231272,-33.997807
1361,373.04907,141.79126,2.9703534,-10.068033
1362,573.31274,407.2473,23.582224,-22.172983
1363,919.1081,220.31885,35.949123,18.254166
1364,639.2898,787.2105,-5.347724,5.439939
1365,348.74234,29.07118,-28.104565,26.648666
1366,784.9427,16.130548,-5.439735,15.864241
1367,197.4396,808.60126,-29.281681,14.621661
1368,230.28452,880.9163,12.137132,12.261003
1369,953.2622,963.4754,-20.159792,-2.8132908
1370,1014.22125,701.4881,16.602295,-29.307972
1371,673.5213,435.52884,-21.653288,-50.942417
1372,518.4359,704.49854,-11.841197,21.918669
1373,621.8553,882.84357,6.4657874,-9.52262
1374,128.94974,720.5643,-9.600547,-29.500057
1375,539.9259,363.75797,-9.075911,1.8345965
1376,237.20094,312.3992,-25.19892,-31.648893
1377,563.46844,611.5557,21.252094,28.347448
1378,772.9499,859.14496,-28.398457,-7.524707
1379,959.8262,688.5975,-5.93999,-6.426078
1380,491.6375,787.5034,-46.692257,41.08415
1381,486.72006,804.0998,11.697858,23.847754
1382,601.53217,522.4546,12.79053,25.799929
1383,260.3061,912.9761,-74.781235,-12.704879
1384,610.03326,778.83704,9.980271,9.243133
1385,198.62958,514.5339,-6.7411895,12.721688
1386,53.923462,797.4757,-23.761803,1.6857579
1387,570.00275,120.24426,-12.388903,1.2234836
1388,455.17496,971.66736,0.40849093,-23.44661
1389,167.37662,218.53017,-29.80182,-27.68727
1390,162.79709,942.5672,-12.697087,-24.482542
1391,336.0326,309.214,-1.4980586,-15.618607
1392,817.7665,270.69156,-26.30198,14.5171795
1393,829.6242,129.0281,-12.003774,-79.776024
1394,81.647484,26.23555,-7.3330517,-12.264967
1395,882.6526,227.86223,16.833427,-16.166063
1396,686.0731,519.8114,0.0012070078,-16.276804
1397,47.634293,596.7597,-27.74667,-14.891935
1398,399.1732,949.5666,-40.858845,36.482098
1399,62.610012,1015.7584,28.611572,-18.285961
1400,223.17067,95.14079,19.460106,-5.3766565
1401,121.89295,781.1155,4.5664015,-2.5713603
1402,448.42578,348.28662,-56.47926,-24.420712
1403,115.18791,69.440155,4.5726767,-9.4311695
1404,311.25964,800.8812,-34.20385,11.701957
1405,671.1758,488.7463,26.776226,-44.200912
1406,1017.6417,908.6909,-21.318457,17.687056
1407,179.81541,975.7419,7.676531,-0.5419428
1408,858.07904,1001.3344,-4.123922,-2.8024442
1409,177.25047,58.94514,-9.714985,-20.618206
1410,955.23944,695.65967,-28.224442,11.990744
1411,883.0385,453.49506,-32.258347,-25.023172
1412,433.28998,701.56696,19.401207,9.269037
1413,137.0842,28.43958,7.1901727,11.773995
1414,847.3022,1002.26166,-16.354305,-5.091801
1415,73.58729,804.3046,1.7557682,1.7807081
1416,762.6185,661.124,26.802359,24.601519
1417,210.00078,1009.7276,4.372232,6.6187053
1418,913.6923,398.8673,2.5989332,16.530415
1419,206.51698,851.8377,-13.9089775,30.038568
1420,46.899742,940.22736,-2.9263325,5.304301
1421,286.48077,953.05273,-35.56953,-12.884779
1422,776.3701,734.3183,8.912229,0.941038
1423,83.66488,24.414614,-16.37434,-26.658457
1424,944.52673,542.7677,-27.49224,-34.9694
1425,575.4882,555.082,54.832485,-20.079975
1426,286.04062,928.7593,12.301878,57.908936
1427,812.606,717.4873,0.06570805,24.219234
1428,154.82092,85.53872,8.379643,53.130814
1429,290.4605,906.02747,-56.782322,-27.494621
1430,267.98566,797.55493,-58.12013,2.0187323
1431,990.1102,957.31244,13.577728,9.206351
1432,1011.3793,534.81085,20.62501,-19.796146
1433,909.5343,410.96344,10.458742,-37.331192
1434,634.96674,286.7921,-30.834408,-23.583345
1435,600.35114,928.97375,-17.806438,-14.78245
1436,717.64825,878.93024,-48.665623,-12.13631
1437,751.5495,101.28226,-14.139994,10.181848
1438,686.8785,418.5693,-16.087141,-35.585964
1439,716.6232,58.58058,-35.027046,27.981863
1440,988.1611,491.4356,0.43873468,-43.33336
1441,1010.5546,292.6167,5.1487164,27.66334
1442,118.00628,833.86426,36.064186,-33.43514
1443,752.1697,395.7535,23.939972,40.635403
1444,658.8154,518.0223,-37.646343,37.144135
1445,685.45825,773.4701,24.12719,9.744721
1446,566.2639,140.33195,3.167294,-11.1685
1447,504.96414,64.75519,-28.747065,-14.378657
1448,797.00934,618.30414,-12.813338,33.02591
1449,996.2802,580.677,-21.513454,15.018243
1450,287.4999,762.88947,6.157159,-8.387392
1451,5.4415836,340.04724,7.5616684,0.7447696
1452,112.6582,963.27075,2.2562423,10.1659775
1453,906.90314,590.42175,-6.1194944,31.886093
1454,951.77167,18.251251,7.9622154,-40.425762
1455,789.157,638.643,5.5261087,-12.006798
1456,4.8621473,95.381966,2.8379605,6.11506
1457,367.51447,359.676,-29.521757,10.688799
1458,820.07947,705.9462,5.5396247,-13.265303
1459,85.3479,32.331757,-17.409952,-36.30903
1460,619.59235,47.61138,20.43979,-21.318897
1461,996.36945,584.19904,-33.304276,24.565456
1462,592.2217,344.4745,-2.9389818,72.17616
1463,804.5068,622.54083,8.653365,-9.744122
1464,112.47945,800.4293,-32.596138,-20.66718
1465,36.491974,491.10007,28.498537,45.49607
1466,526.6685,135.35461,-17.520287,-7.704046
1467,220.40907,276.05704,7.6267924,22.371983
1468,559.1665,26.827946,27.639011,-2.112264
1469,603.0169,817.3174,15.717752,14.876211
1470,120.578156,65.166084,-8.7484255,-6.0479097
1471,112.81514,261.66248,-3.2165353,-27.052658
1472,756.98456,193.99191,-12.230295,-14.331456
1473,868.23517,523.0326,12.639772,-3.417682
1474,403.46997,558.70844,-19.955347,2.519052
1475,237.36642,924.08014,-16.418127,-22.283253
1476,346.6444,531.6348,-34.043304,-48.708008
1477,27.51281,1011.9966,-3.6209111,-15.355172
1478,354.93942,75.44304,34.76403,43.147755
1479,180.12929,1016.7681,16.219055,-26.227797
1480,139.8284,910.6017,-1.8683587,68.52585
1481,182.94516,634.462,-2.736066,2.8382275
1482,30.005535,204.94124,27.01458,-6.3739543
1483,1004.75195,550.6668,22.558264,15.534766
1484,667.15814,612.4725,12.53248,0.14583331
1485,393.071,756.5459,3.4646444,-35.809444
1486,922.79614,168.1961,7.955569,-13.226563
1487,166.80252,713.3762,5.0850277,8.25896
1488,144.6264,480.08386,-12.483094,17.167467
1489,998.8988,291.009,81.81149,-8.601202
1490,292.50906,965.55426,23.199512,4.758482
1491,16.750793,112.70113,-12.322083,-33.678413
1492,903.2643,177.59814,32.252262,15.453045
1493,714.0604,65.35083,-27.512249,29.22089
1494,299.60107,870.2951,58.192463,-15.657101
1495,50.013245,543.91705,23.238916,-44.46044
1496,400.54697,472.1085,-18.186195,-17.747694
1497,324.6762,587.4367,5.0035396,-31.696354
1498,246.53761,799.7248,-42.52178,16.417606
1499,968.19073,225.76717,-13.113625,34.351902
1500,303.29108,533.9691,-15.76207,-52.340694
1501,552.5771,1009.0096,-6.542031,20.152588
1502,680.29224,316.64975,14.012184,9.608392
1503,668.629,497.325,-21.824932,71.74587
1504,610.9345,79.31065,-5.8985987,-20.690899
1505,820.3792,436.8926,18.310896,5.4920173
1506,639.12213,286.7432,-28.153482,-12.350282
1507,203.75223,479.1941,-16.713358,3.5253444
1508,951.91425,405.5384,-18.650625,24.335567
1509,735.55066,834.4243,30.719301,24.78028
1510,533.66034,248.16914,23.757841,0.6978605
1511,346.06104,874.6763,5.5038085,-1.6301876
1512,539.1081,928.7093,-7.6105394,-68.30931
1513,478.0606,8.837982,5.266976,-24.832392
1514,734.6393,1009.80096,23.904324,45.648956
1515,174.07747,258.86533,-17.720572,6.832247
1516,700.9418,758.7286,-14.3686285,31.114431
1517,823.7891,29.233826,43.125736,29.533556
1518,836.0816,950.16284,24.784672,20.771992
1519,198.00995,732.6379,-65.85134,9.993624
1520,801.26306,841.06946,12.329708,15.604218
1521,1003.272,471.08038,-0.6885403,26.803837
1522,607.0608,265.982,-13.992148,-10.121118
1523,54.225224,63.865276,65.610664,-1.3252584
1524,377.98047,145.01697,13.045957,1.9640833
1525,587.17725,118.39227,8.656584,-3.0008535
1526,526.4858,558.2299,40.51011,-11.491143
1527,963.92487,259.1782,1.6735749,-53.20201
1528,587.73834,554.70447,12.86871,28.05843
1529,913.2199,101.25092,16.472078,4.25864
1530,934.6032,866.1361,5.23095,7.7563076
1531,303.4362,813.76514,-10.0342865,-32.50026
1532,866.7759,467.78864,7.8196425,12.301607
1533,308.26315,357.70007,-12.193588,19.466927
1534,287.2355,171.59189,-64.45887,22.900848
1535,732.1001,863.0788,20.037086,7.7231784
1536,425.80194,757.511,-59.808083,60.4709
1537,739.6021,870.3149,-17.907827,-5.629248
1538,205.10501,945.09064,7.1421857,-4.026533
1539,383.95706,42.653984,16.819029,-18.963171
1540,122.39032,894.61536,70.20869,46.061474
1541,716.67834,858.6069,-3.9983275,-6.182819
1542,29.82635,108.99541,-19.82286,4.561263
1543,543.8185,913.248,14.112169,-10.42081
1544,663.5424,17.459177,-25.532965,48.287163
1545,117.00519,776.9584,0.83859086,-7.284382
1546,823.49695,203.16132,24.661482,8.19126
1547,367.28012,1017.4466,28.41661,-26.69099
1548,298.97302,276.11267,48.956543,-0.79395586
1549,940.95593,667.5534,7.9455166,-31.961308
1550,63.08334,775.38336,6.130164,21.824993
1551,752.82477,17.360405,22.820078,8.930934
1552,345.04837,404.5113,3.660805,-64.87271
1553,736.0518,199.23485,-11.396651,31.066334
1554,305.2185,867.57666,8.395471,-13.548704
1555,245.7987,969.27905,-24.115887,-50.479923
1556,330.95825,376.38745,-6.9925084,-31.036213
1557,330.81186,893.75226,-2.818249,-6.3072653
1558,274.9673,356.94458,-15.151823,-2.168911
1559,865.6236,597.8341,9.866991,-31.655819
1560,310.05167,835.02563,7.6786685,9.902893
1561,726.7013,995.3977,43.310555,-4.471096
1562,616.45654,1005.6235,7.160991,-26.687098
1563,78.20858,306.94012,-27.015816,-0.32434458
1564,393.43387,980.259,-29.71671,22.076523
1565,792.48303,92.786125,-12.0948715,26.9067
1566,40.10944,872.9973,1.0858239,-3.5394952
1567,263.88104,348.21817,-12.014263,-2.0545118
1568,675.24664,724.0518,9.620288,-2.1258886
1569,671.21204,545.27606,-22.288458,-23.44653
1570,427.04407,117.05891,-0.7620139,14.08062
1571,554.4923,659.8188,36.533493,26.247704
1572,771.1436,672.0997,39.250084,41.63083
1573,540.1919,103.79999,-17.954512,22.986708
1574,184.94376,281.42996,-6.2437634,-15.046086
1575,610.0593,180.7903,-35.737118,56.497158
1576,752.4657,396.02353,17.87561,2.625955
1577,525.29913,487.8468,-17.92139,-7.789326
1578,109.0409,717.7854,18.153446,15.6555195
1579,818.2774,473.171,-17.780157,6.796633
1580,22.656767,1007.3848,-26.086784,-4.8239794
1581,809.6432,330.78348,9.099605,7.6334887
1582,525.26373,579.87823,23.991137,-9.607856
1583,910.42413,869.27875,-23.58547,-0.526904
1584,58.93973,883.6439,13.648529,10.44664
1585,291.82413,68.16422,15.796525,1.0762199
1586,197.34445,732.0777,14.158195,-28.043112
1587,757.8135,891.40607,16.913832,21.016579
1588,255.91768,797.65283,-28.131752,24.823818
1589,18.597937,546.14795,63.777985,18.456173
1590,368.3726,841.01733,0.6838724,9.188902
1591,865.9227,404.46835,9.241824,21.350088
1592,208.87375,837.1432,-17.331257,39.757595
1593,424.88593,49.244324,-19.892973,19.485535
1594,468.21732,712.6445,35.423264,-38.957382
1595,907.9737,866.4314,-22.849007,-4.246055
1596,515.39703,687.4279,59.42263,24.908339
1597,846.99,322.143,11.314174,5.819699
1598,980.3369,763.3554,-12.445679,-18.00889
1599,201.6944,701.40344,14.039548,-88.8982
1600,503.51056,996.9697,-57.341858,-27.663828
1601,77.161896,581.4999,3.4347038,-11.3384285
1602,268.4038,997.6421,-10.858362,-7.6695666
1603,438.82516,249.69884,-19.98607,-0.371547
1604,540.0591,546.58014,35.51414,-24.651785
1605,412.7268,981.92004,-4.344461,-15.718931
1606,950.09015,234.26991,-8.096327,-79.701515
1607,724.08685,718.7284,-14.406395,5.9940333
1608,480.19348,814.95355,31.665937,-29.873112
1609,481.21252,289.62744,40.78692,-8.314943
1610,548.21564,554.9672,-35.128567,0.13034931
1611,647.65906,123.16486,-38.208378,8.979036
1612,754.4761,399.65512,17.06651,-20.2582
1613,377.13223,616.9077,4.436044,6.1443276
1614,845.97845,532.9848,-6.9454584,5.559612
1615,153.57864,368.7366,-1.0189614,-15.426905
1616,117.90762,548.0052,-44.215424,1.0197363
1617,203.8089,862.1652,-16.928986,37.459084
1618,726.37103,453.93665,-5.331557,36.38487
1619,784.6911,283.18387,-11.384951,-27.852264
1620,310.70886,468.4625,-10.183438,-29.451801
1621,291.42108,797.5698,-35.907234,-6.061999
1622,727.2193,828.69714,53.1829,41.099937
1623,267.1843,500.4417,17.61535,-8.49011
1624,400.95364,219.41423,-39.047447,-4.288297
1625,249.50342,704.80914,26.783176,21.237436
1626,30.57424,200.41959,-8.128555,-19.701921
1627,79.11832,650.15826,9.722725,-4.1109695
1628,632.06006,891.8625,-2.8846211,11.750432
1629,756.9199,790.3247,31.34655,-11.791877
1630,912.3541,436.76657,23.139898,23.79905
1631,655.08636,352.2629,7.9702663,-11.962481
1632,31.671364,325.23264,-25.16463,-18.349764
1633,292.75027,315.2719,1.5116268,31.672922
1634,16.95289,147.44615,-16.770248,1.9755489
1635,727.2602,852.0635,-20.026407,42.92153
1636,969.25116,74.60974,-5.834463,-10.789935
1637,944.8797,855.73444,-13.603263,-12.616493
1638,835.90894,645.0184,-12.231567,35.803543
1639,887.9109,330.91745,5.692111,24.739761
1640,789.2896,954.2284,15.688919,-7.3235364
1641,224.03847,917.5592,-4.0121775,11.888815
1642,621.3096,966.8345,23.332071,-59.930782
1643,308.60837,14.168329,16.710129,-4.669613
1644,696.9011,598.62836,-12.317553,-11.970142
1645,933.2224,479.66058,-27.4977,52.97784
1646,567.13416,287.1558,-0.48361522,42.13629
1647,215.27045,538.79346,71.84228,-15.419787
1648,379.23062,725.74133,20.532764,-15.509661
1649,435.55817,886.8431,-3.2216392,9.1384115
1650,27.816236,564.6339,0.8679096,18.708208
1651,982.774,859.50037,2.4073062,-5.2622967
1652,169.14212,11.207819,16.37527,-38.115532
1653,730.76086,842.6565,10.083589,32.160297
1654,651.85095,578.8683,-37.92437,-7.2038813
1655,858.7913,399.62912,9.059176,32.55348
1656,96.227,384.68417,-18.99635,-0.08085959
1657,866.07074,845.44116,-0.7555475,-10.478991
1658,92.01579,216.5089,-17.051176,-37.583664
1659,183.86261,397.78033,-26.547417,1.6684428
1660,357.59018,363.68063,24.13896,23.557247
1661,899.6049,466.24246,-13.366969,14.873754
1662,87.82466,435.97675,-18.117111,-24.69283
1663,734.3961,381.30777,16.970587,30.019629
1664,866.8535,720.6697,6.7165084,-0.23972575
1665,844.23175,595.591,-11.323036,11.440037
1666,272.59848,652.11383,-11.736431,-18.943571
1667,372.1753,921.19965,-2.563799,-2.733228
1668,170.8216,32.106747,-27.534021,-35.97673
1669,53.76006,84.389626,-30.202385,-2.992374
1670,857.977,1.2140509,-4.9459057,-3.354941
1671,389.84863,663.89844,-0.5505793,-6.0423865
1672,739.6341,176.91592,7.5320196,24.795368
1673,722.3299,485.8237,-11.389506,-25.380692
1674,650.58545,514.1724,-8.672886,-25.878864
1675,625.9196,152.1626,18.04914,10.712583
1676,313.98825,524.02167,-28.636486,37.604195
1677,179.60902,239.06999,-7.2783566,27.901556
1678,506.58936,336.91434,-14.665256,12.36568
1679,647.9373,520.7636,-20.650822,-10.660265
1680,291.68726,200.78859,45.51655,20.020166
1681,915.78796,733.8428,12.084842,8.758289
1682,920.1559,490.9507,-54.974174,15.953105
1683,961.9291,885.06323,-26.257782,-20.272161
1684,224.02927,1006.55853,9.370839,-52.67865
1685,289.03586,278.10437,-6.6412683,22.535824
1686,117.95606,280.8014,-6.6541195,-23.594505
1687,10.513865,369.5342,1.3276439,-3.0957124
1688,191.15886,740.62415,2.4552636,-13.400522
1689,61.951443,1001.50146,-38.45275,74.40314
1690,599.8328,774.07227,10.632993,18.05103
1691,788.1147,128.57706,1.8072382,-70.55334
1692,144.45596,536.06323,32.350655,4.243845
1693,1002.9059,717.12775,-2.381959,-27.905851
1694,211.60963,537.5026,11.627947,-43.670937
1695,380.11652,96.804535,32.15191,21.606047
1696,985.495,1018.0637,7.6608205,-11.79165
1697,726.31104,467.52054,-3.022841,63.02005
1698,415.3452,362.76965,7.872837,0.5480311
1699,499.88873,814.38727,9.684022,-13.670936
1700,673.3437,306.43646,-18.683899,-0.58337677
1701,551.65186,7.2706046,-4.612118,66.422485
1702,115.79297,783.49994,1.9370669,4.629668
1703,1019.121,1014.4106,18.523119,68.319
1704,29.941153,1007.1288,29.506954,72.14969
1705,710.1803,690.19727,-10.6316805,6.8795276
1706,341.8694,659.9382,-15.179113,-12.193856
1707,920.85516,497.34076,-20.835266,14.960876
1708,494.82703,1004.7681,-16.559313,-29.766346
1709,821.01483,213.77834,-0.9673607,3.383506
1710,937.41956,449.2838,-69.191826,39.786617
1711,362.8454,206.8582,21.69072,-8.848249
1712,365.96216,862.3905,-6.958118,-11.256799
1713,96.95022,629.14417,-30.801039,-36.031563
1714,727.3962,454.79868,30.69623,32.518913
1715,171.98549,347.36298,-9.499936,4.3198056
1716,744.57306,836.7495,6.477281,-0.29005048
1717,53.778824,142.17525,-15.782693,68.24948
1718,739.18616,1003.9936,20.846981,28.454817
1719,878.55945,762.1257,1.2842401,-12.418283
1720,773.1396,413.6098,-25.575958,-30.356071
1721,678.0111,765.19476,23.201303,-0.37535432
1722,178.43169,356.00397,-5.3766627,22.787622
1723,362.60645,657.25916,0.788419,-36.19093
1724,83.00727,925.24384,8.9955435,-17.260185
1725,464.56995,841.3427,31.44939,12.390148
1726,955.004,454.92453,41.81393,-23.151049
1727,134.99706,930.7027,-0.1713249,89.99984
1728,573.7286,881.5378,17.439573,14.146471
1729,370.34537,363.49097,5.906498,-0.99313796
1730,517.6646,158.77351,-36.793285,40.305737
1731,77.59222,448.86102,22.634912,3.259151
1732,209.97375,287.14194,-23.227148,13.820792
1733,721.67126,661.8823,38.444283,41.582798
1734,1.1998943,403.5674,-32.083332,16.505445
1735,331.0673,240.75386,-1.2223905,3.8155272
1736,348.97058,397.9106,6.0419564,4.567777
1737,996.521,877.02106,-6.127874,-7.7750974
1738,755.57446,573.4196,14.792317,-9.446292
1739,831.5278,999.913,-26.842916,2.111495
1740,222.77957,771.2351,3.4302676,18.055534
1741,1019.97644,447.79773,-32.144726,6.8430743
1742,791.12616,478.24854,-30.856064,11.40105
1743,914.3222,666.21515,-24.861328,37.266518
1744,366.24213,171.42505,16.804821,-7.911315
1745,393.40363,653.56537,0.7557339,-7.832881
1746,134.19395,726.74756,1.005534,-27.69003
1747,555.86163,474.0064,-21.533447,-6.2048783
1748,430.5703,729.7056,13.45066,-14.646837
1749,301.46307,355.11322,-11.346126,15.838097
1750,657.5121,520.0853,-13.181553,-23.308548
1751,327.724,387.09937,-12.829593,-9.720687
1752,830.70557,49.174534,32.63295,38.53476
1753,203.81711,943.3427,8.483491,-13.9298315
1754,654.14343,608.7585,22.548796,-13.489106
1755,666.79144,80.166595,-9.345917,-26.897495
1756,989.0452,206.82478,-11.228017,25.707779
1757,537.1234,725.8893,8.254398,2.6750772
1758,356.71683,579.04926,-23.48343,44.77838
1759,185.03665,385.40512,16.278675,2.5115945
1760,516.02844,619.27234,4.9551644,15.596832
1761,176.40184,287.31964,-13.161822,-7.486506
1762,645.8461,1011.5464,65.91248,9.285134
1763,125.25147,70.599365,26.607103,6.001523
1764,916.2594,579.164,-38.564495,-2.7520294
1765,614.4848,888.7275,43.14478,14.322102
1766,343.44736,820.9677,16.585018,0.61461556
1767,528.98737,519.7311,-14.79617,-54.289707
1768,648.27826,59.381367,-12.800642,6.5585055
1769,343.96423,881.13947,3.957099,-1.1246437
1770,468.0266,338.7425,-5.4691353,-13.113238
1771,246.30937,161.54274,-7.6851807,-26.25362
1772,867.7027,626.8865,-2.30511,8.400578
1773,156.91553,536.6082,13.550077,-24.307652
1774,407.92752,581.53754,-40.717354,9.524178
1775,391.9075,801.42554,-45.648216,22.41267
1776,802.6477,267.30255,-18.51683,7.768448
1777,175.162,841.09546,-13.840833,-13.676697
1778,147.00125,350.80176,-6.15838,-30.211214
1779,913.4579,166.98224,64.8179,-9.8809805
1780,429.38034,369.65112,-16.635103,-26.293362
1781,812.0443,261.75317,-30.824331,9.593238
1782,93.26417,32.055965,-22.224438,27.826788
1783,928.1179,278.68176,-3.3006506,1.4890268
1784,922.7495,748.32806,2.0636053,6.7512302
1785,515.62305,1019.9011,-48.56063,-40.57257
1786,654.24445,783.03625,21.80602,-33.79166
1787,978.6513,469.0264,16.747908,32.56133
1788,363.9018,838.11334,16.45652,2.3397906
1789,763.57935,314.65063,34.935772,18.463814
1790,190.49582,527.07404,-4.7789307,-54.202667
1791,840.7623,550.303,-27.341917,-15.581364
1792,16.463308,591.33044,-6.5097675,-1.4582683
1793,1.6145496,224.05371,29.155027,22.167103
1794,984.8272,917.8037,-20.047289,10.056244
1795,377.8064,835.45544,10.49109,7.4693637
1796,936.8304,536.68427,-53.53426,-48.71605
1797,942.0401,855.36426,6.411361,25.159689
1798,638.9283,221.20364,13.872563,-7.432364
1799,585.4693,29.133097,-4.8640327,-33.22719
1800,33.45966,1001.1377,19.212696,85.024055
1801,430.6074,815.17566,17.09702,2.63923
1802,42.693447,614.6537,16.202963,26.363266
1803,37.0167,11.867464,36.19406,82.4014
1804,199.15775,674.8096,7.391753,-12.690746
1805,548.45514,515.3396,-25.066439,-4.3656225
1806,938.8856,59.204784,-20.318892,-11.413453
1807,776.32684,992.94275,-0.43072814,-3.6675837
1808,491.73163,894.37994,2.875451,7.6055117
1809,551.9454,35.69576,18.692759,2.3898036
1810,230.45966,870.91315,-4.134704,30.583626
1811,870.12915,520.4707,-7.7772408,10.825703
1812,264.17233,722.2395,6.4665427,-7.8406534
1813,430.90384,797.52,30.031935,-32.55227
1814,724.20337,902.66956,-7.228792,-13.653271
1815,1003.7266,959.0846,16.125113,15.456007
1816,515.72546,345.19043,-30.352161,2.708113
1817,724.7674,932.0039,-11.119992,6.172169
1818,555.1744,434.40002,-14.154232,20.090195
1819,468.12466,915.15594,24.803843,-4.812417
1820,876.73584,721.7219,-3.1770027,-0.21877883
1821,750.289,12.432802,38.29205,38.91536
1822,444.64047,430.9661,0.12580779,-13.181671
1823,59.848785,3.3068676,-2.615234,-23.928896
1824,0.9618579,324.37265,24.663113,-14.734119
1825,283.04047,315.94922,-16.407362,20.972664
1826,489.42007,587.10016,-12.276081,-55.584633
1827,26.181925,703.7175,-9.806407,18.256504
1828,375.77945,666.47736,-13.745283,3.5501313
1829,50.166397,602.3267,-34.46725,9.238219
1830,513.85,622.5894,12.55105,14.923256
1831,1016.7214,414.34274,-29.851982,18.92772
1832,274.27585,577.23395,-4.3419356,3.6901684
1833,969.58777,420.3659,38.774673,27.866564
1834,423.4046,657.8832,-25.886969,-10.309353
1835,367.99234,922.6734,-9.293526,-4.7716546
1836,559.5171,647.8775,14.650662,1.0876898
1837,191.17007,385.67923,1.9377744,-1.5301116
1838,42.92319,530.537,-4.5390444,-10.675635
1839,19.388054,114.75385,4.782843,-26.380743
1840,484.44263,693.45966,11.701087,-20.181938
1841,291.88113,565.2731,6.02656,-21.12561
1842,932.5037,855.96954,5.7767615,-9.734342
1843,727.16064,1000.5905,-36.685352,41.221466
1844,1012.3459,249.06793,-18.585835,-14.881039
1845,793.27515,110.59064,-27.210985,-37.59852
1846,752.2639,400.80145,26.210844,-6.402262
1847,539.81744,574.2887,65.58266,25.003395
1848,510.24698,116.0813,14.589562,-14.468476
1849,325.3063,957.9645,-18.176706,-26.991287
1850,149.96329,1001.9513,-0.77057475,14.25943
1851,970.21466,729.52454,17.808434,25.273336
1852,402.18048,125.9346,33.00699,14.913173
1853,633.7787,929.1661,-10.851161,-0.53915644
1854,779.4707,971.8583,-13.655523,7.0142937
1855,915.14087,586.2926,16.308165,12.518816
1856,817.12695,611.0998,5.8731513,8.419123
1857,525.9535,177.53162,-9.074301,16.271885
1858,479.44385,186.10065,28.997738,-17.673235
1859,582.75336,476.17715,12.826702,-7.251889
1860,283.85358,999.8907,-8.710106,-3.0543404
1861,751.5438,440.6609,-19.989592,-6.9403644
1862,65.216,176.98534,46.841278,0.71614283
1863,1021.9365,661.516,-1.7134165,9.489229
1864,121.40994,351.94254,-7.907052,21.166925
1865,533.23334,883.5887,-9.499175,6.924501
1866,186.20131,181.1638,27.655659,0.45472333
1867,832.36273,680.0558,21.155174,-25.358118
1868,340.31613,736.5219,-8.241872,8.055142
1869,958.9609,91.456024,30.462694,-29.540375
1870,57.83209,1018.824,9.464313,56.262814
1871,829.1494,433.51154,25.31869,-9.572932
1872,737.70844,305.9346,27.335356,2.5262783
1873,796.84393,208.63858,10.139979,-55.366745
1874,962.5314,197.91142,-3.3925526,18.068132
1875,530.14154,40.233017,58.63644,10.085581
1876,645.06976,842.13434,4.160048,27.08474
1877,634.44183,720.12726,2.434048,12.072465
1878,550.78156,915.4169,13.1845455,0.83466816
1879,742.524,864.8447,-32.772545,-20.41893
1880,190.37369,518.1116,-11.226738,-61.16615
1881,833.9467,240.30081,24.420568,11.49659
1882,993.43134,990.54156,-8.720058,15.904296
1883,596.72455,354.28604,3.1772876,41.366646
1884,360.18442,122.58482,-49.608913,47.751125
1885,161.06238,500.15723,1.6394804,16.802069
1886,506.36893,841.3927,-6.656726,-8.045499
1887,728.5169,454.37305,-21.318085,-13.161701
1888,63.688404,335.8467,-6.7151213,-9.536457
1889,589.3826,25.860836,25.834394,-22.948696
1890,825.636,2.7079937,47.569286,-32.259937
1891,225.37718,568.5277,-31.48846,3.8369637
1892,209.09036,922.4219,-23.865526,-37.194458
1893,224.09904,283.53995,-16.388086,69.25309
1894,677.8956,75.34593,-13.462163,11.791983
1895,419.266,789.9588,-29.446598,15.387396
1896,147.68149,455.15076,-3.9553878,1.928044
1897,834.3493,463.62146,-11.478491,-3.7646198
1898,430.20325,184.33987,20.288145,0.5687841
1899,37.87485,379.42154,12.76909,12.231331
1900,47.547115,1004.8436,-13.49836,23.472506
1901,976.3757,1.846104,31.58885,1.7365723
1902,263.87634,1006.26575,-9.223517,-8.742373
1903,791.215,995.5496,-10.349538,2.3090343
1904,955.5348,543.32874,-5.952916,-27.157913
1905,15.1177845,169.65962,-8.045466,36.964382
1906,52.056267,1009.76935,19.600033,29.984922
1907,500.14883,675.4604,9.559294,17.57006
1908,424.25256,261.1481,69.32972,-16.522951
1909,83.55687,932.26337,17.797787,22.335676
1910,988.004,262.88,-39.111507,20.010874
1911,851.24084,116.276924,55.09045,-29.447283
1912,53.676468,1010.42584,69.70986,5.688492
1913,513.125,121.02574,13.194167,-12.959592
1914,548.692,289.05228,-4.7099776,-9.3915205
1915,343.65317,951.63586,26.300262,-25.575497
1916,707.57025,192.26784,18.30166,9.464106
1917,45.55494,627.026,2.6022196,11.905429
1918,194.6661,65.74844,-14.423258,-16.66267
1919,815.7459,262.25882,-33.47627,12.777097
1920,176.26569,917.6641,65.64387,-0.23581113
1921,81.88785,658.19147,21.505522,-1.0992746
1922,351.3469,269.8994,-3.1689987,27.714329
1923,468.56897,754.19415,-27.079777,-24.123669
1924,141.8042,186.12486,-0.6989068,-5.6641626
1925,303.0077,953.0141,-16.203098,-6.5989914
1926,6.656686,390.1805,-19.34258,-3.2943351
1927,324.29697,509.2864,-73.65479,5.6987987
1928,145.56003,1010.50836,-5.284716,21.002075
1929,928.21844,519.61884,29.21805,35.260155
1930,419.3608,554.23267,-27.327091,29.581669
1931,167.4132,714.6919,-14.936196,-7.575298
1932,981.19293,241.30458,13.440264,15.812991
1933,395.19943,402.19537,-4.2597246,-20.523169
1934,383.98645,769.4156,65.40924,-37.026752
1935,793.71094,621.6304,-10.484006,16.394493
1936,528.9294,764.4767,-28.197523,23.56667
1937,244.65898,439.8921,3.4523375,-3.7070744
1938,422.4854,431.60098,0.7645803,-14.707197
1939,3.6036115,838.6252,4.4707923,-4.2020226
1940,797.9372,429.446,11.302974,19.027924
1941,753.8352,11.135925,20.707531,17.840235
1942,231.07541,34.397274,21.253506,56.065838
1943,56.667065,893.35126,-33.057816,30.558115
1944,178.1678,542.9983,5.3179793,35.619003
1945,945.47345,926.9393,-20.979862,7.796326
1946,62.29793,439.59525,4.7000184,-13.354022
1947,725.7185,583.78906,4.523163,-25.87913
1948,339.08017,30.119272,-15.875103,3.7029297
1949,37.453842,380.91702,-23.112738,-21.78077
1950,573.20593,565.914,15.654848,27.027355
1951,616.61237,614.2498,-13.139298,-21.73275
1952,869.4516,628.6787,-5.44246,10.826713
1953,533.708,597.40955,-47.215744,-36.94694
1954,648.6294,254.62596,-3.6100147,38.046745
1955,405.03738,357.1013,35.61988,24.703568
1956,891.9549,872.46277,-21.76349,16.03712
1957,558.65533,459.0662,-0.6010839,3.4224849
1958,946.4853,274.8098,68.7208,-58.11585
1959,951.5431,207.6128,-23.86859,28.29021
1960,233.88034,60.654205,-6.3228364,-19.778202
1961,989.3193,993.80817,-17.831366,-5.030642
1962,311.947,920.49915,-45.36222,-36.555874
1963,289.69833,109.577934,-4.0449023,7.2446804
1964,859.96185,616.6112,24.853487,-31.31978
1965,954.6673,1008.1079,1.1108807,0.4695475
1966,38.206715,409.234,-41.619446,-57.037643
1967,145.14317,152.4453,-2.589225,-20.610735
1968,583.2605,113.644455,-27.320696,-4.150928
1969,363.87134,776.306,-10.357626,-21.589598
1970,855.12256,711.9209,7.2210994,35.11463
1971,376.38895,260.85782,16.216526,-4.337004
1972,613.8291,72.99166,-1.5149814,-15.625437
1973,349.51593,719.0997,-19.223146,-2.6101656
1974,308.93558,845.82635,20.110357,16.913088
1975,75.239044,162.00378,-11.189,-10.884102
1976,543.0033,551.8583,-21.162436,3.514443
1977,219.20998,756.40326,6.5430202,10.768213
1978,712.55536,861.2009,-10.65754,17.430433
1979,453.692,223.50836,7.811761,26.223703
1980,802.3847,330.44275,-22.454807,31.371809
1981,14.779673,309.3408,-55.19485,-19.20015
1982,534.7535,558.05225,0.6625466,-53.172516
1983,882.8284,163.85275,8.722186,0.8453841
1984,775.5449,743.7849,-18.031387,-43.458458
1985,644.9232,791.2298,-4.5560665,12.622848
1986,564.6875,989.05414,-29.523434,56.44442
1987,597.363,563.46564,-14.069786,-17.433767
1988,24.124754,804.0639,25.84831,-9.999236
1989,319.42392,367.4815,-5.7238197,21.68402
1990,981.925,4.1529765,28.039314,-6.0078883
1991,125.12176,730.9387,28.604445,-73.62289
1992,848.7499,166.50159,19.970821,-17.838854
1993,96.3354,245.43921,-13.515699,13.191362
1994,240.39183,261.31702,-35.15522,-2.996482
1995,901.2622,168.4499,54.173023,-10.035185
1996,982.1276,977.7721,-0.39599162,72.208855
1997,325.76294,714.7511,6.8159924,17.353771
1998,432.1985,580.29694,0.36541724,-0.6344207
1999,980.81805,847.99817,-14.484954,-0.79142374
2000,620.22614,115.96651,24.165533,-39.135456
2001,800.8808,832.8153,-11.819225,31.357756
2002,534.19385,511.2268,5.026147,-35.0078
2003,129.06075,425.65143,9.619182,15.266859
2004,1022.86066,1015.5181,4.2835693,-46.799503
2005,979.4929,251.996,50.67961,-6.489176
2006,32.41878,85.77485,-31.154802,-6.3321033
2007,495.80038,947.8755,-45.450985,-30.118902
2008,291.15942,758.4694,15.376751,0.5313768
2009,616.7641,351.08423,16.62387,28.434553
2010,278.26776,396.8469,-46.902485,20.17076
2011,648.2187,195.84573,8.29178,-6.7774124
2012,357.91882,944.2534,28.144674,-13.220065
2013,963.2391,740.6447,-40.637157,-19.779507
2014,537.7846,15.966996,24.492182,41.866123
2015,249.94354,439.8053,7.671385,-4.0102715
2016,911.067,582.551,5.939946,6.830066
2017,849.0152,708.34503,67.85544,-21.147436
2018,131.92014,649.0287,-4.087094,-5.130206
2019,77.95091,440.81775,22.687704,-6.351532
2020,925.7625,139.82947,-37.430527,7.5510406
2021,371.82657,37.61529,38.11494,5.868986
2022,138.64099,541.046,65.36545,-33.87262
2023,211.10283,124.15578,13.423226,1.3176401
2024,839.3415,123.309235,59.739532,0.5500599
2025,632.1679,994.3977,69.7238,-56.908627
2026,73.71762,600.4337,-85.07411,-24.576859
2027,15.434966,9.686866,-49.149914,-71.3225
2028,228.29149,908.9078,-27.792845,-17.523985
2029,595.44916,404.39218,21.326685,12.692687
2030,699.0893,820.2401,18.663687,6.1581035
2031,162.78996,551.8634,-5.0724344,-13.681113
2032,165.14456,175.73703,59.68076,-23.685686
2033,631.6837,573.32544,-35.69239,-8.544331
2034,91.455925,437.63373,-21.77484,-31.216702
2035,222.52402,656.8241,-3.2022355,-16.361626
2036,76.74311,293.46045,-0.79607016,-4.4891067
2037,469.93192,904.3705,8.81672,-16.303839
2038,122.42292,110.46723,-11.066418,1.9258701
2039,266.75662,1003.4006,-38.590145,-26.718508
2040,745.65845,355.9954,-3.8456943,-23.877365
2041,137.15501,518.27094,-10.872192,-19.919052
2042,744.73175,625.0941,-8.346173,27.419199
2043,505.12558,312.2306,53.51536,44.016125
2044,927.2389,425.0491,-30.789558,17.249063
2045,351.21448,299.60132,-2.5394995,-0.20100297
2046,512.41205,900.7778,7.5409703,28.554388
2047,940.7679,763.98254,-22.050709,4.565273
2048,364.9608,624.39404,-61.184174,11.516507
2049,481.0286,840.8652,-29.965437,-15.375336
2050,21.117172,937.7639,9.207615,-6.5012765
2051,686.8537,785.14014,-18.495771,31.394379
2052,416.03656,462.9989,0.9421252,32.4695
2053,269.46396,345.70093,-6.901201,-7.4968925
2054,388.28757,469.93625,-18.314312,-18.784414
2055,878.0928,484.3525,16.152758,-2.6595907
2056,820.1904,707.24146,-18.541521,40.608627
2057,716.8143,357.14203,11.68176,36.464836
2058,420.77505,480.45728,-26.766085,-1.667188
2059,828.59955,128.8705,47.38992,-30.919575
2060,715.20844,194.82736,13.460538,16.072275
2061,940.6535,365.61118,-2.7903795,-5.456062
2062,577.77026,443.7753,-41.44198,41.99505
2063,659.9882,79.3788,8.518946,33.398907
2064,643.5428,578.6258,-27.112003,-14.970072
2065,155.71262,518.15344,-0.47638917,-24.203827
2066,676.0345,97.88818,-36.299805,-22.538355
2067,253.27277,890.32184,1.3952396,33.862038
2068,704.8114,671.4737,73.30381,34.044174
2069,55.406105,680.9859,-13.226476,-32.906994
2070,78.84419,914.80066,29.04423,49.607765
2071,617.0287,136.96054,4.99815,-29.017693
2072,434.11984,27.42872,-2.0107665,2.4035745
2073,321.9107,293.9422,2.6250134,-18.877693
2074,458.0754,226.90442,-42.003292,-30.820974
2075,184.808,821.3313,-12.662025,-37.218338
2076,536.1753,985.85657,-3.1702068,29.230488
2077,384.31857,350.29065,24.28386,-7.890891
2078,503.957,174.98923,-14.8631525,-53.44944
2079,839.1856,599.146,-23.53748,10.079528
2080,154.1806,196.5176,4.014779,1.4337509
2081,660.49976,260.49493,24.638786,9.2499075
2082,560.70917,592.10065,11.855052,84.997604
2083,658.3382,610.27246,30.734867,55.548717
2084,995.80457,233.19273,7.750368,-19.863258
2085,37.160454,878.1538,0.019907527,-15.837037
2086,805.13293,658.9051,19.8384,18.367249
2087,875.7272,14.406616,-6.8284945,-7.079298
2088,194.09233,217.29515,19.97876,23.02166
2089,214.5874,811.32355,-13.118801,33.14454
2090,392.3193,876.04395,12.232996,1.6827233
2091,976.7775,47.21917,-19.93766,19.423435
2092,295.06708,622.8333,-23.90966,-5.2955313
2093,479.4639,153.82959,-12.09574,-14.893701
2094,487.80054,974.4841,42.840805,-20.690977
2095,837.6816,674.27893,-13.167349,14.562123
2096,1014.1359,617.65295,-30.86329,1.3796026
2097,855.78357,626.61163,-32.380634,8.033309
2098,676.7223,637.148,-33.649906,-53.174057
2099,557.43536,468.35654,-43.947613,-13.747741
2100,306.9165,915.96204,-56.701275,-33.932865
2101,4.889002,889.5408,-14.354953,-2.2241886
2102,438.66733,759.07477,63.06473,3.9945233
2103,674.33765,153.05544,9.515171,5.270015
2104,159.85446,448.5503,1.1354259,21.323477
2105,709.6204,865.86414,-19.962938,-2.0612667
2106,610.7006,147.96634,-18.122782,-46.847137
2107,150.10762,362.44153,3.1753666,-15.458041
2108,696.85077,815,9.729932,3.1967149
2109,888.3781,235.39767,24.053453,0.6395854
2110,40.67472,635.37823,-5.1112175,8.268443
2111,888.6016,393.37225,-4.4067717,-21.337448
2112,138.2349,165.48595,-23.760181,-22.224752
2113,543.17816,351.64206,-30.949137,-14.466142
2114,562.6722,281.28503,-4.695046,23.01399
2115,995.63464,324.71118,-32.488174,45.83562
2116,175.21933,124.61845,-1.3571138,-10.364358
2117,335.9699,505.81967,52.295364,19.969837
2118,305.7524,918.13824,-56.595657,-32.187798
2119,682.9643,116.80107,8.890149,-13.57937
2120,394.9462,775.31836,15.245133,-12.4295845
2121,309.3798,950.9698,-12.114808,-14.332509
2122,123.33448,417.75043,-16.647947,-4.519367
2123,511.93564,774.8632,-62.983185,32.612938
2124,382.94037,134.65273,9.084857,7.304852
2125,337.42807,953.9279,9.594348,-30.15279
2126,113.81724,267.09308,25.037151,29.579548
2127,752.2498,8.608759,26.97482,35.94997
2128,204.69768,313.33414,-9.809205,4.597626
2129,632.8588,575.3197,-65.537605,-10.250283
2130,220.53128,340.30615,15.6437845,-0.41902804
2131,948.3107,550.29376,-20.410927,-38.070057
2132,129.76976,33.510094,18.3656,-12.138527
2133,796.3698,712.1548,26.386553,-7.7164874
2134,778.16077,738.1245,-15.78623,-51.6683
2135,581.6462,260.10074,-11.778616,-12.826176
2136,34.673317,1023.3352,-30.801323,-49.10061
2137,199.07402,788.5922,-11.845834,22.190598
2138,482.8701,365.45502,37.676266,-60.09236
2139,999.4953,584.7801,-33.495743,12.780772
2140,57.384113,616.20074,14.632044,-61.48902
2141,393.23477,588.29376,22.532381,18.36378
2142,697.65186,786.037,59.996365,38.842117
2143,700.12976,690.0528,-3.5449026,4.978806
2144,338.77533,116.966125,-8.437078,-26.486132
2145,976.8432,720.49066,23.159235,-11.782517
2146,368.1524,295.46918,12.550894,40.302814
2147,366.69675,826.559,20.11806,-17.48251
2148,342.7003,507.02435,-31.232307,-28.727545
2149,537.2583,687.06586,28.08798,20.16192
2150,256.63962,955.7361,-3.9346774,-29.861664
2151,184.31973,719.5759,-36.720547,-75.9348
2152,901.9245,455.4001,-43.735462,-54.19542
2153,642.40857,740.29785,14.210629,-19.423689
2154,313.34976,840.8881,7.102127,20.081203
2155,1007.7832,965.3195,11.162999,6.5808005
2156,353.0009,660.5169,4.4188175,-28.52709
2157,304.63123,358.58246,-8.863238,15.8919115
2158,544.745,54.011658,13.850219,20.959696
2159,465.72903,1020.7042,10.261082,30.469044
2160,114.631096,259.51926,-45.05776,-27.432735
2161,302.0851,787.4886,-31.441284,-12.476126
2162,451.4316,1.6568637,-62.961605,-44.991386
2163,872.7117,364.76422,-18.878927,-1.9645015
2164,762.5112,7.2280354,25.011772,-4.533894
2165,721.42285,627.2532,22.898676,-25.091246
2166,528.77374,82.48132,-21.597225,13.274012
2167,148.31238,87.85218,-12.17782,-3.846522
2168,259.92746,308.51736,-16.193539,-0.091834344
2169,522.0334,413.32275,-4.4559536,-3.6107862
2170,932.3412,692.0099,7.2487807,-5.612314
2171,594.55927,179.89696,-22.382147,-49.056305
2172,107.542595,231.58572,-30.561306,58.653076
2173,17.537607,613.7322,22.693066,-7.422476
2174,875.53815,715.45374,-1.4982475,-9.032283
2175,827.4653,707.49115,-26.342737,6.5069194
2176,121.32809,795.00507,15.4246855,54.596336
2177,792.99506,697.6465,-0.6273289,16.78336
2178,791.9417,351.4733,22.091927,-20.487041
2179,493.52884,978.4652,-5.149247,-9.05218
2180,928.8853,740.0571,2.987948,-11.556269
2181,154.13525,719.15924,30.590052,-44.954025
2182,724.42505,530.43146,25.329987,22.409529
2183,979.00494,687.4509,-8.669602,-17.382078
2184,331.61258,553.3464,-1.7491773,-6.9378924
2185,938.9943,460.06186,-41.364788,35.932655
2186,20.855837,1017.5167,-31.36485,19.26562
2187,815.93964,801.8208,12.246767,-20.963787
2188,579.39813,470.71176,2.378019,-47.00149
2189,488.89493,696.3617,45.657078,-23.674334
2190,277.8822,248.28848,6.791667,-47.687336
2191,775.08734,660.26764,40.74455,6.4822598
2192,395.6923,772.3175,-49.61037,2.5711236
2193,474.2123,569.8589,-13.910771,5.510189
2194,1001.26697,533.0209,2.6373706,-29.54483
2195,121.5595,1017.6395,10.751678,-3.351488
2196,460.8567,329.95978,3.3362415,-0.19156325
2197,30.376776,149.51923,4.62765,-32.688847
2198,835.0219,282.6871,9.61655,-23.478056
2199,441.35547,99.28462,3.2552032,12.81087
2200,255.81554,793.1295,-24.372183,11.131156
2201,732.88055,475.81204,-16.010496,39.672615
2202,223.13818,694.70233,-47.8225,-13.720827
2203,320.25977,465.68677,0.20301081,-15.511037
2204,121.403625,649.9292,23.963053,-13.057251
2205,854.4833,960.36536,7.7451053,0.86338794
2206,136.36436,906.2426,17.50459,50.92554
2207,768.95746,232.9324,31.579351,-20.471823
2208,964.6263,214.48325,-3.4213614,-17.350534
2209,24.138567,681.7228,34.87696,-14.287051
2210,957.86707,484.65872,-42.396587,-8.064606
2211,923.9336,530.2591,12.055334,-42.928566
2212,557.01044,14.203649,45.76571,21.809631
2213,84.674065,688.662,-9.338018,-7.148034
2214,426.64148,25.643698,-3.7863095,5.3394094
2215,985.38116,297.48834,45.12807,-2.6666913
2216,729.1177,801.60474,1.2847815,23.610699
2217,375.32288,247.98978,26.507309,-9.651725
2218,195.61009,328.6425,-32.340034,53.329723
2219,516.1794,764.7415,-36.330154,17.657856
2220,674.78894,902.163,-22.71331,7.98236
2221,32.709076,669.42676,6.6377635,-0.6926484
2222,148.6157,240.24493,11.754213,10.028291
2223,598.8165,321.37787,-45.114697,-8.942397
2224,35.648453,66.231445,27.66818,4.4455466
2225,971.22046,314.6837,8.231711,-43.020473
2226,704.72174,631.8463,-18.765121,-28.043503
2227,244.89702,156.16862,-6.542801,-21.170965
2228,232.64075,602.55225,1.9978828,5.1454406
2229,892.6372,168.0785,28.548456,7.688304
2230,345.689,440.71637,6.4957685,-31.972776
2231,574.02637,124.23008,5.917135,-7.195736
2232,295.12448,986.3615,-9.950619,-5.1495953
2233,247.92976,24.852936,-15.264691,11.522879
2234,104.97946,32.489857,39.88991,-13.424123
2235,949.3714,839.13196,-15.406898,0.74442714
2236,843.00775,375.14673,-23.512775,30.630198
2237,470.61136,992.6843,30.699087,-28.25645
2238,480.5615,243.5971,-36.935635,-1.6096556
2239,784.1048,681.0139,-2.8526857,2.627503
2240,992.75757,268.03195,-31.183897,-46.66387
2241,582.8901,176.03966,-13.228055,5.6910243
2242,138.64789,812.5482,-39.63541,-45.398167
2243,276.99658,881.74445,39.96662,-57.136444
2244,872.27985,192.17651,55.880116,8.969535
2245,864.774,849.7811,-4.5253844,-14.494272
2246,699.78845,248.56621,-10.313562,5.5001073
2247,667.50415,538.3672,-29.658825,-34.261227
2248,578.27856,35.83135,51.540245,-5.067582
2249,277.62738,192.08571,-2.1036704,3.6035101
2250,0.41358224,394.633,-2.7921202,24.772057
2251,910.83215,4.6060762,4.2111573,2.4702785
2252,283.69678,586.9259,11.601745,-10.112722
2253,696.69,649.3543,69.043686,-9.527001
2254,596.85956,305.54578,-6.6147065,23.432825
2255,646.9042,72.47417,-7.545661,12.807044
2256,376.868,864.87085,-3.108073,5.2047815
2257,112.29081,240.1749,-10.613716,36.025482
2258,731.89825,794.23114,12.5602,17.933592
2259,450.2606,1011.4888,46.27071,-22.409153
2260,661.83136,695.27686,-11.2092905,-10.590286
2261,148.5159,570.0443,33.98461,6.3528433
2262,1015.83014,145.54523,-8.837124,13.220639
2263,669.6262,70.406715,-21.41076,14.083871
2264,228.26828,515.59357,4.1833367,3.0308497
2265,927.82043,520.8351,6.8108654,-7.185369
2266,904.70526,442.2977,6.3541884,42.02179
2267,985.39685,468.18167,10.6826105,29.814428
2268,497.01477,795.6569,-39.95053,53.532654
2269,637.4415,882.33075,10.009755,63.07909
2270,201.7135,449.01746,4.324598,-7.853281
2271,347.79745,808.61365,-25.986729,19.414179
2272,58.792683,781.0354,0.70289296,24.5548
2273,146.70271,933.4929,41.130173,75.068344
2274,530.8379,959.5371,9.718813,30.93749
2275,994.4433,183.15529,-56.250065,6.584346
2276,172.34236,971.0692,7.672977,12.076305
2277,40.331825,639.5447,-5.1261973,-2.2692022
2278,206.41458,878.2866,30.490742,19.017748
2279,400.46902,793.8313,-65.23351,33.404106
2280,449.21082,248.61801,-16.639282,27.860935
2281,976.0556,113.15914,-9.5561075,8.157454
2282,1022.00635,455.22748,-31.906063,40.367344
2283,30.908232,702.29333,-15.541904,10.566972
2284,138.94766,900.1734,-52.95385,67.48781
2285,130.5127,859.2736,9.595036,-18.71131
2286,0.17026919,283.68823,-49.997707,29.80586
2287,241.4254,127.125175,1.1700726,22.078068
2288,1012.4329,184.3654,-14.9767685,12.788192
2289,327.53897,827.1073,-21.378979,19.911484
2290,652.395,574.72205,-39.56777,36.11095
2291,785.5276,358.47797,21.312412,-8.241651
2292,111.02236,711.0226,24.631329,29.193754
2293,840.1922,404.68576,-28.228922,24.328955
2294,98.655136,300.96976,-26.774982,-41.941273
2295,1020.994,221.188,12.52713,-70.60745
2296,537.53467,247.17114,20.527723,-6.021186
2297,924.4022,760.8587,-12.43404,17.054054
2298,229.61816,568.5385,-24.688478,4.6602297
2299,861.6366,827.04205,7.716791,20.131998
2300,553.0481,901.76324,17.391535,-27.338236
2301,719.9823,611.8148,-12.350064,28.26714
2302,366.14783,368.05685,-14.759837,2.1753702
2303,739.27246,403.90274,-26.169722,8.405217
2304,936.83026,985.95734,42.022087,11.881277
2305,561.4416,115.09079,-26.872063,2.5229487
2306,745.01227,213.71771,-11.081788,23.535015
2307,981.74835,889.8912,-10.539546,-7.0378156
2308,15.76183,943.86664,16.392048,-6.3174224
2309,104.59291,498.80066,15.243292,-50.388668
2310,266.6883,990.91473,-26.379925,-33.64558
2311,413.79364,0.081874795,-16.878664,-4.4805937
2312,624.0705,894.2967,-17.395363,21.370022
2313,587.3086,7.6784205,-62.089653,38.739758
2314,1015.18225,889.75464,3.4056978,21.743176
2315,586.5504,491.89264,22.945438,12.605889
2316,348.19302,916.44464,-54.70619,-19.57936
2317,68.01922,661.4116,-4.967439,3.7661538
2318,351.1125,1015.6308,11.74378,-1.6319852
2319,43.210068,883.4465,2.8274117,-6.6099916
2320,263.63715,129.77208,12.434491,-2.1389453
2321,629.5718,155.1779,-40.76578,-7.1438584
2322,226.438,561.3511,-39.012848,6.271544
2323,26.278912,1017.45215,39.45213,-14.860818
2324,431.45676,781.2813,45.95584,33.88035
2325,586.3456,1017.03455,-85.72628,27.404476
2326,1023.5469,215.31657,5.270993,24.10381
2327,916.1994,325.3594,-6.5619636,1.8516113
2328,64.8276,901.78455,31.609295,13.388212
2329,683.50995,1022.90137,-8.68701,15.485156
2330,760.8107,974.1815,-3.7789721,6.6063004
2331,432.42194,273.19293,19.754795,33.305958
2332,604.59375,193.08086,-48.336224,-41.06045
2333,581.0129,122.58175,-9.630218,-25.37958
2334,574.57367,893.0782,1.7470574,31.889404
2335,732.02875,997.7567,-4.645425,36.32984
2336,846.8155,684.8035,17.387918,4.0900674
2337,474.26276,725.9534,-18.47502,-59.38654
2338,208.71248,428.8897,28.622276,-11.303058
2339,103.780754,127.19226,-1.5578921,-22.272566
2340,351.04855,811.85516,-4.3836646,-17.849096
2341,460.59073,225.6546,1.7593693,-6.070892
2342,790.85583,481.93704,-20.321056,6.138678
2343,516.17615,256.15796,40.578255,-24.379114
2344,579.14,486.32858,-9.631956,-79.17624
2345,904.0461,869.95856,-31.986311,3.451353
2346,820.1382,59.927784,10.568143,38.747375
2347,979.59576,370.94467,2.5513275,-0.3846396
2348,202.80022,722.53143,43.609005,-52.267715
2349,162.38261,517.93774,-22.479113,-28.156435
2350,381.8633,185.12993,-5.2645926,-15.031449
2351,73.29801,18.28007,-11.528542,-30.962425
2352,805.8839,271.3783,-19.767488,16.692583
2353,8.103241,181.27048,-33.457367,-25.882565
2354,962.3141,407.9037,-24.426477,62.165028
2355,735.90314,686.2807,-11.219193,12.650691
2356,421.91727,791.8748,-33.61445,16.21665
2357,361.31863,402.84464,-3.9522455,18.90309
2358,232.59663,668.06134,-16.298431,-30.967901
2359,481.25403,615.3009,44.814087,-18.746944
2360,804.92236,813.40765,-1.5387167,-15.737376
2361,276.2866,826.9239,19.644127,25.476109
2362,647.7528,426.50226,-3.422981,-8.765558
2363,719.9063,455.21002,-15.238748,39.01321
2364,456.8406,326.95657,9.885109,-0.19383138
2365,363.69308,771.78595,0.409413,-35.52484
2366,237.08614,623.0677,-3.0726569,-0.35926992
2367,906.6222,943.75525,37.547886,6.3976707
2368,755.4344,392.8644,17.160967,-0.12342646
2369,171.64453,725.11115,-19.0106,25.613108
2370,13.799178,695.0705,26.121077,8.13797
2371,79.00137,936.8932,27.626118,47.83451
2372,625.514,800.69745,-2.251667,1.7467567
2373,723.13153,437.808,9.541929,53.064117
2374,891.72864,651.1749,0.9415869,4.4875727
2375,996.9355,245.87376,-9.544243,-4.1223526
2376,872.08307,299.56,-13.887399,-0.3579967
2377,842.8215,877.52045,-6.443654,-23.958576
2378,82.22872,751.3956,16.442953,0.25340578
2379,907.7022,845.6386,-13.880988,5.2385635
2380,171.1493,1019.0185,-10.99764,-7.2718062
2381,1009.94336,780.9224,-10.488014,-16.457672
2382,122.93696,950.83563,-27.282581,56.25474
2383,545.6113,596.5712,-9.826302,89.46197
2384,423.8704,683.0945,2.8270319,-3.2604468
2385,733.0735,248.21204,-10.02228,27.672216
2386,142.12071,971.1733,-10.430676,9.736169
2387,720.1732,1022.3598,-29.49162,12.405083
2388,200.97133,646.7067,23.533281,16.60021
2389,825.01685,552.0022,9.421222,5.3317847
2390,926.7995,55.588985,-9.078176,-5.8363757
2391,677.48193,719.3897,-1.3657435,-10.934878
2392,657.2513,440.26703,-27.71936,-23.87364
2393,818.0155,32.25117,63.254646,32.580624
2394,71.7437,939.7361,53.28938,-33.643707
2395,487.44403,296.0371,-27.560883,-6.4569883
2396,248.40688,150.20444,-4.8971777,-22.802958
2397,584.4369,966.13214,-18.074347,-2.0315309
2398,371.43002,167.81189,-16.865671,-10.640206
2399,984.03143,475.88675,15.497003,57.264282
2400,67.33002,614.1618,34.509186,41.893585
2401,743.43915,314.22836,21.5415,30.64694
2402,522.86334,526.31836,40.935017,-6.888031
2403,835.61365,594.20654,-31.099674,-4.304344
2404,194.35217,684.17413,0.26302415,-14.467086
2405,495.49252,689.1594,57.807552,-37.362793
2406,80.24993,628.08527,-10.126484,19.524752
2407,334.43723,243.97311,7.4826946,3.7082312
2408,466.16687,757.06433,-29.965992,-15.041425
2409,640.0977,33.081768,-23.948162,14.053551
2410,996.4007,650.6789,-46.71619,-3.490984
2411,83.44639,1014.085,-10.164135,5.491184
2412,155.65262,465.19897,-11.161997,-10.005869
2413,952.57544,977.6964,-6.123338,3.8539236
2414,38.51737,699.321,-34.75013,17.55971
2415,438.12082,1011.59216,26.533815,-15.420135
2416,639.0438,441.9197,-5.650568,-30.175375
2417,820.1049,28.535007,44.64628,29.227642
2418,1022.84735,807.88464,-12.085263,45.36391
2419,46.19117,330.27032,8.334948,6.5588756
2420,273.23505,481.5664,35.47583,38.88742
2421,757.00604,219.84634,10.026379,12.931621
2422,265.6763,478.99026,-17.26453,-22.11835
2423,1012.11914,767.91504,15.507651,8.089884
2424,1013.2994,973.92456,-11.526883,-2.3361592
2425,234.38498,37.681225,0.22626458,-27.406996
2426,480.93588,918.4662,-11.881816,-8.249064
2427,844.6997,606.7176,-55.09503,-50.604317
2428,132.5863,776.37756,10.106095,-7.3634844
2429,381.17926,359.7916,7.354802,8.93871
2430,106.13104,251.14803,-21.311117,-10.41808
2431,563.05505,908.3926,18.09202,20.881222
2432,270.44894,649.6625,2.956203,23.18782
2433,868.4145,932.0865,-42.416336,-6.300005
2434,817.7536,926.57404,-67.4655,22.627207
2435,271.84048,195.25102,-6.231819,-8.870422
2436,432.87094,699.5576,10.593175,-7.792035
2437,781.9694,203.36362,-5.3653555,-51.19072
2438,339.38467,492.0322,-2.0776017,-51.995804
2439,912.8929,27.93326,-6.7252016,-0.36780316
2440,116.79515,101.26994,-0.51914805,-9.554741
2441,159.0638,931.33014,-14.758426,-41.106888
2442,408.17374,450.2402,5.719894,5.774006
2443,445.00314,416.79703,4.814533,-5.2645264
2444,287.50214,901.9781,-74.182846,-6.081732
2445,530.58215,797.3228,-8.8758745,3.7918622
2446,942.2523,771.67535,-21.78771,-8.782602
2447,610.81165,354.79822,17.416302,3.7054203
2448,764.657,794.92523,-4.520684,-49.567833
2449,189.04106,745.71155,62.502445,-64.75681
2450,686.50696,476.96802,-0.5400052,23.57241
2451,982.40533,418.76822,35.531914,-2.5033228
2452,232.4042,942.9485,15.130479,7.226039
2453,498.64597,924.14526,18.679636,-41.101482
2454,499.04214,537.85645,27.661835,15.196822
2455,971.031,478.16888,-51.314323,-38.315704
2456,438.62543,218.94217,-32.245235,-47.521572
2457,327.19998,600.41296,-1.700664,-16.596605
2458,1018.6408,320.8063,17.373606,27.693045
2459,444.31445,344.8969,34.220104,-35.707874
2460,683.2113,31.052387,-5.1776524,-30.179554
2461,488.74182,971.522,-7.696453,-3.2338583
2462,472.25146,109.11267,12.940224,19.689564
2463,315.30634,179.0095,-35.459118,36.580387
2464,236.62244,42.510513,17.592913,44.259846
2465,816.3602,947.8141,27.151567,39.065765
2466,80.39266,659.87335,21.822063,-55.66542
2467,194.69876,388.0838,7.720031,-0.16301787
2468,370.3583,761.8192,26.673218,-36.583775
2469,592.8068,898.84906,9.626361,-7.3335724
2470,441.56125,883.88226,-1.5245862,23.975653
2471,225.40004,808.2985,-35.809055,11.37087
2472,987.6433,485.4343,22.364801,-55.617188
2473,293.6063,901.85345,-53.22673,-22.921509
2474,103.85477,694.14,30.537294,2.532374
2475,225.56781,741.8794,-5.668253,-11.127329
2476,801.12024,298.39053,12.1085,8.591427
2477,593.372,465.93683,43.47061,20.21978
2478,76.13794,906.20465,31.552963,15.215893
2479,679.0144,1021.65924,-28.043037,13.605913
2480,280.0582,695.8838,15.452288,-30.162695
2481,262.9847,917.05334,-53.455486,-22.640963
2482,529.1829,583.5864,46.943684,18.509071
2483,742.17676,189.07204,16.216059,24.320204
2484,721.26276,87.20365,23.957111,33.198345
2485,642.2563,188.94983,-7.931756,-23.111929
2486,196.27191,547.1938,-1.3868057,-21.64202
2487,915.5038,601.2724,-3.50301,-8.2468405
2488,59.95182,596.5851,-40.685074,12.586692
2489,45.042744,943.5374,27.222626,4.9514246
2490,167.7842,694.53625,-5.5662475,-59.763268
2491,24.821012,1009.2908,3.3967469,25.064318
2492,957.73,19.9079,34.757515,-33.60774
2493,809.2852,782.60876,4.9332747,-12.6808195
2494,590.1319,139.57332,-7.4398813,-13.600538
2495,396.4971,705.48975,0.7942786,-31.076073
2496,426.21994,106.86279,-6.2768245,1.1938609
2497,692.19275,474.64133,-69.83541,-28.865133
2498,634.51514,174.19435,-9.314199,18.178675
2499,996.54364,882.7157,1.3794411,-5.5361605
2500,178.7409,845.61285,-17.190908,-6.5046325
2501,196.60356,523.08704,-22.856098,10.698789
2502,412.25696,478.21112,-4.4199862,-17.524864
2503,743.40704,91.36282,21.789099,12.312148
2504,12.181893,724.4696,23.968925,8.028967
2505,399.0297,198.73027,0.46299285,30.579603
2506,352.63608,885.7339,-42.554874,-39.320995
2507,266.85812,647.5441,8.948809,-21.73131
2508,563.56055,582.03534,32.98366,40.283
2509,355.79208,443.9734,-1.267331,8.551939
2510,926.1821,645.6556,-31.346533,19.090853
2511,264.91525,386.7656,-16.66139,-17.312647
2512,376.44778,179.53407,-15.748747,-13.9844675
2513,173.43036,336.51083,-9.37497,-27.849857
2514,893.2614,911.8861,-13.473422,-0.22810706
2515,861.39197,812.39496,-0.33654043,8.338075
2516,238.17207,510.60864,-1.5651575,18.935883
2517,227.05235,734.5299,77.62413,8.437685
2518,253.20547,889.49896,-39.461773,-32.09877
2519,47.35285,1014.8614,-6.223089,33.938873
2520,14.748892,432.70825,-49.45654,28.74437
2521,663.3764,466.06857,32.31954,17.45597
2522,614.1298,1005.9888,-6.4508095,-21.9344
2523,879.30493,93.998215,1.8133298,8.704534
2524,584.851,344.61215,-20.325169,74.10578
2525,149.47731,470.9113,-19.914711,-21.711863
2526,25.111423,564.1844,19.76794,46.90004
2527,917.50806,675.4,-14.773804,-48.849216
2528,352.25412,122.802444,1.4451907,-22.68696
2529,715.96185,573.3109,-0.21575868,-30.142376
2530,693.9904,689.74475,-7.4982333,-24.276838
2531,595.3635,658.6256,-4.0975776,-0.7589625
2532,31.419052,565.2839,18.93929,14.178005
2533,388.8236,470.03372,9.861417,-10.922733
2534,362.35934,315.40396,-7.363631,1.542123
2535,38.648632,710.9914,-10.772471,20.204695
2536,0.4524855,212.75098,-7.040752,-6.3166623
2537,679.30865,770.7191,29.47812,-3.5558257
2538,106.38199,846.2725,-22.056545,-22.940426
2539,317.6177,515.6463,-77.717224,38.506866
2540,276.38766,469.1013,29.56098,19.238836
2541,534.8419,519.0973,-21.50015,-48.096096
2542,753.9614,33.829845,16.776728,23.840055
2543,728.52893,318.12753,32.035854,-42.38878
2544,503.9571,471.6459,-30.798826,-17.993977
2545,522.1151,554.1615,74.193596,10.160825
2546,605.7443,1013.2344,-32.55143,-5.734456
2547,272.61884,311.50357,22.561756,5.341276
2548,826.2963,992.06555,-32.740627,-17.009443
2549,658.0394,841.34485,-4.7073483,10.653878
2550,600.7969,33.830696,13.690843,5.631505
2551,542.2614,347.68115,-44.957565,-24.059635
2552,361.41684,951.7172,11.60315,-5.416387
2553,170.40933,668.8146,11.452471,11.910265
2554,613.648,858.0265,5.489475,-4.27177
2555,327.35223,483.6486,-4.8234396,-32.133503
2556,563.97095,650.0491,14.619674,2.481843
2557,426.42154,268.52258,-15.643274,8.4617195
2558,742.41003,214.93446,-29.526829,14.567535
2559,198.56361,512.0263,0.8978894,-71.76409
2560,365.73914,340.59213,4.36598,13.876356
2561,544.756,577.07544,86.13266,-0.2658869
2562,36.839844,323.99786,-6.142761,-3.5779467
2563,834.78357,652.19434,-16.750854,23.7332
2564,531.4409,3.7814837,-49.406116,1.1368153
2565,337.57346,443.22617,10.08648,-41.448505
2566,692.05615,276.5354,16.448732,8.176714
2567,725.5907,649.26117,60.456135,8.305418
2568,138.86235,528.74866,-6.130598,5.2700715
2569,867.2138,719.83026,19.869839,-27.964186
2570,531.6547,147.15918,-6.7075443,23.752626
2571,427.69232,191.02306,3.3388402,7.8868895
2572,973.2475,462.0665,-19.284182,-14.892418
2573,281.9857,757.5533,-3.78145,-6.7932034
2574,819.7917,542.23926,-8.536272,11.034895
2575,203.8859,124.487755,-1.1375748,-0.0879771
2576,531.83887,131.5712,-9.884727,-16.799002
2577,489.6347,129.7399,3.4985738,-8.842088
2578,512.41144,888.85,33.566597,-3.8911862
2579,71.50545,950.9158,11.749268,19.991497
2580,217.7604,408.77054,4.688394,-15.031337
2581,337.31857,999.95654,6.824667,21.551815
2582,668.5242,876.6262,-15.448712,2.9292407
2583,318.3809,705.66223,-26.355438,18.801142
2584,998.73456,217.65279,24.14717,34.93304
2585,699.6159,998.0962,-24.218037,13.136396
2586,12.721153,1010.4695,67.909676,-21.350533
2587,307.89966,518.65674,30.270918,-6.830128
2588,720.9777,978.7788,-28.064644,-36.204884
2589,699.73755,752.8629,14.803448,17.94391
2590,353.1807,570.81586,48.731125,-32.663097
2591,909.7356,990.76984,-9.486356,-13.738499
2592,888.3965,885.32947,-28.09538,32.74308
2593,862.42053,328.7887,-27.576822,33.639538
2594,320.98477,165.79059,-55.977455,66.29498
2595,942.58215,822.68945,-5.2372565,-5.3343353
2596,741.6704,182.33446,-24.014019,47.08495
2597,108.43556,1008.47217,-9.414648,-23.329525
2598,346.99048,503.7749,6.688524,-32.804356
2599,234.68053,772.1879,38.502666,-24.46169
2600,556.92456,792.1499,-9.719526,-3.1325824
2601,740.2128,168.77444,11.261446,58.71397
2602,380.2597,429.8867,-4.541628,-17.180557
2603,561.5814,173.68677,-3.6737874,-21.986807
2604,614.8652,565.6922,-49.80538,-13.979574
2605,930.5026,167.58226,17.15259,0.14830829
2606,83.8276,41.115444,-17.248413,15.0829315
2607,214.96631,19.759521,-16.318346,16.808338
2608,648.47076,150.76431,-29.274664,2.9048579
2609,462.4954,532.6536,-2.2994092,-5.7645397
2610,276.341,613.3751,-2.6511095,-44.902565
2611,241.52975,972.83844,-36.90455,-33.14811
2612,358.48856,88.58945,18.326012,-83.89857
2613,562.2364,310.2053,6.686679,21.095058
2614,657.4726,516.9197,-31.764362,-26.997816
2615,496.9371,654.9469,-29.098898,26.377373
2616,1003.26685,82.96672,26.944372,10.225639
2617,397.32187,164.48007,22.472418,40.76785
2618,602.97864,1000.82733,53.35438,70.8557
2619,101.05613,550.71924,25.018679,50.889004
2620,716.3903,395.94354,0.5430673,-18.478096
2621,653.59814,243.40292,19.829956,6.799603
2622,5.6859255,1016.96533,46.285522,-39.671864
2623,937.9736,597.83325,7.266942,16.425085
2624,783.1849,182.73613,-15.5394,-84.83613
2625,942.6183,359.66217,9.432713,43.626812
2626,1018.6134,212.89688,7.6150484,-4.9434032
2627,127.658516,727.33685,-6.080647,-48.96641
2628,288.54013,404.75534,-27.992937,42.563217
2629,691.88727,117.97338,16.73439,-8.685519
2630,917.7957,619.7924,-2.8167007,-32.366123
2631,974.8684,264.7556,-67.41757,28.670446
2632,450.6383,88.59069,0.18921626,4.0039654
2633,807.00543,944.05597,14.33294,27.02396
2634,264.94437,939.83777,27.066908,13.363941
2635,19.369427,618.8246,26.528202,-4.265929
2636,540.4716,551.18616,-2.2022781,-10.042395
2637,72.04512,512.6406,0.64831614,-6.124923
2638,430.58182,959.204,7.6742616,-13.23281
2639,535.3755,257.07828,8.141686,23.209173
2640,36.86423,726.86554,15.3162565,39.72686
2641,724.29175,680.3587,2.9084585,47.23545
2642,85.08682,145.39648,52.07586,34.64616
2643,386.0766,122.078285,43.256664,-28.693918
2644,211.86362,601.8058,-0.5823809,8.945759
2645,462.32803,1003.66626,31.135798,-12.187483
2646,312.02307,553.0542,2.111908,-6.766953
2647,423.16385,769.31055,14.390365,36.07918
2648,188.84521,906.99634,12.704815,11.001369
2649,81.41113,709.38165,-14.228115,-21.616632
2650,670.8571,625.6108,-36.817146,-56.96541
2651,245.77768,941.09924,13.766472,-4.594021
2652,72.29728,918.27106,41.89547,57.072697
2653,99.38445,434.7681,19.679943,-17.488525
2654,433.37427,315.77673,21.073109,2.5383606
2655,796.618,18.574615,-17.093374,-88.361855
2656,372.75366,557.84906,-39.79514,-19.386864
2657,454.10178,891.0827,13.490729,5.256576
2658,171.87492,800.6796,-31.502384,-13.527715
2659,448.38284,239.59293,-2.9098377,-9.3101
2660,490.9523,564.2133,-17.506039,33.950394
2661,821.6765,847.1988,17.649387,1.7089266
2662,723.7747,101.22869,-17.62781,-3.3771796
2663,817.3893,722.2581,-1.893595,8.872845
2664,461.4144,323.71716,13.688833,-7.5207477
2665,247.50381,21.490484,-31.980816,13.658586
2666,255.12917,388.33926,8.29647,7.5423756
2667,524.1688,1021.8653,-27.242218,-20.129166
2668,401.6985,27.542646,-4.515658,-10.380256
2669,1001.78864,588.8132,20.314959,12.106035
2670,270.9675,620.52893,-19.264332,-13.204838
2671,10.739557,575.1029,-37.90756,23.725166
2672,797.2662,495.06638,-34.328888,20.246643
2673,599.9876,20.231699,-7.236686,55.029613
2674,617.55804,202.16666,-6.3825116,-27.806559
2675,913.3019,129.3711,-14.57751,-2.0485773
2676,529.4242,495.5734,-6.6260557,3.76347
2677,15.048971,174.89569,-7.6508594,-26.798555
2678,387.5839,399.26932,15.234137,-25.082458
2679,303.04807,489.72958,2.0044935,-8.518902
2680,853.25714,867.9766,0.49193892,-27.136362
2681,370.6699,365.1746,-27.730602,-4.371658
2682,907.8225,953.4642,-35.854343,-7.832237
2683,88.35033,881.34283,-2.472371,-36.574207
2684,259.69913,924.4426,25.652029,-42.29295
2685,1003.5646,99.27157,3.4436717,-9.049672
2686,513.1725,347.4351,25.417736,-6.9099965
2687,266.02124,535.9319,17.517149,29.086437
2688,980.7867,964.86664,-16.00768,-35.01501
2689,563.6014,532.6044,9.0779705,36.381485
2690,299.85483,965.284,-15.14643,4.414141
2691,488.47247,950.8039,-9.631061,2.4655943
2692,928.8553,980.55725,-57.7603,-23.040565
2693,970.0341,524.732,44.194344,-14.601206
2694,812.1216,267.5818,-29.114647,11.980765
2695,643.5952,196.66464,2.3402338,-8.963087
2696,645.8862,219.76537,-11.147993,46.606804
2697,577.3003,945.1518,-5.165512,4.071813
2698,544.1446,631.5167,-7.717573,17.33335
2699,429.9618,802.4879,-15.982208,30.930948
2700,680.6096,248.55324,25.929796,-22.036167
2701,380.4591,398.22372,11.454493,-27.113173
2702,934.6846,283.27286,10.86155,-29.663902
2703,800.1269,289.7765,-8.874716,29.878822
2704,850.79315,963.2493,-3.017909,9.322942
2705,362.75,280.7354,5.359186,19.864471
2706,851.19763,954.726,1.325795,4.421304
2707,958.84796,405.548,22.69968,-25.979723
2708,272.613,909.3963,-59.967323,-35.26653
2709,302.04355,458.99045,-9.597356,-3.4059663
2710,980.0907,645.3903,26.88571,21.173183
2711,298.4665,766.55237,37.719368,0.11552393
2712,990.7108,497.1225,17.988031,-36.327347
2713,379.79352,878.76215,-10.28622,-9.852762
2714,613.8733,1003.96796,14.927994,-44.24744
2715,798.79486,804.1153,-15.604351,-14.242626
2716,284.71808,761.70917,11.284429,8.258641
2717,661.146,268.7689,21.686712,26.07894
2718,33.392586,326.46127,-5.4499903,-1.5269393
2719,701.9304,1017.87115,28.01541,-4.019914
2720,622.70306,788.9756,-3.0509374,1.4916046
2721,668.8866,245.28139,-6.0011024,14.267835
2722,841.8204,217.16609,-11.915823,-43.64294
2723,619.3512,346.01154,13.769562,2.2494137
2724,857.7614,19.76152,-26.341892,-10.403163
2725,548.78143,706.76636,-20.48345,-12.589911
2726,75.72109,36.81628,-17.24412,11.056364
2727,362.49902,647.76843,-3.600001,21.567152
2728,943.9574,750.5931,-53.043808,23.400484
2729,532.9577,209.52238,6.625563,-13.946023
2730,10.722445,278.00415,-40.748528,8.977525
2731,487.99332,607.5148,18.616966,-30.424557
2732,917.8609,840.29333,-2.2930574,2.8444312
2733,673.47,484.72217,-31.06931,47.27518
2734,972.75665,125.632805,-11.751904,-0.9621029
2735,726.29425,653.28394,50.522762,34.50236
2736,960.9798,551.25256,3.7268777,52.68317
2737,420.10675,773.8006,-2.850502,32.1109
2738,727.3505,994.1518,-15.57092,5.6160774
2739,240.06683,245.26692,-11.707017,-12.804685
2740,807.61304,731.74347,29.798494,-21.145609
2741,873.5741,294.74347,-28.981611,-25.058563
2742,378.81836,1017.348,15.503361,12.080598
2743,358.19766,449.46768,-1.2156899,7.6098495
2744,627.77997,523.4791,-13.622715,20.05753
2745,48.296658,631.1163,16.148512,14.653505
2746,949.1381,241.46284,-39.58265,-80.82829
2747,1004.10803,911.3665,-29.777683,38.725418
2748,734.84784,671.0591,35.507896,42.264313
2749,435.4643,819.64453,31.566511,19.07462
2750,263.0558,452.25323,3.7727263,-10.817822
2751,891.66846,561.6156,3.3683474,-8.797332
2752,382.21988,596.76227,40.737392,-7.0457664
2753,650.7922,270.53613,-3.402566,49.002964
2754,669.79626,414.97754,1.6053437,-18.165741
2755,1012.0607,825.6319,-12.190756,-26.629454
2756,313.62567,672.54425,19.598404,-6.2914314
2757,121.264175,5.3229327,-9.341573,-23.161896
2758,699.25256,890.5747,7.78871,3.660586
2759,911.6506,986.2506,-24.672253,21.49386
2760,905.26935,584.67456,6.3994236,22.495071
2761,342.6641,123.3412,-67.70883,-32.153107
2762,367.41092,643.53265,-19.843916,14.028419
2763,961.7158,1016.3502,29.424068,3.7466593
2764,124.18567,881.421,53.180656,12.107356
2765,677.1349,774.68524,36.947273,1.7277448
2766,673.30133,694.4912,3.311071,-1.3705263
2767,10.606583,847.3962,15.612811,13.219621
2768,325.56766,632.606,-6.4832644,3.78854
2769,159.56511,266.0333,18.28532,-7.642607
2770,162.45845,475.2659,-9.272066,-15.051926
2771,305.9427,553.1276,0.5545187,-26.9894
2772,177.00816,713.21906,10.119995,-23.610332
2773,98.15388,852.827,-14.356188,-14.244647
2774,879.75604,231.20364,28.198997,2.7901177
2775,881.14777,502.16025,30.646128,25.75317
2776,530.7333,98.70876,0.45062858,40.317802
2777,692.91516,282.6278,7.442975,9.696074
2778,367.98978,474.3859,19.269373,-17.186527
2779,251.20691,758.8142,36.542557,-18.764221
2780,986.6638,163.19493,-8.574389,-21.90933
2781,899.0174,426.1958,15.740089,19.386496
2782,748.45874,391.794,30.10687,-21.863064
2783,565.9033,359.4814,-59.63001,54.490627
2784,66.24836,105.60996,4.267305,27.408993
2785,326.99335,791.6842,8.088174,-19.25163
2786,1001.3066,284.9821,-6.413861,-23.244236
2787,22.928398,127.672325,-0.2482253,-42.734325
2788,542.48926,809.0559,13.580698,11.625845
2789,820.04755,559.2859,-18.068092,-33.364536
2790,980.90814,294.61765,29.167538,-8.125755
2791,494.84818,564.1478,31.734852,4.8579535
2792,199.16049,445.00345,4.2598915,-7.777267
2793,460.04184,858.2093,18.50386,44.86298
2794,644.1938,46.50248,5.042489,22.166742
2795,1017.841,369.03375,0.40234837,17.30145
2796,852.9042,61.790325,-20.916468,1.3274156
2797,200.99002,552.43054,29.227287,-32.008114
2798,882.074,41.27081,14.314856,-6.2642894
2799,688.4471,655.3897,33.030655,-0.3497788
2800,604.2255,726.4677,1.7572912,-9.492233
2801,829.86646,897.08215,52.806416,-4.9859285
2802,773.22235,729.17615,-0.45046398,1.3902547
2803,934.08826,212.94576,13.92312,11.779354
2804,999.8531,230.82524,13.976141,-29.851398
2805,135.87593,37.917564,0.5135559,-17.375841
2806,781.8093,59.717724,5.067597,-0.43387324
2807,733.0022,206.35753,-14.435477,25.255486
2808,95.69182,372.41385,-22.309834,0.4327382
2809,97.783936,252.96104,-5.3155417,29.390667
2810,80.315155,505.54532,-13.399187,6.882008
2811,185.9326,696.382,-17.2296,-73.77475
2812,922.3259,156.21063,-0.92141664,-26.630852
2813,174.55229,625.88745,-1.1532946,3.7813206
2814,68.69496,124.34525,26.9588,79.12293
2815,793.559,685.49164,-22.134678,-6.151796
2816,608.6506,1005.3882,43.466084,52.26009
2817,727.05304,850.7901,-15.502116,57.34081
2818,651.09015,433.45566,-20.242802,-29.139528
2819,48.642056,322.1823,-36.97222,4.440081
2820,142.23494,692.9547,-0.15420803,-1.2300766
2821,549.8392,689.71136,-3.5719833,29.448524
2822,920.87805,630.60657,-4.2849083,-16.09357
2823,926.4391,665.0125,-2.5971334,39.904995
2824,596.1443,896.60333,11.657689,0.85691565
2825,99.070366,124.30587,-12.754185,-38.573162
2826,289.7326,881.9335,43.163143,-2.2257104
2827,54.652298,314.40118,17.71618,-12.721748
2828,529.77954,142.1161,-18.67706,14.4103
2829,322.0752,597.70807,6.668597,-13.724344
2830,376.7999,925.73566,28.982882,-11.557271
2831,531.9885,211.65079,-1.8493189,-57.92258
2832,201.03941,211.03633,2.9916637,11.793303
2833,290.82193,902.7171,-58.072853,-36.17373
2834,463.74496,960.11566,23.863817,-26.234684
2835,277.98538,891.87683,-53.99494,-22.527136
2836,808.6873,159.03549,24.815695,-17.27651
2837,715.36395,546.08453,2.3905044,35.053493
2838,218.13657,128.74763,-50.328114,-4.0377026
2839,773.04767,958.25104,6.94363,4.344758
2840,561.5429,306.23193,-22.262901,26.481283
2841,746.70337,346.60904,10.566159,3.5287664
2842,346.43652,35.474876,5.129539,8.460568
2843,232.17004,991.2033,46.009182,0.20846549
2844,104.29494,812.9393,-48.652237,16.900797
2845,231.92918,585.66296,0.86564314,54.175724
2846,505.94736,508.09888,14.913052,22.924187
2847,466.02243,850.2024,32.432175,28.69048
2848,218.53749,354.31363,-27.196505,-34.437622
2849,273.14374,877.2609,37.612473,-50.55483
2850,28.685957,1001.28375,33.26768,83.62572
2851,478.48212,874.63806,15.330118,11.691317
2852,14.252577,1009.9165,-8.438487,-1.155079
2853,482.77008,350.62213,7.814409,-47.39395
2854,425.2714,292.03024,16.743805,39.081554
2855,723.8569,476.19366,-12.044512,68.53795
2856,810.39136,971.0933,8.4963665,16.733017
2857,79.19641,433.69968,-14.694613,9.4360695
2858,503.37436,510.76404,12.902341,9.811185
2859,1005.7312,212.5802,68.259476,58.656994
2860,925.4523,979.2221,-40.759865,12.839538
2861,761.3115,724.5311,33.4613,-39.86458
2862,823.6606,963.4674,17.307856,2.6956518
2863,189.4231,1001.6658,-11.066305,-7.213538
2864,26.919325,609.02075,49.355885,-21.612822
2865,672.6007,173.2129,9.22544,-14.855477
2866,897.4794,444.64484,-3.5363643,52.899117
2867,96.70095,811.67255,51.64644,-19.019547
2868,76.73771,370.5866,7.113421,1.7541426
2869,989.3331,564.7001,1.9698118,-6.48407
2870,935.0134,62.54044,-10.4146185,-0.81810385
2871,41.480446,256.44672,5.612738,7.465886
2872,486.01987,171.41212,-20.130053,-18.11949
2873,561.6,473.6725,-40.113094,-10.003888
2874,731.72205,309.0432,15.959836,11.20519
2875,517.59827,220.53845,-53.006798,25.296076
2876,341.23547,260.80884,12.996058,57.347218
2877,513.5025,1013.3523,-63.459232,-47.91371
2878,204.35518,660.87714,14.170817,-33.79172
2879,532.4728,392.6463,13.607488,2.7840729
2880,106.75456,471.4215,0.89672977,-7.1254587
2881,720.5296,785.5884,86.02483,26.45238
2882,330.99445,74.58808,46.39067,-8.325
2883,948.1658,854.8789,-33.10747,31.18356
2884,16.020159,938.8081,8.662626,2.9106545
2885,909.4986,995.7673,-9.413558,-14.379505
2886,753.56854,958.59827,8.076498,14.436517
2887,308.94464,855.7228,1.1573769,21.193258
2888,643.74554,878.8166,7.613872,-17.249525
2889,878.6734,745.51807,16.023726,55.73938
2890,652.84784,66.50477,-40.87341,8.564775
2891,721.62604,721.4055,-2.9750435,-12.535273
2892,271.7405,616.569,18.427252,-16.92258
2893,542.51575,610.86475,-19.411745,57.14188
2894,61.844795,446.69464,-21.780985,11.918751
2895,517.175,342.06458,-30.936037,-41.902145
2896,748.14624,909.943,-1.6447859,40.824688
2897,1002.7147,904.60626,-20.175982,49.741634
2898,784.2184,719.63275,11.729426,-7.8655047
2899,781.5461,670.9409,13.355052,-2.4373915
2900,618.5544,390.30472,-21.191166,18.777578
2901,876.21625,107.992256,23.023867,-29.832373
2902,47.839317,401.1876,-42.240643,-35.2594
2903,687.8645,35.852135,41.57174,16.996134
2904,260.35782,725.7159,3.686137,4.920853
2905,347.81613,452.27158,-16.958246,3.7477446
2906,688.815,455.60156,9.174449,-42.153282
2907,702.76965,750.6488,26.742805,11.002106
2908,39.692875,298.90143,-5.3077455,-2.4987695
2909,727.91815,131.7813,-6.792359,5.5397663
2910,36.355766,319.36594,-8.477716,26.277998
2911,809.5304,655.22675,21.753,18.924818
2912,548.1077,612.1773,11.274061,40.642117
2913,342.61053,280.14532,-2.9739301,-1.6153114
2914,979.31494,747.85376,27.740791,31.868399
2915,396.4193,221.22429,-25.10999,-24.028545
2916,434.7079,574.8798,2.2009194,-1.3219606
2917,3.9811327,853.66705,9.475379,23.029623
2918,44.06046,618.0025,13.8259,20.48553
2919,209.84749,716.0971,56.409462,-70.12826
2920,651.2297,413.18546,35.95665,14.829008
2921,300.83633,398.62863,-89.25664,-11.543486
2922,522.96655,72.24591,-32.71744,-3.054485
2923,440.15335,259.31464,-13.926609,8.714615
2924,30.194965,451.72836,48.9941,-3.6805778
2925,359.0974,169.8352,25.646746,31.912771
2926,623.0293,34.497868,-0.37956434,25.018536
2927,556.20874,834.85736,-6.362729,11.190889
2928,804.835,549.1514,-7.6885123,-8.7712965
2929,815.038,595.40924,24.347235,19.979746
2930,301.6278,959.52686,-26.725748,13.58092
2931,682.33356,429.55966,0.25426334,-32.298786
2932,599.4857,730.10175,1.8731598,-18.47501
2933,220.00089,872.2706,24.232756,5.1453476
2934,285.38074,404.62045,-58.857594,39.57802
2935,469.99448,883.9946,10.842302,13.094034
2936,420.99484,779.8626,3.780261,47.717735
2937,234.23041,254.167,-17.769537,-2.874867
2938,66.030304,350.895,-3.0969737,2.4549592
2939,817.43726,550.0179,-18.108948,-20.567152
2940,144.52193,469.9063,-18.556847,-0.3646153
2941,285.40033,90.347626,9.453141,31.053946
2942,16.5138,752.5418,7.530349,34.367283
2943,439.91864,785.7494,39.800266,57.190918
2944,104.84777,560.3617,-15.173763,-11.042184
2945,371.93552,356.93616,-14.4579315,26.107414
2946,581.73413,108.47707,-11.278129,-5.999204
2947,558.7023,904.60315,10.805741,-17.490479
2948,686.5274,533.26733,-17.451494,24.680128
2949,737.9524,171.12807,23.474346,17.952602
2950,668.2995,559.2718,-13.08816,28.413559
2951,920.7409,695.7678,33.602585,26.911041
2952,904.5048,888.2618,-14.266657,24.339928
2953,485.58728,612.15045,12.954587,-35.33965
2954,952.7022,274.21432,66.427284,-60.724087
2955,384.16342,451.41183,-17.237951,-50.48037
2956,855.02875,344.5134,-39.93786,-30.717417
2957,820.54456,37.14413,33.36145,36.45438
2958,545.41187,844.6236,-20.549763,1.6732085
2959,88.1034,886.45325,14.590061,-33.927143
2960,371.4752,862.12036,-4.1797333,-8.758906
2961,961.16534,269.03806,5.5414705,-22.361773
2962,894.2415,302.53494,-22.788067,2.4590728
2963,17.652275,249.67894,8.043997,9.054984
2964,4.855915,147.25159,6.3115225,13.942209
2965,748.65546,276.59167,20.58218,-0.16379578
2966,402.7467,157.60252,15.873439,11.709142
2967,433.9061,189.51216,5.209503,7.3737826
2968,369.19543,288.0678,7.554191,52.679737
2969,113.346344,470.4921,5.3205633,19.712336
2970,779.9209,117.13246,-22.8012,-3.7895184
2971,776.96783,878.3908,20.170454,-50.452538
2972,887.7977,784.8097,-5.643519,-16.38905
2973,238.40173,503.02017,10.268653,-16.79486
2974,238.75821,437.33588,-2.2395334,-28.964876
2975,106.05724,1019.3841,-8.720999,-6.7752666
2976,833.1991,35.234974,37.556435,35.413654
2977,347.14413,120.3535,11.527759,-22.521248
2978,168.83302,654.19073,8.665897,-4.5500555
2979,169.69818,505.0453,-14.204158,-33.32304
2980,729.5991,449.13556,0.13189325,42.1786
2981,241.74852,36.993687,29.339201,-9.793857
2982,561.81757,662.2824,-11.029732,24.878277
2983,677.58325,336.57907,8.36649,-14.455099
2984,334.07187,132.61104,-13.454623,19.521141
2985,422.2217,1019.5878,7.548492,-6.149934
2986,76.03721,813.38,16.785513,-16.846533
2987,741.2276,134.42043,12.926886,-8.790028
2988,906.2773,205.26968,1.6249475,13.0911
2989,3.2429547,578.0985,-38.081436,15.875116
2990,407.53842,338.2662,2.4939609,-15.786043
2991,898.08044,604.35236,38.317177,-4.8442264
2992,647.3985,473.15997,-0.9383486,-5.1622186
2993,76.95141,905.2638,-21.061703,-17.855368
2994,482.65723,835.0657,26.230988,-13.305351
2995,676.7666,855.3927,-13.349913,8.696999
2996,843.2732,334.6343,-60.75045,18.07793
2997,904.8063,608.188,3.6257608,-9.204163
2998,662.6764,966.11505,-1.4913858,14.025194
2999,738.7878,140.35187,10.670011,-33.794594
3000,571.8566,234.02321,-19.271357,29.3206
3001,1002.7835,186.54884,-66.91096,-3.0369534
3002,208.20082,695.2176,-39.287155,9.877671
3003,359.84515,79.76679,-0.70856,-32.893795
3004,878.57513,101.4565,-3.987877,2.9027805
3005,1005.03784,1002.27826,21.24677,38.43127
3006,47.484135,744.2825,17.816336,30.88164
3007,323.6351,205.69453,-24.740486,19.314161
3008,99.18837,925.411,35.00498,-12.060109
3009,332.14322,589.40436,-0.38887522,-33.24513
3010,174.6334,943.6807,-11.507397,-4.689112
3011,741.659,1023.4454,-11.100656,-1.1085298
3012,500.17087,979.3641,-11.984712,-17.596066
3013,215.30684,410.9523,-1.8183397,5.544164
3014,318.66425,164.18384,-31.031183,81.53277
3015,354.5821,737.5407,18.069418,0.24262635
3016,420.15146,651.506,-18.757912,-25.789322
3017,749.3383,387.69656,2.972496,-40.30445
3018,990.67236,485.5173,29.236423,-41.716442
3019,440.6934,244.07602,-20.700293,-21.550648
3020,132.36438,143.0153,-25.126398,-0.69915754
3021,221.15024,256.0116,-26.669489,2.3361163
3022,479.58203,65.707634,2.2618377,-2.0443425
3023,30.324354,484.29837,-78.48149,-34.242203
3024,779.48114,727.59485,6.5828586,-4.027702
3025,97.00654,676.81256,42.093697,33.870712
3026,703.74634,138.5569,1.6070642,-4.896034
3027,481.46542,227.2807,-12.501682,-0.49492446
3028,962.8765,513.57605,85.1913,29.024864
3029,190.89357,46.709137,-15.588371,-34.210625
3030,729.52515,483.63113,-6.005677,55.146935
3031,197.94856,734.6392,-51.28569,56.011158
3032,456.42633,840.28906,27.045074,15.091558
3033,996.7979,912.8924,-14.053152,7.819042
3034,302.12573,727.30304,-5.214628,5.673397
3035,137.19232,67.13272,26.994867,8.257617
3036,41.286335,717.1717,-11.045575,33.672516
3037,375.5859,633.929,-50.429077,30.008469
3038,232.58057,315.46814,-48.01654,-41.920013
3039,463.97174,192.29544,21.269163,17.247984
3040,990.6501,606.77435,7.053772,49.299572
3041,632.0204,60.82778,5.257379,-3.7078788
3042,994.8038,381.89285,-32.299305,-11.39808
3043,635.6878,893.77423,-14.031996,4.0687103
3044,1008.5426,287.70297,-15.570483,-0.5631366
3045,583.10614,439.3947,-42.073048,29.998648
3046,198.55193,348.99988,-33.67219,-10.69802
3047,1015.8737,142.9119,-6.0891895,20.026142
3048,759.6817,135.84526,13.005772,-0.20556368
3049,10.692619,616.42,3.9615622,-10.794805
3050,451.27838,841.3197,30.498247,37.53468
3051,1006.3058,365.67383,-1.9577585,-7.5187526
3052,205.67871,689.1835,32.85483,-17.69629
3053,201.8728,92.5701,12.108738,17.231638
3054,30.803986,562.7181,28.663929,34.11869
3055,670.0452,937.38745,-5.295905,-5.237555
3056,829.44366,114.77309,35.320293,-54.057766
3057,50.085876,266.5062,2.8461716,0.45241225
3058,765.225,348.4421,45.014626,30.029446
3059,115.55071,478.1194,10.768407,-13.525449
3060,551.56757,591.49036,0.18530284,81.08394
3061,353.9155,142.64005,-83.14972,-34.440147
3062,176.99306,9.392927,16.443394,-44.897175
3063,539.59424,114.815994,33.46646,-66.52258
3064,946.50433,234.33342,-18.185051,-61.253063
3065,569.24133,180.79073,2.2770884,-10.812038
3066,737.211,263.4931,12.0101795,-23.925571
3067,37.007504,699.1857,26.150364,-22.120905
3068,792.5951,128.76485,-28.953644,-10.929117
3069,922.9064,314.56137,7.642159,0.12400591
3070,994.39136,704.8987,30.40367,-62.439518
3071,1017.96436,1023.5939,-28.058306,-51.430393
3072,1017.63965,1013.1677,-21.730694,-42.952778
3073,34.426876,566.5704,30.823277,9.43424
3074,359.6771,631.84174,-21.390665,-5.5018277
3075,693.2921,429.2126,1.971829,-26.465662
3076,946.96515,317.05185,17.424582,-10.744163
3077,813.46893,453.17212,0.058254357,18.904495
3078,931.69684,685.6499,9.536977,-21.552816
3079,864.9298,214.9022,28.374544,40.239697
3080,459.101,960.6835,7.900159,-27.595861
3081,900.6347,935.3102,19.160982,-5.7074356
3082,450.5358,413.3814,2.2799053,-1.1122894
3083,285.519,613.1159,-67.06216,8.161162
3084,816.79333,539.3707,-21.09305,5.901774
3085,245.59474,747.18713,-17.227936,64.99518
3086,521.3132,941.5979,-18.198298,24.357178
3087,911.3704,426.1642,-43.4556,9.433697
3088,332.51913,390.52393,12.653846,41.446404
3089,77.2537,682.47906,-6.921712,-36.81087
3090,294.23547,311.7279,14.145246,65.08263
3091,567.3271,101.19505,-15.174703,-14.460382
3092,632.4254,176.37106,-30.453644,23.250471
3093,446.854,83.125916,-19.437109,21.784452
3094,229.39328,934.9443,34.926632,27.387596
3095,672.1696,94.336624,12.291577,13.686719
3096,164.88939,376.6276,-33.44198,27.524002
3097,968.79047,483.9198,-51.091682,-27.504622
3098,71.771675,973.9241,32.95737,40.12639
3099,692.4063,648.67737,39.803627,3.1604433
3100,40.968533,87.90681,-3.581496,24.656677
3101,89.618706,1017.0698,-15.523095,-7.386188
3102,521.67163,571.55707,-12.738529,-51.01561
3103,878.18164,195.04602,22.405972,2.034294
3104,347.15744,121.974106,3.4015465,-27.228945
3105,302.76,350.314,-15.469433,15.831551
3106,211.84853,933.67773,20.114496,41.02844
3107,706.6268,268.30698,18.189383,4.960097
3108,850.47186,740.91736,-21.542215,-24.882338
3109,833.0066,880.5586,-14.11877,-23.49782
3110,919.536,625.1849,0.32489648,-27.536493
3111,769.2458,265.62018,-13.307747,-10.620357
3112,79.47379,422.9984,29.771917,-48.50954
3113,49.991932,128.88141,11.120019,-72.40095
3114,289.81488,521.655,3.4639072,3.5093913
3115,828.92645,51.923096,-0.018276136,5.164166
3116,728.3487,410.48074,-12.568711,4.070263
3117,153.55804,252.8254,26.175098,16.17947
3118,406.55405,222.61111,-21.281376,-0.28897133
3119,245.21857,700.11066,12.055982,-6.309331
3120,466.7803,332.82373,-1.444119,-4.0736456
3121,245.17346,243.44734,11.0360985,26.981167
3122,196.3315,498.21164,-21.853567,43.51696
3123,547.4202,23.692966,19.63594,17.694553
3124,984.3183,81.87238,-40.951035,-23.705711
3125,96.689,272.04166,19.831938,-8.694052
3126,992.71497,375.27203,-47.799625,-16.856066
3127,835.9898,394.19598,-40.737255,3.095108
3128,975.2369,759.9207,-22.198196,-27.196232
3129,811.0918,686.8263,-19.63056,37.75802
3130,645.5744,417.2543,30.572454,25.934397
3131,382.91037,304.78522,18.575472,-26.966537
3132,350.6911,420.27167,14.922579,30.368126
3133,942.13837,928.2065,-13.120139,3.6010299
3134,957.9678,138.9789,-4.1314383,6.564554
3135,470.8593,759.4464,-34.938538,-6.132164
3136,997.4329,917.2349,13.394384,-19.877016
3137,466.4546,702.7586,-25.383482,-18.271305
3138,796.17944,566.0237,9.650062,-25.673468
3139,582.5352,999.86786,18.836485,-11.679443
3140,772.0558,91.83874,8.889421,-1.4989344
3141,147.60426,191.87276,32.14653,-20.97026
3142,344.06345,25.758516,-8.756657,7.4315944
3143,632.782,964.9454,10.243745,-21.744553
3144,895.71906,382.42038,1.9119613,-2.8132088
3145,691.53796,109.47338,2.0425518,0.7693165
3146,449.27682,844.4358,36.878242,43.04618
3147,469.90814,728.41144,-8.323359,-50.337376
3148,455.2899,215.65828,-29.578226,63.70398
3149,134.36983,936.3758,5.116478,16.192183
3150,473.8809,877.9115,15.669217,4.1340103
3151,906.7367,720.84845,-32.298206,39.057953
3152,554.792,957.0663,9.344985,-26.246471
3153,179.1616,226.14069,3.5117705,-6.9821925
3154,125.23751,421.27557,-21.064964,15.315386
3155,408.26907,177.53253,15.353626,-14.074554
3156,664.60187,387.9561,-21.88537,-6.9954877
3157,550.0374,990.0634,25.065887,37.955093
3158,795.0327,428.06277,3.9963932,40.2827
3159,1003.3039,463.4812,-27.041021,37.67122
3160,781.60443,887.7756,16.941965,19.139997
3161,646.5653,506.1096,-31.412966,-39.488293
3162,344.6568,506.4181,-13.030585,-38.06013
3163,253.22568,349.75592,-13.964132,-1.6815717
3164,201.58798,545.0576,11.434211,-25.9241
3165,97.33725,602.1465,-14.39535,18.968103
3166,30.893122,867.5073,-5.9560943,-13.659825
3167,187.70757,57.41615,-15.263735,-15.202048
3168,435.35684,757.1693,-74.691986,50.210632
3169,635.66614,472.14633,1.2552928,-36.6754
3170,861.59814,577.28424,-20.77551,23.8025
3171,925.89594,709.4199,16.849005,0.5696479
3172,953.3291,873.53625,-13.121034,14.968706
3173,646.9875,155.25822,-3.1683164,7.546515
3174,193.99026,165.16411,30.19942,-22.707558
3175,62.22828,134.94746,0.31749475,58.95358
3176,765.34595,332.05664,-4.1202583,-24.400848
3177,791.1711,304.01733,35.534508,-37.56906
3178,748.53314,777.5035,-15.955045,-21.560455
3179,349.51486,376.40704,21.515259,-3.8772573
3180,373.97894,404.1633,59.515446,17.938692
3181,295.06073,900.9928,-35.603764,-19.761528
3182,434.99228,735.59314,23.579231,-52.298027
3183,828.5211,276.06433,9.86733,-4.173972
3184,120.366135,561.84705,-8.442575,-33.780525
3185,719.65375,719.889,-30.664665,9.977344
3186,516.8399,474.99332,-26.201014,-17.643482
3187,504.30014,972.07227,2.1063247,-15.218472
3188,423.686,376.52072,-2.3163822,6.065253
3189,229.1363,367.89996,-26.792065,-2.5563881
3190,249.96637,294.5017,15.501366,-0.08950869
3191,816.3251,20.250439,77.433464,30.218924
3192,521.5554,14.706863,-17.828516,26.596634
3193,99.91687,247.87447,-7.69019,19.926188
3194,306.7999,514.0696,-12.94386,-8.873461
3195,44.05549,982.8482,34.022205,5.936685
3196,812.48773,183.01047,52.10264,-15.738046
3197,632.5888,432.12988,-33.23691,22.995636
3198,984.15485,6.497529,31.091387,7.550502
3199,864.1434,337.6718,11.203822,11.0769415
3200,413.5572,675.26404,-7.4274597,4.683797
3201,456.0078,844.63574,20.022955,32.83109
3202,438.5739,879.837,0.1381181,44.005394
3203,648.99695,528.14075,-19.1336,-16.52302
3204,670.92365,423.40402,-2.739181,-6.473036
3205,845.60706,884.0854,14.60527,-4.3298945
3206,617.066,525.2639,-14.720613,21.711477
3207,310.33664,183.16994,-32.43181,39.46543
3208,630.6539,969.38983,9.897814,-45.084858
3209,223.07074,474.07785,-4.184463,3.5546103
3210,1022.07825,409.4816,-38.53484,3.1780114
3211,641.6831,471.71802,-3.013378,-22.026495
3212,921.58215,321.82974,-5.6516333,5.4307494
3213,73.185844,988.4066,-8.856361,32.416267
3214,298.8986,410.57104,17.760803,4.938299
3215,399.77502,214.1723,-24.289408,-32.828636
3216,280.43256,876.39264,15.4744215,-20.394482
3217,456.67056,927.2842,21.540775,-12.064253
3218,247.95517,158.32745,-7.945014,-14.621465
3219,146.45468,192.78813,-13.709008,7.6999135
3220,245.26712,803.59546,-52.97632,-11.909019
3221,59.00515,9.173861,-8.795426,30.76556
3222,898.7205,978.9217,-49.291077,-31.97287
3223,117.94179,983.7764,5.8250146,18.166706
3224,800.56024,95.45615,1.3405088,18.467978
3225,916.785,490.04575,-26.112411,-2.0571237
3226,289.4794,948.24194,7.239643,15.112688
3227,763.14905,10.713632,-17.727648,7.4235396
3228,752.07526,764.20154,8.535159,24.408997
3229,934.0346,761.9571,-26.033707,-6.7505813
3230,402.92834,161.65994,4.0833287,12.136677
3231,72.737526,179.12547,19.997719,-9.769805
3232,165.22617,705.5115,-42.060802,33.571827
3233,600.18774,80.024734,-20.525362,-3.7043486
3234,118.851036,218.08966,6.6564555,12.042764
3235,549.38873,612.13385,-2.9771316,52.396458
3236,246.20576,611.1301,-44.759266,-2.9359202
3237,450.89294,667.2722,-1.4967929,-14.888087
3238,77.44271,572.3236,-11.486206,-6.6793
3239,784.3829,396.48688,71.08908,-20.847221
3240,275.78766,568.1065,-12.4257145,-4.1890798
3241,538.56,368.19144,-39.602665,-5.8481483
3242,232.54857,143.33784,-30.09467,-31.419964
3243,68.63343,56.617645,-28.28375,51.18027
3244,277.87518,39.36805,-19.025337,-15.311299
3245,880.4477,910.0984,36.139317,-6.80379
3246,562.20184,404.352,-6.099857,-28.56588
3247,367.1577,777.5264,5.3008842,-22.348236
3248,810.80273,869.96106,-42.78904,-34.94551
3249,833.69794,839.32074,-7.9148026,6.815995
3250,619.40283,75.76758,-0.022751173,-24.55286
3251,618.4933,703.82025,-5.669689,-10.631247
3252,845.8955,59.915432,-28.262276,-1.2201024
3253,170.53537,28.579723,20.822058,-7.733288
3254,339.48264,385.92624,6.5922194,-14.665285
3255,956.99084,258.17935,-44.006645,-45.25391
3256,620.77136,101.21247,-3.546324,-5.8660364
3257,730.5291,646.47205,58.217186,20.63832
3258,903.1405,585.7142,58.218952,-40.618507
3259,683.83026,908.3784,-12.717974,11.231786
3260,413.4312,988.2699,18.060738,17.594
3261,212.59819,791.0473,-12.598516,-26.368979
3262,994.0145,393.19794,3.0059114,-22.296946
3263,761.5501,816.2751,-3.144232,-50.013786
3264,477.8794,841.443,27.898762,-1.5109956
3265,632.4915,487.18954,-13.941221,11.416997
3266,540.7317,313.22525,-17.018925,-36.074707
3267,627.9813,1010.352,82.86238,-6.2571073
3268,127.41178,772.0308,7.433089,-5.8226194
3269,977.9777,387.25735,-14.871783,-54.49018
3270,79.23477,661.4546,9.950389,-13.741005
3271,657.28864,610.6754,54.967052,0.23942114
3272,503.99905,850.7814,-5.1816926,-22.206606
3273,739.54755,831.6515,33.481743,20.859787
3274,916.38214,237.976,34.455025,6.3998733
3275,365.19345,544.93384,-5.4365544,-32.91393
3276,577.1409,14.695815,-7.119048,-33.17005
3277,760.8094,326.27042,-16.520132,-18.283743
3278,1001.76953,194.07399,-26.485722,38.49032
3279,566.3514,1017.9252,20.325523,23.104294
3280,920.5235,876.5386,-26.826605,-9.846562
3281,549.0078,474.65204,-15.156693,3.5820084
3282,554.9925,367.38025,-82.49327,17.310995
3283,469.9676,19.588184,5.492524,-26.751472
3284,768.79553,382.6649,-18.308296,-16.378284
3285,185.62172,80.08979,18.469637,-15.881991
3286,482.3973,700.70105,-35.703674,-15.333046
3287,59.807682,672.99133,10.194628,-44.954628
3288,893.58276,201.0012,-38.7687,-9.384307
3289,201.64294,131.69034,-3.847129,6.5684
3290,923.9298,495.77634,-30.90491,58.841606
3291,722.80383,571.98755,2.1456182,-26.230162
3292,917.8188,159.6768,40.972965,-21.082525
3293,728.04474,660.7639,40.270058,39.24237
3294,392.83475,1003.12585,-15.527155,14.404366
3295,401.15088,68.86996,0.32362357,2.100123
3296,344.64166,736.71246,-0.9796093,7.007635
3297,343.08795,446.7553,18.111841,-26.875664
3298,837.41223,379.45187,2.6408768,14.496903
3299,934.9878,978.7122,-20.534334,2.5918925
3300,387.2931,794.50085,-45.633358,-6.3418612
3301,980.2398,802.38086,13.386996,9.072831
3302,332.6613,286.2311,-4.8395357,-18.157358
3303,40.930084,34.422512,-89.740074,6.835088
3304,97.55658,145.55107,9.938814,-19.051165
3305,106.42925,135.28821,-5.1182904,-13.819142
3306,143.6605,366.13773,37.344784,4.8502135
3307,581.60956,880.1349,11.187279,4.2918577
3308,890.3465,160.92766,44.229088,-6.1523933
3309,659.4216,815.67474,-17.43285,5.72512
3310,153.09239,875.40564,-15.905835,17.388117
3311,872.77075,591.63074,-1.4018301,-9.429246
3312,982.8311,12.274114,13.803348,11.089173
3313,219.63594,201.46973,55.036415,-14.738587
3314,17.241508,448.5785,22.870659,5.9275346
3315,961.82184,255.82841,-35.019695,-47.566227
3316,247.32098,902.4442,-57.040073,-13.485866
3317,510.72644,712.9523,-10.48521,-5.5227165
3318,693.0224,15.3576355,-17.641972,-56.005806
3319,794.94214,759.20667,17.695543,13.279387
3320,441.97858,51.899254,-23.651133,0.009077835
3321,1012.37256,658.5814,-31.067747,-0.15125082
3322,674.2173,846.3565,-15.408178,13.060373
3323,60.634495,477.29688,0.52471554,-23.31164
3324,802.93036,972.21906,-5.7334275,23.357487
3325,377.79788,354.30884,16.533945,-8.178664
3326,514.59784,931.101,-24.029211,26.456139
3327,975.163,731.197,21.886972,23.926096
3328,595.56555,195.15837,-60.25654,-23.59776
3329,912.25775,138.63432,-25.131384,-51.03565
3330,464.5111,348.0205,14.298405,-9.626907
3331,78.94116,742.3322,-1.5793852,8.857724
3332,276.85117,908.2318,-69.29376,21.42388
3333,41.569145,776.0381,37.70178,30.629316
3334,304.68057,266.8054,-69.54107,6.1360083
3335,43.880077,600.5292,-37.463528,-1.1250001
3336,771.00977,915.562,19.038673,-22.246553
3337,797.47614,407.24512,28.773125,26.422827
3338,853.794,587.047,-42.793842,46.181534
3339,23.283699,700.74896,-10.012401,-2.8594666
3340,97.93444,421.65533,50.43735,-36.308556
3341,783.79944,119.57782,34.702583,-10.525425
3342,602.0012,55.5262,11.808103,43.012737
3343,309.0284,883.9158,10.858201,41.06114
3344,742.7306,683.5924,-17.927889,8.574042
3345,167.52594,733.01447,-75.592064,-26.39016
3346,699.8375,162.84106,0.2014185,7.5995584
3347,711.1213,368.89917,2.738494,5.291793
3348,546.1984,361.77567,-71.41369,16.940008
3349,62.652615,140.86424,-1.4380915,75.88532
3350,727.6884,787.7825,8.307154,0.1429716
3351,162.79529,877.4435,-30.66814,-38.207676
3352,380.66132,425.3568,-4.6168423,-25.103638
3353,126.125404,917.73267,-33.853706,64.76936
3354,223.55359,485.3049,-12.145037,10.469989
3355,279.11227,605.4338,14.883062,-64.495094
3356,348.31396,476.26334,16.06892,-68.70856
3357,866.4632,712.751,-3.8785005,-8.579005
3358,131.62518,570.6548,-2.8808658,-10.863427
3359,637.7098,569.74414,-21.8293,-0.5723001
3360,646.88464,661.51117,-4.620893,-1.1023805
3361,738.9407,608.38763,-31.45952,-9.868062
3362,744.0175,461.59497,3.1004086,49.13282
3363,578.62134,438.84348,-44.09868,35.225994
3364,568.60364,194.71832,12.625011,-0.9479276
3365,544.8347,766.9233,-2.7420785,13.339682
3366,578.4654,27.283989,-6.4324527,-16.06248
3367,517.2132,914.56006,-2.101541,46.242504
3368,320.85992,687.96075,-5.5552416,26.196674
3369,865.04895,366.2993,-40.695297,1.7225419
3370,814.8898,438.95718,13.53023,-17.263985
3371,493.85086,675.54974,-11.203744,37.830368
3372,437.88336,736.0455,-27.106817,16.955248
3373,605.48315,1022.4365,37.671818,-81.73637
3374,1021.67737,998.68164,-11.831591,10.539919
3375,748.42004,9.514522,59.917675,34.02173
3376,996.28284,602.34955,-7.1478353,57.461647
3377,358.11353,397.62524,34.162365,-11.896303
3378,551.23883,677.3403,-22.432129,59.93577
3379,395.1804,526.2471,8.850955,0.82132506
3380,612.87335,1010.84686,24.316065,-2.414588
3381,524.9177,695.9288,-4.25119,-1.0222095
3382,734.90985,848.4228,1.8773901,40.47034
3383,82.88375,485.6177,54.38043,-0.4386272
3384,117.10844,195.35559,8.31935,-11.68022
3385,757.3094,79.07022,21.504253,11.005724
3386,472.3822,750.47186,-37.966652,-18.983997
3387,108.90211,600.785,7.7552047,7.27199
3388,214.47281,350.26703,-23.652697,-35.710403
3389,502.36053,773.055,-44.90072,29.96984
3390,379.08847,869.29,-4.6384664,8.536491
3391,433.1513,204.61076,-7.7683296,-5.2075257
3392,684.93744,735.9143,38.13368,-23.3734
3393,883.276,96.942924,5.3097982,-0.9375473
3394,128.55017,600.77905,42.60952,7.404031
3395,989.21783,692.46625,21.826107,-33.169353
3396,288.31723,532.4344,38.27787,-25.146145
3397,937.85254,285.61197,-48.275272,-38.596893
3398,275.93945,584.1997,2.502528,-7.832079
3399,812.62213,32.161366,21.5002,-4.5743494
3400,803.04236,73.31131,5.0662003,15.380227
3401,807.3064,156.63057,16.2459,-24.310246
3402,428.3253,14.699586,-10.520307,-15.635409
3403,250.47522,21.988062,-9.8594475,0.052269354
3404,261.6206,171.1132,27.030499,8.814006
3405,939.3488,861.1397,-13.573382,56.669434
3406,804.1833,301.87204,24.91576,4.8803988
3407,123.80093,810.3069,-51.48246,-2.3529558
3408,471.8087,329.5424,10.136794,-8.0282345
3409,751.1914,89.15579,25.750149,12.529767
3410,348.19064,806.98694,-28.963362,32.60235
3411,776.7922,70.49675,8.818808,-13.69338
3412,682.69617,644.8163,-3.447803,-20.014742
3413,819.03235,908.4989,-13.380075,-29.707426
3414,931.17737,455.8324,-44.674076,45.821747
3415,333.31152,981.93445,3.4455411,-6.597386
3416,728.9003,904.1883,5.2596607,-13.463672
3417,983.8258,72.519394,-27.12164,32.886982
3418,951.561,351.68515,9.237731,-9.276056
3419,915.191,976.15045,-29.927498,9.160024
3420,681.8292,53.793236,-26.34166,34.705853
3421,652.5716,609.94684,71.73968,-30.51891
3422,952.9642,270.1867,65.81398,-61.38827
3423,500.3397,650.43616,26.566957,6.5541415
3424,781.49414,429.55154,-2.103401,-4.876698
3425,604.9651,353.5391,22.777405,7.7302914
3426,554.6499,69.20798,-0.8695723,3.8081956
3427,640.2272,478.64926,-0.90067863,-24.78944
3428,728.2611,827.981,67.66659,25.175581
3429,772.9655,141.55017,-19.889284,21.084602
3430,24.428762,25.464457,-38.133213,-9.774712
3431,14.617063,954.7403,-0.17321433,12.934081
3432,966.97455,84.14701,-16.430069,29.384947
3433,49.48537,749.6595,22.460632,38.926
3434,91.649864,698.4887,7.6602583,43.685024
3435,159.77524,881.17566,-18.424772,7.5232377
3436,731.23035,428.78937,-0.03900789,18.215261
3437,242.02177,929.177,-1.5432421,-19.946083
3438,859.6568,812.25275,-10.188479,53.47885
3439,323.45172,799.29333,-9.150316,12.167187
3440,812.34235,369.75412,14.144053,-25.643316
3441,488.58862,363.75372,6.8875628,-38.805386
3442,606.82544,591.6269,2.593957,0.14382935
3443,720.9955,944.0699,-8.850742,20.963425
3444,65.004776,124.64551,45.602684,74.21939
3445,422.87967,766.3847,15.789284,35.50603
3446,800.5446,403.55005,23.926088,10.278044
3447,336.72592,568.14087,-5.4536366,-1.7838539
3448,348.89456,319.99075,-16.583136,-38.21031
3449,447.70865,733.9166,-32.545742,28.702242
3450,724.8098,358.0076,20.504835,-6.058008
3451,937.5898,209.99509,15.921166,-10.891159
3452,633.528,902.1856,-9.815074,31.009605
3453,118.856186,104.334404,-8.16578,-11.1027565
3454,589.023,348.7145,-13.609506,71.53833
3455,122.062386,994.7229,-18.192348,7.6352973
3456,365.57867,364.0356,20.860798,-36.373573
3457,487.44568,884.3209,11.978169,1.3696826
3458,945.09796,849.6977,-42.178665,33.78638
3459,825.20715,338.06674,8.0674925,-0.08960204
3460,141.21317,209.78435,-7.6613283,13.870648
3461,147.01018,925.10406,44.51815,78.218506
3462,48.9073,740.817,25.969677,36.92948
3463,598.55475,64.84218,-0.7403222,-4.794987
3464,134.59978,59.260685,10.3853445,-52.316143
3465,63.948578,859.69147,-22.871687,-6.2954054
3466,198.04466,457.3518,-0.8837602,-1.0843465
3467,211.07904,525.36395,-15.852831,6.423475
3468,533.0907,686.24023,61.31972,5.6039276
3469,814.7891,134.93399,82.21648,5.6664476
3470,419.19955,505.40823,12.5928135,22.797375
3471,473.13657,199.94395,-43.162544,-43.197353
3472,0.20007324,981.2623,32.63974,22.03646
3473,187.68811,175.81993,29.103714,6.6316137
3474,600.2893,157.85464,13.578268,-69.60557
3475,396.6846,629.90155,-15.911152,-0.32221425
3476,525.99274,705.8051,-27.019691,34.08281
3477,871.0959,762.4299,2.975214,12.874074
3478,323.06097,263.41623,-25.382141,-22.102373
3479,766.4938,1019.70056,-29.363039,-45.016544
3480,911.75946,131.22021,12.410346,-12.58324
3481,154.70454,560.5869,49.14433,29.193441
3482,1001.1129,452.5563,-35.352657,42.592995
3483,385.158,375.04956,-17.496706,-30.830524
3484,754.3694,402.57446,38.71198,-22.304089
3485,408.40598,675.8784,-9.0736885,31.039217
3486,530.2642,201.08603,-33.681362,-20.632273
3487,368.4384,140.70049,-20.075897,-15.472366
3488,742.50446,114.52433,17.433826,30.063698
3489,112.83737,584.0983,22.454227,-45.949577
3490,821.6529,567.89325,-15.337709,-22.098381
3491,656.5292,200.97188,30.907248,-10.391131
3492,928.84607,694.4098,9.206558,-15.951315
3493,796.0653,919.4576,35.15227,10.933224
3494,937.21216,531.3222,-55.770912,-46.64354
3495,962.2898,254.68129,-37.96259,-53.901463
3496,607.5803,970.8589,17.891058,-65.780396
3497,784.4955,272.81485,34.69206,4.8241806
3498,859.63965,143.8069,-1.8369426,10.7585745
3499,387.60944,952.36005,-42.09125,3.0610607
3500,953.3291,24.230179,15.481017,-17.462086
3501,957.85974,262.03006,-21.366713,-44.79498
3502,205.52661,681.5083,19.38411,-7.4325256
3503,109.240364,276.2564,34.49576,-15.701758
3504,767.99084,725.0851,-3.4239216,-4.771548
3505,294.9731,737.15625,1.4469885,-25.772593
3506,201.62877,719.10504,27.269072,-68.82764
3507,105.731926,0.26532042,51.632027,-62.002262
3508,401.3502,226.43523,-19.074844,-10.588357
3509,600.1896,488.02304,47.243214,-4.681998
3510,756.5754,646.2131,-3.5577717,3.8629265
3511,757.8579,767.38904,7.8454213,19.176527
3512,380.02817,771.3148,56.828503,-35.89793
3513,514.1375,319.92175,-47.602356,21.810125
3514,35.46073,59.639385,22.154154,3.2767806
3515,974.0658,132.65668,-0.2732839,-1.6091152
3516,767.894,887.1976,-14.853878,-16.460623
3517,512.0711,338.2357,-5.4638386,-1.2807596
3518,239.90897,607.9462,-2.0895832,-9.500426
3519,789.8226,11.200868,-5.847405,-85.80484
3520,61.440174,592.34015,-47.190796,42.3776
3521,411.91568,365.82822,-27.968254,-0.4944326
3522,374.33365,813.4728,2.338648,-8.977315
3523,542.63116,696.06854,-13.879452,38.413605
3524,554.8046,552.6852,-35.177895,39.61412
3525,202.26271,921.39124,19.806774,32.40118
3526,13.608892,672.8054,2.1315608,-8.958837
3527,14.33023,404.2164,-54.744095,20.807417
3528,1014.3996,704.11774,28.96137,52.07845
3529,343.819,595.1166,-17.497131,20.904676
3530,660.7622,663.11273,21.094622,-6.2596197
3531,870.08057,352.48853,-23.31236,-9.954198
3532,764.0317,24.137535,22.373812,9.800079
3533,907.76166,200.27525,0.55927056,-3.2716315
3534,349.25085,574.4982,-31.904484,36.22645
3535,662.55975,60.48668,-16.629675,15.892623
3536,257.29846,589.7443,-25.483856,-37.571793
3537,781.4383,860.8363,-35.69319,5.8416467
3538,121.14367,770.9342,4.044204,-16.499214
3539,821.1734,721.06854,10.431215,21.843924
3540,632.446,563.5855,2.3005066,-26.870043
3541,807.5233,72.03509,-35.31075,20.83285
3542,476.11188,759.3432,-29.191715,-12.486919
3543,828.07336,289.6654,0.3611965,0.81320703
3544,228.48697,596.6954,28.58156,20.926153
3545,678.38074,271.9835,-26.492037,-5.62254
3546,477.70135,879.41394,16.911797,9.270576
3547,923.098,398.83362,11.572694,-3.0966902
3548,263.55783,464.2411,4.825398,-5.795767
3549,650.59406,286.65805,-7.3193126,-18.158455
3550,186.38313,976.8183,11.018816,6.9523516
3551,770.8807,387.26608,73.11311,-34.33428
3552,766.4309,883.52856,3.1681256,-53.46773
3553,888.512,954.481,-34.782482,-39.80658
3554,91.2842,758.51575,30.829517,16.781277
3555,452.0293,793.02716,-1.7880267,5.8935866
3556,953.74133,951.4762,-13.143579,-3.2546391
3557,340.4927,877.0066,1.6665595,-4.202713
3558,309.69473,261.82446,20.372988,-32.204403
3559,799.0955,552.3753,-11.556828,-3.2214375
3560,352.64758,804.3595,-42.40988,53.039425
3561,524.6462,581.7403,-11.564898,19.820938
3562,650.7743,420.0722,27.05371,20.612482
3563,557.2145,660.1158,4.5115647,22.88899
3564,444.13354,817.71545,-30.436028,-22.109436
3565,1.0535818,845.3013,4.8376703,7.8228555
3566,179.01495,420.88766,1.241627,2.1637642
3567,920.29767,527.20026,-17.85417,-27.809132
3568,61.18684,11.444695,6.3517113,-10.611273
3569,643.40094,972.7038,14.608379,-1.2399265
3570,958.38745,175.56494,5.485189,32.42015
3571,671.61725,468.73434,59.55991,-2.4388871
3572,574.04395,496.54474,-10.641092,14.155444
3573,561.75665,233.14322,-1.5182376,2.556416
3574,577.7368,478.44724,-18.057528,-71.4067
3575,228.63873,813.98517,-27.213903,37.347046
3576,545.2463,223.70561,-17.591387,19.386787
3577,39.5044,562.30225,27.877213,-0.80051994
3578,504.7723,882.37524,22.380554,9.213333
3579,589.52386,752.74945,-25.163279,-14.916747
3580,379.30908,364.5135,0.31717238,-26.602276
3581,671.20935,612.86707,26.221996,-26.706032
3582,348.39,509.0772,-52.189735,-48.473614
3583,180.4288,425.90552,-4.050865,-7.895291
3584,873.23676,621.3107,-33.761894,-9.426745
3585,480.29196,285.73203,-9.647613,-14.483799
3586,239.50021,798.66266,-51.20496,34.57222
3587,688.8855,30.460035,-17.102219,-13.890982
3588,1009.5771,918.56934,0.12474752,17.747307
3589,185.21265,232.221,-40.2789,55.83016
3590,73.68109,215.74326,-9.962525,-12.148954
3591,142.97946,958.45123,15.57767,35.48693
3592,270.43353,321.46497,16.189215,9.6721735
3593,623.78156,966.0743,5.577044,-34.835484
3594,547.5858,676.37213,-8.8477125,61.340836
3595,253.42818,336.2888,-18.219833,-22.476868
3596,528.4359,0.66003126,-44.61671,-4.025974
3597,525.01935,1013.3394,-42.289974,-29.378223
3598,849.8578,380.47107,11.425074,36.490463
3599,169.00838,402.4509,9.046267,9.42703
3600,252.34326,936.9433,24.482264,5.2497354
3601,776.0763,798.43286,12.15107,-8.124586
3602,390.91916,458.47574,-17.92169,-46.55376
3603,213.93866,316.67007,-14.201106,3.0039754
3604,820.9403,501.14178,7.7193246,9.473104
3605,109.59566,922.11224,-63.509514,52.62016
3606,693.41113,607.47327,39.206234,-10.107019
3607,513.13965,849.17377,-20.480389,16.19105
3608,743.79694,9.039138,35.846794,11.828717
3609,991.6844,456.75443,-28.036547,18.956573
3610,969.83813,436.5361,4.612446,53.422123
3611,370.69693,51.08087,34.204544,8.354526
3612,175.13092,181.65736,1.515017,7.5796885
3613,978.7469,594.8804,-21.533354,18.896147
3614,322.87814,541.77045,7.8002744,-0.9295581
3615,932.6349,667.90875,9.785935,28.500504
3616,186.01387,192.1256,-17.108198,-48.428272
3617,10.548707,261.4397,14.967684,34.105625
3618,1015.6794,1019.7982,-35.457138,-43.322224
3619,379.60132,135.68391,1.4876287,1.0835254
3620,897.9196,615.17926,13.317245,60.65255
3621,195.77448,970.63257,46.815624,4.71548
3622,445.81253,103.48089,3.874121,12.657251
3623,821.92316,716.96014,-15.93379,19.204731
3624,681.00555,39.081944,-9.20458,0.072074726
3625,322.02475,787.4703,-6.344864,-5.4512887
3626,590.2918,634.62103,-15.14269,-5.1283035
3627,828.7927,844.6226,3.8990388,-3.8588042
3628,60.87811,215.4618,-10.615162,16.530064
3629,279.28018,273.44092,51.9996,-36.92137
3630,669.6488,104.62556,30.166586,18.581533
3631,533.4,171.62521,-34.667625,-14.244957
3632,531.34674,0.8289499,-60.521145,12.22413
3633,69.768745,288.4189,14.492737,2.151759
3634,342.47205,481.17596,-22.431248,29.327936
3635,109.26905,479.56265,16.932951,-5.550061
3636,560.5668,708.6821,-17.252573,-24.888134
3637,253.16885,158.17917,9.30363,-15.202205
3638,1004.1554,635.0326,-11.900411,17.4358
3639,815.3719,867.84344,1.5362262,-18.612331
3640,719.1475,649.00964,44.25451,61.07891
3641,343.45068,41.488506,-3.9206946,6.6813474
3642,161.98328,13.261387,-2.1373506,34.355595
3643,626.5753,489.87143,-20.318106,20.545563
3644,317.9911,332.62698,-5.86324,46.28964
3645,79.10187,299.1432,-17.850822,-6.3305244
3646,1008.10114,550.11346,19.097055,-10.228487
3647,482.1569,130.67836,6.513958,21.33639
3648,1006.90234,744.78894,-5.560625,-27.122278
3649,540.3903,977.4179,13.726073,3.3386052
3650,980.7953,722.01904,-74.73877,9.958575
3651,810.60205,97.04754,-3.0122962,-24.777634
3652,128.68062,910.54254,-33.130802,61.382603
3653,0.7320752,185.61269,36.863964,-66.33
3654,63.66346,129.08269,22.738485,61.57609
3655,0.60981315,620.47534,-12.4955,-8.425981
3656,659.36707,115.16862,-46.20666,-0.6240129
3657,779.6113,852.69055,-33.82316,-10.316698
3658,599.95026,318.33386,-7.1191306,21.60451
3659,503.10367,667.4198,-19.445961,53.5847
3660,642.69604,4.777654,11.525383,-30.551249
3661,232.98795,408.77182,26.964949,3.7110002
3662,144.11372,374.50732,-13.556772,15.073927
3663,19.506233,1009.667,10.477841,4.9331837
3664,470.337,818.8198,5.451893,-7.2710986
3665,273.50623,79.906715,16.804983,29.54966
3666,560.7469,142.1168,-12.696579,-23.4551
3667,766.9287,790.0074,1.7801096,-25.830421
3668,315.25873,536.04767,9.058825,23.750353
3669,963.3253,719.3964,27.508732,10.761877
3670,394.97754,565.81976,-31.555382,19.933458
3671,629.86053,576.7594,-40.500763,-9.682153
3672,689.8102,20.513685,-12.616967,-46.441162
3673,225.71675,835.2183,-51.689728,2.7485921
3674,328.84308,306.0765,11.047691,-21.619074
3675,612.28107,200.66962,28.789003,42.95486
3676,539.7755,643.19226,-9.543301,18.163479
3677,967.36304,224.73029,29.797846,-20.38367
3678,749.6562,841.6663,7.1654453,9.242473
3679,578.8475,623.1915,12.611763,-27.201878
3680,116.07545,137.11569,-3.8610647,-10.646044
3681,172.84875,233.08443,-20.134073,11.113354
3682,224.5985,1001.0212,3.1300168,3.5180259
3683,474.72504,487.27954,-3.4925647,-8.627409
3684,122.52047,374.68103,15.459501,4.411448
3685,152.10538,558.32367,35.93438,19.249146
3686,932.6721,758.2352,-4.673415,0.096382014
3687,313.76837,356.70728,1.3886398,16.886969
3688,643.978,806.955,-46.65111,-41.11108
3689,759.43396,649.36127,-6.6046696,19.273811
3690,3.5240755,154.17865,15.426485,25.177011
3691,343.1422,494.03076,-20.781736,-53.25064
3692,14.03429,741.40436,1.9515296,11.563854
3693,351.30298,610.32336,-27.229511,-40.227592
3694,110.85672,770.06256,-4.403116,-11.004843
3695,968.8777,230.2956,13.14466,5.0352764
3696,546.5916,911.81244,27.122526,-20.824772
3697,367.2247,722.7481,-16.812967,3.6543984
3698,326.7438,459.96744,-1.1486944,-26.574207
3699,751.8646,660.9422,-8.22206,-3.6022906
3700,60.65297,402.57855,-17.611818,-33.930904
3701,997.9672,641.3755,15.456424,-38.48678
3702,322.0849,43.721916,20.048168,47.442677
3703,937.4367,929.0015,-6.4924245,6.9991345
3704,93.92121,745.5758,35.848194,-6.4518914
3705,176.2776,967.26117,12.08742,-12.175013
3706,4.0708146,973.5669,52.239513,12.216269
3707,718.7777,362.7258,-21.668856,-25.561647
3708,257.54932,981.32654,-32.07814,-9.032007
3709,187.97708,674.55524,-1.8212986,-30.901066
3710,856.4983,910.2957,9.966315,47.390854
3711,439.2513,444.23495,-8.5389595,-1.8386552
3712,902.21063,887.96747,29.899286,-34.926064
3713,585.9547,186.42688,-32.142326,-29.523947
3714,825.5133,60.22231,-1.4798243,6.7540865
3715,949.3893,32.81867,-36.106445,-25.052896
3716,961.0166,983.41656,0.07230847,22.61525
3717,351.39615,78.618645,-14.783032,-27.024372
3718,52.043022,598.6665,44.770973,-29.743557
3719,63.863976,941.801,-2.1311693,2.4825015
3720,42.186108,1023.62213,-63.19346,-43.43961
3721,259.52847,823.10876,28.21345,-5.2155643
3722,295.55295,497.70633,-30.207438,-53.902763
3723,162.35336,524.9253,-0.11917926,-19.788868
3724,670.6494,584.12823,-9.732295,-14.771608
3725,838.7141,64.24168,-21.563051,-24.492624
3726,403.41092,911.1415,-0.23202191,-8.921493
3727,779.9262,210.63704,-14.934032,-48.983845
3728,996.5624,54.620747,-21.711008,14.277608
3729,233.5072,294.33905,-27.973097,-53.887432
3730,513.4151,311.28268,-18.337093,-10.712685
3731,26.203379,405.41577,-47.355324,4.8260584
3732,814.89453,968.4857,23.484371,38.925518
3733,240.18355,20.69858,-40.595825,18.63097
3734,64.99558,36.139694,-53.150097,21.502865
3735,737.8025,839.5414,27.466995,34.017956
3736,282.32678,51.969128,-20.686192,-3.6015563
3737,731.9767,294.02484,17.038744,46.466667
3738,705.17834,484.02078,-34.967056,14.410969
3739,259.7236,393.2194,-89.27526,-3.0298126
3740,293.30313,235.53621,1.0968343,-3.65235
3741,279.23773,380.20264,3.079126,-35.328
3742,383.8287,718.5018,30.506704,-26.410269
3743,698.9952,688.67865,-0.47703922,19.949919
3744,723.5992,659.7392,10.628548,31.292995
3745,516.7004,50.707527,-11.253138,0.48054934
3746,307.26315,766.8552,8.372915,-16.05595
3747,331.40723,822.73724,-33.7383,31.687176
3748,258.8187,892.24677,-4.912168,-45.55064
3749,585.2075,30.722097,8.201551,-26.478481
3750,735.96136,870.8803,49.220802,34.455097
3751,838.33075,121.34821,-23.084892,40.206055
3752,28.427124,521.15314,-6.5618477,22.221025
3753,409.3333,276.52298,-9.143126,10.794874
3754,405.2502,915.5623,-10.549334,3.4939432
3755,756.5855,921.42163,52.85752,-33.082954
3756,764.1505,796.47296,-7.425671,-32.607037
3757,311.1859,425.49924,33.07004,40.103188
3758,106.71395,829.94855,1.1461293,-38.415768
3759,739.93384,173.05698,-2.2256525,39.583256
3760,853.17316,332.85486,7.2972493,-16.99179
3761,991.0534,915.79364,-3.7223134,8.680323
3762,738.8176,85.38842,45.670654,5.5832863
3763,725.05334,742.0141,-14.085294,-1.3440976
3764,614.92,1008.05597,7.576597,4.759689
3765,235.08316,780.1606,14.852121,22.448292
3766,533.8257,761.5841,-5.1895404,6.2973704
3767,929.2415,766.09,-43.103844,22.809961
3768,469.70163,326.34503,17.291454,-10.820441
3769,803.6555,1004.83026,-11.022553,-20.406946
3770,430.22528,685.65845,13.326834,-7.050093
3771,172.27664,641.9199,-2.115718,0.60842997
3772,383.3381,119.96147,-16.802338,12.459389
3773,873.0151,963.5285,-0.12586033,13.569967
3774,843.67444,205.35583,42.720943,4.349487
3775,894.385,596.0844,-27.373993,25.343096
3776,736.8572,1022.63684,44.071392,78.47109
3777,213.14189,9.647435,-15.678314,-11.239259
3778,444.50488,109.028984,8.856299,11.424498
3779,250.19965,602.2258,36.297684,7.519922
3780,364.8418,304.67194,20.668026,26.02799
3781,504.244,610.5555,-47.675533,-2.64206
3782,1007.201,310.8215,21.272524,87.449875
3783,486.15176,578.63635,0.8272042,-23.54225
3784,64.096085,144.18802,-6.925987,-22.144245
3785,659.2892,86.54255,16.134563,37.58273
3786,152.58156,97.25057,-4.3020105,1.9128311
3787,44.899044,144.58487,-43.788395,42.7361
3788,932.55145,228.80258,-4.901821,19.44048
3789,995.349,406.0598,9.100149,-9.263029
3790,328.62854,28.915728,-47.24859,-6.953503
3791,1023.358,341.42422,14.264544,-11.850357
3792,692.3224,378.13397,-18.282036,9.379102
3793,1015.2162,436.31787,-29.243065,75.58342
3794,1010.1229,333.00287,-3.0598495,-43.467323
3795,487.88385,394.8549,11.928521,28.772503
3796,329.7447,46.64738,-5.4651184,-23.448284
3797,350.91293,890.27673,-16.715752,0.7272823
3798,463.3498,318.22208,10.900304,-5.640308
3799,680.57184,470.84396,32.43559,3.7402244
3800,134.62595,251.49103,56.199257,4.012202
3801,658.18274,950.0474,9.019779,-8.743916
3802,69.16057,816.08136,28.98339,-17.345385
3803,635.02454,333.9874,20.667406,13.907213
3804,963.83545,172.63744,19.29265,32.864624
3805,725.3783,781.6349,-22.30502,80.68786
3806,281.4659,908.18494,-82.67386,-3.6088262
3807,964.6164,734.5446,27.517813,39.04881
3808,477.71512,704.95483,5.312873,-67.23971
3809,312.6495,18.485012,-3.9562306,-8.549241
3810,754.32324,653.41095,35.84394,1.5685339
3811,440.4423,683.32245,-31.765972,-11.340561
3812,738.29877,388.56955,-3.0703847,23.553116
3813,546.3389,539.71576,22.542707,-38.783127
3814,638.21564,41.551395,22.193789,28.38709
3815,111.588646,209.18637,1.5922076,7.8687716
3816,827.0587,319.683,33.595062,4.622052
3817,362.35098,443.37717,2.290159,2.9732108
3818,825.62335,304.8279,3.610432,-22.92402
3819,149.3885,187.01605,-3.9731853,-22.780409
3820,857.4533,477.63715,-17.012922,-28.315586
3821,490.15567,160.14897,-7.0190105,-24.014189
3822,25.386063,1005.50635,43.30019,71.87705
3823,698.7509,696.3495,-8.7666645,0.81592816
3824,584.3762,670.43585,11.608889,14.250924
3825,587.40967,437.1556,-36.830685,35.124695
3826,569.40216,514.08496,-31.03756,-14.859122
3827,665.3083,620.4001,0.18324345,8.835112
3828,6.2467504,624.9665,39.789722,11.887071
3829,512.797,806.2371,-0.7268121,37.521267
3830,553.6009,613.8608,30.889486,29.463146
3831,201.08974,161.47328,5.8738446,-2.1773198
3832,399.59116,226.47543,36.614586,-36.630344
3833,62.151974,506.81082,3.015225,36.84345
3834,244.46725,676.3046,1.8452067,-50.50303
3835,194.12411,541.5538,-13.35011,-40.020428
3836,1003.878,881.3738,-63.86195,1.3246245
3837,347.35272,25.33139,-25.583504,16.461235
3838,497.43265,119.745895,22.591454,-4.8938546
3839,139.8623,541.02423,29.549767,-62.62406
3840,236.85374,562.92816,-19.305431,11.477363
3841,656.40454,606.6106,48.97799,-5.066717
3842,617.5221,385.1759,-31.067776,15.429455
3843,67.92919,975.35645,-11.777533,23.47538
3844,390.42374,19.156878,2.1332676,-6.6031284
3845,131.78033,814.45416,-60.04768,-8.299412
3846,683.58527,67.67867,-36.452087,22.909153
3847,517.9803,353.44632,15.237149,14.206936
3848,625.7332,447.0891,-17.169744,-14.941957
3849,280.68494,493.9886,-30.40234,13.330813
3850,211.47296,436.83722,36.339577,-17.345486
3851,1022.3969,691.1739,46.12246,17.396635
3852,833.21075,74.753174,4.233337,-14.751015
3853,608.22345,64.34447,1.8783631,-11.706361
3854,145.29663,272.3108,47.17991,-3.7896254
3855,726.14984,203.98059,12.052514,-8.554694
3856,479.5809,794.23254,-7.6021705,-15.474791
3857,391.6612,180.54298,25.166475,12.53295
3858,547.92865,364.96533,10.078589,-53.526768
3859,65.070114,648.4486,-21.43117,-20.892107
3860,357.14462,84.098206,-27.923056,-12.828908
3861,737.00995,697.0956,-6.9898114,26.639053
3862,468.51868,704.56525,15.746226,-41.846367
3863,54.382618,596.1191,-30.526474,11.9556675
3864,392.09055,963.26154,11.669902,-2.570056
3865,752.7867,877.00903,-43.34161,-65.84337
3866,857.1305,568.5743,-6.2698407,12.266178
3867,36.282867,1020.6309,66.587105,29.325455
3868,211.34361,62.193787,-69.737656,-11.518841
3869,122.90023,60.206852,18.271482,-12.021475
3870,784.77826,98.05204,-4.8591814,7.9468503
3871,968.75903,388.05554,-28.481676,32.587543
3872,195.06172,529.9684,10.892552,-43.92364
3873,630.0239,412.8929,51.641434,38.101555
3874,416.91937,722.40186,-26.267769,-1.484965
3875,1005.1585,778.44006,-8.487238,-12.53757
3876,34.230083,714.2977,-9.880589,22.926777
3877,28.664412,461.1144,6.4249125,-52.854424
3878,196.70123,535.0918,5.539353,-32.84494
3879,747.92633,508.30817,-0.62593234,5.3213997
3880,967.7615,1022.0191,39.084938,3.738102
3881,306.8488,389.2399,-87.73079,20.082539
3882,282.72913,400.81033,-41.970596,27.322279
3883,213.92767,501.63306,6.7024,36.90123
3884,71.26361,861.7244,-18.888733,-15.419473
3885,1020.02014,324.24503,-3.6746852,27.254715
3886,369.5448,214.40776,18.70907,4.4942884
3887,982.3507,662.51715,-29.985973,-3.8393495
3888,1023.5039,836.3469,6.265142,24.025206
3889,1006.54114,715.08386,9.201932,-21.17159
3890,629.1196,794.394,-2.4039094,3.1999524
3891,519.6319,313.4602,-49.084236,1.3488883
3892,713.5292,750.3128,18.387043,-0.35565194
3893,734.6441,288.851,12.818986,26.172884
3894,304.02432,307.58,1.7223082,71.56663
3895,295.57916,238.94942,-6.488889,-67.91882
3896,62.699505,229.09912,-7.8553033,7.3300443
3897,462.58072,772.3905,-7.542507,16.706799
3898,547.755,39.644146,20.548532,14.602112
3899,320.14368,384.77588,-25.653841,-9.031051
3900,316.96335,558.11456,6.0656123,-5.4167895
3901,326.09567,851.9931,26.281698,27.25656
3902,54.84018,1002.30835,51.095085,-44.672604
3903,660.5338,826.0587,-12.803354,24.023687
3904,434.0592,82.368614,-7.0045595,2.6320128
3905,381.6736,302.02835,21.72571,21.28722
3906,864.34564,284.31882,8.28633,-2.107803
3907,706.01117,390.97864,6.917263,50.992996
3908,848.80304,705.5567,10.464052,38.86536
3909,921.314,481.304,-21.266386,-10.790105
3910,91.24408,305.61066,-6.836059,3.1454
3911,531.81665,239.72548,12.388529,-40.580074
3912,826.2286,516.32043,11.269478,8.243533
3913,655.8606,616.65173,17.043905,9.715874
3914,257.43213,309.45166,25.89174,-17.714481
3915,755.38165,2.4425473,41.899254,38.756638
3916,486.8723,896.5628,11.9710045,16.518724
3917,664.4068,586.2548,-8.35012,-1.0967008
3918,126.32188,471.5217,31.41378,-0.038057007
3919,842.0547,7.154529,-1.8875868,-15.759185
3920,431.8125,635.83527,16.17176,6.188559
3921,230.85391,100.097015,18.112854,-8.803093
3922,473.21866,193.54854,27.764946,2.8516665
3923,1008.0963,608.3116,23.839691,29.358908
3924,987.99414,294.21027,53.201927,-23.643335
3925,113.15073,98.174034,6.8873553,-15.517065
3926,334.75598,120.273254,-19.559855,-14.537162
3927,889.1892,755.924,0.84376895,-30.083414
3928,808.6783,54.129833,17.75057,4.561298
3929,339.95505,872.6244,1.9971452,-6.0643897
3930,569.60284,75.20045,-0.4255089,0.8898745
3931,467.44037,874.99854,11.092714,16.343271
3932,1003.9178,802.1597,-4.864431,-8.826929
3933,837.5083,722.77234,-29.133434,12.310014
3934,724.4826,534.6582,34.375706,23.675797
3935,919.6659,694.7577,35.66757,18.171598
3936,324.27664,288.5949,-20.998987,-7.257674
3937,743.0127,612.32025,-25.325546,-9.024443
3938,359.78662,406.35693,-15.824971,4.91526
3939,955.04846,257.16245,-15.191837,-49.345303
3940,45.652267,77.246925,-10.051626,-3.9530773
3941,367.04056,143.55618,3.5966165,-29.42108
3942,805.1795,125.33555,70.04723,16.953262
3943,375.28235,314.05667,-30.039051,19.998104
3944,489.44293,633.93524,-0.3530306,61.424446
3945,309.3281,726.057,0.46213698,-2.9905734
3946,909.26105,377.0435,6.671686,26.836952
3947,401.40366,205.08488,-26.834627,-38.935352
3948,849.84454,657.3376,-56.50187,10.24442
3949,555.42236,243.42557,-1.4494936,33.752224
3950,512.27094,815.0977,17.360561,17.691751
3951,772.7419,151.18474,8.215076,24.570272
3952,85.29025,619.2651,-34.50316,3.6386504
3953,396.0367,358.493,46.5649,28.854343
3954,869.5655,699.4445,-6.448499,-12.425344
3955,908.30945,578.2878,0.42239046,-24.491177
3956,509.81613,844.8535,-1.770706,-7.335314
3957,553.9624,150.70871,35.00557,34.56062
3958,18.6391,46.219894,0.87088835,-30.559551
3959,62.06819,66.35968,67.58975,-4.7930884
3960,707.854,603.3192,-11.03196,-20.264364
3961,383.23676,12.244888,-0.15092398,7.8930955
3962,954.82416,152.8441,3.298391,9.402665
3963,153.41278,737.8344,-3.6667001,3.2560232
3964,66.757935,698.2202,26.752205,-42.92205
3965,817.90576,1007.44037,-23.158808,24.045412
3966,1022.8728,655.0774,16.588287,-5.512374
3967,970.1129,613.22833,6.669739,-8.597694
3968,56.40745,493.7742,28.683542,15.198063
3969,617.6381,211.52504,-27.389496,-63.766693
3970,218.73239,994.4544,-0.78889567,3.949872
3971,874.68475,596.40924,1.76793,-22.419388
3972,88.159744,440.41333,-21.709295,-24.791807
3973,916.7672,505.01407,13.59958,-19.134346
3974,248.13043,947.9085,-5.287889,-1.413603
3975,295.97067,354.84787,-16.970331,10.062399
3976,683.8525,513.0648,-6.7052445,42.168465
3977,385.86343,596.90424,26.735561,-2.8457246
3978,165.38693,466.80902,-2.583298,-10.172574
3979,211.46259,140.08778,7.4705215,14.8174515
3980,542.9058,123.90554,2.6670542,-9.717581
3981,838.35583,588.1839,-32.16376,-9.096068
3982,57.488594,1013.9481,28.209858,46.495613
3983,749.94244,535.0929,49.479836,-2.2932422
3984,763.9332,895.41174,5.815719,-38.503593
3985,71.88264,429.3149,-27.495155,14.819073
3986,353.9115,307.96396,-13.014617,0.5799264
3987,635.4712,412.29962,42.574093,26.200611
3988,793.1249,439.70273,16.18852,12.991242
3989,975.07776,105.77112,1.036564,3.2180483
3990,222.92108,905.21423,-28.875196,-17.055338
3991,566.81885,239.06789,9.8336935,22.261576
3992,830.17523,801.7956,-51.2099,-14.177861
3993,544.43396,34.30397,28.05161,-22.327124
3994,110.09236,689.128,-32.96235,-2.1139956
3995,274.45898,622.1486,-18.352055,6.999153
3996,25.646664,586.6302,-51.33809,-52.45324
3997,41.781208,1007.06494,-2.314407,49.46228
3998,480.88495,603.20087,-9.107953,-32.284325
3999,505.81274,581.3514,44.48152,-2.0462117
4000,227.93655,312.15588,16.698162,-6.2928534
4001,335.3398,202.27495,47.520367,12.765637
4002,674.8298,256.08112,29.967537,-18.949614
4003,642.8911,373.89673,-46.850376,-16.953629
4004,445.01526,770.7911,76.52846,44.83669
4005,797.1747,435.01956,14.763154,4.620284
4006,813.89655,445.2202,16.631784,8.493805
4007,272.7008,717.426,-37.81842,26.025146
4008,587.59467,966.6529,33.464012,7.7238884
4009,930.5564,479.83817,4.527269,0.1982988
4010,84.01418,189.24672,-40.985046,-40.18454
4011,219.01813,0.48777065,-21.742962,-26.621368
4012,224.01639,296.31436,7.3137794,19.550089
4013,909.05005,368.8114,-1.044145,10.316793
4014,789.5039,219.91376,44.399563,-67.49759
4015,921.8247,394.06998,15.235574,-2.0481453
4016,485.7858,619.4809,4.676777,20.670946
4017,216.35635,308.0411,-0.47982907,-17.673773
4018,862.5837,1007.2864,0.913158,0.8269104
4019,789.2823,234.53487,43.39396,-22.57064
4020,857.7931,396.90884,-17.05681,6.4391065
4021,822.9538,351.47943,-0.07740887,9.0950365
4022,159.62442,561.1141,48.210285,6.093051
4023,449.2222,300.87878,-9.290469,-19.431091
4024,530.24176,760.499,-19.689465,23.625502
4025,154.2983,466.99338,-13.784925,-11.962016
4026,106.18698,840.8105,-19.469948,-27.485607
4027,358.99652,213.17705,18.619719,-0.9644224
4028,510.46353,16.907158,40.678967,-27.274254
4029,218.01956,588.5554,-5.249966,52.45878
4030,735.95935,188.40984,5.2327976,52.01978
4031,440.3515,894.0803,-1.1508634,13.732624
4032,522.1772,81.11154,-22.652048,6.4781814
4033,747.744,440.82486,-11.823146,13.596781
4034,359.22293,83.61321,-29.79888,-29.170193
4035,806.2132,792.3265,-1.0401791,-33.784363
4036,525.91736,579.44653,33.899136,-16.264654
4037,717.1273,284.5462,51.124706,14.4397745
4038,493.4947,780.80084,-44.006367,35.83926
4039,967.61,832.7538,-1.6667467,18.094276
4040,154.45555,606.5171,0.8273641,8.258107
4041,811.196,251.00774,3.958847,-2.1573076
4042,477.72577,697.1643,6.1471615,-20.083624
4043,730.64124,56.581768,-31.041529,32.823147
4044,171.49681,453.95038,13.180974,-28.248617
4045,211.11096,708.3137,1.0650764,31.877419
4046,992.7598,200.7569,30.105438,48.233276
4047,474.0504,373.9529,-7.6591253,-10.622774
4048,845.65704,619.62335,-28.975912,37.131104
4049,717.3124,71.98983,-6.1765947,-29.834896
4050,685.0237,44.199654,-25.37691,8.977699
4051,946.1411,929.25146,-9.941726,14.871414
4052,723.25385,828.95026,40.37341,44.201645
4053,763.91504,178.16846,-16.670835,-41.115967
4054,718.76385,658.24805,84.57068,4.1186585
4055,451.2418,230.81635,6.964951,48.74457
4056,907.00134,251.92953,-14.261402,32.386757
4057,964.2595,481.33804,-57.991302,-32.193283
4058,252.69904,141.63298,-2.1010585,-38.66524
4059,497.99658,892.0861,4.4825687,-0.76936156
4060,375.08163,339.51843,-13.709561,28.52222
4061,984.7162,689.12366,-1.5907774,-24.511286
4062,654.39746,817.59094,-1.6237553,-2.926801
4063,1009.6794,295.2696,38.30129,21.736227
4064,626.36993,177.7447,-7.8840013,23.924654
4065,27.19367,862.32574,-1.2620636,-18.323893
4066,40.701088,395.85297,-43.145687,-5.2267833
4067,501.88065,777.7846,-49.143284,38.223568
4068,569.9239,9.104727,-8.499597,-24.84512
4069,902.5521,573.0731,-9.719674,-26.89631
4070,720.8594,595.9947,-35.500763,-32.780556
4071,909.20905,917.8348,8.411546,-16.188614
4072,286.82983,753.8889,5.8311205,61.990803
4073,478.73315,699.51385,14.6165905,2.4474816
4074,30.010164,996.0402,28.587154,78.19397
4075,899.77124,710.7331,-52.51207,34.350723
4076,809.1629,808.7846,-1.865583,-19.451761
4077,306.2963,953.18463,8.241743,-26.5313
4078,505.3939,995.3621,-34.52086,-30.271723
4079,185.47195,636.97363,14.799997,8.361665
4080,446.22406,251.99358,11.087453,-15.608755
4081,238.2014,498.70456,7.225743,55.55802
4082,377.01004,191.86728,30.839787,-15.958169
4083,687.4668,648.82855,31.52535,-22.304783
4084,1021.516,212.68517,55.45754,7.178804
4085,604.68585,468.64532,23.030651,-15.817209
4086,5.6497912,431.66382,-36.15216,37.005653
4087,100.4312,848.16675,-9.432492,-18.145588
4088,1011.77026,891.4248,-52.659283,4.2544775
4089,602.50226,653.6476,17.725811,16.235882
4090,786.6661,152.52817,49.690216,-64.48473
4091,908.4863,872.9832,-25.564898,0.5925707
4092,314.2386,40.479115,26.480839,49.048218
4093,252.00412,968.49866,-20.755875,-46.332813
4094,869.58936,621.3627,13.384967,-8.14005
4095,318.1089,183.50801,-25.025305,48.942066
4096,268.1239,67.51623,34.461998,24.665812
4097,717.36633,672.8079,50.940323,-17.436867
4098,949.87744,824.32306,22.604065,-19.33365
4099,434.94388,261.4442,-37.670525,23.3164
4100,150.35811,153.39102,3.3343818,4.7136292
4101,814.8856,335.20578,8.528388,10.040497
4102,500.76767,461.37326,-5.3773046,-9.541033
4103,654.0486,262.32056,12.383353,15.4338875
4104,408.83368,859.68896,12.463308,31.48593
4105,743.6685,371.67105,14.57747,32.272945
4106,653.13336,600.6517,8.013862,-10.367717
4107,581.82,530.72626,-26.019863,25.800056
4108,492.94907,455.61798,-16.442049,-18.429686
4109,161.20029,62.028534,-18.909771,8.832748
4110,315.81967,853.1345,-1.5249395,34.716976
4111,107.33238,523.9222,3.3210914,4.891192
4112,931.054,392.42548,27.59622,-0.63947093
4113,796.1561,785.29706,-7.0556383,-17.631866
4114,949.3915,238.29887,7.059573,-27.12353
4115,446.28992,415.01495,6.569612,-17.719961
4116,469.93414,334.012,-7.9251776,-7.7069635
4117,9.494565,819.46906,13.828615,-32.659798
4118,80.484985,978.3479,38.01361,31.803196
4119,96.66284,623.4309,-18.17389,-23.726566
4120,45.783333,21.367186,7.8662252,-30.290829
4121,126.65883,932.23816,-14.779518,44.103252
4122,687.25696,908.5594,-27.100307,19.519283
4123,136.65875,96.45786,-38.449024,9.002559
4124,50.124138,150.81543,-45.502464,44.5631
4125,355.0696,77.301254,-11.366403,-11.230599
4126,557.28046,433.31174,-51.14589,-22.92273
4127,188.41002,190.87407,46.0827,19.30834
4128,864.71515,393.59152,4.710601,7.6550136
4129,160.62169,25.144934,41.45254,-6.6538177
4130,273.0264,814.5866,-14.788671,1.861995
4131,632.3493,541.87573,11.651156,24.919632
4132,717.4132,433.81107,38.907536,19.404495
4133,635.8486,158.85327,-35.198547,4.0668254
4134,2.7479234,1005.268,27.983782,-67.38478
4135,145.56859,146.86118,-18.183489,2.615821
4136,361.63443,945.4829,25.230978,-6.177677
4137,994.25476,953.15216,12.051022,5.3516684
4138,599.49384,193.61194,-58.71744,-22.334318
4139,312.7092,399.26578,-63.093483,12.332965
4140,663.4973,333.54105,19.847101,6.952789
4141,299.20764,677.3233,9.4012165,-19.058912
4142,784.6785,443.5884,37.772327,-11.566495
4143,296.58795,985.30005,-4.907359,8.832981
4144,585.80597,750.24426,-15.852364,-19.778955
4145,955.60406,752.9456,-0.8634095,-5.5441227
4146,362.8687,220.80986,-35.20702,-25.409544
4147,410.69647,621.0482,-12.526284,13.307189
4148,449.6597,800.2594,51.870243,-32.06763
4149,276.45087,310.36563,31.131882,1.9358698
4150,333.19867,198.24435,11.015887,47.147976
4151,427.37445,685.5759,-7.644323,14.199307
4152,686.5295,99.38893,33.572136,28.983086
4153,150.78201,503.76422,-8.090557,1.3112448
4154,204.74966,732.45886,61.56039,-30.807505
4155,708.44885,869.03973,-14.940565,-15.798064
4156,766.26917,839.1636,-27.088318,-44.157825
4157,700.5719,873.22235,-33.669415,-0.70513093
4158,953.8718,649.58203,-13.089185,-7.6497526
4159,687.1991,856.91364,-5.191946,5.4349427
4160,20.732862,1018.35986,-11.48047,34.512142
4161,702.85156,887.14386,-12.9526415,-8.442251
4162,113.01837,775.6548,-17.053865,-14.252101
4163,987.92413,911.26575,-12.300997,-7.4390273
4164,315.56012,767.48285,70.32921,24.961716
4165,838.7476,646.7276,-2.0262518,9.815278
4166,521.2878,859.93677,-1.0138243,7.65199
4167,464.1104,800.7285,-3.9683957,-7.6796994
4168,370.37982,290.76263,13.601882,36.358597
4169,524.89154,288.96414,17.520685,-24.680117
4170,743.3398,83.85323,23.100925,4.2562356
4171,210.00374,117.98034,8.154504,-11.269348
4172,954.26855,537.4063,-5.0961623,-28.199858
4173,150.04863,839.87775,-2.3056536,-13.628052
4174,982.56036,668.0512,-28.815763,20.469688
4175,686.6159,777.21936,30.098307,17.720074
4176,794.5076,1002.32086,-11.647851,-21.32885
4177,679.13586,889.6421,-32.49845,-26.458727
4178,853.86316,438.1004,0.07192741,2.780458
4179,531.8714,414.56445,0.6909559,-0.9562475
4180,394.41357,431.26773,14.996458,-24.300127
4181,566.9162,169.67213,-1.7355815,-30.129053
4182,312.20554,859.0873,-1.5264593,32.29712
4183,540.2446,907.62933,13.260387,-15.280219
4184,882.0205,242.79205,-3.8879552,-77.69768
4185,451.31573,851.47845,20.106197,39.51463
4186,126.269455,421.6074,-0.1251704,22.104885
4187,126.54277,817.2853,-65.019684,-5.021738
4188,680.2672,756.13916,3.952039,-55.40613
4189,211.60548,242.7953,-7.368224,3.199165
4190,80.93548,20.330454,12.451014,-5.2010293
4191,943.05347,367.53363,17.102373,24.416542
4192,539.7687,683.9164,4.4215016,1.9079853
4193,709.7237,617.5743,-14.530728,-57.34372
4194,837.8517,81.627884,10.6920595,3.930362
4195,333.83087,58.901657,-0.53934044,20.662254
4196,387.5246,171.20003,15.506621,28.647533
4197,882.7675,232.99112,30.995825,-2.794723
4198,598.7383,888.54205,11.404056,-8.083873
4199,191.28589,643.6254,15.56408,-10.305442
4200,890.2719,901.97516,-21.705112,-12.989449
4201,759.1982,801.7585,-5.223984,-10.379726
4202,569.4519,613.6016,47.563747,52.437157
4203,326.07898,593.88403,-10.6630945,-14.345609
4204,612.57745,332.73132,7.730321,75.4266
4205,772.3015,280.3833,8.238684,22.961882
4206,64.210594,120.631035,12.422991,41.39667
4207,523.9739,190.80879,-28.059145,-55.602623
4208,798.5887,779.1086,-14.611347,15.341993
4209,585.2947,527.6848,-44.29589,22.29538
4210,113.70397,92.72442,-8.68339,-36.740402
4211,942.86505,235.55032,-2.181736,-30.865704
4212,399.65054,302.42667,15.921099,8.251272
4213,74.99401,145.14417,4.148386,0.6871994
4214,482.18546,366.86804,-6.849329,-38.998302
4215,204.80582,840.8428,-19.618156,20.534483
4216,689.8847,635.72906,19.475334,-44.58435
4217,86.759766,696.1341,10.143972,1.8775122
4218,857.8159,824.9758,8.587261,19.246838
4219,557.72894,535.98883,-4.517788,59.691307
4220,560.935,1006.9724,13.904128,34.23112
4221,687.72455,638.9636,15.912257,53.939056
4222,211.6976,353.4206,-17.145796,-25.951729
4223,274.19662,626.0975,12.545459,-43.7428
4224,86.7128,658.33356,40.075172,27.75135
4225,170.47598,428.446,17.23939,-42.914066
4226,483.2058,312.1793,14.85853,-31.876171
4227,711.9785,854.9984,-7.780165,-36.042656
4228,170.74727,866.8358,7.332527,-11.98626
4229,161.13426,598.1494,15.041061,3.5893242
4230,41.11497,202.03645,-18.202593,-16.182575
4231,428.43524,700.1794,-3.798218,-30.716417
4232,69.977036,620.1257,-3.8120315,19.093466
4233,16.596241,141.46275,-1.1326518,-8.052995
4234,148.1925,315.0506,-9.963414,0.021436824
4235,122.282936,420.0906,-9.756163,4.6493835
4236,201.88905,208.19788,36.46002,19.559801
4237,895.7446,260.94794,6.1808763,-16.34993
4238,156.50645,622.03174,-4.060296,28.970655
4239,705.0764,319.44092,-5.362454,5.0735826
4240,451.84006,143.82596,9.307982,-12.949971
4241,114.939285,379.05133,-8.767607,-8.793282
4242,147.7546,734.7025,-21.42087,-6.874146
4243,636.201,608.3542,58.85359,-37.66217
4244,276.86298,154.04805,37.25246,-16.863003
4245,330.95395,735.9713,-15.52096,-6.365067
4246,305.17975,629.5464,-18.345625,-19.271463
4247,749.6496,785.95154,22.767004,4.194814
4248,124.46618,481.8923,32.21868,-6.6727333
4249,427.23264,23.016846,8.408975,3.105173
4250,702.82227,15.272853,34.83875,33.547718
4251,773.1968,481.18814,-20.937706,-1.9445306
4252,765.5043,854.59326,-29.406605,-10.546285
4253,342.26926,305.46997,-1.0573642,-19.950792
4254,195.44691,1010.43774,0.23579082,1.3109725
4255,171.12561,384.3192,20.724974,4.898758
4256,834.3584,120.19536,35.462357,-33.528965
4257,652.9901,531.92206,25.992275,2.928369
4258,139.47574,908.40515,31.021763,60.89906
4259,568.95953,510.5189,-42.59855,22.762747
4260,163.37787,864.54974,10.612434,-24.699553
4261,664.24304,1012.33453,-13.258681,4.2617064
4262,162.53317,576.0756,25.349386,9.490447
4263,46.33835,816.55334,18.46283,-2.2049434
4264,461.2571,527.68335,41.005394,2.366209
4265,830.41156,286.35864,-6.999401,-21.250372
4266,790.53406,118.644066,9.384466,5.0165935
4267,485.06146,572.48236,17.791157,14.82278
4268,967.1822,194.09264,4.570563,18.166975
4269,737.53204,167.68173,18.02801,21.897135
4270,655.2242,406.69202,1.7104362,27.272667
4271,90.726,551.5901,-37.222534,-31.978123
4272,193.58383,181.7653,30.087317,19.82615
4273,833.6337,675.9364,-14.613494,7.8122697
4274,774.56903,313.88647,32.589016,-7.4710326
4275,247.51833,66.11038,13.099055,-12.429638
4276,54.559223,942.39374,-2.0226038,7.531243
4277,1007.3733,618.50946,28.112137,18.475992
4278,391.06577,612.061,27.876913,64.666275
4279,291.9587,320.32016,7.0357327,39.71399
4280,886.69305,938.7045,2.1286035,-11.238962
4281,114.541084,682.5691,-10.438689,-1.5172646
4282,37.839664,1022.44586,49.511402,29.176529
4283,957.26086,224.82442,39.00037,-41.20421
4284,1003.29266,774.63165,-17.335152,-16.702667
4285,307.96985,864.2153,12.026645,28.857496
4286,148.52141,140.37137,-2.675573,4.9511065
4287,829.9548,100.40773,2.7557552,-76.80663
4288,844.81525,252.82178,21.380041,29.167587
4289,278.2469,877.2528,23.44938,-36.310417
4290,288.7789,95.296684,29.44816,39.700592
4291,105.38277,836.11426,-3.9732435,-24.60699
4292,317.64053,301.79892,54.990116,-20.944695
4293,471.6286,362.19815,-17.5138,-30.819172
4294,421.57327,642.4689,-25.78452,-4.116291
4295,816.5726,976.7803,-21.022837,-42.325962
4296,601.03595,23.504072,8.352103,-26.200077
4297,953.38385,301.41452,-51.009045,-13.179787
4298,312.21823,525.97437,0.8500532,14.799383
4299,440.17987,542.8113,17.62866,19.882912
4300,75.16805,791.94824,15.927838,37.433605
4301,793.745,152.47264,-0.039350256,-15.273488
4302,524.1971,210.73238,-29.81119,-7.5969872
4303,474.8726,971.3569,-42.652966,-8.257212
4304,347.22595,300.7105,-19.571682,-23.390196
4305,20.920475,686.9326,-24.502724,-23.72436
4306,166.10088,170.20663,52.208447,-22.592455
4307,841.97046,187.74173,24.095232,10.266293
4308,13.596811,473.6791,-13.949029,3.142406
4309,611.1095,104.21219,-6.667376,14.351842
4310,286.92627,594.4482,25.51923,-36.694923
4311,736.2629,171.56342,42.879147,-4.205408
4312,584.2882,139.83386,-4.2206655,-14.959321
4313,118.58423,815.1161,-57.71548,2.1612287
4314,703.9317,790.7957,56.858025,18.511478
4315,526.48676,612.19104,47.401833,2.6978455
4316,655.43,227.48598,8.510581,43.561012
4317,945.5852,347.8932,12.042792,8.1672735
4318,343.62167,379.9056,-23.45368,56.264668
4319,766.9847,913.82166,20.554644,-42.968937
4320,946.122,68.09476,-42.507282,-5.8312435
4321,228.81407,1014.64557,-2.8063586,16.792942
4322,341.3919,459.4476,-47.039284,10.349816
4323,387.30286,190.17323,-9.894698,2.1478243
4324,138.84578,904.2225,16.469633,67.578575
4325,505.82462,236.93616,-16.247953,-6.1530013
4326,959.24396,334.97418,-20.145151,11.421758
4327,1011.0836,296.6073,-23.657312,56.320015
4328,863.59656,564.75525,-2.590368,2.5100036
4329,1000.3274,104.23301,7.4027734,-10.107064
4330,903.7545,747.69653,8.268508,-1.2320071
4331,811.5215,890.7444,23.083673,7.577735
4332,964.0895,995.7599,-26.47672,-8.471559
4333,626.39154,146.28593,17.318964,-15.033742
4334,83.55319,743.59735,22.24852,-14.157421
4335,388.726,114.64875,-5.1228385,-3.704328
4336,565.09564,954.42975,-9.234256,8.040413
4337,306.78854,19.779408,25.560417,-26.671547
4338,65.34204,552.5348,-24.919619,10.330025
4339,141.68864,108.74397,-23.353786,21.631304
4340,781.0969,641.5789,22.133564,-49.872654
4341,491.9145,414.35748,15.41764,-8.911886
4342,794.8665,294.6385,20.354223,-5.688501
4343,1020.40894,220.05351,12.281047,31.728037
4344,350.60892,513.311,-39.920376,-76.94238
4345,890.5241,960.5949,-30.520794,-36.65126
4346,806.7703,870.17206,-26.219744,-39.420967
4347,990.5139,883.356,-11.789915,-6.562507
4348,370.02374,577.21716,49.051273,-33.428288
4349,579.92786,208.27448,-45.277515,12.625815
4350,460.85406,622.5295,17.823462,-4.21717
4351,604.53424,1005.10516,65.21941,-31.26448
4352,445.0029,146.67947,10.16049,2.855029
4353,934.81775,516.06525,-19.968264,-12.619912
4354,576.47534,474.74713,-15.958071,-46.434017
4355,483.3973,990.7814,45.141632,-34.962337
4356,1012.6393,329.19754,-3.1782906,-2.0905383
4357,809.1584,315.9527,24.855614,0.21487202
4358,542.6965,310.53442,5.6802025,-26.221445
4359,193.25233,696.2193,9.054332,-89.543396
4360,779.0944,751.1363,-12.74865,-36.66072
4361,6.5184736,204.55888,60.242977,-43.073193
4362,542.9321,912.7038,10.832954,-26.22497
4363,349.00708,690.4889,-21.820362,34.49155
4364,554.5986,142.60858,-1.377135,21.549992
4365,149.12123,738.21564,-5.1493206,21.3519
4366,336.22696,849.5891,15.014148,54.69727
4367,53.280262,109.36444,69.93044,7.0846944
4368,875.3869,291.25818,-2.319184,-9.531294
4369,808.1825,680.99756,4.4842143,-27.029154
4370,769.10815,706.78955,-7.5562434,16.81252
4371,722.33984,405.29773,9.562629,35.606956
4372,977.4987,688.46356,8.234995,-21.487986
4373,389.39124,804.81934,-37.739174,10.344895
4374,362.75845,488.8142,-10.700674,27.889717
4375,768.9168,867.5517,-5.486159,-37.68737
4376,77.39589,979.0053,24.824827,44.948746
4377,762.4979,493.25992,-3.1341405,1.8483126
4378,297.27457,838.3174,21.128727,41.802414
4379,604.1567,965.2125,-28.625095,-31.493858
4380,370.44656,400.43817,56.641914,23.962458
4381,643.69244,541.9978,5.9897976,-15.437841
4382,806.9716,818.1536,-4.8931794,-6.0587254
4383,45.2743,263.52036,-4.1635413,11.929993
4384,1009.0716,347.7025,14.265464,41.919662
4385,903.6541,584.6482,-1.9851112,-31.579494
4386,530.19104,503.61237,-4.9692807,5.195326
4387,797.2327,397.90872,36.34622,6.9872246
4388,852.242,500.06354,27.245905,32.378376
4389,75.11762,174.11475,17.98033,-14.251563
4390,504.0766,932.69696,13.835056,-40.06366
4391,364.28897,71.86152,26.548508,-14.912317
4392,862.3849,399.77182,-8.3545885,22.213062
4393,561.44525,607.3277,-40.591576,27.194052
4394,186.90227,736.13196,44.773003,-20.1808
4395,10.483618,148.96364,-10.557403,11.832177
4396,215.2104,771.8179,-7.1461906,24.357315
4397,225.1029,871.2141,29.310127,11.301074
4398,533.1172,209.1053,-5.6781135,-22.339916
4399,285.11118,234.38425,-10.426331,-48.99603
4400,386.4587,959.3238,-29.18419,-5.4714336
4401,485.89536,432.96628,13.770993,3.182846
4402,510.40555,1004.52686,-62.394524,-64.860794
4403,544.99304,116.28158,-8.731552,16.927343
4404,743.0044,309.5348,43.365707,10.607246
4405,535.12213,669.18976,-47.30134,20.501614
4406,3.3101952,802.0019,22.400805,-18.17057
4407,286.5869,976.7998,-20.923227,16.485783
4408,532.98444,806.03577,5.422146,-3.44109
4409,814.7012,952.2542,25.809013,43.148167
4410,117.57217,729.73334,-6.679273,-30.212328
4411,729.1083,791.35016,31.667788,18.302124
4412,985.41376,946.7968,50.500668,17.161472
4413,1006.1609,211.83008,82.93337,23.725859
4414,521.65656,293.80997,-12.32928,-20.693409
4415,982.5059,501.0546,-3.5440636,-74.11329
4416,680.03906,1016.81226,-13.794016,19.048286
4417,834.7301,148.9706,-9.933415,-36.773228
4418,388.9335,175.84985,6.3981223,24.790134
4419,65.630554,422.30197,1.0931456,-44.282406
4420,345.35342,567.1989,35.434536,2.0939791
4421,559.6843,850.1988,-3.3224235,-16.305525
4422,410.35892,367.5045,2.2131095,15.82603
4423,244.98265,324.9977,-20.375168,-50.645344
4424,595.74255,429.68335,-63.05892,2.060138
4425,17.13271,764.9864,-3.4530973,28.748554
4426,770.331,259.60568,16.409128,-12.013582
4427,661.46686,271.79053,-10.1835165,-6.0309157
4428,109.435745,957.2438,2.1692786,8.121848
4429,922.2648,463.77203,-28.720978,35.842834
4430,197.25262,730.07874,40.078472,-44.032722
4431,952.2811,255.11986,-18.04979,-69.30492
4432,494.13174,928.844,4.597027,-51.20015
4433,687.1118,958.345,-4.465279,-25.572601
4434,281.43796,396.31897,-48.18431,13.027594
4435,366.8646,771.2492,2.3160632,-47.72268
4436,23.091654,139.49706,0.57393754,-18.711393
4437,393.58942,663.9936,10.83021,5.9499497
4438,157.03372,804.1605,-15.814477,15.389187
4439,985.66364,651.495,-14.024549,-17.70009
4440,295.86456,300.74896,17.773115,88.22763
4441,668.75507,691.10486,3.3727875,-6.0650554
4442,320.89908,108.60333,-1.436992,2.522596
4443,316.46115,697.4312,-21.526148,15.381112
4444,29.381481,293.02936,15.434266,1.6299484
4445,556.4904,196.78133,-18.930857,11.698376
4446,679.1697,945.9578,-3.4884014,-13.337165
4447,374.2171,233.66844,2.0730393,5.3487535
4448,1011.86194,308.2233,10.796881,80.836914
4449,239.13126,267.7451,-18.475166,27.483767
4450,977.42316,78.80589,-5.9586406,-28.11364
4451,760.4896,840.0463,-35.273483,-39.823
4452,391.8239,795.25604,-17.22104,-16.321627
4453,665.6653,1021.73645,-8.204708,10.281061
4454,494.5395,291.91385,33.790524,-4.706704
4455,419.88467,971.6493,-9.230355,-17.926895
4456,777.2541,420.8308,-16.316433,-26.80888
4457,301.68863,759.6847,44.681965,2.092873
4458,475.1867,826.38806,24.189943,-21.339756
4459,417.1175,726.4853,33.777122,32.631805
4460,712.6171,826.0156,44.742657,12.8552265
4461,213.26797,314.1284,-3.488286,-8.565
4462,185.14409,466.98074,-15.1420355,20.536108
4463,170.8273,350.95325,33.004406,0.3170003
4464,346.99423,170.37505,-8.005799,-2.0100856
4465,569.4455,681.03033,32.69525,47.758633
4466,234.87802,261.2683,-47.421074,7.031117
4467,452.96176,1007.2738,11.892797,22.566105
4468,566.25806,967.8213,-17.131113,-26.220713
4469,394.60983,593.6745,0.98348665,26.614662
4470,18.525301,1007.3803,78.01483,-44.874104
4471,341.76987,956.76276,20.481833,-36.382225
4472,628.1512,717.0572,1.5677576,-3.7631016
4473,1.6192055,309.8408,4.5982003,0.35600638
4474,681.0316,912.857,13.305646,-4.5338917
4475,509.77545,319.45337,-12.887314,-6.0178695
4476,515.3705,490.3775,-20.87626,-9.809884
4477,672.8191,506.94354,17.297096,-9.355473
4478,925.16754,642.20935,1.3801882,18.47684
4479,492.24808,239.99194,0.82161707,17.769018
4480,944.68005,244.636,-44.379448,-78.29728
4481,969.21735,126.54274,-8.525518,0.062028855
4482,794.9798,399.2878,31.992931,-10.726889
4483,7.6338983,623.4078,1.4061315,-13.680358
4484,818.6517,414.7947,26.099966,30.146406
4485,791.19434,643.322,18.69318,-13.341042
4486,551.90894,105.36462,-12.61251,-7.8065042
4487,461.79227,331.3705,68.98715,-47.2981
4488,627.65686,626.932,-14.81177,-44.8971
4489,703.44385,240.53905,-15.27472,0.09131831
4490,653.82666,665.82245,18.591965,-7.372546
4491,931.4517,832.35736,29.910923,-13.061288
4492,543.26917,230.83025,-39.520348,3.6519573
4493,36.774513,988.4999,-85.61048,-18.799553
4494,626.52014,831.10187,-13.262637,6.4937215
4495,472.29407,911.85266,-7.2736206,-0.8035807
4496,508.32718,853.72577,14.523556,-4.2724648
4497,1007.65155,991.6493,-7.8117065,-19.882402
4498,563.17206,185.04945,22.651793,21.680338
4499,348.76215,885.1739,-12.074602,-11.536751
4500,544.2044,139.6827,-44.975586,-13.631465
4501,649.3616,566.8608,44.274292,-18.61714
4502,289.58685,585.8562,13.053024,-11.529175
4503,660.47845,59.450447,-31.420261,2.9092422
4504,516.75226,585.83685,73.21013,-9.8448
4505,255.53113,897.78015,-20.10335,-5.358947
4506,165.44537,532.7065,-44.40412,5.963595
4507,551.33405,244.21262,9.106253,39.116447
4508,507.72946,631.20636,-20.215044,37.46104
4509,26.202051,541.8292,-20.699024,9.972683
4510,755.1714,6.3529525,20.570023,7.0305576
4511,303.2343,556.51886,-24.481728,-6.6584263
4512,354.84433,531.8077,-24.30989,-49.72332
4513,931.8816,54.528854,-7.5908766,-8.341377
4514,865.8228,495.56302,23.48252,13.367703
4515,110.305725,886.7484,23.073065,-6.024375
4516,688.3077,768.9924,-70.4368,51.247536
4517,860.5437,62.56953,-29.379414,10.3865385
4518,200.2492,549.1951,-2.0431783,70.909386
4519,639.9247,488.1191,-17.772448,3.1585217
4520,839.7693,599.7064,45.781715,-4.430821
4521,589.7053,177.84285,10.083438,13.82334
4522,92.75119,141.6242,17.248056,-33.35203
4523,519.9506,598.0884,-11.005512,40.062668
4524,260.84442,970.98706,-14.728178,34.57355
4525,930.76685,468.024,-21.403498,35.267838
4526,605.6028,1010.6902,-34.182194,-15.4353895
4527,822.76074,244.27324,17.671165,1.8869926
4528,434.21658,452.66547,-14.936873,4.715597
4529,830.559,568.1674,-2.3967056,-11.446284
4530,23.426441,996.89734,25.875605,81.04622
4531,833.3565,874.4528,-21.723522,-41.453274
4532,559.3511,747.8913,12.972524,-9.686286
4533,987.0714,665.512,-2.418027,-47.737297
4534,745.79565,393.99826,25.728586,-24.290693
4535,137.8449,157.86116,-18.241688,-10.476312
4536,890.64777,477.81177,5.5179434,11.18748
4537,650.7141,424.76733,-14.404729,16.067465
4538,49.414566,259.08884,16.010283,5.2525444
4539,939.90045,865.40906,-29.115126,54.293774
4540,64.84095,488.3938,-7.6960783,-53.141045
4541,567.5534,512.6739,-54.138775,-5.5834227
4542,216.1275,231.86743,0.5863898,-12.848125
4543,6.714792,882.4827,-3.2213883,50.13884
4544,218.55276,316.9552,3.829089,-34.840466
4545,842.03284,926.8135,-11.890312,-9.801362
4546,4.951645,215.93195,24.492,7.80398
4547,812.0669,943.83856,23.376938,29.569637
4548,142.14435,369.5884,43.245777,-1.4445252
4549,774.5088,207.41132,-23.354382,-39.44895
4550,868.5663,499.60535,13.534042,24.882217
4551,80.30818,164.09593,-16.220629,-27.323418
4552,119.76147,759.8823,4.997819,-28.906445
4553,733.10205,661.8672,66.88557,42.724743
4554,1013.0905,150.08183,-8.719977,12.586005
4555,1000.00867,724.21674,17.246115,-23.456497
4556,210.17159,356.7134,1.5937065,22.88237
4557,783.07446,178.67155,19.499382,-27.389898
4558,819.353,444.74048,33.270184,11.810576
4559,444.19168,219.98946,-4.208946,7.739821
4560,449.1098,255.08838,-30.57392,13.598984
4561,854.7226,827.70734,-4.439675,18.747618
4562,241.25595,755.49164,-31.594557,1.2543409
4563,63.995182,283.23978,8.563239,0.41088715
4564,959.53296,318.40594,42.20129,-13.729652
4565,445.93765,290.93698,9.28885,10.891107
4566,907.58466,387.55536,12.135927,11.56977
4567,656.0393,1008.32104,-1.5283331,-9.600951
4568,83.72257,21.716375,15.220588,-17.707912
4569,737.5049,103.88723,-32.164776,2.518055
4570,739.6567,187.67598,12.742019,48.126236
4571,314.16544,32.973835,-28.454231,-6.2177086
4572,592.15656,392.27258,-8.604119,1.3552028
4573,314.14062,870.9988,9.341905,16.013958
4574,478.28754,424.6344,19.980515,-8.163797
4575,551.71655,110.64749,20.282278,-35.411343
4576,162.45103,706.649,-37.745758,15.910316
4577,976.2559,501.18756,47.212116,-76.39479
4578,498.0071,906.7322,12.527256,-51.8701
4579,590.5248,154.8838,-12.537367,-0.9930229
4580,115.152145,876.5868,-21.472609,15.162809
4581,834.75604,279.02713,11.464729,-7.877211
4582,40.65214,425.08405,-42.476196,-39.82547
4583,542.50287,95.60493,-12.884806,-39.22935
4584,154.80084,12.98696,6.433922,31.100306
4585,572.05725,127.10447,-3.0700004,-8.4272585
4586,120.90132,679.49646,37.78065,-6.384176
4587,874.6396,658.5892,23.914627,32.4161
4588,638.5908,411.5853,18.379957,18.280865
4589,1000.9926,854.47314,19.85578,-17.886885
4590,974.3293,962.7444,-31.14548,-9.075532
4591,274.83548,705.1512,23.657486,-37.585606
4592,433.21512,783.19025,63.814663,42.339256
4593,193.51015,681.3051,48.83357,26.12557
4594,645.6879,147.81178,-25.653187,-3.0292392
4595,360.11102,400.1059,30.012575,-28.840143
4596,280.52228,402.32446,-47.36468,29.705685
4597,579.3362,365.62158,16.295544,11.88711
4598,96.036385,198.14781,-7.4775805,-11.165482
4599,249.77861,500.87506,36.043476,-11.138053
4600,975.3922,325.53757,-44.90402,-15.516666
4601,698.32355,520.6557,-6.141148,-11.069865
4602,409.12238,950.83,-22.630793,31.28391
4603,864.195,331.12372,-23.828642,11.947846
4604,201.91632,524.79736,4.7108636,-39.0738
4605,100.59146,899.0586,36.048462,-42.7772
4606,35.913616,107.91072,28.095343,-7.675138
4607,588.482,181.3832,-36.37527,-40.249695
4608,571.3256,64.7681,0.7415313,6.0667925
4609,526.0797,978.8672,24.78328,8.51984
4610,87.40642,753.3565,30.453571,3.1475155
4611,113.806885,314.50998,15.369542,10.547697
4612,464.09778,203.07242,3.751426,46.204937
4613,114.57407,481.214,18.641632,-0.72925043
4614,228.24901,771.6034,13.5423,8.066652
4615,844.481,1.9042633,3.3327641,1.8959374
4616,816.7688,213.46355,51.350285,-1.2237637
4617,73.3269,169.21281,2.6266882,-24.19528
4618,300.285,32.131836,21.03597,-52.26835
4619,756.6972,355.2037,-3.5790758,25.69929
4620,607.91705,20.237007,17.648695,-24.010687
4621,603.7294,885.4441,20.79906,4.0729756
4622,725.0231,982.8366,-10.523406,-12.636164
4623,328.36633,628.27203,-15.680517,-11.660167
4624,612.87085,34.268764,-13.887387,35.023476
4625,495.61108,338.3856,-40.18738,3.018526
4626,865.3954,690.50024,-9.431719,-11.439724
4627,680.85974,303.19205,-8.506281,-0.3014589
4628,400.1424,387.998,1.9220788,-29.021585
4629,909.1444,603.17084,-3.7304451,-8.777607
4630,934.842,381.21896,-15.483237,13.903086
4631,742.7343,537.85425,42.57857,5.3242683
4632,365.02554,350.7226,11.449184,-23.291874
4633,635.0162,1017.5327,-49.460907,-5.107337
4634,41.53848,620.1409,55.136787,8.550551
4635,789.7949,434.11127,4.7812653,6.122438
4636,853.49695,40.088516,0.024618229,10.198354
4637,8.785197,196.88942,70.02296,-56.540115
4638,345.49734,106.75155,-44.681282,44.35271
4639,986.3516,493.21295,-5.0554285,-3.5501053
4640,571.57404,692.75574,42.06244,3.3922112
4641,455.62872,790.2672,13.572148,-1.8778288
4642,628.8768,104.24785,-8.321615,-2.6846325
4643,241.0578,943.4054,11.168386,-8.179413
4644,476.1857,324.58322,8.706641,-2.7586007
4645,442.34055,931.4719,-7.4736786,-9.014439
4646,995.5508,680.31866,-0.68277085,-29.747765
4647,845.36487,927.24207,10.464976,-17.366652
4648,298.4193,621.6536,-21.893393,4.3534174
4649,780.69525,588.184,11.941635,3.1259604
4650,363.72885,813.47815,19.52484,-4.878122
4651,843.1544,884.46844,10.514753,-25.122019
4652,744.812,677.5784,23.966434,37.26608
4653,509.27628,850.1884,4.248477,-14.360145
4654,449.78482,281.79877,-3.6639717,34.141975
4655,663.51215,420.75735,55.379574,-4.1705146
4656,446.98404,930.07904,7.3449464,-21.93665
4657,304.7264,520.90735,40.61474,-5.8740144
4658,129.81898,666.8754,-21.742044,11.922493
4659,50.60456,769.9724,12.919324,52.849323
4660,736.121,926.16565,-1.8299102,38.784946
4661,266.43616,87.30021,34.716072,31.475616
4662,352.89832,243.35683,-31.57119,-26.590519
4663,254.65022,153.7322,15.043044,-13.144834
4664,466.65344,417.53354,35.61186,27.042696
4665,778.71063,173.402,11.593795,-37.37089
4666,530.31415,242.7874,19.294296,-11.148114
4667,277.61188,197.38092,-4.617822,-4.71603
4668,174.32375,751.5744,-10.128601,29.275644
4669,793.3742,268.5464,-32.05003,2.4713411
4670,393.36017,466.5841,-16.855152,-39.201122
4671,843.11523,591.88666,-34.07876,2.3070784
4672,941.7852,377.91446,-9.247367,13.1357355
4673,904.87805,126.424644,-16.608822,-3.5581381
4674,197.783,400.09473,-1.3648996,0.27327245
4675,550.19543,910.44214,26.377851,-23.67307
4676,480.24066,2.023834,15.195971,-17.634888
4677,873.2493,515.4054,16.965893,31.98269
4678,131.24886,903.87646,-22.668324,10.842683
4679,27.971437,473.7145,-76.55896,4.399364
4680,528.2134,77.00723,-24.65718,6.642045
4681,330.6059,504.6595,-55.85695,-14.435681
4682,489.46643,292.3037,26.108496,-13.623236
4683,919.6625,532.5303,-28.393654,-35.22707
4684,789.2973,4.79312,-5.14084,15.624121
4685,803.7597,224.9148,-29.28967,14.612205
4686,531.105,215.75508,-21.796356,-2.2996936
4687,461.44858,392.98682,11.550331,3.0693457
4688,234.82216,514.49036,7.268359,10.153642
4689,747.85693,407.27594,46.463264,16.7657
4690,317.74393,941.593,-10.627278,-21.759941
4691,500.1713,679.6935,42.01151,-15.642227
4692,107.30833,818.28754,-41.7207,43.41034
4693,901.7366,264.34314,30.21901,-28.570047
4694,516.24133,430.52838,8.99011,-32.823593
4695,673.3366,163.02007,7.7649913,-19.44114
4696,610.63635,204.29173,-24.925365,-29.490324
4697,394.64676,214.47124,-39.56968,-30.70712
4698,795.6377,70.524925,16.30138,-39.67483
4699,598.68115,240.51273,12.40711,9.290791
4700,563.8519,299.13974,0.3552189,60.224857
4701,212.84828,510.44968,37.928436,-59.75956
4702,75.444046,156.72707,4.6649427,-61.331913
4703,729.9908,283.1752,14.249877,12.767369
4704,634.1397,291.3836,-25.69959,-24.798254
4705,394.8095,756.43695,-15.572562,25.472244
4706,734.0696,783.08356,-21.649317,-0.03536953
4707,594.67053,0.92924064,-70.82298,55.53471
4708,524.4949,582.30615,3.488366,-2.9284186
4709,306.62372,15.407382,5.551901,-5.008423
4710,245.3398,131.82642,10.8549,7.7251883
4711,139.38808,481.46048,4.484083,26.74689
4712,437.13568,694.99615,0.2931003,7.8535295
4713,956.8842,257.75848,56.496254,-59.218964
4714,50.534718,842.2808,-24.860235,-38.673016
4715,17.275541,217.7631,82.5385,-17.02001
4716,25.961946,690.68665,-25.879156,-20.80849
4717,426.51456,717.26953,13.709477,-5.3922396
4718,926.8897,396.87036,23.642675,2.7107735
4719,319.55432,656.97705,8.074227,-23.570024
4720,169.17366,872.3833,-4.0530353,-8.697581
4721,969.10297,306.35312,13.690212,-15.161081
4722,331.47446,976.0954,9.698985,-41.97479
4723,135.0418,533.12915,-13.044659,3.1479623
4724,699.26544,101.916756,2.3722157,-13.078876
4725,949.17377,1008.83966,5.960647,4.5542107
4726,753.9693,40.00145,8.210348,18.18692
4727,721.45715,549.8307,3.616562,38.230392
4728,22.546886,539.7713,5.9266243,17.795435
4729,933.13654,670.0058,10.1575985,-47.271065
4730,77.45869,927.3166,-7.461154,-4.4853134
4731,37.146687,944.4003,-63.819916,6.9026194
4732,325.37515,665.64374,11.192713,-9.168082
4733,321.51212,506.7532,22.962484,-6.9847593
4734,819.7247,716.2769,5.2239127,5.4409776
4735,404.16132,304.0191,21.846178,-0.0911775
4736,859.5133,623.78284,44.5121,-38.818348
4737,164.80888,1021.8495,8.223949,-7.979208
4738,595.03906,320.02475,0.65803325,36.76643
4739,875.518,456.53748,2.7526116,24.574919
4740,463.14682,335.3243,4.150824,1.0138544
4741,79.51095,746.85046,60.519085,12.422976
4742,157.21474,148.88812,10.138771,10.615555
4743,827.98737,240.1014,20.152061,4.551797
4744,118.894226,566.6202,-7.799705,-20.443785
4745,549.8889,484.84125,-41.456314,11.894375
4746,306.9327,301.60153,16.31997,78.59136
4747,588.07886,889.8794,19.92645,7.792826
4748,487.3107,217.40189,4.57528,-0.26365384
4749,460.71625,954.2886,18.416798,-29.704775
4750,946.72205,520.89276,43.980762,-6.113458
4751,590.36945,32.55736,18.35215,-19.971478
4752,845.96124,890.1247,22.462929,-20.57785
4753,301.45575,320.67566,22.932718,42.287422
4754,841.3416,146.21127,46.259163,-12.181553
4755,397.65427,767.17786,15.004197,-18.386433
4756,135.37811,914.01697,-2.8735013,66.423485
4757,645.87964,384.76303,19.258049,-25.438562
4758,553.93097,655.4807,-1.6307629,23.360716
4759,388.68924,972.24347,-31.347631,33.736958
4760,950.8442,851.90125,-41.35367,25.257706
4761,334.8858,604.1697,0.26991516,-8.210462
4762,106.52399,1011.9224,-17.14277,-18.72442
4763,612.52515,354.05136,38.466507,36.615818
4764,521.6588,129.63745,37.93384,36.561665
4765,82.65805,28.230238,-22.414608,-33.577568
4766,991.39557,172.90927,-19.477211,-28.796999
4767,72.38477,579.67993,19.907644,27.105011
4768,325.24524,393.42365,35.56095,42.862408
4769,229.84201,538.1542,15.281574,30.985014
4770,256.21002,263.72302,-8.651298,-6.201676
4771,859.217,74.77347,17.805162,16.835102
4772,32.49951,877.4947,19.286106,-20.955849
4773,199.51175,705.80493,11.354094,-89.28093
4774,594.46814,747.2169,-6.863204,-20.749695
4775,801.9383,18.834772,59.623886,30.903254
4776,121.862465,715.6935,-8.47436,-23.32199
4777,548.67413,24.367435,4.466213,-16.21577
4778,525.5819,382.65524,-23.545832,26.55665
4779,765.02057,769.7411,2.2472692,-28.847
4780,792.9874,11.725345,17.552843,8.77109
4781,398.80606,715.3548,0.4554744,-45.499226
4782,90.32283,164.43967,2.0910728,-3.5637739
4783,786.1463,667.3402,-9.770238,-6.6577415
4784,998.51263,198.36908,-22.083618,31.085709
4785,646.89685,115.18066,-43.565495,1.1408812
4786,138.84993,608.47296,16.64426,-6.7519584
4787,168.51196,730.51105,-22.15374,32.74222
4788,349.05054,665.6131,17.042484,27.047842
4789,830.0966,126.267815,16.489475,64.3237
4790,51.169315,531.131,-4.6641965,-15.399421
4791,549.7537,30.737139,32.18456,1.7486858
4792,136.29057,815.29535,-26.300991,-26.308702
4793,984.09296,980.84644,-29.427103,-16.752447
4794,920.76483,689.1061,-0.21702556,-10.744651
4795,402.6302,624.3654,-7.0962987,0.5506072
4796,40.63239,609.3132,23.019701,17.080212
4797,605.7947,186.26183,-10.447234,59.5813
4798,268.50156,78.83862,17.199411,-9.2568035
4799,21.61277,25.785803,-22.274645,-53.91767
4800,789.0245,592.07983,22.46196,4.5838466
4801,518.64795,932.7879,-27.265024,20.918688
4802,956.01373,16.349215,28.787138,-52.105785
4803,30.483938,128.14407,9.2718115,-37.745483
4804,558.27466,764.13525,-43.577465,1.7627316
4805,783.2692,461.94174,-14.576113,-3.9028447
4806,384.55493,143.8905,5.7460794,16.258354
4807,971.2785,601.1892,2.198307,4.416398
4808,871.3898,626.86884,-11.840102,-1.641699
4809,219.0473,718.04596,76.260925,-43.962154
4810,364.44196,462.06635,-21.182829,10.75545
4811,122.81608,807.43585,-47.21541,-13.931224
4812,559.64746,517.6812,25.314457,22.580904
4813,924.00903,721.80695,-9.50067,65.96053
4814,730.1034,1001.94104,0.8659345,35.603695
4815,763.3376,89.32477,3.489088,-0.26973087
4816,597.7258,577.58057,-0.2503441,2.994036
4817,599.3138,173.10336,-20.233711,-62.125282
4818,689.60126,36.58967,-0.123735845,-9.181349
4819,257.57965,934.241,-9.19177,-5.6000075
4820,216.79443,14.273445,-55.67054,-13.634488
4821,44.32509,456.6409,11.738171,13.394578
4822,799.14514,152.14201,14.623135,-25.797747
4823,960.1366,130.66771,-3.1857831,0.38633513
4824,693.2781,31.459782,21.134298,-26.540794
4825,859.9377,839.85614,-2.04922,-0.012858677
4826,202.1756,534.8649,7.9569945,-41.648663
4827,591.2542,538.1424,-52.43013,38.147346
4828,575.60876,742.1576,-14.181289,-14.372377
4829,702.18176,397.69617,-11.87317,-44.915287
4830,148.07571,83.478775,51.412712,59.6616
4831,594.02924,120.12969,16.67206,-4.8966846
4832,845.61475,949.2691,6.0739846,-11.8060055
4833,492.7662,406.3573,14.4622,-6.4887652
4834,757.7335,1018.75256,16.579908,1.1126698
4835,240.96849,690.91724,6.8943605,-25.382523
4836,253.31712,986.7796,-37.20742,-65.312294
4837,438.17938,141.23196,-5.5844665,0.58924323
4838,58.96625,705.6341,2.7867208,-9.405321
4839,118.60259,683.69556,-1.4016892,-4.5742564
4840,798.96716,6.561896,17.494167,3.9619231
4841,274.88876,401.56766,61.620792,-43.797443
4842,1021.54816,839.2638,8.158318,-20.06527
4843,618.04956,131.99203,9.875209,-37.807518
4844,422.89374,165.83914,-14.996833,31.221384
4845,646.7039,175.49136,25.24737,0.11522661
4846,960.4166,683.09155,32.614704,-5.0329957
4847,189.94284,68.8163,-14.090046,-2.221356
4848,106.67013,261.00452,-1.5524371,-49.029846
4849,109.76546,654.93787,66.041336,-16.419582
4850,1003.4386,324.8787,46.876587,8.307511
4851,383.3185,439.18628,-23.085604,-66.31518
4852,467.32364,195.7675,12.886726,13.195258
4853,720.0643,338.20602,16.243977,14.065397
4854,564.5994,46.825806,-7.7150955,24.819141
4855,298.75504,965.98804,4.2557716,-16.276903
4856,723.97546,797.67267,13.94807,26.347982
4857,313.26172,362.87296,-15.99114,11.924473
4858,643.32855,253.99353,35.88085,-8.703318
4859,237.92006,698.43176,-2.3340225,-12.030985
4860,169.0537,342.92175,-23.283726,-14.121652
4861,260.9638,837.7118,3.01661,-6.2653236
4862,867.3378,492.00394,6.7467685,22.41279
4863,1014.3097,753.5237,2.8680341,-10.84494
4864,896.3154,677.2323,5.243313,5.515052
4865,880.16675,743.4764,-19.58706,-5.275627
4866,348.11716,136.14136,-16.40977,1.7910594
4867,543.4132,690.5392,-3.474952,29.291355
4868,404.94913,271.19067,17.29116,19.843388
4869,166.89728,971.6226,-13.538022,0.12383185
4870,166.558,383.97522,9.086814,3.4495418
4871,707.7335,368.8142,-22.515873,-9.862102
4872,288.60513,386.48245,-73.69577,15.033887
4873,249.1448,478.5308,38.78458,-4.4115586
4874,90.47781,817.9249,-22.716234,-25.720762
4875,830.846,794.4922,17.450127,-21.90684
4876,953.9341,1012.9642,-3.8996372,-11.922252
4877,332.3074,717.67206,2.9382088,14.641993
4878,492.01654,793.35144,-42.680866,48.56879
4879,357.4117,335.4306,-5.6051183,-34.02046
4880,221.81815,627.6396,13.317303,-9.367507
4881,622.2632,94.36829,-0.16821204,-16.694044
4882,608.06976,211.92747,-20.780857,-29.08034
4883,692.1169,34.852814,12.720663,4.628764
4884,540.50574,510.4582,8.397827,25.303404
4885,849.8073,695.49146,-1.3074962,-12.396595
4886,814.9051,439.58365,-6.4087396,-16.121178
4887,786.72565,626.46,-2.1663644,-2.5797224
4888,908.02094,747.6421,19.695234,-1.5763263
4889,998.7883,624.1393,-3.0426664,36.952717
4890,581.51855,960.3004,23.718092,2.140775
4891,205.3651,567.1403,-57.458622,-25.203018
4892,36.681828,448.12112,42.436256,-5.345259
4893,222.80719,740.8878,79.10738,21.498566
4894,772.0198,248.7538,26.94914,-34.734383
4895,294.49857,277.48615,52.295425,3.826977
4896,70.55907,91.33089,-7.5582533,3.2831242
4897,268.6653,595.89874,12.069324,-67.287964
4898,432.51477,520.2218,3.7740285,47.477413
4899,712.90234,528.0281,-9.885197,-15.4356985
4900,899.8755,745.3034,-0.0005088818,-10.463787
4901,717.77655,362.16223,-4.957874,31.391851
4902,420.19162,759.37616,-37.987514,30.500664
4903,382.2412,630.40094,-42.531883,26.24192
4904,65.39362,180.99652,48.352467,-3.783569
4905,374.1208,453.42322,-30.555567,-40.613377
4906,23.872871,662.5147,-7.4191103,-6.785789
4907,811.59686,510.9734,9.619033,13.93571
4908,826.3834,724.57825,28.81893,26.893322
4909,639.1033,890.4913,1.4714336,-20.43576
4910,21.202232,146.59668,-13.775022,-8.094523
4911,776.7799,312.86682,33.51971,-11.835139
4912,727.59717,538.0911,35.74303,13.878375
4913,480.05014,489.69714,-2.825942,-1.2401509
4914,897.54724,986.7152,-42.07828,-14.048376
4915,987.5607,867.01825,2.316262,-0.1062821
4916,201.03624,725.54974,48.705273,-57.025215
4917,208.55052,753.8078,71.8494,54.20021
4918,647.20233,457.02063,8.149838,-18.13891
4919,311.09955,19.076534,-21.326292,-1.2735335
4920,43.325756,363.29437,-2.1745348,-22.87319
4921,426.19324,760.4704,-29.234564,43.17843
4922,996.7992,189.8464,-13.983437,22.530264
4923,316.69702,343.06308,-9.561358,24.659184
4924,740.6266,938.4555,-28.013802,-38.49719
4925,910.42596,79.38386,13.04295,1.8052708
4926,378.1509,203.68018,-45.647003,1.4076344
4927,956.2164,969.1321,-19.589376,4.6445785
4928,880.23676,718.3366,3.1650038,-15.645254
4929,851.0114,996.6075,-9.257781,-11.9417
4930,986.6101,692.5204,15.463817,-44.92982
4931,264.31442,33.64804,-14.728373,-9.765723
4932,474.22324,659.49005,-23.650272,-1.4146887
4933,926.4949,468.65683,-34.797337,45.457226
4934,102.237976,296.98175,-33.14052,33.9606
4935,266.95447,902.1077,-89.96347,2.5639124
4936,61.227455,599.1762,-36.87104,11.966793
4937,281.85245,84.45136,21.968292,19.05986
4938,556.1085,589.8918,-6.77317,80.121796
4939,581.24915,654.4902,48.148228,-3.8798223
4940,668.9421,62.679287,-9.639331,11.46543
4941,344.85992,33.185852,-24.326294,18.379534
4942,119.32984,83.23027,-8.202283,-59.79682
4943,36.99915,480.72205,-85.84971,-15.105855
4944,141.87276,730.40845,8.404379,-21.003233
4945,86.44959,433.52942,-1.052913,-12.070073
4946,90.51106,5.7251425,28.624634,6.666533
4947,751.16724,33.531826,26.04882,16.50754
4948,544.8213,6.6742535,52.601078,23.287132
4949,484.87466,1008.32385,46.898994,-5.5599923
4950,378.2214,402.60953,20.164173,2.745839
4951,269.08536,708.931,32.82562,-36.37258
4952,113.55591,422.93182,26.731863,-21.164385
4953,99.43797,591.3875,-9.367452,-3.0995402
4954,460.6701,999.43146,33.59644,-33.704544
4955,982.2644,501.23767,54.571144,-71.568085
4956,875.3352,305.37177,-2.2950745,28.322872
4957,339.90292,492.44522,-22.484983,-53.34919
4958,518.34076,565.9332,14.873016,9.528702
4959,225.74907,289.7173,-2.3194368,50.565037
4960,1001.3484,654.4888,-46.196243,-5.014369
4961,524.6048,900.7412,6.0804377,31.279102
4962,552.1991,145.19821,-27.400328,-43.203682
4963,93.80544,839.7219,-17.07299,-20.24838
4964,300.3391,668.1409,11.666201,-17.327368
4965,1010.96747,320.65643,-6.466327,47.27209
4966,863.49506,867.8448,-19.049404,-4.474763
4967,802.04565,941.82355,15.845785,9.581785
4968,279.08084,389.9101,-51.460445,8.324046
4969,456.94604,628.2446,6.398372,-2.7858179
4970,434.72232,981.58954,-32.74566,-7.381521
4971,408.37344,908.20245,6.223961,-10.29629
4972,718.5076,646.20544,32.167397,49.245575
4973,588.47754,103.6687,-11.083533,12.140399
4974,479.41183,650.02106,-13.439645,-3.3510978
4975,786.72406,261.78745,-24.668663,-6.867386
4976,352.08197,704.1852,-7.4430976,11.796734
4977,593.9867,587.2391,11.021106,-10.402521
4978,925.2133,454.1057,-35.360714,-26.557072
4979,961.2317,670.5581,-53.03688,-3.2281058
4980,16.80142,478.8498,-7.2778287,15.3277645
4981,939.7325,213.84845,7.053232,-6.325721
4982,428.7424,690.23126,-4.1285276,7.432073
4983,492.48697,649.61163,23.870632,14.94433
4984,439.14645,290.8891,13.615566,17.484457
4985,231.39128,546.8134,17.449831,48.92606
4986,974.3207,298.5475,20.692127,-17.86131
4987,593.2785,108.98213,12.440093,-10.834476
4988,1006.2999,178.48169,-29.707462,-2.6448681
4989,33.962933,4.051653,46.50901,62.35213
4990,940.0892,992.08484,-36.97019,-45.398113
4991,859.2447,466.73297,11.404321,-18.857727
4992,709.1829,569.2757,-20.761536,23.629467
4993,542.238,680.83765,6.1245184,11.833191
4994,837.29114,440.28552,22.886707,-26.23134
4995,392.1812,763.56024,12.555956,-30.994654
4996,248.07263,911.04456,-63.11273,-15.9478855
4997,683.08234,192.25102,-4.82019,14.104143
4998,399.87158,961.4845,-42.93136,23.693668
4999,267.30453,605.4157,-14.726036,-51.40583
5000,123.08958,147.3818,-24.221714,-17.019968
5001,23.436539,695.2483,-25.5871,-4.954464
5002,64.154686,589.051,-63.681805,25.484999
5003,997.066,609.3981,4.9454136,29.465551
5004,909.49854,586.1893,23.3293,21.686474
5005,974.4267,381.2749,-24.269018,13.214003
5006,528.26416,4.2551293,-56.794823,1.962408
5007,610.94855,279.01273,-32.238068,29.068752
5008,990.52893,710.87854,42.717857,-52.313362
5009,442.8901,732.1695,-19.795414,26.106133
5010,446.67685,256.23657,-40.66948,9.422125
5011,673.50085,1022.8171,-23.62619,-24.06221
5012,533.9311,542.907,18.655174,-46.600502
5013,139.36684,45.278267,5.610235,-4.199279
5014,603.73206,302.0366,-3.9895966,17.0445
5015,168.87102,717.89484,-1.254741,18.297728
5016,656.574,738.068,-0.54282004,-14.644131
5017,378.22263,766.2659,-26.391363,32.315357
5018,1010.7988,710.9425,7.838036,-13.96456
5019,810.80176,39.78163,40.51435,9.075811
5020,858.57764,870.63696,1.939598,-20.706669
5021,772.9485,343.37402,56.977306,16.821783
5022,498.10474,789.08295,-46.512924,48.577763
5023,748.92206,151.16145,2.0299785,4.5580583
5024,199.44331,723.4146,24.629185,-51.440342
5025,235.10641,1018.8838,-22.377306,-41.799355
5026,262.3505,499.82874,8.106636,9.16721
5027,649.71936,629.9801,-31.891977,11.772564
5028,622.9141,572.26013,-30.685734,-3.580971
5029,343.9449,125.82117,6.8983927,-4.413459
5030,749.8493,112.66395,-0.48262224,-8.956881
5031,225.079,753.5795,19.290508,19.381245
5032,824.63434,715.36273,-30.001585,-2.0424962
5033,449.51053,453.09406,2.3199933,17.9673
5034,76.71434,658.5801,24.761202,13.040985
5035,1019.6189,718.8077,-38.744316,6.8160787
5036,783.10077,1001.23145,-9.823181,1.1765189
5037,733.88776,694.2836,-22.321863,24.765097
5038,197.54625,681.532,3.355122,-10.574264
5039,689.0747,42.412617,-11.071351,-33.049164
5040,273.4774,943.4801,-27.898174,1.6647344
5041,544.492,360.70517,-31.153494,-0.44273472
5042,447.4865,785.80066,58.57842,28.576632
5043,807.617,853.0575,-1.9241058,-18.809477
5044,323.9301,498.6994,6.392997,-28.509432
5045,974.5271,247.56451,46.802914,-52.157505
5046,198.13191,210.90848,9.589022,15.355506
5047,572.61127,113.38609,-3.2870939,0.7332505
5048,484.59863,292.5048,25.797585,-11.031719
5049,180.8119,886.9432,-44.024673,-60.57271
5050,406.53323,217.26761,-28.034061,-2.5093927
5051,805.46497,937.5639,-2.688548,21.637087
5052,742.7704,757.2534,2.2236428,26.729515
5053,2.252175,451.1559,-43.576027,32.270966
5054,813.17615,661.4044,-35.56451,9.626475
5055,116.30136,16.718983,49.237545,-30.234322
5056,839.8456,997.78,-33.456257,-3.2511399
5057,287.45853,862.71094,21.05127,49.22861
5058,131.67224,466.30286,12.959256,25.456793
5059,1022.9911,442.1845,-47.63972,29.052498
5060,220.64813,179.41571,4.631478,-16.72459
5061,61.89636,780.7092,1.1647835,16.095594
5062,675.07733,523.0547,-32.470146,-39.293705
5063,238.81024,933.901,1.9158282,-17.144484
5064,157.3272,632.56006,-27.647146,-4.9770203
5065,307.5316,317.56332,33.213516,45.85046
5066,726.5324,949.4229,-12.294871,24.632875
5067,1003.6345,327.25885,-31.970936,43.492474
5068,625.4685,202.07419,0.07288357,-34.04627
5069,118.56544,390.82986,-16.861012,-43.680893
5070,44.587215,736.24896,22.189081,44.565388
5071,481.10843,763.0371,-46.72475,-28.289598
5072,682.9065,473.086,-4.060366,12.288718
5073,80.39956,723.24384,-13.260538,-51.648876
5074,829.5016,383.34027,-2.511267,12.763829
5075,82.99531,803.8344,18.21144,-2.7304358
5076,874.95074,313.37534,-7.132537,43.858513
5077,174.54492,232.62965,-19.234898,29.342165
5078,845.24225,635.61774,36.66764,-31.574013
5079,452.87427,794.5538,1.3898742,5.199529
5080,364.50873,164.37914,-10.07091,-5.4756722
5081,396.91565,800.39954,-66.35959,16.118273
5082,158.0902,352.73517,-55.002037,37.993874
5083,919.03394,397.89163,0.54924786,-3.5815058
5084,641.46027,379.24564,-26.124897,-0.81081474
5085,393.12012,35.624943,1.4306521,-20.868614
5086,1022.457,216.8986,23.590408,13.912073
5087,17.596954,408.33713,-65.33197,23.060423
5088,67.06538,0.16867153,-34.043377,-0.77514744
5089,488.1834,983.179,-13.53233,-18.030088
5090,325.84177,140.21106,-28.005997,33.27263
5091,347.25775,80.37609,-21.136631,-21.006863
5092,168.4065,701.1355,-63.338375,26.06634
5093,253.62573,597.8509,31.112108,-0.44519192
5094,772.17816,718.2571,2.0578053,-17.608906
5095,418.79782,98.870605,-8.300932,-1.1254284
5096,507.80432,857.3219,17.834038,-10.744751
5097,440.5925,315.1449,-2.14445,-1.8020046
5098,704.57336,529.18567,28.627462,15.032469
5099,994.2238,991.0119,-10.789213,0.32001376
5100,654.213,319.8072,15.403041,-0.1010292
5101,601.2962,921.73505,-26.012728,-7.732297
5102,537.0454,1.722334,-85.53157,27.198133
5103,387.4279,117.30646,-7.9501247,11.968904
5104,664.49457,847.1458,-6.8887596,38.924587
5105,116.48489,372.23834,-17.740973,7.6107492
5106,350.1429,183.42435,-10.8044815,25.941328
5107,327.61383,499.76486,-47.095642,-28.343515
5108,212.9515,845.1919,-6.775163,41.769123
5109,729.7154,836.3255,-4.8634677,7.650842
5110,818.1035,397.0821,4.3560286,-19.442703
5111,221.57556,799.27124,-43.665066,-5.998178
5112,630.21063,620.3995,19.026173,-23.264545
5113,207.62303,686.7324,9.463396,-0.048873592
5114,650.6587,985.87537,-12.450423,-9.166201
5115,499.78458,581.0299,38.641468,-0.7751591
5116,165.41939,884.789,-17.635246,4.560471
5117,120.78199,810.2766,-60.625134,-8.95068
5118,674.65546,55.829018,-30.461878,37.94137
5119,425.10907,771.4079,26.28835,39.279057
5120,733.6225,390.07925,-1.38602,30.247452
5121,115.13488,664.37036,-13.276688,33.46537
5122,82.13177,877.72076,-11.069361,15.0611105
5123,674.1138,770.2505,34.050648,-3.5908427
5124,152.78966,102.80496,-13.012555,-9.052056
5125,491.8079,470.8925,-16.50441,-29.851719
5126,576.08704,902.2322,42.1026,2.6876032
5127,476.42355,948.6474,32.793953,-24.314783
5128,824.49725,579.9859,-46.17664,-47.818295
5129,506.67426,116.65443,21.896727,-10.66722
5130,110.14616,378.0827,-20.920498,-7.9015923
5131,107.192,966.2928,1.0738478,3.9599323
5132,75.49282,975.31793,36.216434,43.458385
5133,995.57715,587.1547,-16.157122,-13.452154
5134,88.38108,276.076,28.850935,-38.480057
5135,586.10754,358.51447,-28.97841,37.652447
5136,844.8957,651.96796,-10.511199,32.19359
5137,894.41364,588.14636,-19.706486,12.433396
5138,266.9948,813.31366,-19.896427,13.831308
5139,354.5022,600.051,2.6100042,-34.709072
5140,455.22095,502.15323,12.050836,-7.7100096
5141,893.55396,870.47504,54.039246,4.325804
5142,738.12225,350.88644,8.802107,-19.667738
5143,817.20233,293.0289,22.263075,45.571587
5144,369.6423,752.32245,11.447724,-53.52848
5145,594.1558,183.16672,15.124814,25.704975
5146,366.71344,135.84467,6.9260645,3.4900148
5147,689.45386,607.21045,34.410843,-70.03795
5148,907.12335,587.68115,-13.888673,11.811492
5149,143.46243,102.35615,-19.30167,15.682829
5150,2.6860135,448.8189,-18.866257,13.202816
5151,149.21472,400.84708,2.2370288,1.7728438
5152,957.2898,272.1026,-38.330303,23.337154
5153,400.38223,511.38538,-14.359373,7.7523165
5154,507.73206,619.5599,-10.301207,9.042807
5155,141.6826,141.5727,-13.17747,6.0538
5156,123.675964,457.22415,20.725367,-6.880587
5157,727.9813,847.35065,-2.0806499,47.29728
5158,767.84784,881.37225,6.050883,-3.7795436
5159,64.279434,992.50793,2.5825756,-18.080412
5160,833.8202,728.97723,39.445793,33.98174
5161,129.37158,206.27411,3.2482083,3.6531575
5162,1012.1183,435.74512,-40.917107,13.759584
5163,781.13654,759.47577,-40.49979,-53.643837
5164,147.38884,195.95428,2.636795,15.677502
5165,247.91792,697.9594,17.321987,-17.81058
5166,334.53384,924.63727,-20.350212,-4.1089973
5167,214.52748,361.83752,-21.274908,0.64141953
5168,730.94336,788.05023,19.021204,5.4861
5169,337.07996,453.1961,27.25868,-23.734097
5170,412.72357,409.68936,0.29800102,-1.2305322
5171,608.0967,351.16003,21.865606,16.947945
5172,409.51535,599.62555,28.569246,26.235155
5173,554.7194,695.84076,-29.096535,-5.201637
5174,481.0456,629.2398,-10.276681,45.631943
5175,832.5902,230.29146,28.178722,9.13963
5176,636.53033,774.5654,24.063618,12.427079
5177,377.40454,521.14136,-25.607872,-4.112272
5178,285.6555,394.82962,-46.59507,16.566141
5179,890.15393,390.81296,5.6048584,3.248933
5180,76.56221,29.372557,-19.872467,3.4047036
5181,822.5862,283.34192,-10.225463,7.855481
5182,768.547,750.3563,-21.774214,-38.164684
5183,739.2051,754.4726,-15.239442,-8.84832
5184,531.8291,25.461966,-3.455585,23.584524
5185,395.01337,972.5246,-25.058735,43.27213
5186,181.20386,242.8686,-17.226225,15.581374
5187,353.2866,82.56686,-21.322237,-18.57634
5188,602.12555,555.98456,4.9780755,24.35645
5189,730.00183,289.36798,15.97788,26.95783
5190,322.42603,52.990765,1.0672735,8.281394
5191,93.8343,322.5128,4.1097646,-21.877098
5192,193.0428,735.4947,5.067756,-25.564785
5193,11.837488,547.4136,-12.251127,-3.202661
5194,545.3909,104.54928,-12.084686,-3.1391509
5195,613.34973,323.8091,38.79933,19.141323
5196,929.4737,700.14,-1.0138004,5.6325245
5197,845.6457,816.0095,-9.015604,-0.641475
5198,95.69829,15.392239,23.223854,-40.25423
5199,300.84805,471.51123,-7.6147156,8.323517
5200,452.34586,800.8457,-2.2603006,-5.543998
5201,915.3803,751.6448,5.767008,4.219841
5202,528.29803,214.43463,-52.70903,-6.5076976
5203,366.49268,343.42596,5.5737333,-11.363621
5204,364.45438,191.89723,21.278597,-26.975784
5205,272.5333,379.51993,4.139092,-30.152493
5206,201.6294,607.132,3.1400275,7.412401
5207,614.89453,251.49524,-8.5335655,0.5080867
5208,780.7245,599.52075,8.657853,1.3300372
5209,705.2887,237.60623,-4.283224,8.425875
5210,523.4214,388.6923,-5.686395,15.997463
5211,255.91269,666.411,-0.3188593,-39.891228
5212,295.9239,428.5464,-12.976771,5.484612
5213,559.50995,126.93691,21.11739,56.468758
5214,857.767,742.5346,-42.161343,-10.465911
5215,4.5023093,274.4445,-9.614035,7.7872324
5216,802.8401,788.26447,10.632841,24.35962
5217,256.70844,788.8117,-5.0081077,79.23303
5218,990.2678,410.21265,3.3252542,-5.5371833
5219,631.8791,328.35867,26.274658,9.927045
5220,411.3795,435.27402,3.8959117,-1.9548552
5221,253.66733,950.86914,-17.490728,5.77249
5222,685.75305,715.76465,-28.188791,32.23401
5223,954.6107,261.41626,-3.8821104,-51.9031
5224,262.70328,793.6669,-12.690158,24.77502
5225,509.41708,676.7894,-9.026486,78.3944
5226,766.84283,901.1218,14.046341,-31.081268
5227,860.34973,844.82513,-1.2265908,-2.595517
5228,163.73392,650.32025,11.156866,-8.4062605
5229,528.72723,567.79565,-20.221174,77.18247
5230,743.36505,45.545364,-3.6420872,21.057814
5231,726.8798,665.5665,52.962364,34.42708
5232,26.192904,568.73535,-12.318395,17.61581
5233,434.95547,251.54193,-27.103603,1.0459799
5234,688.61304,469.00012,-11.674664,-6.7935085
5235,503.4571,576.353,39.11521,-4.4833274
5236,322.7618,500.59332,33.5394,-24.701206
5237,1023.3001,501.73203,-0.4788839,0.23034263
5238,25.737135,193.94806,-8.611403,-27.306696
5239,726.99554,993.9575,-41.979866,40.970062
5240,496.00082,279.2815,-9.636917,-22.339117
5241,997.3709,329.98242,-42.203117,42.643448
5242,371.7772,559.7222,21.220425,-16.21511
5243,292.102,395.09702,-78.80964,-7.96733
5244,760.60126,146.6933,6.896864,14.753585
5245,419.17218,768.10516,10.4681225,48.14338
5246,628.0106,369.14462,-23.746569,8.455977
5247,22.80782,240.75594,-8.858607,-2.649646
5248,330.32285,710.22943,15.058625,11.356702
5249,334.1216,386.8745,6.934364,-6.181448
5250,395.88144,914.87415,55.80477,-27.597227
5251,57.53245,10.465098,24.011644,40.132015
5252,173.6675,148.63649,42.599014,5.0968256
5253,359.79233,75.75534,-6.164053,-26.800997
5254,194.37198,490.945,4.278638,-20.525627
5255,896.7396,387.65204,0.97689915,-6.994282
5256,784.2586,116.29627,3.2330656,-4.3363132
5257,148.77133,523.7303,-10.081114,-11.940688
5258,863.7325,629.3798,-13.099243,19.708767
5259,416.0796,731.61334,-24.458706,-41.03921
5260,976.7717,75.13086,-8.034953,-18.999966
5261,402.32892,833.8368,24.79791,10.037767
5262,866.9706,192.62321,36.697212,-16.816092
5263,95.415665,666.77014,41.31387,15.711676
5264,531.6489,5.2159524,41.11474,-52.30894
5265,69.18837,980.1872,-10.4066305,19.513285
5266,267.39056,467.54794,-2.421988,-15.952959
5267,568.98126,964.0621,20.059196,6.237078
5268,328.19095,918.88763,-29.5681,-5.1102767
5269,958.75946,564.2552,-6.198615,-44.18054
5270,316.94193,861.50854,18.841587,15.7773285
5271,779.6796,753.99786,-29.31955,-25.892069
5272,450.5857,784.2035,-8.77602,10.765172
5273,44.427704,706.4908,-25.175684,17.449842
5274,904.26196,580.20416,4.790834,3.8680763
5275,808.3186,394.8439,40.32444,-1.6076405
5276,1002.98016,42.439953,-11.364307,8.460086
5277,310.60565,176.44527,-30.667442,38.39692
5278,195.4805,945.0889,1.8024169,21.001926
5279,671.11707,417.4066,26.447657,2.1885707
5280,316.0381,844.45105,17.725262,40.93176
5281,948.4429,932.56,3.2686424,30.568213
5282,268.79132,918.68427,11.3411045,-36.800285
5283,307.68018,167.29956,-15.17694,24.885939
5284,999.3698,560.00916,-0.16928576,-16.911201
5285,297.5739,282.95422,49.799755,27.460838
5286,412.54858,440.7514,-3.1945424,-5.2361107
5287,442.16196,113.8696,3.5854774,8.409985
5288,657.846,157.69334,38.962746,23.407093
5289,729.99664,236.26224,-27.246206,36.406094
5290,1009.80383,104.72728,2.0591102,11.311399
5291,896.04193,461.8832,-37.77104,36.3986
5292,828.4459,635.85724,15.277889,44.521214
5293,476.18497,12.890329,4.5948606,-17.152832
5294,235.64713,611.74243,-5.426879,5.1821036
5295,46.945236,260.4931,-7.4554973,13.346808
5296,667.84717,423.44238,-42.05101,-28.076834
5297,411.588,836.8785,35.545807,6.360497
5298,385.9038,853.9471,-28.828444,22.053185
5299,694.3859,1018.16437,-3.1990151,0.4473032
5300,811.5016,802.3592,17.76192,-2.004114
5301,232.61407,551.0609,11.543816,-8.35805
5302,732.29193,705.9355,-26.21078,66.264725
5303,557.82074,478.08456,-37.55373,5.6808558
5304,99.018196,30.459805,-14.470382,27.610071
5305,527.73474,130.9459,-35.828705,13.614661
5306,341.65524,146.89648,-19.89239,49.061966
5307,442.19186,438.1867,-21.680073,-5.049626
5308,55.337513,482.49243,-30.518003,-16.959972
5309,40.947952,831.16833,-8.912831,-0.6693203
5310,796.78937,347.6211,16.363338,-19.230452
5311,104.22247,259.4541,-13.553674,-13.513918
5312,800.81714,126.305916,-27.370419,-21.249207
5313,1009.6146,215.38818,76.09807,47.87662
5314,666.3791,925.02905,-5.8958035,-3.877728
5315,593.99554,700.1947,-7.179673,-3.4219432
5316,744.81213,849.7577,38.117577,16.622948
5317,6.3357897,895.48706,-14.382952,-12.377524
5318,861.6952,548.75854,-15.679913,-13.736267
5319,596.087,1003.32117,-61.510147,-30.2558
5320,584.3514,897.99133,3.685537,2.2472088
5321,291.34564,454.89755,-2.3591232,51.220203
5322,901.1782,875.6877,-19.090685,14.005231
5323,435.18295,184.23671,-3.1659954,-3.1603544
5324,14.572621,895.2334,12.984252,3.9270985
5325,915.94543,938.483,16.366568,5.59833
5326,88.29974,630.95447,-11.700833,-0.13842621
5327,745.48975,364.3712,-13.150412,-51.42474
5328,714.8443,374.1201,-8.023411,20.22988
5329,830.6361,130.69606,51.9908,-28.39207
5330,919.0475,487.8291,-39.02586,79.76491
5331,252.98483,765.86475,6.3420644,26.755072
5332,940.65576,248.98096,-57.82954,-68.9619
5333,705.71075,66.15556,-11.82408,11.587445
5334,826.66705,711.85516,24.456291,-7.2510047
5335,713.41846,1016.49725,48.34002,-26.501526
5336,921.26843,497.68213,-43.12175,23.5009
5337,9.209127,364.70557,-8.569436,-21.499916
5338,22.316269,29.354269,-28.522013,-8.760537
5339,989.27106,474.60593,6.115021,54.76515
5340,921.9927,702.023,-9.011495,8.175741
5341,548.7431,906.4233,22.287178,-14.753282
5342,43.010956,694.77466,-32.225418,43.65924
5343,630.6455,988.5179,53.096893,-72.66856
5344,716.1866,653.4838,89.41127,10.277364
5345,980.8954,504.70862,61.843533,-62.854965
5346,938.27325,425.38882,7.231837,8.815903
5347,303.78436,415.32675,50.25061,69.15097
5348,652.4008,604.7975,1.6495899,-8.620338
5349,162.73479,640.9355,-9.746851,1.2931113
5350,663.2469,516.849,-68.41635,40.210697
5351,807.71326,26.717796,72.65139,44.861946
5352,109.38388,486.31085,4.0587597,9.784657
5353,688.85333,469.24722,-24.254913,-8.3184805
5354,422.54187,785.6078,21.107714,4.7427197
5355,120.99226,571.26227,9.973272,-73.42457
5356,84.18829,460.81354,26.103495,51.188946
5357,929.84766,860.11115,-37.121346,-21.719177
5358,795.0069,222.8374,0.20993593,-59.99036
5359,777.20624,866.8137,15.999291,-33.274624
5360,957.37683,639.98224,-10.046099,12.885181
5361,163.63521,512.0869,-11.361311,-28.828804
5362,199.41205,67.01248,6.0348825,-5.813321
5363,131.89967,67.52966,30.000837,-0.5675691
5364,10.761785,688.0773,27.134518,0.75910187
5365,99.7768,844.0045,-6.3431177,-33.734882
5366,414.66135,273.45673,-7.8985195,0.841742
5367,1008.7067,959.8273,22.71728,16.044538
5368,23.488873,673.01587,-4.909998,-42.208435
5369,739.2083,202.53735,-4.4325533,23.498348
5370,982.95154,490.58023,13.990296,-71.390045
5371,530.3949,339.70392,53.11191,11.192225
5372,73.267555,938.91254,-6.091132,29.99946
5373,582.6802,1001.3147,-57.85755,-11.778799
5374,545.7809,111.03799,-14.185009,0.47100374
5375,996.30444,677.6322,14.920225,32.092308
5376,947.8592,867.4155,-5.806184,20.11019
5377,603.5537,65.67609,4.335013,-4.744076
5378,233.03131,353.52896,-14.70437,34.437065
5379,592.3169,760.929,-27.071363,-11.613759
5380,951.82806,1018.2501,-6.17875,-2.9340801
5381,561.0701,165.99767,-1.3943963,-35.199516
5382,118.10512,803.82007,-27.181093,-18.850601
5383,8.3143015,217.71275,-13.829878,17.930805
5384,897.3062,268.18118,-0.6611459,0.3030959
5385,66.31203,437.72464,7.149209,-7.572054
5386,851.5003,89.64266,14.460886,-29.015823
5387,21.81005,926.14014,1.5702304,-44.360332
5388,831.904,42.838074,45.12739,46.4301
5389,515.80914,101.124825,-11.475435,8.648663
5390,906.5635,931.81354,-38.244186,4.4900794
5391,582.06415,522.5547,-32.528275,17.857994
5392,330.3379,392.18164,13.388661,42.237183
5393,414.7053,445.8222,-10.542011,5.923752
5394,164.2608,737.50604,-12.561295,50.108624
5395,926.60364,474.16312,-43.105755,58.453865
5396,589.5265,629.4362,4.4313693,-11.263918
5397,709.0648,150.47687,-5.8562164,17.969591
5398,137.58813,916.78705,14.328827,53.00907
5399,1015.07697,2.2601104,-39.616684,-54.14826
5400,611.2271,930.8701,-31.704796,0.91161746
5401,344.81308,691.97046,-26.262386,27.873714
5402,362.02606,97.75432,26.57685,-79.81587
5403,682.1266,270.2015,41.896122,-7.2613616
5404,1014.1118,218.504,71.63036,30.144703
5405,154.50151,3.4632895,0.41262448,13.799249
5406,180.62756,522.2052,-42.37724,7.928828
5407,853.66016,426.70584,-1.0710558,33.52111
5408,337.50305,941.28156,15.796473,-30.387522
5409,692.5398,447.98975,13.765616,-54.074802
5410,690.4031,412.24197,-5.763755,-48.345356
5411,805.07794,397.59988,-28.354813,0.4545512
5412,192.87878,699.10547,28.512768,-31.1078
5413,539.2989,756.87,21.853981,-4.3270917
5414,986.18195,169.39975,-10.221163,-37.795322
5415,658.06134,810.33887,0.06488889,-0.14955896
5416,896.8577,84.618614,40.879017,-23.575708
5417,548.9143,271.59125,11.302684,52.686863
5418,699.4306,844.46234,-57.898396,-34.452267
5419,886.6456,189.50877,-18.90525,-29.24876
5420,687.6354,464.26392,0.078104034,-10.526459
5421,393.16177,116.688896,-5.1895733,9.180056
5422,2.6092668,651.9956,13.992974,-6.936402
5423,18.996305,916.7911,4.589339,-47.377316
5424,165.52725,926.48254,46.038834,-4.593658
5425,539.00275,993.3116,23.715576,24.056932
5426,11.630517,373.69046,11.784445,-4.0055013
5427,950.4224,1013.3681,-6.7380867,4.2934475
5428,169.733,709.50507,19.541468,7.0792246
5429,784.029,401.88205,62.778534,-18.41003
5430,851.68634,401.34412,-12.449148,22.97623
5431,68.12886,140.43404,13.493272,68.85408
5432,204.06813,526.938,22.07378,-53.19939
5433,152.35371,889.5119,-33.03822,28.423422
5434,250.31155,793.7658,-33.219105,23.093376
5435,597.2674,664.46515,1.0805736,0.013610392
5436,61.508587,113.17958,55.395836,39.410805
5437,624.55457,251.69592,-8.243467,0.7861255
5438,337.50897,700.39374,-36.31132,3.4673214
5439,598.3735,373.4778,3.6677191,-2.1516776
5440,411.22427,658.97174,32.996964,-17.378025
5441,25.826975,471.3456,-64.05292,14.774669
5442,269.12103,1003.0575,-0.59590113,-26.383081
5443,620.1564,793.2703,-1.3270133,-3.6540926
5444,246.70699,511.04727,17.295078,4.586946
5445,898.3342,162.61153,50.753906,-5.380104
5446,578.8092,532.2396,-19.281279,-15.240692
5447,133.94908,308.3858,-11.505098,-26.715996
5448,7.823363,358.6573,22.529617,10.5760975
5449,151.30373,372.53854,2.1652017,0.20976774
5450,915.3489,835.7853,-8.611746,1.9858788
5451,744.79456,172.87415,-1.7998652,20.007698
5452,860.3718,353.9591,-33.60424,-8.98352
5453,611.6949,64.42809,3.3754883,-18.279194
5454,115.05552,717.12256,2.3894598,6.3462915
5455,107.07892,254.93686,9.647346,33.19904
5456,119.03958,644.99725,15.547905,-28.247276
5457,247.40672,972.27124,-5.0752826,19.069267
5458,696.75134,623.9652,17.654055,-15.779154
5459,224.99593,781.4193,-51.655426,-14.40914
5460,950.4535,494.86084,-2.7420764,-52.23693
5461,680.4923,935.2883,4.2098618,-1.0909369
5462,670.82336,615.13715,25.803907,5.984406
5463,414.59427,231.62831,-67.03959,-47.716576
5464,118.62,556.05536,-10.402809,-26.938221
5465,717.3993,474.8678,-5.270805,68.36624
5466,973.217,371.04926,-11.427312,18.149153
5467,270.79712,422.5337,-60.666264,55.03004
5468,310.27988,947.74615,-15.855845,-25.107931
5469,122.72141,688.13007,-7.4486012,-12.394599
5470,368.66452,114.66647,-9.364143,18.173626
5471,405.0458,839.49274,23.698652,9.990025
5472,842.40106,886.70715,10.186117,-19.315828
5473,59.739,143.88013,-6.7782173,66.9465
5474,265.50598,103.16209,-27.821842,1.5793481
5475,197.28214,856.9166,-32.25392,36.05295
5476,976.49384,927.43195,-10.199486,-34.67032
5477,525.6903,118.05751,-47.26866,12.453729
5478,439.7737,19.203568,-0.47321525,11.113534
5479,379.66467,406.87354,9.487323,-20.84938
5480,339.4442,247.97487,-2.898662,15.960865
5481,775.26196,860.65796,-23.328075,7.5545974
5482,587.12115,227.5487,21.26783,-28.08548
5483,659.2519,21.407452,3.7252414,10.510305
5484,168.76823,4.104176,-3.2731774,14.350928
5485,362.11502,779.1541,44.900574,-23.002333
5486,658.5054,889.7444,31.094515,-0.82370317
5487,555.68274,312.5996,-3.0450485,8.080016
5488,465.88794,998.8606,53.61492,-24.933964
5489,543.34753,758.48083,-6.513087,1.9581293
5490,669.9769,93.82694,11.96061,8.714722
5491,832.5879,718.06824,34.624954,9.0976515
5492,535.9787,382.07318,-24.471241,45.278484
5493,795.63513,640.07556,9.742192,-7.2855716
5494,563.5397,757.6643,-39.09078,-5.2551565
5495,792.0494,106.80006,-12.338818,52.759384
5496,726.5463,488.21408,-16.247147,27.046764
5497,820.1622,391.56802,-22.82921,13.656149
5498,251.27788,306.68787,16.061907,-23.348078
5499,869.66254,878.712,-36.524837,-33.415215
5500,842.79895,382.92896,9.057788,25.119677
5501,133.47644,730.4845,-4.489847,-41.78991
5502,476.62796,147.99327,-23.911488,2.240591
5503,766.909,862.6624,-7.133236,-36.70413
5504,1009.9626,173.09831,-17.54245,-16.57188
5505,68.259735,173.91977,28.862646,-23.316877
5506,1011.50836,543.9432,18.56373,-8.287219
5507,682.7177,769.1289,21.746954,-4.9543977
5508,699.0478,591.4894,-10.937551,-27.046711
5509,632.7058,625.9612,20.276314,-15.344448
5510,350.32385,105.476746,21.344893,-55.556538
5511,315.75922,77.27126,4.0714874,-11.161529
5512,342.82367,422.2623,17.487335,-44.221413
5513,657.47485,629.12006,-16.554865,10.307485
5514,552.73114,280.75125,24.53023,10.538993
5515,171.26521,498.33408,-3.7936332,-1.5828129
5516,718.85626,585.6265,-17.235352,-16.507774
5517,73.520065,996.35266,-20.731314,53.938686
5518,806.96515,299.60684,39.356606,14.49912
5519,1008.89166,772.40485,-17.006456,-25.152105
5520,609.4592,28.87431,24.368748,-10.002539
5521,368.17587,774.9407,3.8749557,-43.560627
5522,34.490334,652.5752,8.762987,-32.089626
5523,528.3067,823.8399,19.438885,-26.045712
5524,975.26886,68.366714,-31.705519,14.138407
5525,828.60016,65.4558,16.94912,-22.374887
5526,368.68356,694.3702,-26.63906,6.8093357
5527,472.21368,8.350703,-2.4192653,-22.057072
5528,331.18277,460.46054,0.088058144,-16.140015
5529,104.18416,886.76,16.100384,7.3458843
5530,65.34667,372.7873,-2.9097264,5.9928956
5531,914.00696,979.33813,-27.433472,37.316833
5532,923.24365,360.4162,-15.35214,-14.358495
5533,612.31134,1012.99243,15.49635,-12.419468
5534,742.10236,218.69907,-25.386042,17.30635
5535,986.90045,153.40256,-0.8005622,-32.385677
5536,495.668,925.0625,2.9867043,-45.98875
5537,471.41095,848.6822,38.994938,-11.408424
5538,399.76105,956.1395,-57.069252,32.53934
5539,424.00348,764.31024,19.096098,31.666393
5540,819.16364,384.43152,13.483827,-11.744344
5541,420.789,37.805126,-31.373388,3.3169777
5542,854.06586,1004.72876,-12.098069,-1.3928576
5543,33.214516,832.5948,-2.8392808,0.27455947
5544,792.0715,361.8544,26.226974,-8.184553
5545,642.65125,465.55627,0.659769,-48.15344
5546,79.018295,932.772,-1.8697327,1.0308027
5547,54.09708,778.26166,-8.689042,46.237396
5548,988.3434,414.90353,11.904267,-8.97515
5549,641.0976,797.26355,-10.403702,19.57072
5550,770.14954,529.1583,17.92503,9.012515
5551,854.5978,45.403286,13.364374,-28.582254
5552,811.49146,856.2409,-11.516164,-31.566507
5553,458.79657,764.3786,-20.404453,8.904777
5554,397.5792,32.423283,6.3959627,-13.393676
5555,999.3719,47.1471,3.5723946,-8.921249
5556,179.69376,311.6403,-2.560966,-40.262104
5557,767.61206,964.06903,26.594643,-11.136804
5558,543.3685,330.83917,-12.664007,-81.60748
5559,66.53354,503.84845,-1.619061,-41.8193
5560,254.79822,913.19116,-63.792793,-12.656281
5561,1022.0035,1023.211,-17.458883,-42.744553
5562,444.49545,940.1031,3.5570183,-38.509403
5563,2.1285503,891.999,-25.404408,-6.6185412
5564,712.6381,110.48464,20.068245,3.7128882
5565,351.4047,72.45616,-21.650587,-23.708221
5566,242.11519,297.80902,8.07707,14.944563
5567,775.229,724.892,21.561226,1.497907
5568,268.01364,710.73773,37.472157,35.832695
5569,732.2454,927.12964,-19.658949,3.2069843
5570,628.5184,508.4671,-21.744291,41.47449
5571,779.15076,833.28674,-15.178242,17.582853
5572,426.31424,793.8193,-36.89212,13.32247
5573,822.4191,208.50381,10.0182295,-0.7070843
5574,790.84186,830.3377,1.9613805,3.95611
5575,833.93054,126.28055,-18.821308,55.51264
5576,296.16324,101.80104,6.326386,3.2666042
5577,116.07372,744.3167,13.798529,28.144737
5578,387.4759,759.8518,-5.5458627,-19.670559
5579,839.4486,198.11682,23.473099,-10.975704
5580,745.8886,761.3428,1.6355819,20.003054
5581,887.1949,911.2081,7.2663074,17.350832
5582,319.54227,535.5997,-11.968665,41.851734
5583,791.62396,4.3811545,-0.93882513,-39.670338
5584,241.29391,62.486115,0.55895084,-15.61326
5585,163.0774,934.67017,-16.743456,-35.65655
5586,294.9683,874.711,57.83356,-16.470259
5587,482.22168,792.5289,-35.820507,18.703627
5588,327.1032,419.34546,14.054217,30.552874
5589,864.4803,879.37006,-31.210484,-37.097885
5590,47.655407,789.85925,4.032536,18.135324
5591,293.40268,750.1956,18.659111,-8.818204
5592,498.22,491.82394,23.193577,-18.315775
5593,549.32837,1001.4947,32.05349,44.306755
5594,482.8625,585.73486,3.4683466,-10.24788
5595,656.30383,817.81476,-13.196228,11.85475
5596,203.44441,1013.0808,-22.707697,-43.00694
5597,982.80066,987.29987,-27.73349,-10.284462
5598,268.9096,1011.944,-8.337572,-0.06428671
5599,288.27542,803.09424,-56.06717,8.174431
5600,707.58234,102.682175,16.941206,-4.9214005
5601,297.81808,429.23456,-42.65608,-7.1944146
5602,893.1881,457.91428,-33.270233,-42.471645
5603,285.71182,753.94995,-1.0239056,-7.2534018
5604,207.73453,409.24286,-5.8465486,-19.121803
5605,980.0016,190.2827,59.586643,19.237448
5606,194.09709,803.12714,2.585783,4.975762
5607,103.30792,608.9015,-10.926869,22.263617
5608,673.178,923.5899,-2.4629095,-4.7266665
5609,1013.7362,1022.7436,-35.999184,-53.972057
5610,368.82953,349.88632,17.902504,-24.99243
5611,176.23537,296.71304,5.573308,-36.38542
5612,514.8178,936.60504,4.301043,28.265709
5613,197.88412,499.29327,-5.1597915,-45.33202
5614,408.1129,225.92365,-26.054081,3.1682258
5615,726.44293,362.71832,-23.341145,-41.335842
5616,102.07543,164.41087,9.453865,29.65899
5617,620.8569,141.3247,13.108776,-16.31318
5618,624.8528,314.50674,-9.980647,17.377314
5619,175.11282,502.70663,-17.49597,-38.437023
5620,730.3297,699.51575,-11.718088,48.052048
5621,806.52155,313.0779,11.429407,37.625523
5622,282.452,870.3782,15.168371,-23.458904
5623,30.367535,153.22176,11.211754,-18.426178
5624,330.4334,134.14218,-31.801413,24.458551
5625,101.072395,627.7772,-32.93231,-38.09391
5626,381.4645,125.71809,-29.82817,24.622402
5627,1021.7532,1021.33923,-10.679152,-52.08692
5628,163.88329,605.4354,8.500932,9.155456
5629,682.5254,308.03192,-9.469965,-3.5707464
5630,408.047,601.8763,8.357882,-19.366533
5631,787.9682,311.06033,34.138645,-30.72378
5632,251.20403,88.4301,34.48075,3.4199317
5633,577.3333,469.09586,-5.3144636,-8.431914
5634,625.84186,560.105,-11.914862,-24.259703
5635,341.14478,127.71149,23.431158,-0.6532093
5636,207.95204,845.8185,-14.565747,45.347668
5637,650.17957,821.4486,0.8038495,7.892153
5638,836.1789,765.5159,8.204637,5.161992
5639,26.320286,938.46136,23.079536,-15.698192
5640,102.33431,958.0372,4.0744343,1.821581
5641,858.1592,403.75293,-5.811661,29.916864
5642,676.19086,377.2456,6.134146,-5.159675
5643,504.7994,285.79813,37.794083,-3.8981836
5644,650.9114,255.349,-0.71099716,33.238216
5645,121.98286,370.98068,9.615079,4.788982
5646,377.13757,491.01312,1.8980623,-6.935455
5647,855.592,336.25537,0.062425513,6.6802707
5648,395.37338,620.186,-2.2004073,-8.589082
5649,850.34625,597.88513,-31.048666,3.9434946
5650,918.06537,79.136375,-30.197256,-0.7914873
5651,22.556746,983.32263,4.522759,13.025593
5652,467.19446,319.8637,9.150687,-0.8510142
5653,902.5143,780.7858,-27.669296,0.3136429
5654,191.1426,277.88547,-1.7572029,-9.008905
5655,388.9152,331.76987,-36.99994,10.174531
5656,791.06757,628.0966,9.016348,-9.688074
5657,367.7261,291.23203,-8.133373,23.736246
5658,691.12256,3.0964327,-29.149994,-62.617718
5659,868.5722,816.20135,1.9917934,7.423475
5660,3.6531377,312.46683,-20.386856,36.5711
5661,845.1136,37.311623,-2.8145046,-11.166619
5662,570.79474,230.9645,-4.4592915,-21.705069
5663,562.4131,414.14133,-15.486073,19.113192
5664,218.56996,403.9416,-11.188311,-30.260708
5665,391.05124,313.49713,-2.3534877,10.903929
5666,350.32202,1022.9091,9.71637,5.737008
5667,210.92241,983.17065,-23.59671,-1.6848774
5668,649.5672,787.9745,15.820861,-24.363203
5669,692.67426,272.69925,-4.0152254,1.10587
5670,126.60578,847.55914,-48.943985,-28.873707
5671,853.9507,728.0782,52.965015,-36.226864
5672,924.01904,67.482285,-2.4929879,1.2310143
5673,585.61536,536.00397,-41.81984,34.69871
5674,597.2879,198.11604,-60.93058,-38.866795
5675,266.0584,530.2445,15.925237,24.01509
5676,885.80493,135.93695,-8.889152,1.7202864
5677,235.54645,618.11615,11.034692,-38.995247
5678,625.68427,849.3567,12.186151,3.1160803
5679,951.09564,423.99484,-2.8239925,34.43972
5680,638.08704,715.46185,-5.943495,-3.637812
5681,735.86176,332.62302,-35.71901,-19.422453
5682,5.7970295,283.2895,-45.245853,33.9002
5683,636.1418,377.42795,-17.24371,40.24643
5684,93.76508,739.8222,28.37878,-12.597395
5685,995.7519,556.7626,0.75828254,-4.448849
5686,77.79917,297.37064,-7.518345,3.3668613
5687,567.03107,12.02638,69.71895,7.48397
5688,626.40814,931.8513,-20.03274,-3.651019
5689,364.86298,895.0906,6.633224,-3.3788338
5690,944.3284,279.3281,56.41717,-36.068073
5691,662.999,294.88486,-17.389906,-32.255383
5692,977.75494,5.9746866,47.360073,6.223332
5693,781.2644,135.32639,3.037991,-58.94016
5694,306.1505,912.47156,-66.60455,-32.752274
5695,418.70972,767.5497,10.430987,47.17758
5696,431.16885,759.1464,32.50058,2.695475
5697,575.093,548.73236,64.10215,-7.1775374
5698,66.63962,790.1882,13.120837,43.35322
5699,568.77136,356.66418,-54.934963,53.780464
5700,539.5111,193.61874,-69.89362,8.7105255
5701,735.6729,880.69336,-13.891206,-20.21622
5702,825.948,647.9779,-15.094804,0.13624196
5703,534.3502,531.6331,-5.935007,-76.63369
5704,302.2864,819.003,-0.6249752,20.067646
5705,784.16583,360.83893,8.549364,13.445595
5706,807.3355,264.84448,-23.349403,3.7356286
5707,302.42056,900.5743,-57.405567,27.842226
5708,667.12177,619.18414,28.859108,-4.232983
5709,739.0198,199.59453,-6.2511883,-47.059685
5710,312.60666,203.01616,1.9061431,62.767002
5711,671.84,408.5262,9.388069,-16.079222
5712,693.58984,25.678556,4.3946543,-34.057175
5713,876.6422,202.55849,19.496487,22.119984
5714,65.54426,952.0156,-31.056295,53.35653
5715,963.7487,516.3265,-8.587368,-47.166855
5716,545.56604,107.00062,-27.160038,3.0034637
5717,411.36005,447.65158,-3.6816936,6.5933437
5718,179.80162,697.3506,22.985147,-45.157135
5719,927.8099,655.8103,-11.687838,-61.338295
5720,898.573,254.96782,-2.9315708,-29.535341
5721,348.03192,565.51196,34.512383,2.7614486
5722,124.15002,555.3199,-30.238558,22.562567
5723,573.008,955.45435,21.064257,-5.8156824
5724,1.5310965,412.59482,-28.00022,22.909927
5725,747.65454,554.14453,-0.7980117,-10.485621
5726,718.84766,798.3939,16.06749,28.4202
5727,27.07634,54.80103,15.627254,-38.444233
5728,879.7913,262.08447,-10.535494,28.47927
5729,903.24304,390.54388,-16.707987,-15.187754
5730,563.1238,585.80054,40.742943,70.66302
5731,381.9321,403.34555,18.662434,-18.300678
5732,117.86977,261.7925,36.049488,24.421848
5733,234.05934,265.1889,-20.438091,22.577961
5734,522.71893,779.1745,-18.855753,-58.14398
5735,548.6359,531.62976,27.74944,-44.541058
5736,21.072662,475.94656,-17.435755,8.42504
5737,284.95392,411.1303,-20.920013,58.240044
5738,198.4477,522.06775,14.925137,-48.139313
5739,759.08105,210.34698,17.356367,-7.4248843
5740,760.6143,397.51846,48.714706,-23.66758
5741,1011.6804,914.3746,-12.02481,-1.6990044
5742,73.80028,912.7539,33.041294,43.36499
5743,926.24243,127.988335,19.90698,-9.40831
5744,895.143,164.01433,40.351624,-31.870346
5745,551.413,107.37221,0.23940249,-7.9589853
5746,50.327576,480.3882,-29.312902,-9.680096
5747,596.5062,653.64935,-6.526777,-8.2123995
5748,171.72269,930.16174,37.324585,3.3550973
5749,11.843912,619.87787,13.315396,-12.046145
5750,892.8422,712.121,-43.50435,-15.526465
5751,956.1798,1012.7755,9.40868,9.07179
5752,1021.15686,217.93227,49.599033,17.257103
5753,147.8582,896.49695,33.34257,-1.6597883
5754,104.95234,971.35254,5.91539,8.10563
5755,440.5189,693.68414,-35.618538,-21.337849
5756,993.93787,684.6692,-4.1483603,-39.25122
5757,393.52835,769.1287,15.695029,-6.622471
5758,631.95197,758.39294,9.255486,-2.2228637
5759,195.31978,575.7466,-36.969875,2.9252434
5760,951.58307,448.3518,-48.772583,28.04997
5761,883.20874,183.05455,42.973186,-34.72373
5762,269.83923,540.40576,-3.8043787,4.085615
5763,544.21344,875.87317,0.79447347,13.666194
5764,188.8628,445.14597,-1.8873299,-3.1384783
5765,522.0735,584.5235,-16.476189,20.105736
5766,624.1186,624.15436,8.216182,-17.849142
5767,82.20818,933.1888,33.52758,45.661068
5768,866.66534,622.68335,-2.3189828,6.5267177
5769,382.2416,116.18473,-8.539369,-7.1329603
5770,6.5795703,17.469454,-46.0768,-65.91455
5771,547.18524,573.27075,86.492775,24.879698
5772,834.86615,62.142616,9.147569,-18.694952
5773,473.4299,16.447927,0.6480786,-19.840822
5774,905.4603,543.3438,28.711626,7.4908977
5775,929.5287,841.7603,25.330206,-0.49043706
5776,405.3397,220.12445,-30.467276,1.3403374
5777,307.47516,850.88135,15.477943,32.941536
5778,851.2763,407.0697,-9.799959,25.278437
5779,430.30978,254.9825,-30.693419,10.961879
5780,223.68672,100.23656,25.462896,-27.850695
5781,951.3865,97.48407,12.887442,-15.287509
5782,254.59286,901.7063,-33.709415,-15.205759
5783,960.3229,444.236,-27.453098,11.629078
5784,728.98755,252.58888,-18.782825,10.343086
5785,382.76822,461.81528,39.487247,15.981846
5786,489.9162,222.67235,-6.3318014,4.3718715
5787,340.93628,457.1332,-0.8955863,-15.705292
5788,630.54785,118.11184,-11.026133,1.088972
5789,1005.5616,688.1361,46.782223,18.484732
5790,296.4339,309.05325,22.113598,57.51101
5791,647.7476,746.0488,4.342144,1.4330962
5792,477.7765,944.1589,0.24953774,52.142094
5793,482.88235,122.74355,26.601995,1.6251893
5794,958.0463,67.879234,46.983963,-53.534653
5795,336.8718,391.7357,22.583467,-4.082928
5796,787.6024,329.0981,6.4929695,13.652257
5797,826.76996,880.4713,-30.782574,-35.60195
5798,533.3001,712.70984,-32.461296,36.995686
5799,781.73047,172.66501,20.959993,-35.743294
5800,1.5934861,233.1737,6.9478965,-31.23284
5801,378.08972,576.7059,-17.139908,26.291641
5802,619.54846,622.5254,5.730585,-19.63008
5803,413.76154,717.925,34.737408,17.991238
5804,497.32156,569.2599,-16.915836,40.654556
5805,740.5223,248.57236,-3.3124554,36.431793
5806,901.0877,435.7035,6.1983323,32.53343
5807,984.3917,483.1678,27.457422,49.71346
5808,913.5184,207.59247,17.122454,7.2106714
5809,240.87257,287.11484,2.0954683,6.095724
5810,453.8068,447.09537,-9.450249,-16.684334
5811,257.61127,908.6126,-62.851376,-32.61861
5812,100.92379,1012.33154,-26.670324,-11.533273
5813,123.197586,450.92236,6.8525143,49.201942
5814,287.40213,394.11954,-57.71797,14.329101
5815,807.11127,402.29303,34.020973,20.228989
5816,198.87021,576.7,15.774433,35.238396
5817,842.1138,532.2607,-7.117176,-3.9870803
5818,165.16907,712.9565,-6.9396195,3.9729397
5819,290.40924,760.53766,11.049433,3.2120388
5820,778.92773,721.0231,9.501375,-11.243286
5821,919.75836,738.7834,30.904524,15.873735
5822,320.2907,679.6281,9.056979,8.3622265
5823,695.1743,334.93613,6.990323,2.86855
5824,378.78555,597.14575,37.386913,-6.523081
5825,330.40717,396.45517,-9.930343,19.784988
5826,879.35846,284.29126,9.195258,-10.123623
5827,487.0588,612.1751,-51.383053,-16.82476
5828,211.69777,950.7033,0.21569505,2.740775
5829,441.28326,533.04987,2.7209284,18.309856
5830,423.3966,449.4465,0.11001296,5.2232437
5831,816.27106,160.49525,18.572388,-9.13225
5832,1009.0393,754.2766,-8.322021,-20.918158
5833,135.76115,470.69562,-19.191984,1.8636148
5834,920.8185,645.92596,4.110194,22.103548
5835,818.5279,341.98264,6.3686867,1.7944499
5836,342.2627,2.5597997,4.938483,10.588665
5837,410.6203,202.02287,-12.274679,-41.072292
5838,210.89659,481.451,6.9729996,-1.6190646
5839,214.7082,493.34128,-11.292952,24.691889
5840,1021.11536,523.3061,12.050209,-3.7028837
5841,494.91272,137.10141,-19.955553,-29.418959
5842,139.39856,200.98819,-5.720997,6.77498
5843,542.6414,254.16893,14.413593,21.805555
5844,45.92516,207.113,-13.102066,-11.695175
5845,519.20844,552.11304,72.75846,42.059086
5846,239.32594,622.4843,-3.7808797,-1.5326397
5847,187.24503,154.0936,9.046529,-6.7350483
5848,982.7751,655.41815,-19.671797,-12.184093
5849,786.4398,354.71677,35.25188,-0.476329
5850,700.36475,715.91315,-44.3501,-19.615646
5851,260.35022,334.50897,-17.69795,-19.15181
5852,610.8014,1009.31323,18.828974,3.0242476
5853,334.37234,597.6971,4.45442,-13.775584
5854,849.59015,480.70865,9.821993,-18.02208
5855,762.996,909.3906,7.75372,-39.417686
5856,574.29596,887.38654,12.355191,26.139044
5857,99.65625,839.0339,-16.472305,28.650751
5858,642.96234,459.74078,-15.462306,-28.382442
5859,83.75203,445.25168,32.414536,7.8574805
5860,130.16191,338.61703,-6.297131,-1.8584058
5861,624.9625,353.70193,-6.9754195,-23.231886
5862,420.67307,440.63486,-6.523793,-0.07647891
5863,907.12024,129.85796,2.9327078,4.630981
5864,893.69257,936.48956,24.957388,-11.484707
5865,945.83203,385.48605,-3.3330925,-51.184296
5866,30.660572,939.3916,-26.980713,17.526876
5867,954.75323,60.044876,-11.594639,-14.343607
5868,152.25467,735.95306,-25.519339,25.615047
5869,364.352,781.3057,-12.190195,-0.87876374
5870,602.1346,528.7322,-27.81442,-0.44474298
5871,521.66345,2.5138345,-15.643639,-12.364735
5872,114.00069,560.852,-6.520215,-53.337185
5873,525.311,492.08325,-13.774534,-11.818805
5874,388.19684,871.0258,-1.9310563,5.341463
5875,508.5866,199.18861,-60.27663,-32.830387
5876,856.34015,611.3707,-23.711983,-3.4339154
5877,1010.4865,662.4649,-37.1521,-6.208847
5878,328.65338,771.63684,0.13549536,-12.305266
5879,50.753582,949.8704,18.35319,11.1972065
5880,273.1501,614.4021,-6.181867,-33.28632
5881,862.8524,819.7142,1.9219942,11.455233
5882,546.4146,611.0324,10.177268,25.661093
5883,527.7306,0.17187622,-28.99055,-7.2155795
5884,1005.5603,606.9615,-28.534002,38.414753
5885,629.4535,809.0021,-16.396755,26.97753
5886,783.4558,581.7794,10.87984,4.026404
5887,128.4237,522.7973,-24.802235,-16.196894
5888,976.22424,766.3456,-8.055762,-9.417445
5889,465.41953,355.75204,-23.290571,-32.98211
5890,925.11163,162.02678,19.338758,-28.132929
5891,304.19824,85.47806,-10.2830515,4.747933
5892,64.27898,69.35263,24.97675,14.096171
5893,72.774086,747.4037,79.17806,17.502293
5894,171.58626,558.9775,29.088537,2.5303307
5895,274.2903,906.11914,-82.24007,5.811555
5896,991.987,658.02576,-1.5485761,-1.2383722
5897,725.3204,939.13855,-8.884162,14.903743
5898,81.71266,661.5047,41.14836,9.090761
5899,995.4658,178.92003,-54.270206,10.810034
5900,596.8785,552.038,-18.065582,-41.304596
5901,991.04913,148.47069,0.09140002,-32.079155
5902,635.3361,666.4956,-9.334247,1.2641828
5903,150.03609,466.63208,-31.031017,-25.412107
5904,370.29196,847.2706,6.656072,9.5263405
5905,439.8978,146.28894,-13.143926,8.57875
5906,423.17606,899.8549,-16.772356,2.491441
5907,563.50574,315.35007,16.592276,10.983629
5908,817.9813,993.6044,-7.199316,-3.2748256
5909,550.9587,431.38544,18.76575,-24.473839
5910,561.254,429.80225,-7.326359,6.7579417
5911,1011.25793,835.7855,-5.139601,-5.5838103
5912,517.7479,15.59042,40.76183,-52.350647
5913,696.6787,734.8992,21.51271,34.172096
5914,125.988235,749.9912,16.055168,-55.925163
5915,23.564236,474.4435,-29.412489,11.404549
5916,72.14808,71.924385,1.8627832,11.377147
5917,563.4655,705.7473,-3.387426,-2.911717
5918,562.91565,1013.8468,4.937308,31.060368
5919,25.27687,757.9775,2.9301023,24.809263
5920,488.4759,465.57803,-17.281734,5.9634495
5921,367.23514,139.68509,-21.952229,-21.983345
5922,926.878,688.7741,9.049278,-17.295912
5923,79.59242,30.12135,-20.183699,-30.695187
5924,250.36668,165.19221,12.114914,2.9161503
5925,44.90538,805.38885,22.157143,-17.360258
5926,371.9901,369.0072,-24.244478,-34.233994
5927,945.3293,380.79272,13.795725,13.82592
5928,788.42426,345.68347,18.605988,-21.996714
5929,879.8155,328.2502,-1.2130334,37.112877
5930,167.9182,556.7288,25.77546,-5.939254
5931,445.29,719.0621,28.726627,-23.059162
5932,568.6886,388.40158,-4.9218106,11.518565
5933,957.07697,665.0153,-25.287573,-13.583546
5934,1020.12933,834.38104,2.4267156,-11.847914
5935,105.380226,806.5563,-42.530846,8.321107
5936,992.7655,612.14136,33.960133,2.6351812
5937,516.76855,849.0351,21.182072,1.7655544
5938,330.92075,835.8235,-3.3077211,21.793139
5939,298.35886,395.46713,-89.73203,6.9397955
5940,676.3329,907.7318,-16.779984,11.031546
5941,51.15061,178.64194,14.824803,-38.94539
5942,738.7471,862.1455,-36.543243,-34.168964
5943,558.0749,297.44785,-2.9058435,24.788628
5944,245.65536,794.77545,-49.76597,28.46037
5945,666.93036,514.8748,-28.780424,-12.087684
5946,229.19923,869.234,10.160293,-0.28530383
5947,551.43146,608.5676,-17.780186,83.58835
5948,204.1758,357.89804,0.7437436,17.584608
5949,662.19415,278.25797,7.982432,-13.236842
5950,355.35193,40.535004,21.087982,-26.196552
5951,841.9005,854.90515,-26.676538,-27.288153
5952,455.01825,246.72133,-23.74798,81.157005
5953,750.55164,771.94476,-7.519397,34.130905
5954,179.14655,410.44098,4.7566795,-16.866655
5955,381.09473,435.14285,-19.094055,-44.050003
5956,122.820274,339.61206,-8.340288,5.8553047
5957,522.7687,112.27159,-55.537052,6.2382627
5958,256.87476,983.1653,-45.021114,-54.80259
5959,459.51108,387.43005,12.11855,-4.5847974
5960,415.82358,279.09677,-2.4224477,6.239607
5961,625.0517,984.4902,34.098705,-83.29033
5962,908.5418,431.21127,19.397646,14.605661
5963,505.83292,777.33734,-44.461853,37.984917
5964,238.20546,333.58807,42.131504,14.122901
5965,255.07135,609.4942,-81.88447,-27.554218
5966,717.28503,992.0444,-19.493309,6.0285845
5967,957.6799,2.6335602,35.10717,-76.18803
5968,936.01483,879.51373,-33.32277,24.982052
5969,392.67044,236.51897,-26.520428,16.272484
5970,567.91315,147.62189,7.233255,-37.918995
5971,914.8565,579.0053,16.451403,-21.867441
5972,428.92203,775.0072,40.657692,40.61577
5973,580.95544,385.85196,-5.448497,-16.612165
5974,155.64505,492.99725,-32.654827,-49.25418
5975,214.05988,176.4813,-19.102068,-3.0016356
5976,550.04736,446.947,-9.070994,31.216995
5977,284.42392,69.59712,12.257306,-10.953481
5978,850.8224,592.7411,-16.815321,12.899559
5979,587.218,945.2842,-9.36182,0.31911972
5980,225.3776,532.74994,0.94750214,-2.6844065
5981,356.6112,111.63776,5.8841667,-6.214851
5982,509.45483,201.94022,45.542732,-0.5681931
5983,392.55862,961.8869,-28.208633,16.287594
5984,909.45166,511.27185,51.522568,-43.560753
5985,299.45093,739.0908,-15.439748,6.440529
5986,138.61682,573.7988,1.5861614,0.31592548
5987,782.54266,624.6272,-2.7079709,-24.758247
5988,1.358952,139.47136,-3.392367,-1.4375356
5989,955.5102,828.98975,9.576932,23.215754
5990,659.72833,983.3648,1.2507136,-5.3796787
5991,801.0914,512.56555,8.252419,14.869353
5992,324.6526,939.54803,-19.897152,-17.767118
5993,272.94373,185.48996,-15.381552,15.524141
5994,70.81433,123.35005,-65.02089,24.746017
5995,632.46185,274.314,-18.50429,-22.598284
5996,912.5601,841.4575,-12.889017,-6.0952463
5997,909.94214,489.88797,-39.2068,-1.5110289
5998,792.9755,3.0477893,17.302935,-7.3736033
5999,570.98315,361.34302,-57.154552,51.477985
6000,34.09164,1007.2279,34.01363,78.4021
6001,846.89154,794.0338,-11.223676,3.2357018
6002,271.11234,494.67932,20.926186,24.152924
6003,525.50995,515.2413,20.411465,21.501305
6004,939.05035,374.12292,-16.919405,5.2339153
6005,966.79736,142.29878,-6.790214,8.904424
6006,884.1567,906.82135,-3.0912595,-19.064611
6007,236.1753,985.0314,-30.317677,-21.284565
6008,664.04144,607.20886,28.201475,0.7177399
6009,928.6586,805.53876,8.659018,-11.713443
6010,15.381744,27.066263,-15.751217,-49.447784
6011,298.61,755.3894,22.894543,18.84667
6012,412.94244,945.5345,-28.131012,10.848351
6013,754.9408,929.4618,-17.624052,36.70351
6014,583.61127,920.1475,1.351226,12.333612
6015,247.06097,911.61554,9.001158,-58.292732
6016,573.253,476.1913,-20.01723,-30.911716
6017,729.5267,543.26056,23.389599,18.435137
6018,47.1243,866.31104,-3.1465206,-3.7634592
6019,874.16376,142.44789,2.2017317,12.429834
6020,275.02023,111.17062,-14.1792145,5.789562
6021,661.73706,821.85895,-29.049227,17.902273
6022,11.97222,456.80756,17.484184,13.9318
6023,748.4132,526.8603,57.547573,-4.193651
6024,561.7071,230.58595,-29.447445,31.896097
6025,254.52045,19.77253,-21.484571,7.8281283
6026,94.554955,298.16547,-19.79625,-24.041576
6027,586.4187,840.03467,1.8164911,2.4710524
6028,684.6933,243.07292,3.2477393,-6.0673203
6029,856.13885,934.30334,14.927352,23.010073
6030,526.5333,201.56744,-31.375172,-23.192226
6031,518.26135,438.41916,-5.731707,-5.463264
6032,516.1233,855.6106,-0.5018017,1.5843298
6033,152.93785,632.22424,-7.5973253,-2.8885036
6034,707.86285,757.2917,3.458531,11.051757
6035,233.58546,438.11044,1.7867707,-7.7090344
6036,31.386314,209.44963,-22.671494,-10.764912
6037,995.89343,489.96756,18.36347,-20.222002
6038,764.1359,654.4409,-16.436392,-28.2938
6039,923.8972,491.69348,-11.1501875,4.168718
6040,286.28122,320.45892,8.656699,22.003134
6041,301.02142,402.8177,-35.1905,-82.834946
6042,785.06134,725.59216,17.005083,-2.7140048
6043,325.89883,43.18603,6.505669,12.266744
6044,949.8791,493.16904,-52.06078,4.411821
6045,122.33735,1013.2121,-49.42218,13.491281
6046,969.2945,749.077,-0.82575315,39.22427
6047,290.18396,272.2334,54.041588,-9.861031
6048,25.503706,201.19896,-12.680307,-26.472092
6049,836.8609,125.63727,-19.760233,49.087627
6050,882.4307,942.7276,3.7910256,-9.904088
6051,1000.7449,660.039,-29.416494,-2.2597394
6052,718.3656,761.15027,31.023571,12.025323
6053,379.74048,930.9728,2.9024448,-5.48768
6054,924.0079,696.25336,1.6381836,-2.668489
6055,620.2481,617.2722,-3.2899594,-15.048185
6056,89.11553,730.7468,33.806396,-12.516282
6057,996.8129,1010.4599,-42.41703,-23.640453
6058,261.21848,519.32336,25.137884,44.21909
6059,481.95914,496.46216,-10.363214,11.824751
6060,559.91064,583.7831,6.033447,52.297615
6061,684.8946,471.38693,-37.029366,-13.089476
6062,947.3716,16.398256,15.32496,-36.65696
6063,447.08395,1008.51636,52.810673,-35.74309
6064,695.78534,270.69498,22.707167,4.2567935
6065,180.99318,166.8878,51.022617,15.609449
6066,458.4627,318.50183,5.6181536,-1.5693872
6067,788.01886,203.5766,-0.07305935,-50.638943
6068,345.39682,274.35208,-15.546,29.295816
6069,667.62695,820.7465,-45.565887,17.723772
6070,604.181,277.3902,-14.497443,-3.0860615
6071,88.88125,507.6069,7.964934,-12.180967
6072,402.33078,152.56705,-8.379066,-8.027663
6073,279.96307,590.8147,15.520339,-69.29256
6074,786.2262,34.25252,13.871505,-26.879004
6075,391.60703,378.3023,-17.421879,-24.177023
6076,205.43417,238.30406,23.000898,8.939174
6077,759.9546,11.458632,-1.8940067,4.3772335
6078,997.3541,492.87073,11.700128,41.501026
6079,435.89886,407.39798,7.847333,-8.958691
6080,353.9401,110.61795,16.541592,-44.43008
6081,485.7467,304.99478,7.117214,17.866682
6082,989.1922,399.94296,4.3770795,-33.77061
6083,882.18677,651.8884,-5.9731836,8.403664
6084,558.103,596.23816,-6.2526436,76.19189
6085,1011.65826,812.82874,-20.436438,-18.280474
6086,531.5796,547.75006,48.381035,-13.898199
6087,220.10129,279.52054,-10.101738,58.7424
6088,226.87427,653.9329,-9.114622,-13.260755
6089,593.68427,184.38449,-42.066395,-36.641087
6090,669.88544,746.7301,-18.367193,-63.84207
6091,135.86162,720.9946,13.2957945,-17.559332
6092,193.40015,540.0008,-3.811479,-33.146854
6093,900.90375,859.2648,-23.653673,22.325964
6094,757.1707,27.740189,19.92474,24.354446
6095,819.6379,985.2987,-17.079746,-28.286852
6096,517.211,615.6697,-6.9089427,10.640668
6097,57.249763,441.33075,-15.978255,21.67914
6098,874.56116,722.33,-3.1788135,1.4771909
6099,576.3476,435.63184,-46.429565,28.906513
6100,634.7487,972.8556,3.7363515,-20.533976
6101,656.42834,511.8299,-18.501831,-31.5783
6102,746.4069,311.57584,53.036415,-3.2203696
6103,724.24243,343.97543,13.209687,-16.732424
6104,986.5775,887.5743,-5.882488,-11.32139
6105,36.18448,156.99832,28.274477,26.878391
6106,233.91444,749.5103,31.483667,18.154642
6107,533.182,577.09674,42.65019,-4.2107697
6108,6.971433,690.65515,19.576408,10.006251
6109,38.815388,744.7778,-8.55204,50.35646
6110,979.5467,185.5035,16.798182,-2.499308
6111,676.3565,182.39316,6.166361,-8.188367
6112,291.41876,429.5155,7.7069907,13.109184
6113,432.59607,360.283,-24.015888,9.267479
6114,885.23724,867.83527,-28.419712,-5.7310867
6115,97.88132,322.3568,5.9650345,-24.956596
6116,710.84296,127.06053,11.80662,34.620213
6117,214.00377,586.05225,23.890907,69.93636
6118,840.11975,32.305202,-26.620543,0.64238095
6119,502.32114,349.8831,-8.103795,23.860357
6120,256.67114,997.7354,-15.376569,-32.899612
6121,697.4305,111.32428,17.153812,2.065407
6122,910.44135,836.65826,-6.102509,4.8387465
6123,961.16534,274.90213,71.00331,-55.303978
6124,637.9351,686.06244,-2.3926942,3.4877965
6125,373.2493,146.11292,8.450062,-3.2101715
6126,865.7221,9.69587,-17.033691,-7.880022
6127,536.3072,358.44495,-42.343197,-4.083714
6128,540.0977,128.7215,18.606314,-18.789124
6129,826.8136,343.946,7.8484836,5.2689366
6130,1015.47174,966.58496,50.613213,26.147537
6131,242.21552,558.80865,-3.6557446,30.585684
6132,350.78558,208.18643,15.861318,26.43224
6133,388.71988,966.96924,-37.827053,38.910282
6134,881.38635,364.61633,-7.043664,29.775753
6135,195.14929,919.3301,15.404586,27.467073
6136,571.2755,479.59265,-13.14595,-27.033014
6137,369.10388,119.30561,-2.7237394,42.331955
6138,964.35474,337.92105,-15.641655,9.6157255
6139,356.10318,648.16437,38.919224,-14.411229
6140,243.02539,507.11414,13.779408,-0.869075
6141,368.20706,954.09216,-4.859029,1.7118734
6142,227.35022,45.684277,9.904806,38.19303
6143,735.93756,551.5345,30.765732,30.584564
6144,436.12366,568.29175,7.940273,0.90988773
6145,713.0463,247.93819,-38.277393,-20.882555
6146,184.30708,8.139153,7.4091215,-33.095325
6147,870.96747,358.26465,-28.623705,-1.8051417
6148,703.7998,766.35815,-25.029278,26.509827
6149,129.05501,434.8234,8.265499,23.359402
6150,8.581579,435.34607,-49.55981,22.002033
6151,772.4531,793.39166,4.5462484,-20.425581
6152,632.9851,381.004,-31.646887,11.83585
6153,985.9585,416.70963,20.805717,-12.917048
6154,676.016,147.32101,-6.149143,-13.780199
6155,349.595,656.8587,-12.929873,-3.567266
6156,248.03659,269.37744,2.8790853,9.454064
6157,703.83936,229.84035,4.4880147,20.933926
6158,23.170008,134.07204,-6.1835546,-21.89707
6159,16.952484,131.82086,-2.867832,-33.234425
6160,302.72513,829.13165,5.181526,31.911308
6161,226.8258,429.3001,-9.992297,-13.966781
6162,592.2759,948.1749,38.466404,-14.641239
6163,637.73895,591.5368,22.072989,66.29085
6164,850.2894,428.571,-6.9935694,11.42752
6165,653.1389,341.14737,-2.003207,2.1601646
6166,925.94946,945.0033,21.64777,10.061561
6167,996.8354,378.47156,5.842315,-47.9936
6168,415.6322,377.69827,-2.7807467,11.111365
6169,920.89545,181.85753,4.934087,11.215793
6170,83.20281,943.8487,12.98991,25.751986
6171,494.89862,345.90295,35.36449,-63.86389
6172,92.7765,637.9681,-3.6708002,3.495081
6173,738.6589,387.42645,-26.743568,-40.577595
6174,147.93738,99.5383,-27.626968,2.6849196
6175,820.16437,126.01283,26.64866,-42.00628
6176,700.51917,234.5177,-4.8255024,15.101713
6177,490.32996,943.84845,30.36478,-41.126842
6178,783.2621,146.29549,36.45568,16.367327
6179,563.2834,181.14624,-0.2789852,-15.03822
6180,638.7617,478.55893,40.23836,16.838043
6181,262.15826,123.793594,18.854036,-8.555781
6182,59.69207,446.85437,14.679067,-12.244121
6183,32.134476,37.59735,-72.15805,20.735666
6184,60.36739,148.57932,-14.331761,-45.87173
6185,486.61823,155.8879,-11.572997,-15.85139
6186,373.72766,138.15576,-16.762524,-2.5159442
6187,332.0233,118.17094,64.13403,61.619205
6188,1012.87756,317.6763,-49.390213,30.549297
6189,915.5682,495.4567,-26.870874,3.9540763
6190,699.64667,663.66345,63.79968,29.239115
6191,597.784,596.51996,0.8657685,8.082101
6192,304.68747,796.5388,-25.469906,4.1291184
6193,586.10443,273.7358,-29.250017,-1.3739815
6194,859.85614,715.99457,15.0215025,28.347784
6195,365.89365,77.710884,9.513012,-23.483698
6196,1014.8777,790.5887,-33.44265,-20.475277
6197,217.28415,593.5574,3.1148033,-4.4955
6198,406.18085,167.11086,9.816302,-18.300102
6199,797.9783,57.77027,-53.37033,-15.3056135
6200,187.49869,905.0102,54.933544,-17.600422
6201,948.0009,92.54022,11.751355,-17.894062
6202,354.19452,44.274296,19.968824,-32.83213
6203,95.06356,697.21484,27.865408,24.03194
6204,344.42502,508.5305,-24.823238,-35.70213
6205,875.00977,208.56929,18.14957,33.939583
6206,436.2069,899.0702,-2.6765451,5.9721694
6207,81.673096,293.6712,-8.822461,-16.240526
6208,656.9613,528.55615,-5.5169377,-64.20459
6209,584.1648,191.48286,-38.988346,-16.220465
6210,18.109373,365.89804,-10.318106,-9.055785
6211,338.86728,122.2481,-45.360176,-41.73259
6212,580.19867,443.11026,37.475292,-41.34881
6213,340.81934,564.44037,6.3332725,-9.054687
6214,109.932495,154.74364,-2.4370296,-16.58302
6215,556.7672,420.14932,-2.0988343,-14.579091
6216,244.5182,833.92004,23.840649,34.714115
6217,296.95673,918.9094,-40.75363,-59.16808
6218,731.88654,16.247774,58.31513,1.435484
6219,945.0565,365.91714,22.647558,15.71379
6220,538.0717,884.8156,-14.525564,17.132618
6221,645.862,308.09686,-11.777085,-21.333427
6222,502.47635,974.5809,-10.786656,-11.959488
6223,68.22114,936.0466,39.587112,44.658615
6224,451.4048,664.4287,5.1415644,-25.085985
6225,734.52997,244.59302,-9.8441305,20.269526
6226,551.7368,46.030556,22.082106,20.918516
6227,217.493,955.72406,27.000906,-21.261236
6228,892.8937,471.11334,-10.778682,7.6451383
6229,533.8807,138.1868,-10.228072,18.817945
6230,955.45483,114.35447,-34.45845,-36.3981
6231,837.45526,356.57913,26.073372,29.559772
6232,207.29161,967.8851,22.751411,-15.3623495
6233,970.7835,327.66467,-4.0171447,-10.742776
6234,974.1764,697.2834,-14.121828,11.779666
6235,254.27394,961.7563,-22.51625,-62.29293
6236,875.46295,359.7304,37.44145,66.30142
6237,792.12415,634.7162,8.434196,-14.019058
6238,150.32056,212.97644,-19.438486,-2.440395
6239,362.63586,287.79507,10.246546,30.12007
6240,787.27356,114.20458,-6.899943,20.44646
6241,932.8221,218.56796,4.54985,-3.907785
6242,55.87825,444.54214,11.505677,-22.86794
6243,596.42084,1017.9471,-69.93072,33.503696
6244,852.85,981.81476,-9.452263,15.953421
6245,508.37262,111.2255,24.915712,-4.4948645
6246,126.99687,465.00977,17.787222,16.266928
6247,647.48956,204.23856,3.338947,18.968742
6248,201.99449,927.3098,-5.16947,-42.01217
6249,238.54695,66.22684,-5.3932757,-21.572773
6250,222.3761,305.109,4.3589797,-8.645468
6251,689.03534,889.73346,-18.989151,26.689041
6252,561.06006,700.9991,-49.751587,-20.760572
6253,923.0437,745.9169,17.42524,2.7505436
6254,945.5712,535.417,-32.68031,-37.602432
6255,57.22181,183.8336,21.132654,-3.8167164
6256,386.20297,563.9475,-42.794296,6.5728736
6257,350.54047,172.32034,-16.822498,3.9727452
6258,63.98311,426.37186,22.098923,16.525597
6259,397.16016,477.71158,-9.352156,-9.391252
6260,800.82574,492.99002,-32.323223,19.049543
6261,213.84242,706.8772,35.681858,-75.835144
6262,728.01465,114.72855,-9.8810215,36.288082
6263,134.89873,924.4853,-2.6093597,84.23725
6264,399.85345,705.79706,23.075197,2.3325946
6265,329.31503,953.8691,-3.4630604,-29.027426
6266,255.9562,759.5248,24.057516,23.721817
6267,143.77295,635.9018,3.5720272,-16.105352
6268,441.6109,120.34493,15.082152,12.106267
6269,864.8866,396.31195,18.201876,38.622784
6270,557.58026,587.29626,17.930838,81.97766
6271,443.85867,248.01007,-11.483339,-6.638126
6272,191.09268,907.4229,18.162968,12.964433
6273,922.70465,824.40906,18.515676,-23.669365
6274,928.57947,374.96628,-18.726923,10.524625
6275,109.98274,72.05885,-6.876855,-8.050107
6276,21.18487,194.98305,-12.014169,-26.716799
6277,672.1209,1020.40625,-13.033753,9.660754
6278,179.62503,21.572033,18.099293,-15.892426
6279,780.079,317.55713,20.998676,-16.14441
6280,268.56424,501.321,5.336636,11.1364
6281,319.73734,488.754,-10.02022,-25.173536
6282,296.9233,257.84476,30.133778,-58.076077
6283,729.2432,995.9636,-13.689682,45.359222
6284,485.57126,810.15063,-8.948377,16.686102
6285,333.74124,829.75415,-20.67476,27.837227
6286,213.602,336.85373,-9.534015,52.79345
6287,4.3962884,916.8611,-12.795008,-35.15266
6288,350.49997,358.47046,23.107584,-41.41295
6289,659.3058,207.06308,-34.947014,3.2914174
6290,21.696287,895.6562,33.463833,-2.9123116
6291,624.97614,224.6274,-36.273888,-28.916094
6292,754.02,398.33063,40.224293,-24.891817
6293,186.36015,184.5035,39.095676,16.659456
6294,968.0692,615.22516,-22.182278,-19.302425
6295,802.1916,394.24393,34.495003,2.3643022
6296,215.07303,839.57434,-6.9043074,51.741676
6297,749.6598,191.28966,-16.155827,-67.13693
6298,432.48157,355.08435,-12.247017,-7.423064
6299,369.9197,919.6617,1.2784914,17.42505
6300,627.35846,359.60587,43.183865,45.045525
6301,468.68417,386.17224,22.266384,-16.048613
6302,14.225968,361.97638,5.26388,19.021189
6303,585.0569,150.0431,16.75188,-4.5660386
6304,970.85864,69.77709,-13.479986,13.888195
6305,520.9935,492.61108,-19.924723,-12.6486635
6306,70.19821,120.66118,42.38578,46.71127
6307,337.2219,332.72186,-15.391313,-9.334028
6308,963.4236,541.72754,2.3414366,-29.079945
6309,750.43945,226.59854,0.4140829,20.154856
6310,980.6909,90.37695,8.687205,-32.983128
6311,61.795753,834.0699,1.5246203,9.455043
6312,479.20218,561.82367,5.105385,6.9134707
6313,963.5819,392.78506,-36.347828,37.84487
6314,954.75684,194.6859,-8.732756,4.513826
6315,1014.8667,89.432434,-7.416146,22.83865
6316,509.81134,184.92833,-13.704678,5.2497163
6317,638.32135,968.2176,10.637519,-10.946038
6318,703.6082,778.17285,73.21452,19.279085
6319,445.5564,259.03882,-7.610034,16.86947
6320,529.5696,651.4159,-11.0468645,-23.171362
6321,768.83856,136.54361,-4.565825,12.922808
6322,591.07874,663.274,-9.31576,-4.855943
6323,546.01196,493.72986,-46.22404,27.021288
6324,24.557804,480.77768,-7.908935,13.910904
6325,34.513943,1014.4923,-54.946987,33.289547
6326,433.65192,34.3086,-12.497018,6.2066383
6327,723.65906,823.1256,38.2987,29.703424
6328,232.1541,362.79388,-1.6684597,-24.441914
6329,519.87445,356.53387,6.2929893,29.52705
6330,108.32789,808.303,-27.420277,-7.3669305
6331,943.1628,768.31793,-0.36349604,-0.80004966
6332,719.83105,1001.26404,-15.724697,18.883648
6333,203.9265,907.5968,20.9621,1.9334244
6334,807.3302,698.12683,24.627462,25.048262
6335,828.0391,211.0912,14.269415,-4.742566
6336,325.13818,793.87665,-29.475826,-0.7140289
6337,695.1008,109.62918,16.106686,-3.528585
6338,145.22083,1003.8546,-3.8498616,10.564383
6339,582.4812,443.9576,-39.783672,39.61576
6340,824.67126,198.04453,37.479275,7.4208913
6341,335.38776,869.2162,-6.4348383,-1.2048935
6342,149.04425,98.54394,-39.25816,9.281187
6343,483.90933,880.27985,9.562242,0.68500394
6344,958.26276,268.4366,59.161354,-61.479073
6345,670.653,710.72925,-20.310347,-9.259178
6346,626.6825,769.56384,10.49216,-1.0697944
6347,639.559,153.0423,-18.987461,-0.63682747
6348,559.467,824.6013,-11.592657,-1.2531751
6349,30.870283,1016.26013,-33.33454,15.318117
6350,792.2776,28.031605,25.608328,-36.114807
6351,245.00432,69.570076,8.663831,-6.5458946
6352,878.4092,111.964,1.8757863,29.023563
6353,718.733,936.22144,-10.883423,8.017632
6354,735.30524,273.191,20.766766,-18.167484
6355,127.067505,534.7431,-16.04932,-3.903269
6356,17.249584,1016.3924,-31.601923,11.756484
6357,530.25323,1015.6929,-15.694281,-17.020689
6358,582.46545,891.41235,-9.204839,-1.5948541
6359,679.98444,780.38043,25.131481,-4.3992205
6360,277.5007,622.37024,-2.923019,-16.795607
6361,107.56656,664.5234,59.908092,-5.280439
6362,804.6971,415.46823,17.120876,53.699192
6363,901.3476,429.6198,22.969784,24.323727
6364,785.9062,424.8339,-10.039126,-8.292707
6365,192.22427,52.72369,-17.5182,-21.54788
6366,773.19366,524.4348,9.903081,4.4243646
6367,25.661879,1016.5807,-12.424654,32.746555
6368,863.028,620.3018,-0.27634984,-9.235809
6369,965.7465,277.27145,65.73147,-55.544266
6370,627.8398,967.6461,19.265497,-33.13494
6371,376.0586,927.5083,-2.019958,-6.2626853
6372,234.36162,891.31177,-24.748795,-5.1238837
6373,214.98476,541.04254,-79.21274,-25.899675
6374,384.01703,868.3914,1.5545696,-6.054218
6375,584.12775,619.34076,3.2627852,-4.5312934
6376,822.0589,992.83264,-23.06026,-20.305548
6377,726.3639,368.5577,-41.66371,-63.67471
6378,241.77979,870.50323,33.469128,-4.9944496
6379,149.05418,562.53107,45.529404,0.8433552
6380,476.498,444.10117,-17.053122,-23.623056
6381,456.1116,188.60034,58.928272,27.869505
6382,856.99786,864.7083,-0.56001884,-24.85962
6383,613.1818,472.43942,24.906013,-18.037786
6384,93.19646,996.3357,2.3248022,-30.735863
6385,605.19604,880.9971,12.956717,6.4310164
6386,1009.08417,703.7807,-13.489047,-19.100471
6387,265.02582,907.09186,-80.23007,-19.752674
6388,584.3185,548.95056,4.907564,24.68406
6389,500.3274,676.66266,2.0392447,57.577724
6390,549.38586,283.9224,3.428859,-5.267237
6391,234.98174,548.0302,-3.160183,-27.28311
6392,11.173778,1009.4503,-7.122025,-23.735771
6393,750.0199,401.70703,19.739914,27.75304
6394,692.7462,974.3861,-6.63345,2.1789484
6395,875.02356,299.73816,-19.094875,-35.371777
6396,686.9352,215.0187,11.708127,10.903676
6397,872.63495,896.7311,-26.729218,-0.5979995
6398,518.5775,113.6668,-2.5268784,17.835205
6399,968.4989,262.18335,-1.395223,-28.488241
6400,564.8686,410.50128,-2.1084182,12.570718
6401,116.35388,223.30359,-10.144268,-3.3987439
6402,153.48007,61.965836,38.510807,17.3905
6403,82.86651,936.8439,11.768403,25.872667
6404,332.05652,157.0192,-18.776766,50.850586
6405,749.833,899.8154,20.939697,0.7044333
6406,616.7586,196.6,-14.53036,-20.409473
6407,568.9874,341.14993,-46.08431,39.84417
6408,43.53437,4.3447967,-44.710117,-31.061764
6409,469.97745,12.296008,-12.484262,-21.420715
6410,658.54816,107.872986,-44.98523,4.440101
6411,659.41895,828.01166,-0.14410837,22.440022
6412,731.7874,454.1748,6.4679527,62.644287
6413,356.40607,412.29877,33.039364,-54.389645
6414,402.62225,955.6665,-40.237995,32.268524
6415,400.85294,62.811363,1.1924025,2.011895
6416,767.4961,480.80585,-1.40095,-1.6148182
6417,1022.29834,154.94888,-9.56997,12.8548975
6418,994.57635,398.6203,6.8090334,-22.730999
6419,981.82416,457.20868,7.2635536,-10.405107
6420,555.2491,838.5921,-18.467834,11.953039
6421,971.2078,846.9359,-26.672626,-6.31376
6422,940.738,93.7226,15.534328,29.391754
6423,212.97102,312.6224,9.48482,-5.1190357
6424,282.44272,805.63904,-7.239382,-12.186899
6425,1013.8084,180.11421,33.892864,-46.964016
6426,516.9217,612.75964,3.658726,-3.5026915
6427,248.3241,338.6536,-23.019087,-18.308746
6428,603.49023,1013.8684,-27.062014,4.3276005
6429,381.38354,244.25078,2.1248615,-3.8929062
6430,379.91736,343.57974,-9.294387,50.78846
6431,176.46422,338.58057,-12.779228,-23.788145
6432,623.24774,153.80475,-83.865036,-32.659702
6433,304.8052,967.12585,18.51864,-13.298219
6434,182.88503,235.39323,-3.3899825,4.218549
6435,194.01277,716.4714,9.591745,-78.00884
6436,678.04407,268.1674,8.514877,6.514031
6437,53.281967,883.81525,4.5440574,5.0622
6438,207.74727,125.132965,-9.719806,42.390484
6439,845.9922,156.91493,-11.128924,-15.561973
6440,445.44867,237.74437,-22.547497,-36.356144
6441,619.8641,219.05519,-21.253384,-61.623493
6442,269.7847,844.76715,6.7932105,36.772446
6443,770.15497,813.5432,-8.271952,-36.739613
6444,555.41077,652.2068,-20.15897,-3.6210492
6445,18.774113,494.08496,1.9860802,35.913094
6446,236.5975,257.67365,-34.594326,0.14580375
6447,198.32103,909.09094,8.851312,2.6378875
6448,141.55948,894.7146,-57.03089,69.62383
6449,815.6947,719.82416,-4.348059,1.8767297
6450,470.79706,323.23282,7.8806252,-9.375019
6451,840.6393,739.6877,3.3247716,10.650536
6452,981.06696,203.60648,33.891476,22.871227
6453,212.28706,306.8397,-0.7555957,-20.21497
6454,753.327,342.54172,0.39126518,4.597926
6455,109.0903,909.30585,-86.23928,25.744635
6456,967.89966,308.7423,2.0364535,-32.67586
6457,114.63305,519.05054,-12.006772,2.709277
6458,383.03058,667.6188,7.9569097,3.8852158
6459,777.9717,857.6459,-30.196325,-3.7477562
6460,60.017624,776.39594,10.956611,13.780498
6461,24.078232,987.51324,33.75616,73.54693
6462,125.478355,725.7837,-13.762226,-26.951462
6463,162.56949,566.37036,2.5200903,-30.085043
6464,373.48398,487.9765,15.329761,-14.679322
6465,270.39877,822.07306,-16.794771,20.565632
6466,169.09149,878.5486,-1.33721,-4.4502335
6467,552.4787,100.36659,3.1334758,-5.152829
6468,243.40236,301.55017,-0.37169906,-6.0403395
6469,170.8557,74.58568,28.631527,-11.011738
6470,47.72575,519.4341,17.400326,32.590546
6471,46.067238,252.67868,5.1463184,8.167945
6472,183.93808,943.2628,-28.392048,5.5428076
6473,863.1817,394.3904,14.421037,35.87202
6474,407.46283,709.5478,37.135555,15.99462
6475,689.5708,578.61285,-18.57584,-39.609505
6476,528.56616,405.4992,-12.842231,11.758747
6477,1006.8674,330.9335,-25.229849,46.02306
6478,729.02484,0.4648609,-36.824146,-2.2946818
6479,559.436,831.86053,1.5008678,14.180673
6480,369.1336,995.803,6.977467,-15.937239
6481,252.89987,26.641228,-12.056715,12.21508
6482,605.8027,1007.9443,-18.398115,-34.64138
6483,606.16815,389.24396,-35.355843,7.586915
6484,438.06534,354.07394,2.4484797,-3.413834
6485,441.794,743.3338,-30.676746,20.972868
6486,104.06585,847.5605,-17.247225,-63.27367
6487,860.64246,334.7049,-8.974431,3.709652
6488,70.78401,227.05891,-25.917011,-9.287682
6489,66.445435,865.14014,-13.89602,0.7923588
6490,921.2353,877.96985,-43.849876,11.0794935
6491,43.326977,474.58905,-58.9922,-20.25606
6492,919.04047,782.4435,-21.081976,15.904936
6493,178.3664,235.8749,-15.890151,22.826735
6494,690.79425,487.08914,-46.821358,18.73989
6495,775.9041,865.99335,-30.117067,6.6688943
6496,606.7994,864.5592,7.2830777,-5.046045
6497,986.8355,509.65335,44.735638,-69.739334
6498,340.12222,508.96286,-34.14901,-10.96036
6499,647.9417,546.58136,24.159319,-29.10036
6500,512.0592,560.833,20.643953,19.288662
6501,936.5135,662.0193,9.512253,36.97697
6502,895.627,682.3296,15.468493,-5.1229687
6503,1021.82434,6.354829,-57.327972,-69.379425
6504,616.62885,829.2661,-2.891955,4.487599
6505,536.97186,230.9059,8.564728,52.278904
6506,803.7315,143.90723,-25.261654,4.8538165
6507,817.18274,842.22455,20.469242,23.161108
6508,719.0176,647.75055,84.220085,27.253544
6509,344.26486,869.89703,5.404281,-1.9064833
6510,366.29886,492.489,-20.396097,15.452607
6511,925.6994,439.195,-35.13039,9.565381
6512,449.7639,971.0086,6.250013,-19.556248
6513,539.89844,878.63947,7.4207635,13.649637
6514,880.0007,518.9011,7.2238197,17.796068
6515,335.40527,875.943,1.2669853,-11.665855
6516,607.6393,455.4985,22.106213,-27.966469
6517,604.1686,560.7357,-59.84777,-20.698555
6518,423.70023,278.47183,-51.92174,58.701134
6519,1001.77,544.92413,14.973014,-3.6870892
6520,396.06763,13.488981,-1.4170053,4.232765
6521,1020.79144,147.2217,1.2851044,29.35969
6522,533.6435,74.649376,-23.758965,8.006984
6523,261.22333,852.3291,-7.0518503,-4.5810533
6524,453.45206,844.46576,27.043259,44.474113
6525,961.7985,751.3878,-43.449387,-39.14152
6526,197.95425,793.837,-3.2848573,11.069163
6527,475.7772,538.0191,29.903254,4.5294294
6528,771.10516,882.36597,10.694097,-51.867405
6529,954.25684,549.3265,-25.893406,-44.79873
6530,613.3513,796.0974,5.6766996,-0.14473139
6531,792.48004,171.08957,34.46803,-39.067497
6532,336.97583,87.18588,-49.952713,23.83137
6533,694.27856,888.9555,-16.757713,25.930563
6534,560.8605,55.73062,3.4227889,15.1246805
6535,142.15247,550.63214,12.508422,31.7051
6536,514.108,438.6727,1.6742711,-23.165882
6537,225.387,747.54095,21.656282,33.35746
6538,167.70485,478.97928,-30.653418,-38.78286
6539,117.96345,812.6832,-61.704765,0.8912947
6540,885.43756,679.4553,-11.738944,-2.9156208
6541,248.3384,843.05005,4.739616,0.039991118
6542,556.87396,1013.68744,-28.810232,34.36296
6543,989.4427,404.83795,-8.885857,-20.619295
6544,111.42169,558.5183,-29.18166,-27.90017
6545,277.03036,189.00133,-2.7711015,13.812486
6546,545.9722,507.22134,18.448578,20.935137
6547,159.17201,78.107925,21.622784,-26.50866
6548,823.2976,120.047806,16.41193,-39.369583
6549,154.98732,182.7334,-52.606888,34.949074
6550,294.06693,948.5726,2.8232281,28.27016
6551,491.99442,141.53197,-4.172626,31.579401
6552,400.55692,952.6638,-49.361065,25.809748
6553,799.79913,219.76445,23.62224,-31.55298
6554,923.30774,618.6097,-33.63576,18.301376
6555,615.4336,28.009735,-6.7104,15.112296
6556,806.79346,898.8604,31.230778,-0.023404252
6557,299.30417,948.8061,-19.962437,-6.5616446
6558,934.1544,456.92072,-49.180553,55.66962
6559,857.84064,658.8309,-10.426836,-0.6812947
6560,296.14346,229.5974,11.794005,-8.33434
6561,347.86237,71.338455,-27.107315,-21.50922
6562,242.46965,377.20416,-15.134089,-0.38421956
6563,266.9406,1006.01184,-28.779026,-22.544395
6564,479.67627,821.7649,26.506567,-21.869942
6565,724.2968,771.9216,-3.5549304,69.29225
6566,195.328,158.58646,-10.4108715,13.345886
6567,14.023764,509.02826,-14.287711,-9.040768
6568,600.9114,296.04788,-8.06671,16.102247
6569,34.581856,211.39417,-30.753296,-24.416618
6570,918.5806,132.35977,14.7694025,-5.1255374
6571,294.21722,803.3889,-31.220907,-5.5173836
6572,228.00552,428.42892,3.0617237,2.4784646
6573,740.50775,237.69225,-14.310933,39.842113
6574,32.31729,29.598635,-38.301205,-8.3752575
6575,414.23965,628.46124,-6.449097,-25.310703
6576,723.4916,676.8714,-3.6691935,49.126633
6577,568.6902,537.5662,5.4527493,37.082554
6578,189.09128,725.23584,5.1767707,-64.65249
6579,198.07826,696.8015,13.54619,-88.74262
6580,545.0262,30.820292,12.45398,2.3564782
6581,29.462881,387.33145,-20.930948,-13.842162
6582,791.85614,553.16675,-0.9277905,1.1495599
6583,353.51797,127.90756,-80.31897,-40.60619
6584,117.38787,97.25086,-12.404931,-3.503497
6585,884.6561,835.7749,-24.23565,1.8369358
6586,130.68723,914.07935,-11.576545,57.45342
6587,436.44986,300.51678,12.545414,11.609391
6588,333.47653,971.9801,-24.893469,-60.041958
6589,546.3649,460.95877,-0.8116515,-4.385757
6590,804.9339,807.4103,-3.1689963,-19.115849
6591,506.33008,261.42532,19.550104,-20.567856
6592,936.7494,525.34686,25.194359,-14.905229
6593,867.6448,872.5142,28.927439,4.353038
6594,282.35455,390.45575,-40.16406,7.62107
6595,376.19427,362.21613,9.479188,-5.924644
6596,912.27295,924.033,-54.330433,11.067973
6597,846.3071,526.6033,3.1937306,5.70012
6598,228.8621,601.3468,23.24376,21.062906
6599,791.4946,935.55853,13.10384,-3.9341292
6600,188.25148,689.3058,9.798453,-25.349632
6601,119.67819,836.43097,-24.341896,-18.671467
6602,333.92413,703.26526,-52.291073,6.657319
6603,956.47107,1018.74255,3.8535748,14.516152
6604,885.8116,485.78775,-48.222286,-27.073154
6605,889.42114,464.98813,-16.560234,54.632362
6606,867.6179,190.30258,62.649967,17.84793
6607,33.54069,321.36057,-14.210094,-8.526581
6608,631.18054,370.6335,-21.871996,6.0890217
6609,469.84833,650.5834,-1.9179791,-2.6406386
6610,912.8208,597.34814,8.006463,-9.082917
6611,931.2167,417.81915,23.132772,4.130834
6612,351.39258,136.47281,-8.381959,-45.438133
6613,695.9201,209.8248,17.054916,-11.346996
6614,463.4963,508.7119,-8.79285,2.86968
6615,857.61096,966.7863,3.8916447,15.652718
6616,766.8748,738.723,-28.054548,-53.113617
6617,565.8007,300.7716,-34.342655,-13.3925295
6618,995.41815,490.29504,24.014109,-47.51995
6619,903.48553,528.3099,-5.7960124,8.612263
6620,708.9311,744.0604,-39.45954,-4.47076
6621,74.230515,435.1103,17.367481,-17.912966
6622,498.38046,454.97913,-9.946408,-8.188902
6623,304.31674,385.3444,-87.50591,21.040817
6624,977.19165,369.78848,-2.2250695,4.6055794
6625,453.00787,34.82366,-24.75108,-0.90065837
6626,791.1274,37.88672,23.535748,-22.369875
6627,339.1675,816.8899,-35.36566,29.337955
6628,302.6096,624.0382,-11.739874,-10.09809
6629,436.462,652.0855,15.7124815,-10.00423
6630,92.50152,443.6865,-28.27809,-26.308348
6631,288.85144,427.26328,-11.587283,70.35927
6632,602.0282,1011.7871,-26.554613,-7.047642
6633,219.3715,15.97257,2.909668,11.785646
6634,168.28014,980.9969,-10.389864,13.272908
6635,654.173,518.6568,-21.88739,-18.064337
6636,363.35013,786.31476,35.683567,-77.630165
6637,555.4472,611.7812,-7.971864,71.000854
6638,811.9647,126.356415,-19.96566,-24.002861
6639,460.9424,968.5827,11.637348,-15.064408
6640,210.58205,984.0719,-3.907007,12.393453
6641,666.7354,772.60046,58.105766,-36.59235
6642,1013.4236,1009.7158,-32.037384,-55.64671
6643,289.0188,908.75604,-54.488056,-56.703556
6644,466.10855,8.008642,-14.406301,-16.717503
6645,197.58032,679.60535,-14.543586,-0.4944384
6646,301.9646,424.33804,-5.7103333,-5.8873954
6647,723.408,658.22327,40.24057,36.841923
6648,703.33325,594.7025,-9.823831,-26.089018
6649,30.150072,1008.2891,8.475904,-5.691091
6650,489.06915,368.7966,-0.9277285,-44.96385
6651,661.3881,273.19534,2.2967646,-27.416758
6652,415.287,652.7447,15.588468,-18.508429
6653,733.939,532.7698,27.1643,5.713758
6654,905.28925,135.91467,-2.6510327,-13.5087385
6655,218.37204,555.9781,-60.5651,-25.195423
6656,151.07806,849.7302,2.7854276,3.9737918
6657,843.54553,121.581985,48.729008,-3.0479846
6658,1019.87036,491.89813,13.870844,28.520615
6659,371.70764,613.96533,-7.0062923,1.6420709
6660,232.21646,559.3142,-21.541445,-6.8388906
6661,726.738,896.2761,11.2017,-37.5127
6662,797.57196,930.6972,-2.7572963,11.165208
6663,127.570694,20.414747,2.190444,-3.5246093
6664,111.18748,422.53094,71.52535,-15.160398
6665,878.6738,136.1784,2.8674884,6.951639
6666,705.88354,377.38153,-29.517925,16.466576
6667,105.01758,249.54597,-0.59112173,17.090368
6668,765.5047,485.48993,-4.46693,-4.4973726
6669,966.9012,264.7935,-73.08822,-13.366533
6670,105.44544,456.19775,45.57806,23.759396
6671,466.75638,478.77155,12.259176,36.124035
6672,175.66068,928.2646,0.13842691,-29.72612
6673,919.49475,5.6335754,2.0317137,3.8197935
6674,786.7741,29.242142,16.726227,-36.988495
6675,303.61972,364.24835,-7.4078674,16.598469
6676,951.69617,278.07498,-36.11306,42.22185
6677,239.18457,427.26566,-4.837282,-9.365598
6678,767.5303,795.6437,4.065331,-48.146168
6679,348.00153,685.4221,-24.026981,28.323338
6680,617.5454,504.39072,-23.839275,34.29665
6681,534.12164,9.789263,-0.8841973,25.869354
6682,229.81192,746.2975,45.511562,25.278961
6683,224.54466,878.4621,30.857903,13.442858
6684,77.346794,918.0864,4.602359,29.21846
6685,86.16806,126.03903,34.81425,43.86341
6686,720.69073,189.44276,26.177635,-0.0774494
6687,160.20413,275.60007,16.685022,-9.711907
6688,581.2959,759.4333,-15.226269,-8.518635
6689,652.867,523.62695,-24.605145,-19.126923
6690,475.93878,493.3574,5.2754326,7.5820413
6691,828.47205,867.02466,-36.66312,-42.567875
6692,951.5093,546.82794,-8.012711,-33.944275
6693,216.66304,857.11847,3.319554,40.854603
6694,326.58173,564.63586,-20.911797,-35.768814
6695,1023.1261,4.1389446,-50.731895,-74.33892
6696,90.537315,891.2053,-37.494244,8.848482
6697,16.218302,205.77191,-26.007883,-5.735829
6698,44.58412,630.618,-29.69726,-15.777809
6699,277.60577,316.4066,17.278143,17.47004
6700,722.2792,866.9332,-19.980482,38.986988
6701,408.68674,902.48834,-10.105807,2.2083745
6702,1014.6184,771.18317,-0.36011922,-15.499928
6703,484.8396,801.23035,-4.9890327,18.234854
6704,216.0841,11.369689,-51.43142,-11.005684
6705,545.7664,26.776228,12.326146,17.60136
6706,257.7358,648.34674,9.923413,-27.890533
6707,530.23364,574.65234,30.64944,4.062279
6708,763.8578,904.9197,9.986489,-18.159084
6709,271.66254,714.17706,24.207779,-28.906956
6710,16.55494,257.9932,24.614029,-26.38535
6711,482.78857,359.37112,-1.0582579,-32.138496
6712,720.97205,535.40326,31.509691,23.600176
6713,850.53845,787.7438,7.4766517,11.603308
6714,438.39658,749.94385,-47.12577,55.6028
6715,412.28705,781.13544,41.049057,-56.65901
6716,1023.57874,918.6318,-14.861297,6.5816693
6717,1003.9112,589.0252,-39.490738,18.189734
6718,497.06784,936.87646,11.774638,-64.028725
6719,136.04199,885.3632,-11.015298,-60.571224
6720,378.1414,481.0951,17.40862,-5.846944
6721,906.925,265.00568,21.777742,-16.995914
6722,286.4619,898.9379,-61.782677,2.2585123
6723,991.859,406.25818,10.270726,-15.63386
6724,104.20525,673.179,-11.634783,21.306086
6725,580.78296,198.24683,-43.02015,0.72408503
6726,557.3014,696.00256,-37.391747,-17.230457
6727,821.4542,123.03889,41.203403,-49.32229
6728,871.5186,496.72516,10.192605,24.000984
6729,107.184746,133.76198,-8.399826,-9.087542
6730,940.2283,888.12744,-18.368727,0.2096349
6731,809.3008,977.917,-2.031928,-38.379066
6732,393.1448,199.64883,-26.545452,-34.686005
6733,86.0151,28.46125,-19.944557,-28.077942
6734,310.11908,75.45207,0.8259018,-11.47929
6735,598.4339,1008.55365,-61.756546,-5.2080083
6736,748.31494,39.785027,2.15997,17.960577
6737,736.52954,434.59967,15.339758,-13.941846
6738,947.6334,572.9248,12.686536,-1.6768937
6739,890.31195,971.1028,-16.775473,-15.874494
6740,1014.6149,548.6661,2.0338042,7.453759
6741,586.23376,756.21,-23.351477,-7.3424406
6742,296.96912,627.10675,-19.60766,-2.8879051
6743,315.92252,944.9178,-8.1126375,-19.207941
6744,680.51306,82.413376,18.821905,-6.608793
6745,185.68927,300.2731,-4.2343016,-40.566734
6746,963.9513,189.2966,-2.4847713,22.64958
6747,536.68414,877.47107,7.9838967,19.455257
6748,373.6068,290.64078,6.700901,37.589634
6749,328.55774,919.903,-12.60889,-35.304047
6750,975.2031,914.05273,-21.960526,1.2665204
6751,168.45018,23.905397,20.400696,-7.2850685
6752,849.0802,955.9146,2.4026954,7.710385
6753,854.7472,727.667,-36.17087,20.394535
6754,2.6966693,218.06541,23.733274,9.252501
6755,732.372,923.2078,-12.433963,7.388898
6756,700.30304,112.74995,-34.609657,-13.586119
6757,929.54504,459.79214,-25.920967,45.687267
6758,984.2315,196.46614,23.749908,29.59552
6759,704.24725,874.97266,4.6196527,-20.7541
6760,641.3696,406.12604,17.86455,17.679127
6761,26.336966,397.7859,-40.162495,5.7402935
6762,454.12305,153.24734,-40.41165,-7.3440013
6763,672.68463,866.09015,-5.38452,14.3028145
6764,230.03827,620.29584,20.948795,-7.931445
6765,232.14638,237.81927,-16.078712,-21.241068
6766,510.12915,895.4782,19.128483,-3.8637242
6767,641.9796,157.23949,-5.8591595,5.01959
6768,268.01654,1017.8767,-1.05837,1.3989321
6769,674.84235,1012.94354,-14.64086,8.604727
6770,728.24414,1009.4644,-0.6637916,32.41298
6771,681.00946,151.16473,0.25761017,6.7053027
6772,0.56073755,826.24255,5.6307354,-11.495482
6773,423.61383,1004.78253,-13.151427,-6.2017403
6774,560.3642,412.5516,-14.233117,-15.399424
6775,552.0951,356.27734,-48.739277,-11.963782
6776,270.59167,496.78174,16.823503,7.478838
6777,870.9761,716.619,5.2983475,-7.7885833
6778,954.01605,751.6592,-22.575947,20.86906
6779,55.88978,600.69604,-24.654089,4.705153
6780,263.46378,998.38873,-16.566038,-17.231413
6781,623.55304,136.82239,16.39886,-30.117449
6782,610.05426,762.6064,-40.558517,-10.755206
6783,59.306606,274.0923,2.4576154,0.9116472
6784,718.27136,98.01541,-16.702356,-14.2027
6785,273.23492,190.61118,-24.181065,8.334578
6786,0.0008544922,834.16156,14.091549,-8.305917
6787,968.9102,607.3984,5.5022216,0.20633188
6788,935.4111,770.6675,-1.6039228,14.901202
6789,21.30784,376.36035,10.932669,14.063517
6790,903.12067,424.5258,15.117916,7.7561235
6791,370.48932,925.1173,-2.2941418,6.696424
6792,60.314762,127.219055,12.533564,78.104645
6793,262.52438,355.54874,-6.151976,-1.8815304
6794,720.63934,192.14748,25.12178,21.323416
6795,46.892597,1016.7919,88.18616,9.800304
6796,771.18585,254.93007,49.842247,-23.650415
6797,268.5822,625.2185,41.039772,-18.063118
6798,417.34216,449.68793,-4.8510847,11.021721
6799,774.8996,676.77527,-4.6911435,-0.9025921
6800,952.0069,937.19147,14.351168,23.67916
6801,863.46857,500.4068,4.603937,13.287086
6802,749.54877,1021.9903,6.1341558,-0.95691955
6803,915.2391,157.05013,-3.5021288,-33.481457
6804,115.835686,864.8159,-31.458551,-56.28233
6805,3.509248,713.5186,-37.118233,51.61473
6806,326.95575,698.9397,-47.905567,1.24748
6807,204.3541,978.70575,3.5237849,5.834659
6808,495.0897,578.41327,17.283434,-2.4520037
6809,903.7926,449.04605,-7.276766,36.18769
6810,258.95285,732.0358,-6.9535365,14.248845
6811,55.487457,157.23676,-9.470862,-4.038654
6812,765.1835,442.18033,20.540363,14.950689
6813,16.78387,772.75775,1.7801712,16.727108
6814,713.43945,644.88324,27.871334,33.557785
6815,914.6761,991.3758,-12.103505,24.589598
6816,511.14993,617.9639,9.328179,0.87009764
6817,386.93448,258.93066,12.5952835,10.465224
6818,961.4124,173.09479,2.2215695,-1.4675404
6819,887.88873,929.56934,-0.66629153,-7.466864
6820,38.466114,86.584206,3.8045633,16.37458
6821,354.71323,663.93646,-1.6078902,4.990051
6822,375.83936,149.93907,5.179952,17.87504
6823,824.15314,463.18146,-11.082686,-5.46434
6824,889.6507,166.21284,50.55433,-52.0693
6825,886.68146,693.64905,24.877302,-56.23304
6826,220.13501,771.3129,-12.427302,36.82382
6827,979.23254,510.4214,51.152668,-54.41912
6828,783.3055,325.1222,-11.925864,28.834467
6829,73.501236,674.9086,1.9824541,28.753897
6830,88.759476,742.386,33.175186,-16.223888
6831,860.9305,134.92029,39.20727,18.208723
6832,1.4484506,214.02634,27.838814,3.549441
6833,432.3091,896.14923,-10.245521,8.292381
6834,496.7507,998.5785,1.8676325,-34.546803
6835,603.90814,943.02795,2.2568092,-2.3433106
6836,276.87634,105.644684,-14.786808,5.4643183
6837,149.3053,441.09842,19.929438,-14.507626
6838,210.63403,974.97656,9.833945,-3.372699
6839,908.1799,134.74902,-17.303629,-14.202163
6840,269.73734,940.7089,-32.576694,-1.5341057
6841,166.33673,919.3635,21.068064,-2.4958966
6842,308.75787,353.64526,-5.399332,27.876274
6843,748.0798,503.25586,-4.7730217,-0.21853694
6844,364.50708,114.27048,-6.8854313,32.013145
6845,622.5338,860.11334,5.9182043,-8.367069
6846,414.54047,758.70197,79.827484,15.649589
6847,1006.4336,290.78943,54.97767,15.455138
6848,483.18295,418.35245,21.70554,-8.598897
6849,53.231014,271.84576,2.0917218,0.8089621
6850,1015.3133,785.11444,-44.875763,-23.260643
6851,789.474,111.43247,-7.5706177,34.13331
6852,638.09094,482.7519,14.56992,3.0365298
6853,328.73804,973.7132,-6.594968,-29.345924
6854,737.2057,437.22998,-37.63963,-2.4451804
6855,58.147285,528.15,25.726578,-0.9168023
6856,58.29069,485.5968,-24.998747,8.737113
6857,933.10986,243.44917,-34.75855,-7.5530515
6858,864.47754,61.6197,-30.199272,7.694891
6859,300.16257,793.18445,-20.351927,-10.796824
6860,898.3322,785.6551,-11.478253,-3.5118754
6861,850.64056,947.56274,13.961646,-11.072693
6862,719.9196,928.2844,12.396339,38.84883
6863,816.47614,312.8749,16.967714,30.47509
6864,221.22911,776.8921,-2.070448,3.8764346
6865,831.75085,737.78644,11.911519,33.31923
6866,621.4706,176.38666,-37.0187,-16.971592
6867,6.8289905,82.38174,-0.67572504,6.432657
6868,567.78577,458.11652,-23.622162,86.84465
6869,1010.0971,776.3735,-7.051037,-18.86825
6870,113.42287,813.75385,-34.63621,13.5405035
6871,724.5086,803.16266,60.315292,16.593681
6872,722.40173,787.8473,3.6917384,4.3981476
6873,693.4941,651.81274,48.29845,5.0997643
6874,34.266895,52.749237,15.965253,-7.848238
6875,215.91786,649.09393,-7.9146056,-5.670904
6876,188.97493,217.20111,13.611526,23.377932
6877,205.0378,554.59644,-79.57436,-41.92042
6878,730.10693,854.8683,-34.154797,-52.48182
6879,283.3267,827.9332,30.339956,26.439981
6880,319.65552,495.87723,5.3220043,-18.397469
6881,534.6897,109.070564,-25.152924,1.8327817
6882,917.73364,716.59064,7.2747774,-4.4555593
6883,535.97546,615.6036,35.40018,-30.04646
6884,594.8965,427.82977,-44.918655,18.093899
6885,841.0349,924.07776,-16.110546,-20.33175
6886,820.1361,434.17102,13.827281,6.179066
6887,757.9655,814.99524,38.906086,-19.430033
6888,868.3114,185.9237,56.70164,19.711405
6889,794.68896,213.87785,9.497243,-36.833332
6890,238.126,605.23914,9.095944,13.403207
6891,914.22424,474.62848,-38.240917,-23.064548
6892,148.82484,975.9085,-18.056736,14.170685
6893,355.6199,299.81467,-3.3128133,17.46028
6894,510.18503,342.7509,5.573889,-1.257788
6895,194.97762,546.9987,-24.1842,-38.727043
6896,193.70955,728.87946,6.411178,-45.03292
6897,244.91983,620.95667,5.8407903,20.351765
6898,617.9965,107.27897,0.54799914,-0.28523982
6899,613.7939,409.9955,-36.14533,5.4750504
6900,703.9402,370.87662,-35.55358,10.7499485
6901,105.657,439.50046,23.914606,-7.397631
6902,146.24841,839.3199,28.58545,2.9071794
6903,41.16616,248.66006,-1.7879369,5.5622067
6904,499.90985,933.5158,3.7338378,-41.203384
6905,265.94965,613.8166,33.473476,25.551174
6906,879.315,904.82263,11.971725,-3.7381945
6907,434.79584,474.94547,21.1091,17.977524
6908,535.08264,547.41095,28.696362,-47.08228
6909,110.39008,116.96474,18.568333,-50.89391
6910,61.493057,485.61346,-12.195111,2.1769197
6911,467.85654,328.7948,4.118682,11.675005
6912,108.58529,262.03687,-11.241534,-39.71615
6913,538.50024,202.18486,5.4790616,-31.83019
6914,779.9737,45.9367,-15.325798,-20.363283
6915,465.10034,764.9977,-41.119453,-6.5275493
6916,388.20834,427.22116,3.3736424,-18.05546
6917,449.00836,222.73053,-14.827116,17.702036
6918,355.4926,628.18506,-9.852184,6.8713436
6919,970.25116,184.33156,48.093475,8.303934
6920,722.87335,878.0787,-31.144718,-10.309349
6921,524.9958,319.6898,-50.333282,11.883644
6922,912.37555,235.5221,39.48856,4.923471
6923,771.21216,364.48004,32.283375,-5.950755
6924,19.644579,482.05838,-11.101968,10.840318
6925,230.21834,564.9483,-17.208065,8.437076
6926,389.244,451.6011,38.91523,-9.481259
6927,838.5155,367.0822,32.516186,34.771217
6928,564.20276,437.6201,-69.41306,-7.8856854
6929,458.17316,129.98634,22.381935,19.152073
6930,3.8695338,426.8436,-31.880222,33.34343
6931,560.4977,908.9229,23.256277,10.77312
6932,355.5963,487.43445,34.650284,-53.66999
6933,431.55627,540.4105,4.757332,14.708609
6934,295.3659,421.8421,6.6547265,5.41253
6935,591.49713,41.370705,-22.870356,-7.2599077
6936,144.61354,533.1671,-5.0979795,8.433944
6937,86.3724,663.02026,19.166658,6.0468397
6938,806.66766,131.65096,-25.03519,-12.5836735
6939,432.22272,18.696257,-4.6149135,-10.703028
6940,859.08124,917.2696,36.448406,-7.04161
6941,693.50104,905.1441,-23.557594,-7.6206923
6942,1003.7687,763.0505,-10.097418,-22.953735
6943,829.1821,463.69293,-14.626772,-3.917301
6944,931.7596,348.69882,42.21542,16.366673
6945,305.80325,174.41234,-39.31955,27.569868
6946,51.484676,484.53348,-33.094517,-1.1056676
6947,644.5906,56.35476,-9.0994425,5.756614
6948,692.20996,902.76404,-34.109463,19.03933
6949,533.5757,918.46356,-16.29143,14.328871
6950,52.507317,621.8255,-19.445898,20.919926
6951,226.11241,749.909,-49.333202,10.472756
6952,454.61,755.8273,-37.897606,-14.802363
6953,484.95337,919.3297,-8.305087,-26.676529
6954,561.70337,951.9235,-6.6595955,-14.371801
6955,453.1521,392.03183,13.618892,0.25485098
6956,266.42944,457.5432,5.3870254,-6.810307
6957,1010.9043,471.67108,4.2000246,28.03948
6958,765.295,167.69951,-29.304789,-16.60395
6959,91.90236,545.1537,-30.45832,-38.51308
6960,611.0587,146.24608,26.45893,-67.93814
6961,950.04535,138.25243,21.269827,12.394231
6962,832.37134,504.0461,9.229583,19.320786
6963,569.8259,313.22977,21.315355,18.4825
6964,956.66095,958.6843,-12.960182,-9.6446
6965,764.3411,728.2112,41.285477,-30.731844
6966,972.93274,96.06539,-5.6165195,42.801853
6967,555.38513,907.93365,23.43353,-17.27213
6968,238.30957,616.7849,-5.4698296,2.310235
6969,261.91888,498.95477,29.721472,-5.1037054
6970,367.47238,165.85573,-14.863905,-10.870234
6971,351.54318,368.0321,-11.112927,-10.9288435
6972,707.4501,117.97733,-49.08454,-32.302063
6973,505.7744,449.5346,7.0771246,-30.571129
6974,246.25305,413.40112,13.40696,-6.4210653
6975,224.49268,16.15227,16.103739,9.538375
6976,294.01477,178.44583,-70.27362,23.59348
6977,870.138,57.824657,-30.413795,8.349958
6978,563.04956,521.1446,8.189838,2.1354349
6979,283.75137,798.21185,-43.36541,9.632927
6980,635.90607,449.9831,-24.313795,-24.089483
6981,579.76575,493.28943,5.3143277,-37.713932
6982,104.39525,1010.4533,-22.769398,-36.961082
6983,192.37251,1005.1233,-15.380434,2.4598489
6984,128.4039,291.2788,-8.422315,-16.612644
6985,752.58685,445.09033,-10.080682,18.025068
6986,623.3545,903.73096,-22.532145,42.446247
6987,725.49023,427.09027,-6.9156528,37.118805
6988,449.1924,873.0246,-14.810573,47.455082
6989,574.45667,211.13918,-31.713917,12.207191
6990,385.30176,796.5588,-28.013218,-23.429935
6991,354.4404,211.76501,3.7765903,0.30176726
6992,610.8807,1007.9099,34.82877,7.2100115
6993,237.8189,130.2004,3.6281784,-25.452154
6994,341.68143,55.110283,-23.273731,-55.619034
6995,554.9526,536.0069,22.219294,-28.28922
6996,467.848,495.7914,-9.44638,13.074768
6997,663.9056,555.6179,-11.799848,1.5908284
6998,918.76825,762.3251,-15.321296,12.896173
6999,221.35753,366.41113,45.510597,-38.02699
7000,449.6267,114.08541,7.396109,18.189487
7001,715.80804,865.2779,-20.311426,12.999377
7002,998.8713,785.7523,-22.11533,8.360822
7003,753.922,439.61826,5.067798,-5.308521
7004,642.3216,753.5106,-5.3742957,0.04811557
7005,547.2284,314.92502,-11.870602,-3.635943
7006,626.70087,220.0334,-6.1537275,-16.889242
7007,902.00494,741.42487,-2.3313935,-10.326522
7008,781.4566,411.5445,33.227203,-18.673113
7009,81.52167,667.07635,18.732113,12.724971
7010,681.415,466.5199,0.71480983,-8.737623
7011,81.151245,982.1043,18.323872,19.70086
7012,927.30237,879.08203,-36.143715,-19.931417
7013,489.9275,986.9646,1.3371947,-28.68227
7014,796.3087,35.1838,-16.000883,49.937935
7015,343.84695,246.54564,6.22829,10.850495
7016,885.9049,777.4911,-18.983479,-31.340347
7017,1002.8151,552.31116,26.65081,-5.6902723
7018,342.04584,430.94293,10.7291975,-49.46929
7019,160.53033,603.6778,4.6709495,9.785395
7020,884.27673,278.02747,24.521542,-23.895872
7021,832.14667,469.41647,-10.477874,-4.760343
7022,827.6932,234.36948,15.723529,25.30268
7023,320.84378,604.61145,-5.6437545,-5.172311
7024,477.4888,179.06023,36.07413,-33.842693
7025,231.40714,906.2938,-65.10214,0.342671
7026,627.4883,617.2309,12.231512,-29.134958
7027,419.13126,763.70325,32.138203,28.840649
7028,194.2343,903.3357,12.208274,8.911627
7029,756.0358,4.254986,27.908556,21.855465
7030,951.31445,321.75366,29.02249,-11.840187
7031,703.98083,868.6314,-36.28984,-7.502958
7032,346.9615,204.2232,17.576422,37.654312
7033,651.23975,463.7996,-9.889445,-5.7636194
7034,249.53262,311.91003,12.2688875,-26.170918
7035,960.55054,1017.2315,25.39163,-4.1974983
7036,243.95146,804.7177,-61.928684,38.32147
7037,906.3306,1002.71216,10.984718,-37.7586
7038,15.245599,533.9251,0.66044486,1.6455469
7039,518.8482,183.53937,-36.513424,-64.58028
7040,742.131,845.74457,-49.688274,-54.10898
7041,900.5348,840.819,-32.19051,3.7359805
7042,161.19664,876.55615,-10.941378,-2.1684296
7043,856.559,523.2974,-12.67018,15.891274
7044,579.0504,4.5683646,3.63938,-33.97746
7045,529.48724,137.28474,-25.520359,11.071399
7046,292.4353,601.24994,31.151407,-29.488901
7047,1002.0218,952.2109,18.376816,9.510222
7048,584.16943,473.42572,6.2832327,-58.42863
7049,692.94574,50.37736,-73.43668,-13.309929
7050,203.9527,415.12177,-15.373078,-24.925875
7051,519.88257,557.21643,63.491947,2.0155497
7052,925.2236,648.19495,0.8313087,31.017374
7053,670.4949,651.74567,53.164368,-30.201126
7054,298.1391,195.8921,-52.86699,54.45965
7055,111.10682,478.89954,20.128223,-25.102722
7056,259.32767,729.86914,15.135764,38.314304
7057,319.45502,91.19384,-16.372639,16.54393
7058,479.39996,295.67603,24.558102,0.416683
7059,614.489,275.03818,-42.769928,11.571723
7060,131.33589,908.5265,-28.022795,61.013588
7061,750.6173,175.0582,17.738771,-7.1943903
7062,982.2086,1002.0907,-22.162476,19.94445
7063,883.98944,150.72052,-6.2267995,34.898506
7064,522.2702,418.55975,-0.5880532,-23.743557
7065,718.8652,953.0602,-6.895714,-20.871075
7066,722.18805,753.59247,40.91278,3.4948435
7067,875.3906,911.83466,33.66083,-7.62665
7068,539.7477,917.1804,51.19902,1.2776386
7069,686.6462,918.92725,1.0311077,25.17151
7070,35.352448,522.9121,-1.9534612,28.738792
7071,538.19464,311.0162,-39.037106,-12.245459
7072,381.1688,453.88193,-13.591928,-1.9432987
7073,235.97418,179.94418,-4.0836153,12.401773
7074,627.99603,564.546,-10.4868765,-18.758083
7075,953.42053,479.74988,-20.912886,-15.888773
7076,606.52466,97.78209,45.06497,-26.885977
7077,961.78375,266.5616,-7.8485255,-32.475445
7078,52.95273,715.3217,32.570503,9.321154
7079,571.68976,866.7642,-25.193226,-4.3223963
7080,528.0751,207.73563,-23.018387,-16.426077
7081,397.76584,625.6122,-14.844058,-1.5382199
7082,720.4989,197.84422,25.910513,26.796162
7083,357.6578,657.0704,-8.799162,39.14063
7084,233.81372,298.27795,8.325264,18.37974
7085,577.8581,405.87726,-28.614738,-38.248604
7086,40.480717,739.21643,18.576815,39.6446
7087,765.4847,780.30743,5.783477,4.5295935
7088,133.02425,481.99942,3.6786287,3.5525618
7089,798.0988,100.500046,2.2663426,-28.054186
7090,145.48407,167.59178,-0.15698253,-31.099197
7091,47.898678,108.86627,65.861336,36.119064
7092,719.1391,369.86417,1.3885045,6.603113
7093,245.53722,750.4973,20.537052,25.96222
7094,957.371,198.4375,8.7019,1.9502155
7095,569.61035,237.45038,17.428896,-15.495919
7096,408.39484,393.16385,13.623688,7.816825
7097,69.2962,534.7367,0.6272866,20.858047
7098,983.7669,485.0851,9.27507,-38.499416
7099,533.2812,141.99315,-8.2322855,-1.1433784
7100,533.6863,370.80515,-31.735807,35.404694
7101,583.3057,835.24036,4.7755885,-0.20810883
7102,822.1713,440.1554,31.422047,8.880284
7103,597.89514,397.9092,-18.293222,1.2518226
7104,647.45654,190.03859,17.560078,58.65318
7105,415.00003,308.89337,31.189013,1.6953583
7106,741.80536,540.957,5.0443087,2.704381
7107,248.62778,245.73245,-12.355127,-13.818538
7108,667.8996,930.5206,-3.5216634,-8.076324
7109,581.07214,697.32385,-24.082697,6.8892975
7110,342.3064,203.23543,13.085631,33.356026
7111,386.03394,777.45294,-24.023632,-73.65338
7112,166.21802,821.2272,6.507689,20.663822
7113,65.85026,987.46063,-21.321468,40.944878
7114,289.6061,368.71317,-37.083447,34.70292
7115,152.76183,421.70044,1.6178013,15.438144
7116,794.74805,383.83966,38.573254,60.66496
7117,914.8104,122.91719,4.1771307,-19.86789
7118,347.57556,745.65314,-7.9667025,-17.297865
7119,596.80664,993.12354,-50.074074,-61.19444
7120,307.8172,874.8182,-0.8022006,-19.944372
7121,733.46735,1015.9653,-17.359722,-4.6301155
7122,383.153,968.9864,28.422682,-22.05738
7123,368.50504,505.07068,29.812954,-22.496212
7124,938.72046,279.1797,34.95073,-13.003521
7125,705.99915,750.5992,27.760952,16.624329
7126,185.6847,454.58286,-5.5650587,3.2096188
7127,545.4332,268.78082,18.148977,52.649178
7128,842.04156,891.49854,15.852031,-31.062485
7129,420.01227,116.55894,-4.436135,4.194219
7130,628.6107,450.88885,-32.877518,-26.332247
7131,698.58765,650.9115,73.70773,-5.7518163
7132,622.038,209.22208,-7.3783154,-26.390493
7133,119.85028,443.57184,-2.4851768,39.316128
7134,536.0367,219.25775,-11.946931,-16.083105
7135,747.6136,800.86053,-56.896484,-27.186424
7136,1005.6734,576.1239,-26.952833,30.40871
7137,212.11029,595.0513,36.872906,42.433105
7138,246.58644,59.939594,9.923839,-16.074127
7139,710.23517,1014.4025,-30.096151,5.19495
7140,973.71655,239.06253,41.652836,-0.0656796
7141,778.9063,673.60944,-0.4543128,-3.0825357
7142,481.91595,362.70352,-8.074631,-62.59428
7143,69.82079,447.9992,5.910976,2.8686337
7144,51.05502,606.353,34.335945,-63.21169
7145,1018.9771,2.0757356,-30.565155,-56.898067
7146,112.9112,120.41426,12.489023,-17.496124
7147,825.07245,133.7291,46.49117,-39.83938
7148,117.53813,642.40674,7.726281,-23.362282
7149,635.84796,416.3646,44.22655,36.37369
7150,866.84424,329.24292,4.2693405,-18.197584
7151,129.08574,890.25684,-38.914433,-42.597736
7152,35.33615,204.67783,-24.723856,-23.190966
7153,545.0716,608.484,-16.310766,72.92221
7154,663.91766,613.5265,13.353623,-1.3384356
7155,737.02625,690.9612,-7.474754,23.833464
7156,506.59314,659.02277,-21.657274,56.784206
7157,395.5237,841.22516,9.416199,15.394866
7158,70.553665,787.55554,-1.285008,-15.344777
7159,388.8375,625.8749,-20.505442,9.366739
7160,820.6553,114.00524,-3.3125863,-63.28232
7161,467.3633,948.7027,26.200407,-22.548252
7162,589.7031,337.9695,-8.037976,70.20268
7163,63.815178,7.4320235,-23.479128,27.605097
7164,390.4568,698.8439,-11.876619,-0.37324697
7165,975.8298,191.81274,37.9961,22.900229
7166,915.4635,454.99265,-44.01381,3.572955
7167,691.44946,605.8247,20.9045,-11.443633
7168,490.55844,584.6845,12.780622,4.989485
7169,651.56067,507.86093,-14.257404,-15.190673
7170,966.7984,963.9855,-27.343227,-7.626381
7171,674.853,4.6416326,-35.97172,-52.388275
7172,37.683968,955.2826,23.816153,8.954969
7173,718.66583,562.0124,3.3794816,-10.631619
7174,664.13965,774.32886,61.972687,-30.35303
7175,207.30977,338.32806,-20.035309,-26.74574
7176,927.4004,682.1385,12.192684,-20.204504
7177,181.69014,910.2283,37.48007,-28.393467
7178,863.8306,36.216587,-12.941711,-4.6713514
7179,853.3999,133.73155,54.982807,37.65581
7180,485.95508,133.14108,11.478753,11.639661
7181,395.34494,594.2633,22.951143,19.50661
7182,178.81094,902.93604,17.087961,30.877392
7183,778.724,684.7982,5.024513,13.105875
7184,609.3842,1012.0648,-58.243675,-28.821867
7185,533.17944,43.911995,59.04195,-6.8784146
7186,105.680145,624.4934,7.1281023,21.886427
7187,658.713,622.0012,-19.634342,-0.8314747
7188,353.74768,501.495,-49.291195,35.414177
7189,409.21902,486.3751,-20.251677,0.17923117
7190,195.08577,381.17694,19.050169,1.7175854
7191,445.81467,442.6376,-18.477184,-0.6878646
7192,147.46024,310.07086,-13.044808,4.403155
7193,234.71182,560.61255,22.923716,-7.001795
7194,148.04414,93.80555,-29.147932,-6.1958437
7195,699.1974,158.57867,5.0476036,-14.899755
7196,871.2992,720.05774,4.078218,-3.662319
7197,200.19386,685.9346,-5.030953,-1.8543582
7198,462.42343,713.8947,-4.22641,-46.611794
7199,359.12885,542.0012,-14.795432,-47.484695
7200,156.411,612.30817,-5.0246754,12.560077
7201,828.472,746.94696,-1.453384,15.615253
7202,1012.8941,447.4261,-39.21187,34.668377
7203,54.79357,904.8674,-23.434002,-12.728426
7204,164.08432,708.4934,-4.189339,0.28578958
7205,853.6276,310.53894,25.954231,-32.179253
7206,966.44135,918.8794,-48.94272,9.497916
7207,678.4796,310.27563,-4.0518327,0.8975352
7208,433.6285,689.61066,-5.3427777,-15.651934
7209,943.0082,91.13676,11.464328,-17.547602
7210,736.06964,46.751736,-13.365246,23.253307
7211,1021.2678,235.66862,8.604503,69.962456
7212,218.17438,913.91266,-18.967754,-23.23047
7213,553.32306,1009.49945,-28.149693,-25.838087
7214,838.0748,115.515015,50.18306,-58.200127
7215,14.569555,717.43726,12.38486,-9.558755
7216,629.1147,654.6445,-10.476471,-9.17125
7217,221.51857,781.01953,6.022921,14.347613
7218,751.45074,607.612,-35.264008,-3.4917629
7219,79.13117,442.93326,-31.83517,-5.167706
7220,431.43045,39.674747,-13.622373,14.808942
7221,843.86365,271.7605,4.6447687,-14.378385
7222,395.9381,659.24066,32.86567,-18.835995
7223,280.96512,950.0559,-40.027992,-6.5630527
7224,250.48088,188.22505,-48.070393,-19.78301
7225,541.29395,357.7523,-34.920822,-13.560567
7226,1017.2819,318.80096,-52.788624,44.794304
7227,464.94162,186.3795,28.553024,3.4647605
7228,192.45299,689.0707,-7.519036,-13.230831
7229,1011.5395,19.369167,-3.0933084,-69.11258
7230,1009.61334,1021.84863,-35.603085,-30.657345
7231,437.06592,56.8891,-8.244685,-18.590809
7232,824.62885,286.87152,-8.847692,-28.790813
7233,258.85052,790.87616,-48.071323,24.522999
7234,18.801851,28.690058,-20.597359,-37.429718
7235,650.81226,36.988636,17.761024,-10.68381
7236,517.5937,484.31635,-21.389605,-8.696798
7237,721.83966,999.8715,-17.166182,38.915215
7238,851.6718,126.01943,34.81514,10.9368725
7239,563.00916,630.45123,0.706315,59.645977
7240,745.5813,181.37492,-32.00054,25.343712
7241,706.846,918.0648,-14.586237,-7.5147495
7242,257.88715,346.19952,37.834217,11.14577
7243,89.01731,911.22485,38.69778,43.916813
7244,510.64252,942.16125,-14.088083,34.21612
7245,964.45416,28.398804,42.32055,-3.1563344
7246,998.06586,389.38748,4.3953385,-22.192572
7247,45.168476,110.585304,53.968693,35.117977
7248,374.92313,791.7599,-53.450462,-62.580936
7249,158.1793,798.26807,4.4567866,-7.1838164
7250,222.96356,166.87448,-38.104183,0.24134201
7251,862.15674,605.33344,-21.592775,-63.424644
7252,606.8699,36.247475,-33.853275,31.719616
7253,344.68048,396.86816,28.013964,-4.314914
7254,587.1011,390.97632,-13.610987,-3.7913265
7255,264.10324,473.2803,4.7825346,7.229977
7256,264.0001,148.27585,32.70809,-19.253363
7257,526.88165,312.2844,-37.995804,-7.261789
7258,13.6815815,24.031187,-45.51126,-41.081905
7259,688.43805,895.0958,-13.005061,28.512304
7260,469.0123,483.60312,-3.9996238,-10.056559
7261,432.6584,269.39078,-31.20278,14.402516
7262,708.47314,693.2356,-0.31901821,11.20663
7263,207.8446,503.66797,11.048232,-44.666813
7264,380.52884,360.9543,20.793823,-22.946207
7265,688.4163,38.484947,-10.566356,-27.186283
7266,282.03983,92.7377,32.86592,22.912853
7267,571.1846,277.94678,3.6957343,11.53805
7268,53.900047,992.67395,58.22571,-45.425404
7269,563.98956,237.96031,-6.52853,-7.5968995
7270,215.85172,978.3569,15.347344,-4.318367
7271,921.0688,757.6597,-0.73026735,10.098806
7272,725.77765,329.54102,8.406859,-15.428578
7273,942.84155,333.75546,-29.16231,1.1170561
7274,829.0613,117.571465,31.656301,-27.1195
7275,680.4173,549.25635,-18.192543,-11.5644245
7276,1012.8804,255.70927,33.505947,-4.4709973
7277,922.8865,767.98535,-31.292887,16.999493
7278,560.51746,365.78992,-69.7732,16.142931
7279,639.0698,887.49445,-7.1369977,1.614804
7280,1009.8197,320.0571,-7.207662,59.612785
7281,512.5896,136.91907,-57.100643,-4.2506704
7282,435.22455,369.27493,-4.149438,-28.106064
7283,365.25708,541.08875,-10.675804,-55.776424
7284,769.2971,802.69324,9.275752,-43.938213
7285,368.57166,973.53485,-1.0448213,-16.400583
7286,991.96545,247.20258,-7.2720475,10.296472
7287,596.3063,589.02966,15.7726,-2.6903193
7288,3.6511748,248.11826,4.266475,-15.177697
7289,814.93787,698.0667,2.125283,34.95978
7290,122.38225,504.09995,21.276546,52.65127
7291,116.14505,175.67058,7.7157793,-0.04927006
7292,672.9116,131.0192,-28.127876,26.56358
7293,907.14124,163.35028,71.53213,0.9192964
7294,472.1081,332.5225,-2.0432086,-30.708832
7295,523.8905,892.0226,-3.1605403,21.032595
7296,410.23904,841.7945,19.740667,11.897509
7297,907.68866,573.14166,8.160147,-17.67122
7298,419.8746,655.6274,-1.8411961,14.342414
7299,985.0056,879.902,-7.634089,-7.879767
7300,717.2862,535.67737,19.709732,29.113678
7301,184.25435,191.30247,35.018665,19.898243
7302,39.251755,733.16797,19.711004,42.016476
7303,426.58295,800.15186,40.267056,-16.439129
7304,667.56177,302.34756,-15.134811,-14.408635
7305,774.8324,852.4816,13.961984,5.8979807
7306,353.09506,32.1262,7.7389255,22.286474
7307,635.86646,188.23854,33.30559,-47.887516
7308,792.5367,403.50256,45.517014,-27.563026
7309,506.67313,915.91187,0.31919333,44.971767
7310,709.1826,819.8322,22.563375,9.663014
7311,588.7914,432.91306,-34.98416,28.209085
7312,341.92136,586.44116,30.4786,-21.961208
7313,590.5849,668.9127,-7.756857,0.2752185
7314,296.19357,568.78577,-1.8306754,3.2828257
7315,259.9301,717.88763,9.705624,-11.973983
7316,301.2538,592.6567,35.402016,-4.6295853
7317,959.82556,744.0479,-32.969982,-24.987753
7318,580.62476,468.2611,-15.371259,76.64716
7319,556.1238,560.30963,27.559654,54.14935
7320,608.999,147.04517,-16.110617,-24.362038
7321,178.14479,419.824,-19.484976,-5.001183
7322,626.48883,685.04865,-0.48545483,0.7196653
7323,742.31287,379.34497,48.71692,40.140648
7324,501.89294,334.3728,25.937733,-29.132397
7325,334.5748,512.3476,72.774345,9.981544
7326,72.29889,79.47587,-0.93147874,9.122976
7327,1010.99036,496.38495,48.46099,2.502863
7328,603.32654,1006.50214,-9.952578,-34.19388
7329,881.8965,91.73639,27.514782,12.371281
7330,668.23566,578.2786,-10.278055,-15.380627
7331,163.50868,719.9334,-22.36045,39.89857
7332,430.17316,569.40674,0.28387755,4.587154
7333,58.85165,748.5807,43.119865,29.012922
7334,859.7197,555.69965,-10.189113,-7.549268
7335,431.9639,1017.79584,14.462396,-14.257539
7336,465.3222,832.04785,17.494251,-8.181446
7337,525.0176,587.1457,7.9462266,19.240032
7338,563.27795,160.6618,-3.3393967,-41.29484
7339,928.7291,61.35644,-9.827759,-5.8147144
7340,625.2196,379.9475,-25.626427,14.2193365
7341,921.0398,604.1477,-3.3114939,-21.851288
7342,385.04114,235.04517,47.54441,-33.84499
7343,676.48615,362.4439,18.174067,16.658142
7344,694.6054,74.06345,-34.127834,27.504501
7345,929.07007,458.80933,-36.904694,30.47116
7346,906.28406,841.6527,-19.32564,8.341881
7347,864.3611,360.22867,-34.011024,5.2050524
7348,939.1498,238.72871,-29.844036,-53.60359
7349,818.1427,265.9775,-34.39617,7.3297787
7350,680.29724,903.6073,-27.89616,14.328121
7351,766.57526,772.18036,11.126164,23.779219
7352,100.78726,822.28375,-20.821287,-54.56671
7353,328.39243,180.71162,-9.19715,44.363636
7354,155.6326,405.14838,3.7444139,10.888087
7355,64.228035,5.1770554,-18.698072,27.762096
7356,178.31798,812.9945,-21.804129,-3.6624508
7357,333.38742,497.36838,-31.122307,-40.9429
7358,10.439579,1008.87256,-30.105824,-25.091564
7359,885.4819,98.29093,-10.250118,-5.5511703
7360,599.8227,282.08148,-18.147253,-3.2149985
7361,347.28918,305.52698,2.628784,-7.1229343
7362,551.33514,367.1467,-87.221825,17.943415
7363,276.76428,426.28088,-30.095343,67.41448
7364,330.30786,600.1022,-29.308514,10.493453
7365,323.4103,682.37396,-5.1922803,-16.824095
7366,965.7987,519.27655,78.52042,-26.206423
7367,346.1821,311.27972,-2.1516705,-28.388285
7368,155.39459,92.81205,6.003091,30.723928
7369,786.0826,218.18053,-16.851591,-28.811375
7370,360.03375,638.7478,-32.37226,4.395987
7371,971.39435,5.539631,37.35176,-59.03868
7372,470.29578,1000.4806,50.13246,-7.648367
7373,199.18468,75.61274,-2.0993724,5.3152184
7374,907.8806,582.8051,28.511065,5.2523303
7375,860.53735,339.29358,-8.220187,14.080039
7376,992.1451,180.236,-9.035333,-15.00789
7377,233.30069,247.91971,-13.779944,-7.3405185
7378,663.1012,777.96783,60.148903,-33.65333
7379,448.15335,225.77797,0.31507638,38.630943
7380,1001.8047,6.8713536,-57.008686,-2.3064532
7381,585.7694,395.9544,11.794954,-7.4258056
7382,939.6923,768.41254,-4.0078917,9.47209
7383,416.6985,974.67737,-3.6158552,-15.499301
7384,786.691,9.980921,-14.008268,3.9374843
7385,301.40823,554.6,-11.008408,-17.712095
7386,797.512,223.86855,11.253085,-47.85741
7387,230.87936,214.51868,14.195118,-3.9183288
7388,759.6502,483.8314,-5.6848664,-1.9922104
7389,229.70749,286.19623,-22.844255,71.755745
7390,68.54308,794.8057,11.846117,40.35481
7391,472.7,699.5766,-15.175058,-13.698265
7392,792.00867,603.05005,8.434502,-21.738983
7393,89.85187,426.4635,13.360797,-19.883741
7394,259.3738,182.01062,13.408613,27.345232
7395,189.65808,147.87198,0.9330389,-13.333041
7396,27.843388,48.509068,1.4581531,-19.331205
7397,165.27373,726.4878,-14.808112,43.847157
7398,306.02942,799.16077,-36.239147,-4.582337
7399,759.83594,74.167274,11.985806,14.339522
7400,892.47723,940.883,14.558529,-7.5094314
7401,176.54465,660.8703,12.148024,14.204119
7402,513.46326,657.4407,-7.938152,49.923527
7403,236.30962,808.4432,-44.80225,36.407116
7404,630.4753,741.2181,8.669119,8.965592
7405,52.45825,552.43097,26.783066,-29.30389
7406,471.0325,766.8844,-23.008202,-15.649868
7407,507.39197,164.99399,-21.06048,34.512012
7408,984.87976,694.49414,8.623941,-35.939274
7409,442.88214,992.87885,-25.095942,-26.228682
7410,385.35156,803.816,-18.040216,-7.5237975
7411,927.07306,454.3698,8.834176,8.292984
7412,955.68866,410.36417,-2.6663651,32.868626
7413,290.7031,478.95282,-3.1541173,14.948945
7414,277.31174,292.81015,25.564537,-72.4253
7415,979.0717,515.8043,40.995075,-33.313
7416,727.9715,968.8191,17.803965,45.78785
7417,29.510044,1018.16376,-22.277397,37.695423
7418,769.68195,87.820496,9.163096,-3.6026623
7419,174.07312,499.40332,-18.267002,-50.51123
7420,723.4048,448.53604,0.42890775,45.54763
7421,706.02045,377.67783,-28.26982,-51.151512
7422,80.1917,58.296776,11.674882,-14.33282
7423,21.797949,575.7407,-12.488411,16.94068
7424,309.80466,522.0986,8.308596,4.3168025
7425,644.2629,954.36505,0.5847883,23.55238
7426,131.92719,804.0284,12.222445,65.543365
7427,164.8849,816.66394,27.315165,-27.440578
7428,523.782,202.13264,-32.174305,-18.739794
7429,865.72485,840.4962,-0.55853266,-5.171852
7430,199.62085,383.13986,6.283124,-2.6207347
7431,465.94116,736.8343,-16.329788,-26.353266
7432,941.2089,877.1312,-17.774616,33.829365
7433,100.74237,546.45825,-36.962162,-44.092556
7434,31.358463,675.36847,-23.20654,-6.64909
7435,434.0016,807.957,28.175913,0.2809768
7436,864.35144,627.67365,34.817722,-33.39931
7437,887.94147,851.209,-23.807674,1.187859
7438,29.994604,56.6104,25.845533,-5.783994
7439,346.63904,381.4091,22.57228,17.344112
7440,695.75287,595.5452,-13.830428,-26.723585
7441,438.88727,152.86653,-21.372978,7.771626
7442,748.47,349.88245,8.778467,2.2266924
7443,346.7421,630.0405,-42.263794,-14.942794
7444,526.0718,709.6589,-13.269509,35.833168
7445,56.457424,4.971163,3.542027,65.25335
7446,915.98615,1006.2687,5.858243,37.93538
7447,9.168403,311.97873,-56.556625,-22.37891
7448,390.552,464.43884,-11.48968,-45.689835
7449,498.95813,229.36388,5.081244,6.735275
7450,225.37553,502.15277,-8.015961,-4.498008
7451,1016.4095,381.16318,6.105935,16.799444
7452,759.25024,436.07773,-26.639526,34.09063
7453,170.33131,923.52795,19.157368,-11.802316
7454,853.79675,124.83357,26.999397,12.904809
7455,709.7516,860.60175,-31.500187,-12.584217
7456,301.1051,877.492,-2.8833666,-29.191435
7457,550.40405,420.06113,-10.543454,-17.112936
7458,732.0981,756.27655,16.445454,2.2395065
7459,533.92694,830.8027,-28.643148,-3.282299
7460,277.16586,901.3787,-81.89958,14.344133
7461,450.9287,863.7801,2.3665364,59.502472
7462,218.88155,347.9363,-22.200247,-37.695736
7463,908.9382,904.9025,-22.60006,-4.693276
7464,1009.6207,767.07056,-14.243216,-13.680333
7465,86.58815,222.95966,-19.013876,-16.13421
7466,463.50626,901.9543,-8.018454,17.79412
7467,827.31274,411.9106,-6.048835,4.0304675
7468,159.18678,399.87854,-0.869166,13.13563
7469,610.013,12.842687,-10.209427,45.590187
7470,360.51074,217.58536,-19.905495,-5.0346355
7471,645.6401,454.23074,-36.629272,9.838722
7472,315.49252,530.9284,18.898998,28.068615
7473,835.3782,235.18237,28.757633,4.4923515
7474,989.3174,394.81967,5.953502,-28.240887
7475,188.11984,810.7189,-18.537523,-3.1739316
7476,180.22661,314.38086,1.445493,-46.598366
7477,700.8367,826.31134,38.765087,-52.26532
7478,82.805305,7.0858974,45.269176,4.6346354
7479,433.1164,716.7947,-1.4189347,30.749245
7480,93.01834,189.7228,46.066513,29.359484
7481,134.2313,656.97034,16.29092,-3.1354985
7482,566.80255,19.536531,-23.30319,-24.192024
7483,203.44931,899.1482,-45.221878,13.529353
7484,394.29428,178.65845,16.526142,23.083176
7485,270.4794,503.86526,20.367651,14.045973
7486,133.7404,915.3953,-11.991802,61.87195
7487,399.54556,242.89285,-3.6146264,42.715935
7488,290.674,700.5768,-10.333422,-5.2830057
7489,2.1807468,388.08572,-6.268423,-28.731995
7490,625.9719,178.62128,-17.01013,18.524254
7491,259.9567,302.42172,16.12345,-24.508415
7492,202.22871,950.39056,17.643425,-5.0712957
7493,610.1855,472.2748,16.832712,-2.0752645
7494,573.6869,231.35367,-12.052756,26.48783
7495,248.95851,750.3687,38.260223,19.43406
7496,326.8029,595.1699,-7.5039315,15.058276
7497,484.17908,222.56392,-17.801783,6.6686068
7498,977.3045,330.76617,-42.231007,-2.8963218
7499,701.68604,608.2082,-13.00682,-59.41215
7500,235.23834,569.37744,-18.550781,0.73872334
7501,98.88094,428.38025,14.210751,-18.383898
7502,842.1383,128.50644,58.798332,-0.24740888
7503,690.923,197.89693,-30.746601,6.1722965
7504,336.46515,545.9782,10.278742,-18.766092
7505,192.93263,521.0907,-21.665775,13.973552
7506,51.237595,874.9242,-5.227502,-0.009471565
7507,912.2814,690.252,-36.885468,-11.765797
7508,695.6598,693.85986,-6.0943823,8.884663
7509,805.2299,881.30505,-20.39438,19.39535
7510,492.04156,907.62683,10.932044,44.72093
7511,385.9768,295.7319,13.0778475,24.195507
7512,447.86102,250.42004,-16.96127,13.835964
7513,996.5848,242.54836,13.893552,11.158426
7514,167.93358,600.73035,1.5732129,2.480922
7515,990.03357,660.5342,8.237717,-50.14793
7516,580.5687,1004.5363,-77.50193,-16.445412
7517,185.668,171.22357,40.465424,8.140592
7518,897.7384,467.36594,-19.212198,17.327747
7519,527.5088,618.70746,44.798668,-0.5510354
7520,24.653946,1017.87286,-28.529606,37.206223
7521,800.21124,182.13663,7.115434,-30.801788
7522,668.73395,847.7006,-4.4004765,25.708181
7523,537.834,754.1883,-0.777669,-8.961497
7524,31.78027,597.6477,-60.642277,-22.123175
7525,61.151043,979.7244,61.14765,-14.50402
7526,759.3905,182.89325,22.037945,-8.974599
7527,745.8826,233.04832,-10.126417,33.748703
7528,332.45047,393.3745,-7.106206,34.01296
7529,873.76666,516.53735,8.05634,26.701948
7530,863.5452,592.894,0.16213207,-16.206842
7531,702.99207,173.11014,16.077328,31.461273
7532,947.82007,945.5323,6.80346,37.257725
7533,950.7573,872.994,-26.792566,40.452457
7534,930.6627,529.71533,8.793895,0.10156678
7535,473.94458,1007.28394,33.397675,-7.7545605
7536,417.40103,760.8693,-42.60986,16.948738
7537,851.2386,820.19214,1.6603715,4.603307
7538,923.7883,486.97543,-35.250805,82.8093
7539,612.12115,983.1242,20.554094,-87.621506
7540,226.71707,193.2104,-4.385071,-28.542433
7541,766.2509,29.274145,21.647585,5.32577
7542,465.2905,21.751295,-3.8888795,3.3482797
7543,998.3441,302.20813,89.99694,0.7419589
7544,90.455574,264.8211,-37.17892,36.508324
7545,997.2884,955.49603,8.072867,9.641605
7546,115.19934,671.61865,0.9755755,-3.6432984
7547,637.07684,182.02428,19.583645,-33.94518
7548,200.23544,194.00223,39.406773,45.71751
7549,539.03217,912.30994,-5.4950585,-10.282085
7550,96.819855,271.25827,-18.32822,40.38041
7551,277.59863,657.4469,-26.122765,-20.551195
7552,322.64932,841.4074,-27.341665,28.76712
7553,377.13443,917.7103,12.013482,-17.029673
7554,618.9313,136.49445,-55.165306,-11.856585
7555,31.110697,682.5996,56.117126,-8.7611885
7556,635.62964,153.22462,31.488838,26.00029
7557,625.04016,106.667915,11.360983,1.0000533
7558,795.1809,177.02614,43.953625,-25.656599
7559,218.77693,876.4151,27.08686,12.336411
7560,401.14377,308.2037,27.412,18.268272
7561,576.0684,517.7425,26.52562,-4.7908397
7562,547.25757,1014.4014,-57.244995,60.958824
7563,793.2297,4.9770026,-60.486237,24.198019
7564,445.77283,408.01022,-8.666217,13.656384
7565,593.4456,397.50644,-22.535679,11.295741
7566,269.91135,464.44092,-1.3148017,4.9687076
7567,723.14264,996.5492,-36.15041,38.80298
7568,91.46431,201.61198,-11.917495,-15.168513
7569,462.02808,188.35118,19.433434,3.1579506
7570,88.049576,567.476,17.859133,-28.18972
7571,409.09506,831.0935,33.06688,1.5385208
7572,1019.098,1019.79474,-27.678568,-49.448994
7573,79.820335,31.261429,-25.557981,-24.554111
7574,478.1164,514.0011,3.0489228,6.589551
7575,903.0198,499.9734,-23.903908,-1.5180322
7576,999.3441,524.40515,-24.375816,-40.041946
7577,359.81488,295.29163,0.76323086,19.114931
7578,181.69984,581.88763,-8.285172,-5.485337
7579,596.49615,567.0105,-28.916035,2.8470457
7580,379.60217,942.5389,-38.444035,-3.1337109
7581,63.977768,783.8891,-22.732538,9.062967
7582,123.14677,69.99815,-19.042892,21.017588
7583,227.14987,769.8252,2.3839452,20.811668
7584,378.02963,587.71765,-18.499104,6.3157063
7585,592.17413,314.22708,-10.108223,-6.773817
7586,677.55695,696.7939,-11.330241,23.466284
7587,938.4036,477.4812,17.48732,-17.223675
7588,871.8455,773.71533,-12.691084,10.585259
7589,884.97864,737.783,-15.565685,-2.1338105
7590,272.1802,618.71155,2.4684496,-22.485561
7591,736.3851,599.6638,-31.98156,-7.4284005
7592,263.95172,242.90585,-21.169685,5.607213
7593,387.1233,668.7926,22.70761,21.161171
7594,271.90143,201.5766,11.793613,-33.52322
7595,412.1944,796.47455,-48.100636,19.926651
7596,46.3109,879.1955,3.1437078,-2.8283026
7597,492.88138,364.509,-12.575322,47.325397
7598,604.6687,1006.89417,-16.66618,-39.906776
7599,789.2025,429.92242,0.915194,-1.4611313
7600,482.34985,696.99084,23.02918,-12.947541
7601,788.62756,354.97958,35.86963,-14.267183
7602,137.1382,39.410305,15.6653385,-21.340504
7603,159.63835,814.5435,-16.4208,15.84527
7604,822.5903,669.9987,-30.088362,15.730821
7605,927.67413,246.30115,35.57998,-46.40163
7606,494.74374,887.5324,8.045816,4.6326284
7607,564.93207,353.9348,-51.440395,67.336586
7608,989.2378,959.6272,3.7851925,-8.174895
7609,481.20288,797.1675,-11.649386,1.3774906
7610,82.667145,909.0782,13.227449,-16.21055
7611,488.3611,348.34705,22.518751,-11.659693
7612,985.3973,657.33185,-16.88993,-3.889033
7613,897.5179,534.52356,-6.7457967,12.551215
7614,146.9966,57.02189,32.41487,-7.423691
7615,595.1244,892.3904,14.438433,7.872871
7616,577.4595,494.8878,-8.060368,6.0149565
7617,312.84238,351.29684,-0.9983038,15.960332
7618,764.9853,255.07076,37.85182,-15.416784
7619,156.98485,923.7748,68.85413,57.95782
7620,504.378,482.47037,-28.721563,-21.462152
7621,329.747,963.8174,-6.910843,-28.254702
7622,846.2705,127.95122,35.74571,8.857019
7623,313.1327,708.64606,-34.61832,27.929762
7624,1005.4303,95.02584,-3.9973135,-1.353454
7625,489.83426,922.0316,1.2037946,-34.739426
7626,680.25275,859.88696,3.1922717,4.807885
7627,398.63974,477.7486,-20.644796,-29.541319
7628,733.1316,867.14386,-27.587902,-26.90306
7629,436.4883,791.6289,39.69088,38.862034
7630,221.75546,594.82446,9.622933,22.285767
7631,1.3027666,255.16762,12.341702,15.386738
7632,944.2933,438.32492,-45.920036,22.176823
7633,75.7867,847.6676,28.380878,31.53239
7634,632.15497,191.19896,-31.474815,-27.327196
7635,368.1071,93.07468,10.76754,-0.5884134
7636,209.74751,227.79538,-5.966371,0.39642072
7637,365.6213,550.1971,-6.083231,-30.439919
7638,915.9929,862.4039,-1.5558337,2.263977
7639,1012.2131,288.53198,-43.69009,38.387096
7640,676.22595,311.16705,-6.735719,16.839005
7641,797.595,293.2844,-11.939184,23.100342
7642,91.23315,522.8418,0.52566934,-2.1327398
7643,870.76855,928.84265,15.705533,-20.295322
7644,702.6251,62.617382,-22.970343,13.562804
7645,303.92206,801.1574,-28.212622,5.4400578
7646,796.40076,32.70675,20.730328,-32.75759
7647,130.99214,47.004086,12.7667465,-16.99956
7648,289.9153,848.4772,31.828655,44.36952
7649,518.7411,653.1627,-4.619126,6.4604154
7650,133.3049,851.2856,-19.810251,-27.877895
7651,959.4887,821.96216,11.643555,6.7973948
7652,512.71124,151.45328,-48.1057,37.061344
7653,102.55676,602.73206,-9.579243,13.901202
7654,894.2282,66.702286,7.869445,-8.096669
7655,189.45576,635.8286,-4.3746157,22.363596
7656,886.9571,15.812027,2.9189513,-6.160621
7657,65.583405,981.31757,61.760635,-11.372003
7658,990.48895,158.83942,-18.528955,-8.794658
7659,985.2849,949.78186,4.04959,8.307796
7660,774.45795,430.41205,-7.8937783,-9.793299
7661,747.54626,187.30061,13.712664,22.427185
7662,53.482574,1020.5442,-55.67437,-13.985847
7663,617.1143,588.0494,-28.597427,46.65423
7664,878.9207,237.54071,26.83495,19.483065
7665,498.56754,272.42218,21.768234,-36.709236
7666,511.34442,328.88977,-36.8873,27.782938
7667,294.00696,760.7663,39.50128,4.0780764
7668,552.682,665.1876,0.5168382,45.243443
7669,122.88954,164.92967,13.453713,-25.110207
7670,296.97644,768.90967,-2.6204197,-15.8428
7671,184.79303,966.4046,22.77506,-15.95595
7672,387.40063,247.40926,34.24217,-18.649872
7673,260.4897,159.26929,17.601408,-6.4963903
7674,24.313282,488.34607,-2.142687,24.188618
7675,223.03752,795.4778,1.0990137,33.83444
7676,784.9311,956.94635,13.472241,-4.135697
7677,187.92061,700.7587,-17.976933,-87.53252
7678,84.76641,205.93584,14.161588,23.226515
7679,383.90952,922.12115,2.1369102,-14.303062
7680,551.3504,535.33307,43.211163,-22.237923
7681,918.2949,683.5653,-14.780775,-30.210524
7682,728.3194,322.00635,-14.614872,10.172455
7683,35.54055,43.300346,-85.14061,-9.972605
7684,286.47803,329.2561,6.4470973,20.827045
7685,731.1352,657.561,30.090279,-11.671107
7686,902.62286,866.4886,-18.848976,-1.4337212
7687,548.7701,337.43463,-13.859147,13.560173
7688,949.7024,855.3521,-24.54468,33.912075
7689,517.58936,1011.14667,-53.92255,-52.77801
7690,375.89032,346.66074,2.1396377,51.25169
7691,369.4079,555.3688,2.275118,-30.478027
7692,255.09569,1008.8253,-11.5192995,-15.649786
7693,998.56195,955.3778,12.087963,-7.39006
7694,585.27655,721.0413,4.4503303,5.526549
7695,820.6092,334.9245,7.286813,3.3174858
7696,367.8244,564.22815,55.45545,-40.283165
7697,643.6548,149.7858,-16.231377,5.623131
7698,511.79337,688.19366,43.56562,16.278227
7699,304.28687,931.8065,-23.898296,10.219244
7700,833.2996,680.0622,2.1507943,-1.1630272
7701,390.23767,667.3302,14.73992,-2.4530559
7702,222.82198,50.632576,-1.8946689,25.826542
7703,882.49945,57.911625,-20.850357,-1.4486138
7704,405.40445,956.0652,-34.54859,31.764786
7705,1003.17535,709.6491,-1.7918961,-13.48239
7706,660.0202,618.02637,12.208295,5.243108
7707,976.3342,753.62476,-20.110706,-28.673168
7708,888.8465,89.68923,17.744638,-14.12484
7709,1021.50977,1019.014,-12.184451,-54.757954
7710,542.533,287.52963,-2.5969813,-1.8903431
7711,506.55423,343.8668,-2.5551333,3.7842178
7712,932.8297,540.4949,-45.714928,-48.443985
7713,970.74304,770.5462,-16.369827,-14.794219
7714,57.20122,385.88904,-21.072842,13.938033
7715,511.58633,932.22095,24.185373,-15.731729
7716,516.23834,691.84753,62.96102,39.27308
7717,931.4505,476.27228,-27.054653,54.882816
7718,429.4448,824.2275,26.005579,25.84523
7719,162.51546,879.45306,14.021936,54.355682
7720,533.2085,891.55115,-24.341482,8.331759
7721,1020.581,227.2711,7.53099,40.982346
7722,532.2621,911.74963,60.150204,23.125937
7723,433.36124,147.1631,-8.607011,12.401996
7724,296.0556,587.73193,26.468332,-11.151732
7725,79.2639,177.9726,19.951242,-11.11636
7726,409.20755,128.10774,31.110703,20.57238
7727,900.0787,135.54665,20.320135,-4.49898
7728,832.3665,955.7414,33.12859,32.567204
7729,827.1647,979.51385,22.438084,5.880901
7730,952.1689,411.47253,-12.259352,22.23612
7731,977.3749,881.03436,-8.210212,-12.008843
7732,648.3824,830.51086,-21.72117,37.61335
7733,387.33884,538.8358,-21.593084,-40.212387
7734,794.29114,123.95793,22.43121,16.484951
7735,144.12814,790.9653,35.08771,-19.533998
7736,92.28186,20.456905,14.337741,-30.419142
7737,414.8295,992.91815,-14.230556,-10.395824
7738,466.8296,1009.1349,46.305237,-21.152195
7739,740.56665,765.5688,31.725052,-25.10114
7740,683.31085,1020.4616,-17.394127,15.709117
7741,625.31305,283.48413,-21.218338,-7.8435407
7742,721.58765,589.1004,-29.264507,-22.715937
7743,907.2611,651.8232,-41.91617,39.948383
7744,911.64844,894.771,12.507719,-34.332542
7745,827.23584,171.56252,39.256363,-10.663589
7746,729.90326,980.36316,20.365664,68.91338
7747,962.4875,90.70732,-8.200623,23.351686
7748,283.54092,902.9902,-72.726395,14.957697
7749,76.27996,184.04805,20.196075,-2.0181603
7750,717.3254,643.9135,20.307587,36.68237
7751,601.2064,464.8735,43.998993,-13.801701
7752,764.4423,654.7583,6.718288,12.375728
7753,465.76266,891.0903,4.6494393,12.004759
7754,19.086096,135.94476,-11.683309,-27.56355
7755,678.4778,506.4573,-13.427537,47.332172
7756,197.76659,690.77246,3.1964526,-16.674665
7757,103.00112,700.96704,12.835628,67.92666
7758,766.5329,450.24985,-45.394466,-30.325466
7759,999.87695,551.82697,2.248737,1.249431
7760,723.79675,706.62964,25.892595,-15.571712
7761,347.8478,66.79094,-16.15052,-31.93466
7762,147.99995,204.54338,-1.5131962,5.7386484
7763,828.5048,893.04486,52.86712,-0.7690507
7764,258.25745,723.1568,0.7490169,5.272784
7765,840.0864,683.2315,-8.972015,-0.78995854
7766,186.9624,732.17456,2.9278286,-30.39279
7767,749.86676,982.7378,50.73741,-19.876535
7768,207.65666,604.28186,-0.9421913,5.6945558
7769,723.0187,344.48285,2.4869258,13.917733
7770,984.78845,487.47305,10.600989,-52.141148
7771,594.2713,556.9216,1.8242832,5.2893195
7772,272.37207,240.82463,-11.681741,-1.593747
7773,138.07715,760.8588,-36.039635,27.267788
7774,645.4,256.02118,15.232249,35.592834
7775,775.75745,397.7925,89.53944,-9.093362
7776,845.60065,587.6655,-14.336591,-28.148657
7777,267.42645,366.72968,-35.184372,-5.190408
7778,335.89255,126.62167,-20.00319,0.76913077
7779,895.3728,430.3823,22.885328,12.67501
7780,17.69065,934.6644,10.695302,-12.78606
7781,701.63043,283.2544,15.044471,9.979303
7782,629.28894,569.634,-26.826096,-20.671404
7783,534.52765,134.66302,-15.058049,18.196047
7784,354.4613,811.1452,-37.82631,32.112198
7785,944.76306,847.48206,-5.930855,7.8399944
7786,791.53125,742.88806,5.4333873,-36.555027
7787,717.5423,720.4045,-34.76292,6.8386045
7788,123.85705,282.29987,1.4657965,-13.487186
7789,102.788605,839.966,-19.645079,-18.041143
7790,529.8395,1.5272781,36.23039,-29.422865
7791,723.6085,213.11992,-20.680162,17.93806
7792,981.1605,692.6595,2.2734134,-29.19607
7793,175.38649,341.15356,-8.573719,-19.635824
7794,421.9309,764.6711,-37.737,25.94561
7795,362.87027,447.56,2.0171604,-1.1196765
7796,245.71608,756.4394,-1.888111,11.162907
7797,427.8811,535.7286,4.571632,29.174244
7798,741.77234,1016.6201,-8.645474,-7.689605
7799,293.67664,269.7901,-25.649775,24.726631
7800,915.14044,33.234478,2.4505353,-1.7192214
7801,1019.2327,829.066,-11.262595,-19.732838
7802,619.9115,392.28552,-5.6342945,37.37384
7803,486.52957,949.49396,22.04546,-12.220485
7804,958.2481,462.1326,50.68499,-32.46258
7805,292.77188,772.1821,26.91181,-7.7580786
7806,486.0304,513.87024,0.66941476,26.226606
7807,551.69635,619.5492,-12.633415,-76.76806
7808,802.2111,857.4647,1.8204263,-24.639353
7809,775.95526,757.9931,-29.080357,-21.9763
7810,409.01016,229.42839,-67.253685,-51.281322
7811,335.30582,712.5872,9.858049,16.507582
7812,116.727,473.4383,21.932808,4.6589246
7813,805.65704,719.821,-26.677845,5.68902
7814,101.93022,135.27167,25.63985,2.722255
7815,324.2761,281.60663,-10.004663,-44.45461
7816,122.30204,117.50514,-9.013011,10.799431
7817,458.3735,840.55164,41.38299,-9.912841
7818,515.1241,343.30914,-3.9749835,-3.6208797
7819,372.52982,342.00256,-1.2015831,-16.15513
7820,138.27385,154.02031,-13.746509,-4.3861914
7821,911.05774,483.1101,-41.627182,-7.2486095
7822,679.64453,624.145,-28.86804,-61.560787
7823,704.5975,371.74896,16.167282,21.964205
7824,363.70166,450.1258,-2.4297378,-1.8120832
7825,444.37985,254.24448,-15.639973,8.9171715
7826,614.3444,1013.0285,32.018482,-0.7797547
7827,478.5255,650.4741,-17.521235,7.08603
7828,995.6825,573.29865,-13.017893,6.9582214
7829,194.21176,60.008865,-25.85184,-8.446854
7830,738.291,311.2564,21.665537,14.675144
7831,832.15857,107.617096,-0.8877524,89.99562
7832,88.07295,874.13367,0.25849232,-7.019477
7833,111.70303,742.0071,52.755665,7.798452
7834,126.01302,107.05832,1.0515507,-9.633002
7835,152.01456,757.8613,35.6752,-32.451416
7836,653.3148,307.09653,5.838253,-6.160847
7837,755.58954,795.1164,-25.893604,-24.693466
7838,490.8211,590.2574,4.948311,-51.56557
7839,918.54425,541.39307,-6.8254805,-37.51484
7840,237.71898,294.60034,16.27064,19.6754
7841,286.54074,273.85983,55.701538,-10.603834
7842,1019.9594,594.4136,38.521046,-4.7216086
7843,922.9019,136.59467,14.143397,-7.3970566
7844,990.2448,192.38391,20.303013,36.392284
7845,96.42351,618.68317,-12.328585,-12.27967
7846,997.1008,992.5324,-14.225291,-19.653006
7847,791.7109,724.90857,-38.076607,-48.786728
7848,667.80426,166.83092,28.991667,24.119463
7849,535.8438,680.5545,-9.342711,3.2446225
7850,715.6113,982.9962,-30.834368,-22.49106
7851,443.1659,63.178307,5.943998,23.87816
7852,230.93007,48.516567,5.1275334,13.705959
7853,368.65836,298.86697,4.242924,-1.910855
7854,377.78073,1005.8698,6.859213,-3.9606788
7855,342.49188,500.87808,-17.463228,-40.018723
7856,999.58813,688.91724,1.6742275,-34.42889
7857,34.987328,599.6597,-1.1995583,-9.971129
7858,565.6892,44.01156,31.615839,-9.074951
7859,572.2219,325.9207,-48.29552,8.4114275
7860,958.2994,714.41705,-23.29456,8.505657
7861,823.7699,80.66325,-15.696918,31.02875
7862,536.46936,553.3013,36.387527,-7.4396663
7863,157.21788,53.78818,-8.687444,-15.256204
7864,162.78352,716.2053,-6.4722505,1.8155743
7865,720.70605,465.30664,-8.824099,60.149097
7866,52.7446,118.8342,57.972675,45.728348
7867,258.66092,377.52258,-38.200703,-6.3959284
7868,357.39667,312.46503,-10.845722,-0.48654267
7869,773.31793,174.72424,5.8279357,-39.603405
7870,939.42535,965.5457,-30.97278,17.893929
7871,766.9037,566.00464,21.878239,5.2044106
7872,8.260676,695.3952,22.624067,17.396086
7873,102.41853,321.11386,0.7850564,-30.82574
7874,991.9785,719.39453,-47.784874,-1.3955421
7875,417.29605,980.42365,7.981796,-9.625577
7876,588.8464,894.6785,4.362552,2.0777438
7877,609.0963,846.8233,15.508598,-26.93308
7878,290.70697,645.86395,14.243264,1.493668
7879,71.46747,142.95016,10.76415,64.31786
7880,220.70671,517.5556,-1.6652625,12.180199
7881,501.51053,406.11838,-6.420056,-2.5447242
7882,144.246,46.198696,-0.8344904,19.63157
7883,649.8397,314.46365,5.8461566,-16.973652
7884,20.719643,1016.0975,62.776367,-64.4913
7885,508.74927,189.75186,-45.01501,-42.355305
7886,734.7089,849.0756,-40.947517,-53.9111
7887,917.43317,609.3736,-9.330941,-50.21001
7888,158.95473,887.81775,-33.221626,21.40508
7889,889.35504,745.711,-11.666043,-5.205209
7890,410.97098,612.873,8.670028,51.922882
7891,728.2609,94.678185,-6.3147964,23.269558
7892,522.36584,145.60762,-24.922161,20.56828
7893,148.47244,969.9282,-4.916989,-7.1272345
7894,380.44717,590.8461,26.417334,-6.7593775
7895,346.60214,905.16705,-14.587844,29.720146
7896,254.52141,697.01025,40.81061,15.306481
7897,338.4493,503.25998,-29.39667,-27.44014
7898,206.30647,130.36229,-9.475483,6.245996
7899,899.15265,904.44385,19.83374,-11.3948145
7900,978.1804,589.75775,-0.5778216,4.389975
7901,706.3434,795.0504,-28.040506,-21.284016
7902,196.89136,147.21661,29.242998,-45.242184
7903,493.42892,483.13766,-21.137852,-5.90738
7904,210.46832,840.6901,-12.910976,46.823208
7905,914.94055,502.49734,-22.17988,25.376919
7906,780.6579,9.900328,-26.141436,-4.5106273
7907,132.53215,937.0542,-10.913784,81.51594
7908,577.1426,398.89273,7.607663,-12.664482
7909,77.3539,937.19403,-8.641843,38.62246
7910,123.520515,444.54434,34.456585,16.327127
7911,246.08348,659.4373,6.376905,-7.78948
7912,925.9091,976.65717,-21.882143,17.602818
7913,1017.49304,1021.8312,-34.84916,-58.381073
7914,999.1349,442.28912,30.340752,-31.602102
7915,138.53194,511.58984,-9.954288,-23.358274
7916,506.3792,934.8081,-13.64736,35.665718
7917,663.3481,243.30371,-15.489256,13.429893
7918,283.0452,183.27084,-76.515724,44.87689
7919,344.45712,389.46094,37.766747,-1.0463502
7920,558.95294,583.70953,7.663851,58.32065
7921,570.4999,106.17661,-4.5654716,-3.8206687
7922,20.586498,762.21295,9.499587,31.257524
7923,954.5022,253.94328,-23.03386,-62.946865
7924,998.88824,212.90274,28.334187,36.48845
7925,507.84396,584.31616,27.089632,9.307366
7926,285.31326,732.2363,-13.643445,-62.54977
7927,149.44861,539.2859,-5.411222,25.296007
7928,67.65534,30.59245,-38.08706,11.195376
7929,29.769594,773.03467,13.788486,22.482962
7930,425.2795,646.13873,-23.930674,-6.903046
7931,550.2573,776.18787,1.97517,16.785494
7932,547.8573,299.94736,-21.12775,-14.001191
7933,635.04297,889.3101,-21.457556,5.71261
7934,226.4539,14.799501,-84.305466,-31.505379
7935,519.74384,261.6303,18.356644,-41.927677
7936,718.6323,866.29486,-17.683037,29.070688
7937,630.6463,570.88556,-32.427685,-16.671558
7938,801.86945,122.732506,47.310795,16.90206
7939,456.38406,238.53596,-5.5969253,-11.750849
7940,941.99255,269.84644,74.09701,-49.7906
7941,885.21924,852.1489,-14.56954,1.017385
7942,282.97522,274.4778,12.031276,24.776371
7943,647.39154,161.8756,3.8051984,13.374421
7944,194.17749,212.11786,10.35757,13.395438
7945,210.19144,199.93622,44.500526,-14.702951
7946,400.7767,925.73047,10.038489,-26.324434
7947,740.12274,482.272,-7.48918,1.3363999
7948,48.560184,1003.31683,-29.373793,23.911903
7949,819.1453,713.2331,-6.6333528,11.845501
7950,771.43365,799.32477,13.066819,-41.357235
7951,405.0821,485.36176,-35.05193,-19.172266
7952,743.3617,222.11354,-20.21923,22.526056
7953,470.6371,264.29953,-9.253561,-11.592162
7954,166.27754,255.70503,4.6952724,1.1923504
7955,800.37317,994.9775,-5.272024,-0.79205585
7956,50.38633,888.2812,1.4238881,9.74131
7957,1014.1426,302.87524,-22.274784,54.227795
7958,427.61838,221.48004,-9.727995,-3.175253
7959,883.0004,378.5048,3.0251412,-17.035458
7960,866.53796,197.20123,-10.603144,12.53838
7961,501.8891,990.7536,-32.956543,-51.492016
7962,706.9527,709.48553,-42.149635,-33.44169
7963,335.87122,244.01721,10.09378,9.598577
7964,451.51553,450.55914,3.671508,-18.489534
7965,64.62882,996.07465,-30.588028,71.412384
7966,42.08576,27.739277,-21.84626,-6.8323293
7967,843.07446,757.05133,16.897402,-9.62305
7968,735.62067,663.84125,48.75405,35.643585
7969,759.9241,138.88797,2.0638845,-0.67521316
7970,107.39834,285.09427,-8.538219,34.14844
7971,74.417274,165.49635,-4.526439,-24.262075
7972,165.10002,469.83585,-28.245647,21.125046
7973,475.45407,706.31165,-3.9524274,-11.402584
7974,893.6995,483.10562,-6.9893928,4.8845425
7975,323.96005,415.90906,5.4528813,23.926226
7976,862.6659,497.57712,18.149857,13.36333
7977,787.93665,2.607257,-11.4736185,-40.062874
7978,274.18643,198.37523,14.274102,-44.857746
7979,405.7667,359.89767,40.77396,22.822865
7980,105.18047,589.95264,-1.2735429,1.7853396
7981,560.01794,911.63477,27.678793,3.1275008
7982,76.24351,16.721737,25.176971,3.156193
7983,232.24225,367.50162,-28.00316,-17.287159
7984,784.545,13.097213,-12.252298,3.003598
7985,339.94012,866.13837,0.53865254,4.165253
7986,645.9842,482.2926,-29.438356,-62.93146
7987,222.65034,1012.1077,-2.7347798,13.389383
7988,280.93756,157.44226,32.162544,-5.3770623
7989,496.15994,896.62915,9.052786,4.143811
7990,214.33568,1000.3127,-3.6664329,5.3226066
7991,790.782,264.90143,56.89371,16.814465
7992,138.61098,354.8593,32.478592,25.203585
7993,402.74408,536.0293,5.749907,-0.9836945
7994,356.3213,635.0691,-33.012344,4.936515
7995,22.564009,775.8143,6.699858,13.001611
7996,654.1722,522.75696,-2.6518931,-56.72437
7997,1018.9342,149.9823,-3.5067954,-11.998027
7998,345.56683,207.75803,5.718093,32.649063
7999,454.56778,245.88422,-21.875452,8.113328
8000,305.83932,176.13223,27.909143,-45.130947
8001,439.475,721.67163,7.1748133,-27.635595
8002,610.9687,347.1066,-13.397585,-31.79808
8003,674.0185,761.4635,24.78952,-19.079899
8004,831.793,67.490036,11.953615,-11.610774
8005,148.43233,145.13013,-5.090934,4.1337166
8006,585.4594,915.15906,25.182978,5.3839035
8007,492.4249,366.68216,19.119352,-17.60813
8008,547.3524,640.8153,-0.7780613,26.3739
8009,776.71344,237.88972,48.511143,-25.330069
8010,611.7011,150.51912,-9.239362,-54.53196
8011,82.97703,746.47754,-4.4016848,2.3087423
8012,362.18985,790.398,-23.703487,33.961876
8013,609.16833,18.600796,18.37304,42.81625
8014,108.54726,563.0209,-16.611082,-17.416908
8015,600.16046,168.20631,-11.402809,-71.36538
8016,938.4971,454.66913,-75.921555,48.331337
8017,129.9264,228.54211,21.35253,31.445724
8018,781.44507,38.867775,11.299644,-25.488121
8019,941.7766,2.931916,4.1683435,-70.87668
8020,87.91913,689.2834,-22.269789,7.1410832
8021,262.97763,1008.0234,73.195915,-43.66788
8022,544.513,561.02094,21.689007,1.6707776
8023,783.1417,336.08762,-27.265133,-19.130777
8024,255.85979,939.9957,4.012767,-16.072449
8025,182.53674,499.75092,-23.217001,-42.758373
8026,964.075,431.9912,7.413208,54.604824
8027,34.7963,953.3113,37.1166,28.188854
8028,999.6545,535.63165,37.92659,33.141018
8029,241.40202,748.96265,17.525095,23.333233
8030,723.00104,1013.02936,-6.947969,41.483234
8031,48.80807,437.7264,11.329841,-22.085714
8032,586.55743,471.888,19.43476,-29.32604
8033,895.5438,740.1157,-5.829148,-5.269266
8034,368.97278,161.08395,11.268005,-30.693727
8035,53.329487,124.99704,-7.8052416,46.00223
8036,564.1327,249.94745,11.652366,9.624469
8037,766.65283,74.35341,7.1048884,-17.802774
8038,34.546257,398.91025,12.128502,19.821562
8039,502.44492,928.977,15.623756,-42.565968
8040,170.96341,919.5746,39.72639,-17.722153
8041,643.24097,556.9847,35.719826,-39.769676
8042,730.30646,1017.2938,20.848734,69.17183
8043,714.80615,818.9832,10.891624,13.5591345
8044,58.237026,489.0331,-20.469555,8.891664
8045,670.4028,767.93646,14.074236,-14.407363
8046,230.55731,934.6338,0.78518504,-6.7343655
8047,686.5218,952.62177,-0.20669697,-2.4962904
8048,272.90353,820.29626,-9.297485,18.271881
8049,785.1062,169.2724,20.017658,-44.198723
8050,130.15054,794.2886,8.038272,56.74485
8051,368.10513,892.75464,1.996806,-0.9117611
8052,662.6795,497.3915,4.5401564,-55.663254
8053,206.1916,136.46422,0.5286145,15.912209
8054,887.3824,943.10236,9.00897,-8.094713
8055,486.38953,947.60956,34.019596,-32.054264
8056,638.58594,195.9674,14.149967,31.816284
8057,62.81457,6.3808794,-40.105206,-26.04211
8058,1016.5341,172.50499,-3.019064,15.924784
8059,562.7497,1003.7644,-10.566288,-18.490679
8060,527.674,551.6199,48.64709,-15.583209
8061,223.84027,742.4512,-7.0941315,2.156793
8062,215.09274,591.83417,-13.692905,15.072735
8063,976.3398,71.31953,-6.8793097,-5.523769
8064,962.1694,966.73364,-34.39784,-14.366689
8065,516.5406,444.60666,1.8969604,-10.547364
8066,469.9822,129.482,32.800625,-15.632545
8067,56.76044,854.97876,-26.80388,-11.377148
8068,214.08499,522.87494,-1.5713416,20.923996
8069,502.9913,918.70825,12.827735,-42.51205
8070,451.61475,254.22366,-51.665916,29.30243
8071,371.44153,769.2031,25.591694,-51.61909
8072,866.51184,624.88574,-3.2858083,-4.3158627
8073,412.5189,283.23093,-1.684168,17.999851
8074,143.12523,583.12006,12.932524,6.451212
8075,205.13184,343.1986,-33.22796,-15.376497
8076,566.5308,859.7972,3.4530041,11.699115
8077,750.5679,436.93933,-4.222832,4.835124
8078,253.6973,516.6675,-15.257134,-42.2129
8079,489.92227,343.72644,35.653057,-53.206505
8080,759.26483,394.81305,48.700516,-11.206529
8081,560.76306,417.56598,-7.2336845,-17.035717
8082,186.30032,645.43726,-1.0928534,10.748391
8083,889.37616,938.7798,-1.2816268,17.211824
8084,981.13165,159.54327,26.876148,-11.300962
8085,228.00517,524.27094,15.29575,-13.389168
8086,998.3458,207.62321,31.11005,15.930622
8087,490.90213,684.95056,45.778587,-37.488323
8088,173.61877,321.45532,-1.3069949,-51.57677
8089,474.79977,384.49124,44.302,-27.345676
8090,917.80566,639.0353,5.8097086,6.9900603
8091,332.4858,277.9842,-23.992983,3.3577466
8092,720.8512,690.3366,-27.075556,2.0336392
8093,119.55691,404.9313,-4.0999146,-23.966745
8094,496.4313,972.78644,-5.0296497,-12.272904
8095,366.69516,394.64877,19.24774,-0.8989365
8096,1001.3929,638.0084,-0.56800616,18.68322
8097,593.9602,14.189971,-39.48226,61.16842
8098,151.0396,886.46185,-39.409065,26.442787
8099,738.4925,179.00468,-13.651175,11.542434
8100,343.13013,138.71217,19.086346,-62.78294
8101,73.751015,937.76746,23.738678,39.39933
8102,998.35394,807.9883,-11.354703,-8.145545
8103,858.2109,530.5173,0.25686088,-24.383398
8104,922.07587,150.82115,13.012839,-38.507904
8105,817.2855,517.11597,6.182164,23.061983
8106,802.3026,617.66583,11.114419,-23.75461
8107,1015.2644,298.46466,-44.737476,62.517403
8108,739.6837,383.67136,9.707818,19.418144
8109,22.630806,51.388695,-3.409338,-48.72934
8110,844.57166,915.98816,-3.8367338,-11.00666
8111,973.8401,121.4258,-0.2165205,-3.9164274
8112,918.52496,872.65576,-3.3353412,1.7752801
8113,748.47186,608.61487,-24.067135,-9.439606
8114,17.7929,1021.0317,-10.451062,34.166183
8115,597.0467,300.55838,-13.632858,-6.8713403
8116,591.78186,731.4038,-2.420281,-16.806202
8117,305.24838,846.4758,26.293175,22.204035
8118,872.01135,528.8995,2.8465989,12.977489
8119,913.59753,772.21234,5.109901,-3.1725903
8120,863.70795,719.81213,-5.334718,3.555075
8121,970.6349,883.0741,-13.805292,-15.81947
8122,852.9626,872.1918,-3.9333904,-15.941925
8123,322.29382,204.33028,25.091375,17.29258
8124,773.47217,892.2067,15.744429,-41.042763
8125,471.94174,248.40771,19.862316,-3.445499
8126,389.36618,454.6388,-19.448057,-51.37388
8127,157.92271,284.4505,17.663313,8.855386
8128,604.2243,289.6302,-10.662527,13.919817
8129,744.43024,749.6247,31.361565,5.7411885
8130,275.15295,1003.26764,-16.339642,-2.7339268
8131,755.37213,863.7351,-47.931446,-29.80594
8132,739.4853,504.1104,27.911509,-5.2574306
8133,929.8362,494.46875,-1.8941263,14.337948
8134,958.88306,278.27505,-12.778009,39.94054
8135,35.699425,104.97783,22.9515,18.250183
8136,71.42128,632.9837,12.028633,38.469467
8137,656.8751,1019.72955,6.4992366,2.7697623
8138,781.8004,948.14813,20.165787,-9.342084
8139,395.61588,333.17477,-35.885826,6.1244636
8140,939.72894,762.26215,-41.092503,10.691418
8141,809.0828,950.9922,28.268606,35.72738
8142,525.9492,206.44164,-30.83688,-27.881063
8143,784.4618,44.544357,-0.92833537,-42.718876
8144,781.285,844.86945,31.826948,-16.037146
8145,519.0896,321.0224,-46.238308,23.858883
8146,727.25867,713.5932,-22.218838,66.947395
8147,783.5297,232.50671,60.03184,-33.727604
8148,513.08997,92.60858,13.570471,-37.81255
8149,98.7849,838.2805,-19.30461,-15.525961
8150,268.38968,681.15173,-0.7489157,-27.08475
8151,543.6376,637.4137,-3.4343169,20.70769
8152,987.2014,589.1743,-16.81685,30.248652
8153,397.71384,699.8438,-8.455176,33.07054
8154,950.50726,742.9036,-14.347549,8.247937
8155,754.6965,431.4779,-31.086843,45.612713
8156,487.72424,374.79483,3.5898535,-35.42422
8157,900.8009,830.2212,-22.88153,-7.760433
8158,594.25305,367.94028,-0.4467357,-57.702724
8159,992.4516,617.5073,-4.7471647,39.57053
8160,337.1626,727.40796,1.1763891,20.820364
8161,195.60153,738.80707,-43.985565,25.043743
8162,919.75024,493.53683,-50.95224,9.341589
8163,982.4923,65.63157,-30.59923,37.695724
8164,1012.98474,877.0665,10.91126,-11.115111
8165,164.10547,590.4412,26.624052,25.77454
8166,383.5364,700.76697,-19.006628,3.0801399
8167,237.55351,974.68665,-29.27272,-27.19163
8168,947.5151,22.442493,9.628165,-30.210308
8169,556.33936,163.88304,7.4000716,29.429873
8170,764.73047,889.2911,-2.6824062,8.659968
8171,275.71042,174.35083,-8.861415,17.130497
8172,98.62363,845.4444,42.461803,-14.13293
8173,92.22004,655.1963,34.96065,-4.2563524
8174,415.12488,623.00354,28.468025,-3.247167
8175,196.94516,1022.26276,11.077677,-9.693693
8176,481.58972,945.6182,36.674557,-36.079506
8177,654.9477,30.692797,25.47536,-11.806732
8178,148.7607,855.2817,8.611713,-22.149897
8179,649.6855,886.6726,-62.554607,-15.72975
8180,195.3448,739.2643,18.689268,-8.118887
8181,686.7943,318.35376,29.376328,30.426897
8182,515.4231,652.2943,-4.0024896,20.928701
8183,317.5379,390.1991,-40.133957,-2.6759143
8184,205.15947,212.13792,-5.272457,4.6993017
8185,708.8019,209.78477,12.999434,-28.736925
8186,335.41144,693.947,-44.297695,7.609492
8187,258.3857,378.86298,-13.551127,-7.508478
8188,332.25217,392.00937,8.256559,-55.931385
8189,964.2094,781.46466,12.173421,32.040115
8190,267.01285,890.8475,6.931939,-20.143764
8191,547.0377,694.9156,-2.8500018,32.389538
