grass,0,0.38274977,0.16234492,0.026369307,0.02921538
grass,1,-0.06675095,0.3371814,0.023284176,0.027395608
grass,2,0.2589448,-0.25124744,0.044403583,0.02390728
grass,3,0.4448184,0.54465127,0.0076363105,0.032963034
grass,4,-0.33535123,0.011106996,0.043655768,0.022978598
grass,5,0.7251784,-0.12748058,0.034225475,0.028306141
grass,6,-0.026598046,0.7295797,-0.00031423662,0.029988984
grass,7,-0.06507859,-0.4633204,0.059369985,0.019060504
grass,8,0.82208514,0.3662989,0.24116193,0.13797268
grass,9,-0.5229027,0.39223295,0.025617741,0.024256434
grass,10,0.5949632,-0.51133424,0.048090808,0.021271572
grass,11,0.3294965,0.83751476,0.11200775,0.36028743
grass,12,-0.52671486,-0.27250078,0.063505396,0.01866366
grass,13,0.8999987,-0.001136216,0.6892143,0.026524391
grass,14,-0.3701574,0.8154312,-0.006477287,0.027094131
grass,15,0.16322005,-0.7321597,0.06439025,0.014930808
grass,16,0.6846415,0.58417886,0.7878302,0.7088274
grass,17,-0.76333797,0.1369521,0.046775833,0.020649098
grass,18,0.81822705,-0.37483785,0.6448382,-0.26158455
grass,19,0.10823914,0.89346695,0.07191072,0.8396819
grass,20,-0.35360783,-0.65943515,0.0787828,0.013437063
grass,21,0.867794,0.23860562,1.3097546,0.38566807
grass,22,-0.63983035,0.6329424,-0.18468869,0.21271242
grass,23,0.46759242,-0.76899695,0.19650419,-0.22621587
grass,24,0.48439616,0.7585244,0.70310557,1.1624128
grass,25,-0.8081488,-0.22600722,0.07337987,0.01677302
grass,26,0.8890007,-0.1402737,1.3600326,-0.19039403
grass,27,-0.22433637,0.87159175,-0.2589827,0.92088735
grass,28,-0.058394156,-0.8871388,0.07906628,0.008441305
grass,29,0.76086074,0.4807182,1.4082438,0.9216771
grass,30,-0.8261983,0.35692486,-0.32827738,0.17461914
grass,31,0.68974626,-0.57814276,0.80206174,-0.6336308
grass,32,0.2303624,0.8700184,0.3316075,1.4067134
grass,33,-0.6564229,-0.5971629,0.092649296,0.011828645
grass,34,0.8984214,0.053272508,1.7503394,0.12696895
grass,35,-0.49563015,0.75123215,-0.54344356,0.81631273
grass,36,0.25373226,-0.86349225,0.20661715,-0.50245595
grass,37,0.6147415,0.6573369,1.208225,1.340104
grass,38,-0.8991734,-0.03855107,-0.31433246,-0.0010624998
grass,39,0.8356968,-0.33408076,1.4539884,-0.5581193
grass,40,-0.0728354,0.8970474,-0.15388,1.4070803
grass,41,-0.34951684,-0.8293594,-0.0008407283,-0.20991969
grass,42,0.84165597,0.31876972,1.849162,0.72758114
grass,43,-0.7282618,0.52880406,-0.7278278,0.5505776
grass,44,0.53124326,-0.72648436,0.6580018,-0.8448147
grass,45,0.37378234,0.8187098,0.6989767,1.636291
grass,46,-0.7946869,-0.42245904,-0.23301171,-0.1623821
grass,47,0.8948572,-0.09607015,1.8998979,-0.18234748
grass,48,-0.39274883,0.80978227,-0.5958994,1.1754578
grass,49,0.007153802,-0.899971,0.0746262,-0.5730044
grass,50,0.7200457,0.5399383,1.6231072,1.2558177
grass,51,-0.88418114,0.167996,-0.7179982,0.16008686
grass,52,0.77019215,-0.46562117,1.3785568,-0.81165075
grass,53,0.06995828,0.89727634,0.078363985,1.672507
grass,54,-0.57642835,-0.6911796,-0.17134884,-0.31885943
grass,55,0.8799794,0.18877341,2.079863,0.47144642
grass,56,-0.6435757,0.6291337,-0.85591024,0.8401332
grass,57,0.35675547,-0.8262715,0.43796414,-0.9122028
grass,58,0.5348106,0.7238623,1.1575873,1.637225
grass,59,-0.8735155,-0.21672495,-0.5458888,-0.14556648
grass,60,0.8636855,-0.25307387,1.8425612,-0.52075225
grass,61,-0.22575878,0.8712244,-0.43442082,1.4926077
grass,62,-0.15988141,-0.8856844,-0.027172005,-0.6010498
grass,63,0.7935542,0.42458305,1.9187794,1.0598384
grass,64,-0.8105497,0.3911627,-0.94226915,0.4783153
grass,65,0.61706734,-0.65515417,0.99115944,-1.0246167
grass,66,0.2637813,0.8604757,0.49380562,1.8065599
grass,67,-0.76206464,-0.47880736,-0.4006319,-0.30897135
grass,68,0.8999193,-0.012012212,2.1492906,-0.0062448187
grass,69,-0.51398504,0.7387953,-0.82061464,1.1424927
grass,70,0.1671219,-0.8843468,0.22093661,-0.8749855
grass,71,0.65045714,0.6220165,1.5226358,1.5091465
grass,72,-0.8971773,0.071217924,-0.8492019,0.084443554
grass,73,0.81761336,-0.37617463,1.6938144,-0.7636565
grass,74,0.005123814,0.89998484,-0.055120453,1.7432901
grass,75,-0.42172536,-0.7950765,-0.17469662,-0.51876026
grass,76,0.85318714,0.28648007,2.1393778,0.7476185
grass,77,-0.7269456,0.530612,-1.0008385,0.74054897
grass,78,0.5026375,-0.7465618,0.748926,-1.0740106
grass,79,0.47304225,0.7656566,1.027592,1.7630463
grass,80,-0.8487366,-0.29940808,-0.5951587,-0.23652618
grass,81,0.892079,-0.11913884,2.1149316,-0.2622106
grass,82,-0.32550043,0.8390759,-0.61586636,1.44481
grass,83,-0.08507239,-0.8959697,0.007975556,-0.73938173
grass,84,0.75749344,0.48600695,1.8704036,1.2401743
grass,85,-0.87003106,0.2303149,-0.98187226,0.2833138
grass,86,0.7269439,-0.5306144,1.370101,-0.9887408
grass,87,0.20443356,0.87647355,0.35617068,1.8401269
grass,88,-0.6305565,-0.6421818,-0.31739464,-0.43734637
grass,89,0.8944852,0.0994753,2.25058,0.27599338
grass,90,-0.5559848,0.70772874,-0.9027908,1.1090043
grass,91,0.25679916,-0.8625852,0.33520293,-0.9805269
grass,92,0.58930135,0.6802375,1.3583785,1.6406755
grass,93,-0.8934824,-0.10811192,-0.77302235,-0.09434472
grass,94,0.8367904,-0.3313319,1.820691,-0.7081033
grass,95,-0.10171532,0.8942332,-0.26813337,1.6781663
grass,96,-0.34977093,-0.8292522,-0.14216565,-0.5849213
grass,97,0.82050025,0.36983553,2.0760531,0.97037727
grass,98,-0.78936005,0.43233055,-1.045929,0.58923376
grass,99,0.60220104,-0.6688444,0.9919236,-1.0901238
grass,100,0.33831647,0.833991,0.6667477,1.831954
grass,101,-0.79248464,-0.42657593,-0.49717754,-0.3253525
grass,102,0.8992317,-0.0371672,2.2148478,-0.068828076
grass,103,-0.4378178,0.7863298,-0.77727515,1.2924594
grass,104,0.08864752,-0.895623,0.14578052,-0.86106807
grass,105,0.683207,0.585856,1.637705,1.4601858
grass,106,-0.8854108,0.16138996,-0.9611401,0.19643356
grass,107,0.77954125,-0.4497938,1.5666431,-0.8981538
grass,108,0.022561936,0.8997166,-0.044442516,1.7494112
grass,109,-0.5442417,-0.7167983,-0.23882711,-0.47612512
grass,110,0.8748347,0.21133664,2.231598,0.56933767
grass,111,-0.6995953,0.56618506,-1.0172966,0.8169476
grass,112,0.40130186,-0.80557793,0.5438475,-1.0478439
grass,113,0.4852461,0.757981,1.0406482,1.7432259
grass,114,-0.87583137,-0.20716773,-0.6743161,-0.1768038
grass,115,0.87453836,-0.21256003,2.0199218,-0.47545978
grass,116,-0.23260595,0.8694213,-0.4938435,1.5231804
grass,117,-0.15089901,-0.88725895,-0.023730585,-0.67477286
grass,118,0.7773001,0.45365572,1.9271088,1.1671697
grass,119,-0.8291069,0.35011512,-1.0247611,0.45307288
grass,120,0.69683784,-0.56957537,1.2483277,-1.0222931
grass,121,0.1992401,0.87766874,0.31359825,1.7942655
grass,122,-0.73125166,-0.5246617,-0.37442717,-0.36129946
grass,123,0.899126,0.03964124,2.2467818,0.12523155
grass,124,-0.51400465,0.73878163,-0.85601145,1.1454061
grass,125,0.19144692,-0.8794015,0.239828,-0.8937781
grass,126,0.6553543,0.61685467,1.523394,1.5010692
grass,127,-0.89955926,0.02814429,-0.84295034,0.038916573
grass,128,0.8340771,-0.33810404,1.7836442,-0.7162631
grass,129,-0.08761087,0.895725,-0.26053077,1.6221007
grass,130,-0.34564248,-0.8309815,-0.10237879,-0.5295365
grass,131,0.84735495,0.30329627,2.1361806,0.7999327
grass,132,-0.7292538,0.52743524,-1.0065722,0.7242712
grass,133,0.5264249,-0.72998345,0.7602644,-1.0539107
grass,134,0.39662698,0.8078899,0.770166,1.7527343
grass,135,-0.82341796,-0.36329302,-0.48142523,-0.26561913
grass,136,0.894223,-0.10180503,2.136446,-0.2226798
grass,137,-0.36000574,0.8248605,-0.66875356,1.325553
grass,138,0.009504823,-0.89994925,0.07927164,-0.7251586
grass,139,0.7497569,0.49785903,1.804172,1.2478112
grass,140,-0.8685332,0.23590049,-0.9438314,0.27936217
grass,141,0.7524749,-0.4937414,1.4044455,-0.9285171
grass,142,0.10545897,0.89379936,0.090750284,1.70319
grass,143,-0.5880004,-0.6813622,-0.19191363,-0.3896451
grass,144,0.89074916,0.12870494,2.2281349,0.35258803
grass,145,-0.6060223,0.665384,-0.91468436,0.948702
grass,146,0.363379,-0.82338,0.4356895,-0.95237666
grass,147,0.5676765,0.6983856,1.2174633,1.5996406
grass,148,-0.8918832,-0.12059567,-0.66115975,-0.09617662
grass,149,0.8676541,-0.23911384,1.9273989,-0.5201511
grass,150,-0.14945853,0.88750273,-0.36847788,1.5033102
grass,151,-0.27685902,-0.85635746,-0.0438478,-0.4988874
grass,152,0.82750225,0.35389134,2.037997,0.91136223
grass,153,-0.8222847,0.36585093,-0.96046567,0.44475865
grass,154,0.61080855,-0.6609931,0.9203401,-1.014712
grass,155,0.27531967,0.85685366,0.43917376,1.7089703
grass,156,-0.7220974,-0.53719115,-0.26040575,-0.30684385
grass,157,0.899972,-0.0070278104,2.1785917,0.0089570675
grass,158,-0.48209056,0.75999194,-0.78774446,1.1059377
grass,159,0.12457557,-0.8913361,0.15527655,-0.7381244
grass,160,0.6998051,0.5659257,1.5971715,1.3555216
grass,161,-0.8981159,0.058196347,-0.76897806,0.06514119
grass,162,0.8015028,-0.40938035,1.5564817,-0.80151784
grass,163,0.01445861,0.89988333,-0.10119922,1.5812607
grass,164,-0.49786657,-0.74975187,-0.088357866,-0.35961288
grass,165,0.8748444,0.21129675,2.1589246,0.5566346
grass,166,-0.7199068,0.5401233,-0.93578595,0.6864614
grass,167,0.48858836,-0.75583094,0.61006916,-0.9603532
grass,168,0.48315027,0.7593187,0.9342904,1.6228287
grass,169,-0.8643954,-0.25063837,-0.46534225,-0.16916072
grass,170,0.8864263,-0.15571566,2.008954,-0.3366106
grass,171,-0.30544525,0.8465827,-0.58097416,1.2767993
grass,172,-0.04161799,-0.8990366,0.056980737,-0.56452936
grass,173,0.7622602,0.47849596,1.7741183,1.165962
grass,174,-0.8468702,0.30464715,-0.88146234,0.338296
grass,175,0.7250909,-0.53314364,1.2158618,-0.9172205
grass,176,0.22169104,0.8722683,0.28804493,1.6298196
grass,177,-0.62884974,-0.6438532,-0.109707996,-0.28350455
grass,178,0.8944486,0.0998041,2.1695366,0.27426246
grass,179,-0.58940965,0.6801435,-0.8440677,0.8893285
grass,180,0.28528097,-0.8535887,0.28182328,-0.7878495
grass,181,0.5846061,0.68427676,1.1921118,1.5038694
grass,182,-0.8985689,-0.050724287,-0.601471,-0.0316442
grass,183,0.85694414,-0.27503777,1.7844476,-0.5691625
grass,184,-0.12972164,0.89060163,-0.34420618,1.3949485
grass,185,-0.35009724,-0.8291145,-0.00013913367,-0.33672398
grass,186,0.8488321,0.2991372,2.0375311,0.7585023
grass,187,-0.79490477,0.422049,-0.88092,0.47545546
grass,188,0.58693975,-0.6822761,0.7720943,-0.9362875
grass,189,0.36843473,0.82113034,0.5977137,1.5999773
grass,190,-0.8129242,-0.38620353,-0.25567675,-0.19707713
grass,191,0.8970934,-0.072265886,2.0593204,-0.14314872
grass,192,-0.37993294,0.81587374,-0.6478467,1.1200976
grass,193,0.027632903,-0.8995751,0.08672172,-0.5305429
grass,194,0.7183855,0.5421451,1.5778236,1.2560153
grass,195,-0.88661426,0.15464213,-0.7243589,0.14879656
grass,196,0.79238635,-0.4267585,1.422113,-0.7843549
grass,197,0.09996696,0.89443034,0.020685928,1.5039505
grass,198,-0.5151876,-0.73795706,0.0052630715,-0.23855573
grass,199,0.8858754,0.1588199,2.1157553,0.41553974
grass,200,-0.63057274,0.6421659,-0.82529736,0.7682627
grass,201,0.43544233,-0.7876477,0.44100446,-0.82900566
grass,202,0.54587305,0.7155569,1.031633,1.4890604
grass,203,-0.8849924,-0.16366856,-0.41058806,-0.095300585
grass,204,0.87557036,-0.2082679,1.8490615,-0.43098897
grass,205,-0.26078495,0.8613885,-0.5112086,1.1951189
grass,206,-0.14456424,-0.8883131,0.052194286,-0.35488188
grass,207,0.8144955,0.38287872,1.8735119,0.927785
grass,208,-0.8271484,0.35471764,-0.7975929,0.35808754
grass,209,0.67190385,-0.5987856,0.9427885,-0.8865765
grass,210,0.286214,0.8532763,0.37136793,1.5261537
grass,211,-0.72515076,-0.5330622,-0.05219908,-0.17703274
grass,212,0.89875907,0.047234528,2.090807,0.14170855
grass,213,-0.49214014,0.7535231,-0.7183289,0.91724277
grass,214,0.17678119,-0.8824667,0.14876911,-0.5690841
grass,215,0.6717712,0.5989344,1.3756723,1.3101691
grass,216,-0.8991836,0.03831354,-0.55032957,0.0373323
grass,217,0.8325064,-0.34195322,1.5556113,-0.6506545
grass,218,-0.03548207,0.89929974,-0.21949498,1.3356391
grass,219,-0.34714144,-0.8303565,0.07246929,-0.20176536
grass,220,0.8684176,0.23632559,2.0247984,0.59197164
grass,221,-0.716522,0.54460555,-0.7985009,0.5750922
grass,222,0.50296277,-0.7463427,0.5060386,-0.80938625
grass,223,0.4404337,0.7848676,0.7047061,1.4829022
grass,224,-0.85254645,-0.28838077,-0.20031562,-0.122017235
grass,225,0.89251316,-0.11584176,1.9324032,-0.2324517
grass,226,-0.2929591,0.85098404,-0.5348201,1.0835559
grass,227,0.011519088,-0.8999257,0.08022907,-0.37613913
grass,228,0.77217865,0.46231934,1.6760472,1.0604109
grass,229,-0.86726415,0.24052419,-0.6655435,0.20859773
grass,230,0.7481124,-0.5003267,1.1382582,-0.80368274
grass,231,0.13641588,0.8896009,0.04604033,1.3950398
grass,232,-0.5806582,-0.68763,0.10244992,-0.11499333
grass,233,0.89458114,0.098608315,2.054058,0.2625372
grass,234,-0.62635434,0.64628106,-0.7499364,0.68156034
grass,235,0.3916252,-0.81032634,0.30796406,-0.68397444
grass,236,0.5601298,0.70445263,0.992113,1.3913572
grass,237,-0.8956019,-0.088860005,-0.34278142,-0.04020418
grass,238,0.87111795,-0.22616903,1.7298634,-0.4463632
grass,239,-0.15611286,0.8863564,-0.3848384,1.1565732
grass,240,-0.24884683,-0.86491287,0.099782206,-0.15362197
grass,241,0.8227135,0.36488566,1.8225079,0.85726905
grass,242,-0.78033376,0.44841734,-0.7274433,0.4137926
grass,243,0.6218906,-0.6505774,0.70528936,-0.8101594
grass,244,0.3502245,0.82906085,0.44970056,1.4222186
grass,245,-0.7535944,-0.4920308,0.060588803,-0.09677244
grass,246,0.8998216,-0.017891902,1.9826379,-0.010938345
grass,247,-0.4701845,0.7674148,-0.6536803,0.8277092
grass,248,0.17011748,-0.8837754,0.11373221,-0.42908913
grass,249,0.716145,0.5451012,1.4348766,1.1668639
grass,250,-0.8913905,0.124185,-0.49759594,0.091661245
grass,251,0.8112827,-0.38964012,1.3480998,-0.6767593
grass,252,0.08165557,0.8962875,-0.06920915,1.2841913
grass,253,-0.47560373,-0.75863326,0.16848043,-0.046807993
grass,254,0.8658878,0.24543296,1.9423089,0.59472716
grass,255,-0.7027056,0.56232,-0.71134543,0.51962644
grass,256,0.48524678,-0.7579806,0.3926882,-0.69682884
grass,257,0.53010136,0.7273181,0.86139876,1.3557303
grass,258,-0.8594702,-0.26703927,-0.073089555,-0.07690398
grass,259,0.88892955,-0.14072426,1.8167229,-0.27378342
grass,260,-0.24915956,0.8648228,-0.4774817,0.99365264
grass,261,-0.055520594,-0.8982852,0.08561203,-0.18087302
grass,262,0.78156906,0.44626093,1.6267173,0.9872419
grass,263,-0.84157354,0.31898737,-0.6024471,0.24678242
grass,264,0.69327337,-0.5739085,0.8449617,-0.7723559
grass,265,0.22853543,0.87050015,0.16555247,1.3166921
grass,266,-0.6531989,-0.6002933,0.18841617,-0.033571083
grass,267,0.89424056,0.10165018,1.9823707,0.26402485
grass,268,-0.5441287,0.7168842,-0.6549591,0.6805535
grass,269,0.2671491,-0.8594361,0.1368111,-0.4455558
grass,270,0.66200894,0.6097074,1.2106144,1.2146491
grass,271,-0.8990938,-0.0403645,-0.25286844,-0.009254896
grass,272,0.8416869,-0.31868818,1.450049,-0.56930023
grass,273,-0.087137826,0.89577115,-0.31276304,1.0807086
grass,274,-0.33791023,-0.81695694,0.16609919,-0.02901698
grass,275,0.84569937,0.30788246,1.8271501,0.71373713
grass,276,-0.7696931,0.4664457,-0.63567936,0.3705162
grass,277,0.5748141,-0.6925227,0.5024087,-0.7055761
grass,278,0.4048503,0.80380046,0.5064246,1.3213896
grass,279,-0.8065744,-0.38737035,0.124923155,-0.043936126
grass,280,0.898649,-0.04928609,1.8807164,-0.07741761
grass,281,-0.33945492,0.8335283,-0.53550357,0.8338674
grass,282,0.12025412,-0.8919293,0.075182356,-0.24744968
grass,283,0.72541624,0.53270096,1.3832239,1.0922631
grass,284,-0.8875491,0.14918305,-0.39497575,0.09090327
grass,285,0.76841956,-0.4685407,1.0528595,-0.7014663
grass,286,0.15469866,0.88660437,0.0077048196,1.2044547
grass,287,-0.504439,-0.7004452,0.20675553,-0.01650363
grass,288,0.888227,0.14509277,1.9327308,0.3583553
grass,289,-0.6335846,0.6391944,-0.63148147,0.5229259
grass,290,0.4528108,-0.7777926,0.2670927,-0.56712425
grass,291,0.58853143,0.6809037,0.94417393,1.2392142
grass,292,-0.8897002,-0.13576636,-0.06355118,-0.02980519
grass,293,0.8798105,-0.18955901,1.6541265,-0.3536141
grass,294,-0.18477239,0.88082814,-0.41391134,0.9197442
grass,295,-0.21967286,-0.8487774,0.14122756,-0.039286256
grass,296,0.82735085,0.3542452,1.7139491,0.786638
grass,297,-0.8353533,0.33493856,-0.5041459,0.21710856
grass,298,0.6521329,-0.6202593,0.6261709,-0.6985994
grass,299,0.31993192,0.8412149,0.28574073,1.2398038
grass,300,-0.6764902,-0.53310037,0.2367066,-0.004443745
grass,301,0.89992654,0.011456387,1.8853525,0.057213098
grass,302,-0.47269177,0.765873,-0.5775359,0.6412178
grass,303,0.26330167,-0.8606225,0.08753343,-0.32001215
grass,304,0.6898083,0.5780688,1.2172972,1.11387
grass,305,-0.898413,0.05341299,-0.21947992,0.029939301
grass,306,0.83480704,-0.33629775,1.3145969,-0.5626963
grass,307,0.033523254,0.89937484,-0.18900742,1.0464872
grass,308,-0.37791714,-0.7593014,0.18567249,-0.026944343
grass,309,0.8690939,0.23382631,1.8370454,0.5423982
grass,310,-0.73266625,0.5226846,-0.56348544,0.3566651
grass,311,0.50407094,-0.7455946,0.28970838,-0.5585264
grass,312,0.4873489,0.75663066,0.6319953,1.2247721
grass,313,-0.8286955,-0.3065244,0.18217452,-0.013145389
grass,314,0.89455664,-0.09883032,1.7478927,-0.1751254
grass,315,-0.33128434,0.8368092,-0.5059762,0.7181987
grass,316,-0.047944102,-0.8836188,0.0951745,-0.054425526
grass,317,0.7685965,0.46825033,1.4524045,0.9517127
grass,318,-0.87330025,0.21759038,-0.34005967,0.110338025
grass,319,0.7478005,-0.50079274,0.8701215,-0.66659695
grass,320,0.21079676,0.874965,0.053418398,1.1210113
grass,321,-0.5631339,-0.6141261,0.23222184,-0.0109268455
grass,322,0.8893949,0.13775273,1.8679248,0.3340592
grass,323,-0.5901726,0.6794816,-0.56191695,0.4729256
grass,324,0.3314177,-0.8367564,0.0888107,-0.32776818
grass,325,0.6403274,0.6324396,1.016606,1.1280563
grass,326,-0.89102715,-0.115127906,0.052849382,-0.010043369
grass,327,0.862384,-0.25747377,1.4344695,-0.4459558
grass,328,-0.11959929,0.89201736,-0.3617692,0.8475165
grass,329,-0.28891584,-0.7856633,0.16719157,-0.0353336
grass,330,0.83926016,0.32502514,1.6855837,0.70637745
grass,331,-0.7858109,0.43874848,-0.46935898,0.24778773
grass,332,0.61668515,-0.6555139,0.44461152,-0.60701597
grass,333,0.41173455,0.8002959,0.41513455,1.1645658
grass,334,-0.7247896,-0.4311411,0.25549296,0.002131212
grass,335,0.89998645,0.004843305,1.8130851,0.04328919
grass,336,-0.42392692,0.79390484,-0.5217751,0.5699361
grass,337,0.17272505,-0.8832694,0.034402277,-0.10134327
grass,338,0.7256556,0.53237486,1.2564557,1.0053757
grass,339,-0.8873573,0.15031965,-0.20050101,0.059652984
grass,340,0.7972687,-0.41756636,1.0208236,-0.6025011
grass,341,0.1015833,0.8942482,-0.13420019,0.9772683
grass,342,-0.42613614,-0.6943415,0.20964946,-0.02262463
grass,343,0.88393635,0.16927959,1.8165357,0.3958705
grass,344,-0.68586385,0.58274335,-0.5014781,0.33240315
grass,345,0.49468258,-0.75185645,0.19696209,-0.45876867
grass,346,0.5650353,0.70052415,0.75869834,1.1264379
grass,347,-0.83995,-0.23169358,0.21925548,0.0024805625
grass,348,0.8829033,-0.17458755,1.5490149,-0.3064428
grass,349,-0.21841367,0.87309474,-0.43212384,0.68986464
grass,350,-0.1017991,-0.8404406,0.11212271,-0.053636022
grass,351,0.81252295,0.3870471,1.5395916,0.79269826
grass,352,-0.833382,0.33981395,-0.34018722,0.1496149
grass,353,0.7306109,-0.52555364,0.7089245,-0.6193453
grass,354,0.3130567,0.8437977,0.17947628,1.0699829
grass,355,-0.5817401,-0.55792886,0.25021073,-0.0077461638
grass,356,0.89720494,0.0708688,1.8057747,0.18449335
grass,357,-0.48194864,0.7600818,-0.50467193,0.45832953
grass,358,0.33293632,-0.8361533,0.033596296,-0.22261404
grass,359,0.65012586,0.6223628,0.9705758,1.0550672
grass,360,-0.89909846,0.040260542,0.00019650164,0.015690926
grass,361,0.8561938,-0.2773648,1.3031365,-0.45265567
grass,362,-0.03682461,0.89924574,-0.3038495,0.79452115
grass,363,-0.3426567,-0.7253784,0.19246048,-0.030725027
grass,364,0.8525685,0.2883156,1.668513,0.61855495
grass,365,-0.7551374,0.48965952,-0.4095419,0.22263977
grass,366,0.55711716,-0.7068377,0.24028781,-0.47705105
grass,367,0.443328,0.7832364,0.42029902,1.0809475
grass,368,-0.7461691,-0.3552377,0.26680163,0.0055017862
grass,369,0.89597064,-0.085062556,1.6502205,-0.13815905
grass,370,-0.3362282,0.8348351,-0.47082365,0.5235663
grass,371,0.0649127,-0.86101276,0.056374025,-0.07032316
grass,372,0.76613814,0.472262,1.3225294,0.8877088
grass,373,-0.8794226,0.19135019,-0.13120624,0.05516002
grass,374,0.79738164,-0.4173505,0.92622995,-0.56631327
grass,375,0.16120622,0.8854443,-0.09369661,0.90977407
grass,376,-0.52743053,-0.5827918,0.24826638,-0.011650309
grass,377,0.89019364,0.13249297,1.7692218,0.311589
grass,378,-0.6299701,0.64275706,-0.4508272,0.2949331
grass,379,0.44351268,-0.78313184,0.066918835,-0.3071025
grass,380,0.5940145,0.6761255,0.7656249,1.0447444
grass,381,-0.8744882,-0.08206274,0.19225569,0.0072275577
grass,382,0.88146746,-0.18169798,1.4575715,-0.30667078
grass,383,-0.13658336,0.8895751,-0.38608482,0.6381162
grass,384,-0.1762608,-0.7872275,0.14072217,-0.048676703
grass,385,0.8298399,0.34837434,1.5381197,0.70436406
grass,386,-0.7944362,0.42293042,-0.31152105,0.14860643
grass,387,0.6625446,-0.6091253,0.40796602,-0.53460723
grass,388,0.4030092,0.80472517,0.29604533,1.0154364
grass,389,-0.6622621,-0.43467915,0.27456763,0.0011149971
grass,390,0.899357,0.033999566,1.7307723,0.104574494
grass,391,-0.4884464,0.7559226,-0.4595864,0.3506979
grass,392,0.24859546,-0.8567664,-0.0069889463,-0.08685812
grass,393,0.7105208,0.5524121,1.0865718,0.942211
grass,394,-0.89351845,0.09181935,0.05480407,0.017003534
grass,395,0.8391937,-0.3251968,1.1019346,-0.4825669
grass,396,0.05588941,0.8982624,-0.24060307,0.757688
grass,397,-0.3606839,-0.6837729,0.2087854,-0.028466288
grass,398,0.8764067,0.20471989,1.6957667,0.44972914
grass,399,-0.6750839,0.59519804,-0.38947833,0.2152505
grass,400,0.52612025,-0.73020303,0.11329388,-0.3631155
grass,401,0.5122341,0.7400103,0.5142829,1.0099833
grass,402,-0.79340976,-0.23086464,0.26530716,0.009402222
grass,403,0.89414454,-0.1024915,1.5557928,-0.16551928
grass,404,-0.2707337,0.85831356,-0.43888405,0.45909077
grass,405,0.030603286,-0.8310949,0.06475652,-0.07152581
grass,406,0.7962272,0.41954875,1.3644454,0.7854189
grass,407,-0.8377749,0.3288346,-0.17350033,0.07775814
grass,408,0.75355023,-0.49209857,0.6415801,-0.5454864
grass,409,0.26021078,0.86156213,0.0050016134,0.8795487
grass,410,-0.5227419,-0.55163246,0.26128975,-0.010193358
grass,411,0.8968643,0.0750563,1.71238,0.18849514
grass,412,-0.58983964,0.67977065,-0.40511778,0.23240058
grass,413,0.37669054,-0.8173757,-0.03862028,-0.12737897
grass,414,0.6580366,0.6139925,0.8786234,0.9522625
grass,415,-0.87422365,-0.009209925,0.2046327,0.0088479305
grass,416,0.87259394,-0.22040585,1.2986625,-0.3517021
grass,417,-0.08223084,0.8962349,-0.36443913,0.5695141
grass,418,-0.24168365,-0.73178756,0.17122625,-0.042255037
grass,419,0.852656,0.2880567,1.5673753,0.58746576
grass,420,-0.7510068,0.4959715,-0.28345788,0.1266942
grass,421,0.6227414,-0.6497631,0.2272433,-0.4363059
grass,422,0.4028727,0.8047935,0.2367844,0.9299075
grass,423,-0.66509336,-0.3908766,0.28728417,0.0036225212
grass,424,0.8999782,-0.006176168,1.6420944,0.022196937
grass,425,-0.40360752,0.80442524,-0.43263996,0.29976517
grass,426,0.14128073,-0.83158845,0.020700267,-0.08444247
grass,427,0.7610174,0.48047015,1.1906608,0.8304349
grass,428,-0.8835667,0.13786457,0.099332124,0.010980515
grass,429,0.8180651,-0.37519145,0.8875236,-0.49387133
grass,430,0.18603338,0.8805626,-0.12837511,0.76215297
grass,431,-0.42412814,-0.6106974,0.24173716,-0.019946363
grass,432,0.87887084,0.19386825,1.6480241,0.41906965
grass,433,-0.6222404,0.6502429,-0.35583857,0.16467388
grass,434,0.44184625,-0.78407323,-0.04316637,-0.16595535
grass,435,0.5749234,0.692432,0.6054114,0.93989867
grass,436,-0.815122,-0.13263036,0.2543286,0.010534054
grass,437,0.8910489,-0.12661302,1.4468763,-0.20205683
grass,438,-0.16895026,0.88399935,-0.40830562,0.42737672
grass,439,-0.06569666,-0.7851233,0.1018672,-0.06422552
grass,440,0.81723857,0.37698817,1.3824643,0.70170707
grass,441,-0.8108651,0.39050826,-0.14601375,0.058089223
grass,442,0.7149867,-0.54661965,0.41434962,-0.48660424
grass,443,0.3061479,0.84632885,0.028359016,0.81929725
grass,444,-0.6060307,-0.43546927,0.29064667,0.00025974086
grass,445,0.89942396,0.03217883,1.6388595,0.09927259
grass,446,-0.4602776,0.7733974,-0.40082413,0.20474586
grass,447,0.27082533,-0.8201765,-0.031009115,-0.09805096
grass,448,0.6744373,0.5959307,0.86037594,0.88757634
grass,449,-0.8711962,0.088432394,0.16876176,0.0060145603
grass,450,0.8463618,-0.3060566,1.0125067,-0.43082666
grass,451,0.047875613,0.89872515,-0.29498255,0.5773732
grass,452,-0.25016016,-0.70165795,0.1822942,-0.04126891
grass,453,0.8559953,0.27797648,1.5230422,0.5543339
grass,454,-0.7357633,0.5183159,-0.22872491,0.07636837
grass,455,0.55651575,-0.7073112,0.031168832,-0.2877356
grass,456,0.46604016,0.7699387,0.30894104,0.8780514
grass,457,-0.6983051,-0.3073471,0.296424,0.008004119
grass,458,0.8977041,-0.064236715,1.5126258,-0.088415675
grass,459,-0.31661308,0.84246963,-0.41909948,0.2497463
grass,460,0.016677523,-0.7926233,0.06620047,-0.07558458
grass,461,0.7807736,0.4476513,1.1982245,0.7612289
grass,462,-0.8661322,0.23090227,0.07711564,0.0036958938
grass,463,0.7610571,-0.4804073,0.52642596,-0.48270863
grass,464,0.23401204,0.86904395,-0.108522475,0.707094
grass,465,-0.4821694,-0.5342223,0.2729863,-0.011072189
grass,466,0.8917918,0.12126983,1.6303438,0.27476186
grass,467,-0.60040313,0.67045885,-0.31544784,0.09478323
grass,468,0.4212944,-0.7885665,-0.08656288,-0.11032332
grass,469,0.63052225,0.6422154,0.69106317,0.87069726
grass,470,-0.8034937,-0.10227147,0.25601935,0.010759115
grass,471,0.8732135,-0.21793845,1.1818956,-0.32850757
grass,472,-0.049136948,0.8986571,-0.37216213,0.42355433
grass,473,-0.11071561,-0.74819213,0.12363179,-0.060283024
grass,474,0.8422119,0.31729826,1.428181,0.60033
grass,475,-0.79905003,0.41414735,-0.09435027,0.022446482
grass,476,0.6751235,-0.5951531,0.2130747,-0.4033208
grass,477,0.40086085,0.80579746,0.14211108,0.79886305
grass,478,-0.6190734,-0.38530338,0.30438986,0.0038575716
grass,479,0.8995772,0.027567348,1.5835949,0.089205846
grass,480,-0.4281734,0.7916227,-0.37917814,0.122950405
grass,481,0.18872471,-0.8012946,-0.009718186,-0.0965827
grass,482,0.74356914,0.50705427,1.0215807,0.78718734
grass,483,-0.8549801,0.13210832,0.15042016,0.0038299533
grass,484,0.81561625,-0.38048536,0.7349654,-0.45374668
grass,485,0.15571636,0.8864262,-0.22780888,0.57903445
grass,486,-0.33871537,-0.62444264,0.22935192,-0.028324125
grass,487,0.8808132,0.18484373,1.5714558,0.388595
grass,488,-0.65668255,0.6154405,-0.24629582,0.040131968
grass,489,0.5498741,-0.71248674,-0.052138228,-0.21248883
grass,490,0.56294394,0.70220584,0.4735983,0.83619803
grass,491,-0.73081946,-0.21615851,0.29524058,0.0110249845
grass,492,0.8909028,-0.12763654,1.3395228,-0.19434991
grass,493,-0.19022249,0.8796672,-0.41508797,0.23678564
grass,494,-0.03511346,-0.7596088,0.088837974,-0.07154362
grass,495,0.7889096,0.43315193,1.1671872,0.71450704
grass,496,-0.8369112,0.3229426,0.030379113,-0.005782582
grass,497,0.7327471,-0.52257115,0.33409265,-0.42958933
grass,498,0.2800391,0.8553228,-0.089916445,0.6585641
grass,499,-0.5077983,-0.48096076,0.2935999,-0.0056055556
grass,500,0.8974106,0.068214856,1.5766989,0.16819125
grass,501,-0.5452525,0.7160298,-0.3064177,0.035861105
grass,502,0.35430425,-0.7805805,-0.0787644,-0.11326852
grass,503,0.65158457,0.6208354,0.68831116,0.8115445
grass,504,-0.8045872,-0.040120464,0.24196152,0.009957449
grass,505,0.872743,-0.21981512,1.1046622,-0.31966275
grass,506,0.05157977,0.8985202,-0.33728382,0.41830525
grass,507,-0.21340369,-0.6819742,0.17783578,-0.045961134
grass,508,0.85755175,0.2731372,1.4422865,0.52223355
grass,509,-0.7664883,0.4716935,-0.09530707,-0.0053318976
grass,510,0.616992,-0.6552251,0.004905653,-0.2767635
grass,511,0.45354974,0.777362,0.19085002,0.75610036
grass,512,-0.62625974,-0.34209704,0.31577235,0.006826741
grass,513,0.89995885,-0.008544145,1.4986358,0.018787006
grass,514,-0.30162063,0.84795284,-0.39810994,0.09311528
grass,515,0.093244456,-0.774971,0.025776675,-0.090103805
grass,516,0.7492588,0.4986083,0.9791716,0.7421095
grass,517,-0.8375732,0.21188517,0.10376799,-0.0008228286
grass,518,0.8232039,-0.36377788,0.6974089,-0.42407304
grass,519,0.1731846,0.88317955,-0.24731757,0.5041687
grass,520,-0.3976543,-0.5565996,0.2653846,-0.018131472
grass,521,0.87986225,0.18931825,1.5204351,0.3883726
grass,522,-0.6435228,0.6291879,-0.21982676,-0.0078069456
grass,523,0.4516735,-0.75039357,-0.11867745,-0.12198958
grass,524,0.626395,0.64624166,0.57948333,0.78226894
grass,525,-0.7390699,-0.15871531,0.29232782,0.0120397005
grass,526,0.88858014,-0.14291348,1.2441491,-0.21252784
grass,527,-0.09923299,0.89451206,-0.411899,0.21232796
grass,528,-0.11306884,-0.71382654,0.12998961,-0.061451204
grass,529,0.8327275,0.3414146,1.2953668,0.5971677
grass,530,-0.8076284,0.3603795,-0.0014871135,-0.009396092
grass,531,0.70223147,-0.562912,0.15467653,-0.35951364
grass,532,0.41305962,0.7996129,0.07909056,0.68711984
grass,533,-0.5480275,-0.41104797,0.3155121,0.0014617939
grass,534,0.89864486,0.04935997,1.5213752,0.12978646
grass,535,-0.45345083,0.77741957,-0.33124307,-0.009859737
grass,536,0.25952104,-0.77199244,-0.05385744,-0.111338384
grass,537,0.72871,0.52818626,0.8693977,0.73351026
grass,538,-0.81258136,0.06276426,0.19795929,0.006270867
grass,539,0.8561141,-0.27761075,0.8819419,-0.36376125
grass,540,0.09132364,0.8953541,-0.33909616,0.36405239
grass,541,-0.29935905,-0.61021966,0.22900715,-0.03153497
grass,542,0.8684684,0.23613907,1.4429013,0.45638072
grass,543,-0.6898212,0.5776177,-0.17201772,-0.020819878
grass,544,0.55947155,-0.70497555,-0.15425742,-0.13124026
grass,545,0.5562378,0.7075298,0.36282575,0.7376857
grass,546,-0.69656795,-0.20790727,0.31208482,0.0122128455
grass,547,0.8980319,-0.05947882,1.3738341,-0.0740912
grass,548,-0.27690822,0.85634154,-0.3950062,0.011140045
grass,549,-0.007456412,-0.7371146,0.07424865,-0.07861933
grass,550,0.7774528,0.45339406,1.0251644,0.6782433
grass,551,-0.81365407,0.27420062,0.05936283,-0.00548412
grass,552,0.79872006,-0.41478345,0.4793799,-0.40812233
grass,553,0.32231727,0.84030384,-0.10313649,0.5669454
grass,554,-0.42568275,-0.50808567,0.28906316,-0.011713145
grass,555,0.8938496,0.10503266,1.5125731,0.23390204
grass,556,-0.57216686,0.6917242,-0.26692462,-0.025930546
grass,557,0.3337791,-0.7552606,-0.09102963,-0.12113015
grass,558,0.64726365,0.62533885,0.579008,0.7304565
grass,559,-0.7676272,-0.04940563,0.26100782,0.010723909
grass,560,0.8720285,-0.22263245,0.9838595,-0.30628848
grass,561,-0.052466247,0.89846885,-0.41759154,0.15878601
grass,562,-0.1715558,-0.66867536,0.16674483,-0.051931266
grass,563,0.8376372,0.32918528,1.264973,0.56419986
grass,564,-0.7669769,0.42072037,-0.055452235,-0.01450556
grass,565,0.6664492,-0.6048507,-0.01674491,-0.2695789
grass,566,0.4494468,0.7797414,0.09683479,0.64491385
grass,567,-0.5749925,-0.3513685,0.3307148,0.006633334
grass,568,0.8999896,-0.0042185094,1.4258608,0.026967552
grass,569,-0.3349853,0.83533454,-0.3787209,-0.030244837
grass,570,0.15490705,-0.754688,-0.01380294,-0.103783
grass,571,0.75879496,0.48397237,0.917805,0.67496485
grass,572,-0.8072379,0.16643156,0.1363247,0.00026135985
grass,573,0.83708465,-0.33058774,0.66176134,-0.37949303
grass,574,0.17066368,0.8836701,-0.30924356,0.3610302
grass,575,-0.29950505,-0.5874427,0.2396951,-0.029640846
grass,576,0.88453233,0.1661372,1.467173,0.33893138
grass,577,-0.64200824,0.60552317,-0.20996454,-0.024156932
grass,578,0.45563152,-0.7211171,-0.1430196,-0.13222538
grass,579,0.56896776,0.697334,0.33824563,0.6857284
grass,580,-0.7143046,-0.13866177,0.30335754,0.01298538
grass,581,0.8926447,-0.114823386,1.2097203,-0.16316608
grass,582,-0.13339885,0.8900582,-0.42845777,0.023874864
grass,583,-0.07342273,-0.6989776,0.11257419,-0.068950534
grass,584,0.8235548,0.36298278,1.1662916,0.58362836
grass,585,-0.7893473,0.31036445,0.028386394,-0.009093033
grass,586,0.7466558,-0.5024979,0.17191492,-0.34778908
grass,587,0.36886814,0.8209356,-0.07754791,0.5376661
grass,588,-0.46670833,-0.4459072,0.31627068,-0.0033984059
grass,589,0.89669555,0.077046245,1.4665489,0.17926279
grass,590,-0.50097084,0.7233597,-0.31069615,-0.029064432
grass,591,0.3114712,-0.7423106,-0.093416765,-0.12445801
grass,592,0.69000137,0.5778383,0.648569,0.6804907
grass,593,-0.7693074,0.011298144,0.23793794,0.008568404
grass,594,0.86671656,-0.24248996,0.861624,-0.3151983
grass,595,0.10754729,0.8935505,-0.37754777,0.23784144
grass,596,-0.20426118,-0.6322551,0.19262743,-0.045280147
grass,597,0.852558,0.28834677,1.2888958,0.5036437
grass,598,-0.71494424,0.48548415,-0.11897581,-0.019911934
grass,599,0.5670669,-0.67457473,-0.18361431,-0.13830227
grass,600,0.5289497,0.72815603,0.21179315,0.63396406
grass,601,-0.59650445,-0.29570928,0.34089568,0.010624317
grass,602,0.8991803,-0.038390145,1.328735,-0.0352095
grass,603,-0.24278767,0.85350454,-0.41132763,-0.03249968
grass,604,0.10124928,-0.7338735,0.009336812,-0.09925651
grass,605,0.7924077,0.42671883,0.9948401,0.6133112
grass,606,-0.7904563,0.18160854,0.12683508,-0.0015197808
grass,607,0.8022672,-0.40788022,0.3718411,-0.36946222
grass,608,0.27283764,0.8576471,-0.24075545,0.39478123
grass,609,-0.39180344,-0.49611336,0.29608664,-0.0122171035
grass,610,0.890792,0.1284076,1.4454006,0.2702797
grass,611,-0.5574167,0.66336995,-0.27426022,-0.02840242
grass,612,0.36407357,-0.7256439,-0.12288953,-0.13230078
grass,613,0.6587876,0.61318666,0.5209631,0.6548977
grass,614,-0.72131443,-0.08443495,0.2918567,0.012518002
grass,615,0.88138074,-0.18211803,0.9847752,-0.24926348
grass,616,-0.09522839,0.8948922,-0.44225448,-0.03218584
grass,617,-0.06414462,-0.6857064,0.10921962,-0.07110527
grass,618,0.84018916,0.32261604,1.1964285,0.52855384
grass,619,-0.73450166,0.4239293,-0.072710894,-0.017700614
grass,620,0.7218555,-0.53751606,0.010890241,-0.28503972
grass,621,0.39767686,0.8073736,-0.07667956,0.49790683
grass,622,-0.52364737,-0.362684,0.342322,0.0060331947
grass,623,0.899536,0.028877323,1.393698,0.08763668
grass,624,-0.3624644,0.78667456,-0.37855044,-0.032684427
grass,625,0.19747566,-0.7332566,-0.047893234,-0.1155585
grass,626,0.7418676,0.5095403,0.7649125,0.62778425
grass,627,-0.7769929,0.13224089,0.16444676,0.0013021156
grass,628,0.8478526,-0.3019022,0.6240687,-0.34214234
grass,629,0.12788542,0.8908672,-0.3956726,0.17741728
grass,630,-0.25717875,-0.5810845,0.23303214,-0.033789005
grass,631,0.87141925,0.22500548,1.3423294,0.41551852
grass,632,-0.6630206,0.53312105,-0.17253414,-0.024249632
grass,633,0.5713013,-0.656228,-0.19969831,-0.14431016
grass,634,0.5878323,0.6815073,0.2987895,0.6091855
grass,635,-0.6537689,-0.1852098,0.33430165,0.014397838
grass,636,0.89616984,-0.08293712,1.1930811,-0.10960292
grass,637,-0.17691118,0.8564739,-0.4326207,-0.03438653
grass,638,-0.0035275952,-0.69642216,0.07086215,-0.082990505
grass,639,0.812822,0.3864188,1.032347,0.5641295
grass,640,-0.76471686,0.2948246,0.034632817,-0.010430383
grass,641,0.7939194,-0.4238998,0.25303188,-0.3426627
grass,642,0.36199886,0.82398766,-0.16195689,0.42202654
grass,643,-0.4070806,-0.4598421,0.31526282,-0.0069695413
grass,644,0.89487076,0.09594425,1.4103149,0.21001567
grass,645,-0.5101639,0.6791035,-0.3050024,-0.03084479
grass,646,0.34853187,-0.71411616,-0.12839982,-0.13609566
grass,647,0.6675277,0.60366035,0.49256393,0.6121766
grass,648,-0.72074366,-0.043902475,0.2808311,0.011498958
grass,649,0.86973184,-0.23144229,0.7843172,-0.29076362
grass,650,0.062750064,0.8978092,-0.44407475,0.048619684
grass,651,-0.15519112,-0.6288286,0.17335351,-0.052794375
grass,652,0.8522604,0.28922522,1.2132225,0.4818957
grass,653,-0.6938451,0.46694714,-0.12077228,-0.021991877
grass,654,0.63519734,-0.61819786,-0.22215678,-0.14687724
grass,655,0.5093221,0.74201745,0.08793824,0.5332826
grass,656,-0.5722812,-0.27989,0.35519958,0.012487606
grass,657,0.8998282,-0.017559182,1.2906386,0.0018297875
grass,658,-0.27899772,0.8059584,-0.41186553,-0.03492304
grass,659,0.1556841,-0.7179664,-0.031394783,-0.11263455
grass,660,0.74738187,0.5014173,0.7308605,0.5915066
grass,661,-0.7628033,0.15209444,0.15174259,-0.0007528134
grass,662,0.8150659,-0.38166288,0.3244405,-0.33903694
grass,663,0.24204206,0.86684173,-0.33842918,0.23965985
grass,664,-0.29793185,-0.5332261,0.2678185,-0.02372885
grass,665,0.8804604,0.18651696,1.3488117,0.35545424
grass,666,-0.5557037,0.6268243,-0.27020618,-0.030113036
grass,667,0.45868182,-0.68028945,-0.18041281,-0.14739165
grass,668,0.61931205,0.65303266,0.32782432,0.57411116
grass,669,-0.6481908,-0.16264366,0.3376015,0.015170582
grass,670,0.89137375,-0.12430561,1.0419989,-0.16927047
grass,671,-0.07892824,0.86643696,-0.45607832,-0.041183088
grass,672,0.00021854078,-0.6833586,0.06822832,-0.084655434
grass,673,0.8324545,0.34207952,1.0793824,0.5151419
grass,674,-0.72288173,0.38350728,-0.049971707,-0.018026128
grass,675,0.7121814,-0.55026954,-0.13595465,-0.2169886
grass,676,0.38110393,0.8153274,-0.1762615,0.37932456
grass,677,-0.4514614,-0.3958943,0.34397128,0.0022979872
grass,678,0.8972964,0.069699965,1.365596,0.16053884
grass,679,-0.4064144,0.7289883,-0.36438194,-0.034103334
grass,680,0.28243783,-0.7095855,-0.10770436,-0.1334386
grass,681,0.69912314,0.5667678,0.53577125,0.574574
grass,682,-0.7308647,0.031989243,0.24226002,0.0075105736
grass,683,0.8711691,-0.22597203,0.73588324,-0.27831176
grass,684,0.110848084,0.8910838,-0.45142856,0.028632255
grass,685,-0.22099937,-0.57355905,0.22577055,-0.0374752
grass,686,0.8731286,0.21827833,1.287994,0.39379078
grass,687,-0.639352,0.52035826,-0.1817018,-0.026600417
grass,688,0.59582895,-0.62044865,-0.2291851,-0.15330277
grass,689,0.544449,0.716641,0.11658132,0.5067854
grass,690,-0.61017555,-0.202169,0.3542619,0.015650587
grass,691,0.8985203,-0.051578593,1.1830003,-0.0572541
grass,692,-0.20647302,0.8157303,-0.43675217,-0.036818244
grass,693,0.0556637,-0.6900966,0.028912527,-0.09660298
grass,694,0.79012984,0.43092197,0.8480862,0.54388
grass,695,-0.74773073,0.2321754,0.0849115,-0.00785533
grass,696,0.7983879,-0.4154225,0.1587475,-0.3104337
grass,697,0.27810657,0.8559531,-0.33852938,0.215279
grass,698,-0.38586,-0.4423234,0.32625058,-0.0053340695
grass,699,0.8910998,0.12625429,1.3536547,0.25792447
grass,700,-0.47264627,0.6730942,-0.32743806,-0.033393603
grass,701,0.34741765,-0.6934104,-0.14685518,-0.14378479
grass,702,0.66794723,0.6031961,0.41091383,0.5461458
grass,703,-0.6801824,-0.072342336,0.3091163,0.013521171
grass,704,0.8858571,-0.1589217,0.8929289,-0.20986402
grass,705,0.02814656,0.8730904,-0.472796,-0.04266463
grass,706,-0.09769037,-0.631395,0.14151786,-0.06349761
grass,707,0.8508606,0.29331776,1.1350614,0.46362182
grass,708,-0.704352,0.38862967,-0.062362045,-0.020017821
grass,709,0.66893893,-0.57576865,-0.24742481,-0.15670408
grass,710,0.47293684,0.76572174,-0.06049553,0.4174571
grass,711,-0.51891655,-0.30169678,0.3682915,0.01225246
grass,712,0.8987136,0.048092846,1.3149017,0.11950559
grass,713,-0.36075085,0.73577183,-0.3875438,-0.03586991
grass,714,0.20411608,-0.7008789,-0.07234375,-0.1257129
grass,715,0.7406888,0.5112525,0.6231747,0.53908765
grass,716,-0.7301306,0.09151748,0.20383143,0.0030013772
grass,717,0.8342029,-0.33779365,0.33723378,-0.31393084
grass,718,0.17436707,0.8789417,-0.4463626,0.038917243
grass,719,-0.26291084,-0.5272405,0.2640252,-0.026231026
grass,720,0.8773937,0.20044774,1.2753589,0.36462593
grass,721,-0.6019024,0.5422299,-0.215174,-0.029330654
grass,722,0.5270102,-0.63463897,-0.22524285,-0.15859336
grass,723,0.5978918,0.67269933,0.19499661,0.49340725
grass,724,-0.61915,-0.16107257,0.35226676,0.016516529
grass,725,0.8981068,-0.058336034,1.1233703,-0.068357676
grass,726,-0.08348855,0.8360036,-0.46496153,-0.038659688
grass,727,0.04520757,-0.6753309,0.03442049,-0.0956605
grass,728,0.82018894,0.37052533,0.9401886,0.49914163
grass,729,-0.7191981,0.3157601,0.0041292496,-0.015739076
grass,730,0.7710089,-0.46426734,-0.0418092,-0.2592592
grass,731,0.37374827,0.8187253,-0.25542584,0.27384162
grass,732,-0.3745352,-0.4312484,0.33325848,-0.0040378342
grass,733,0.892442,0.11638845,1.3236494,0.23875669
grass,734,-0.46843132,0.6565576,-0.32866198,-0.0343454
grass,735,0.2966935,-0.689171,-0.13189451,-0.1420422
grass,736,0.6933421,0.5738255,0.43697774,0.5138135
grass,737,-0.69981396,0.013117325,0.26480693,0.008877326
grass,738,0.87623584,-0.20544992,0.6977343,-0.25108287
grass,739,0.08260727,0.86508465,-0.48004413,-0.041585647
grass,740,-0.16147724,-0.5825895,0.19654858,-0.047300227
grass,741,0.8609114,0.26235554,1.1542944,0.425947
grass,742,-0.6640214,0.437945,-0.1193213,-0.024807028
grass,743,0.55896825,-0.6132222,-0.24290332,-0.16220695
grass,744,0.5537781,0.7094567,0.06312831,0.43793958
grass,745,-0.5072526,-0.29141504,0.37629703,0.013647352
grass,746,0.8999522,-0.009224571,1.1992917,0.014668015
grass,747,-0.26264966,0.76516575,-0.4279044,-0.038149472
grass,748,0.1475216,-0.6867784,-0.042041257,-0.11819708
grass,749,0.79245234,0.42663595,0.77860236,0.5011151
grass,750,-0.7258827,0.20053108,0.112017825,-0.006941523
grass,751,0.80407405,-0.40430665,0.0773695,-0.2837426
grass,752,0.28790557,0.8525338,-0.38835073,0.12247666
grass,753,-0.30527493,-0.47680065,0.30268717,-0.014637102
grass,754,0.8885741,0.14295094,1.2960906,0.27953598
grass,755,-0.5378963,0.5872529,-0.27219355,-0.03275332
grass,756,0.37365377,-0.6691886,-0.17828497,-0.1539716
grass,757,0.63613826,0.63665307,0.2459914,0.47142026
grass,758,-0.622305,-0.12850806,0.34915012,0.016713802
grass,759,0.8922523,-0.11783407,0.92267674,-0.15534657
grass,760,-0.050204307,0.82778245,-0.47465727,-0.040111504
grass,761,-0.018997641,-0.64295954,0.084562816,-0.08120694
grass,762,0.8441149,0.31220025,1.0271626,0.45381236
grass,763,-0.6871657,0.36879027,-0.05442606,-0.021199938
grass,764,0.68544525,-0.54243517,-0.27271876,-0.162767
grass,765,0.44644874,0.7814618,-0.17875186,0.30625996
grass,766,-0.41404417,-0.37451082,0.3619125,0.0051123463
grass,767,0.8990946,0.04034803,1.2524967,0.102934316
grass,768,-0.35366234,0.7108195,-0.39306498,-0.037364468
grass,769,0.24772504,-0.6827243,-0.112940796,-0.13840255
grass,770,0.73146623,0.5243625,0.5116435,0.4863073
grass,771,-0.7093546,0.10347974,0.19948363,0.0013199646
grass,772,0.86265856,-0.25655252,0.47889876,-0.27655956
grass,773,0.14966686,0.85715455,-0.48134384,-0.033635423
grass,774,-0.21934956,-0.5295358,0.25008923,-0.031312466
grass,775,0.86810666,0.23746553,1.1625,0.3941519
grass,776,-0.57349074,0.53852266,-0.23178476,-0.031620886
grass,777,0.56195456,-0.5985845,-0.2572662,-0.16727595
grass,778,0.6005543,0.6703234,0.12817882,0.42770436
grass,779,-0.5483281,-0.21917033,0.3807035,0.017764198
grass,780,0.89705807,-0.07270373,1.0160332,-0.091035
grass,781,-0.18864548,0.7775171,-0.4528219,-0.039903224
grass,782,0.035382867,-0.65413755,0.040000245,-0.09466717
grass,783,0.80236274,0.40769246,0.7768303,0.4740654
grass,784,-0.706998,0.26322654,0.0496601,-0.013617661
grass,785,0.7762024,-0.4555313,-0.12849227,-0.2306333
grass,786,0.33593607,0.83446175,-0.36967266,0.1295552
grass,787,-0.31002796,-0.45441538,0.3175045,-0.010492023
grass,788,0.89355963,0.10747211,1.2758144,0.2200549
grass,789,-0.41523588,0.6638117,-0.3599702,-0.036660045
grass,790,0.315897,-0.66935885,-0.15936613,-0.15117426
grass,791,0.68511,0.58362937,0.33619788,0.45410988
grass,792,-0.6577263,-0.03246542,0.3059092,0.012506617
grass,793,0.8867951,-0.15360172,0.76501465,-0.19576667
grass,794,0.010997974,0.8252201,-0.48505417,-0.0415206
grass,795,-0.10742615,-0.589386,0.16333023,-0.057732575
grass,796,0.85522187,0.28034705,1.0557483,0.42184007
grass,797,-0.6438557,0.4276095,-0.1232961,-0.026686376
grass,798,0.6633274,-0.5399152,-0.2863329,-0.16701934
grass,799,0.49460563,0.75190705,-0.13013884,0.3114153
grass,800,-0.48997465,-0.27514705,0.3886187,0.015958508
grass,801,0.89986664,0.015459966,1.184011,0.05649971
grass,802,-0.27511185,0.73311085,-0.42747393,-0.039264467
grass,803,0.14961465,-0.67072475,-0.05279643,-0.1222273
grass,804,0.7712787,0.46381912,0.61183363,0.4610309
grass,805,-0.6998764,0.12828656,0.17999966,-0.0015406476
grass,806,0.84055054,-0.32167342,0.21364063,-0.27998766
grass,807,0.28205958,0.84272873,-0.43869913,0.03407196
grass,808,-0.25383088,-0.48778903,0.28659615,-0.020400856
grass,809,0.87780285,0.19864827,1.1915891,0.34745783
grass,810,-0.5425267,0.55089134,-0.2566201,-0.033483017
grass,811,0.40437138,-0.64379615,-0.21195604,-0.16429318
grass,812,0.60748184,0.6640518,0.10192566,0.39311597
grass,813,-0.5705194,-0.1661815,0.37663144,0.01893463
grass,814,0.8966256,-0.07785565,0.9575914,-0.09886391
grass,815,-0.08314121,0.7947529,-0.47805864,-0.0418341
grass,816,-0.020286748,-0.6233445,0.08850918,-0.08028154
grass,817,0.8353035,0.3350628,0.90672773,0.43876502
grass,818,-0.6769576,0.3326817,-0.026703376,-0.02084
grass,819,0.71808946,-0.50065327,-0.28803504,-0.17157766
grass,820,0.41810232,0.7969877,-0.29105586,0.18930289
grass,821,-0.40250206,-0.35327888,0.3757527,0.00837945
grass,822,0.8934613,0.1082866,1.2479278,0.21925025
grass,823,-0.38522723,0.6659023,-0.37638348,-0.03780572
grass,824,0.29487437,-0.6625649,-0.15723306,-0.15180624
grass,825,0.70812255,0.55548304,0.36058125,0.42856824
grass,826,-0.68070656,0.07128588,0.23256649,0.00374996
grass,827,0.8770382,-0.2019976,0.55681777,-0.235064
grass,828,0.17663988,0.8355657,-0.49079245,-0.043982025
grass,829,-0.122038975,-0.5674912,0.18282914,-0.05190389
grass,830,0.86339986,0.25404665,1.0736887,0.3939174
grass,831,-0.6185162,0.443931,-0.1496518,-0.029118666
grass,832,0.55859673,-0.5797271,-0.27748263,-0.17502385
grass,833,0.57978785,0.6883639,0.010593035,0.34940022
grass,834,-0.5126074,-0.22774383,0.3945865,0.019081486
grass,835,0.89970744,-0.022924108,1.0722665,-0.012093522
grass,836,-0.21844776,0.74146056,-0.44873136,-0.040691473
grass,837,0.1247528,-0.658279,-0.038331863,-0.11830271
grass,838,0.8056635,0.40113008,0.7191628,0.43728662
grass,839,-0.69094163,0.17043345,0.14075059,-0.006499416
grass,840,0.8284105,-0.35175997,0.058951274,-0.26274687
grass,841,0.3094828,0.82910466,-0.438769,0.026625492
grass,842,-0.2936577,-0.4390687,0.32613358,-0.008449538
grass,843,0.8902445,0.13215046,1.226977,0.25569332
grass,844,-0.44489768,0.6163461,-0.3362775,-0.036888465
grass,845,0.3561565,-0.64575815,-0.19897784,-0.16303562
grass,846,0.6558402,0.61633795,0.18328689,0.38554856
grass,847,-0.61941963,-0.062912524,0.3364228,0.015380212
grass,848,0.88737375,-0.15022235,0.69091976,-0.18851206
grass,849,-0.017488103,0.7961334,-0.49017102,-0.04329907
grass,850,-0.052794263,-0.59716415,0.12162541,-0.07026658
grass,851,0.83692026,0.3310037,0.87492543,0.4217306
grass,852,-0.6434092,0.3825231,-0.08726433,-0.026036894
grass,853,0.6331339,-0.5348806,-0.30224332,-0.17607734
grass,854,0.5151495,0.73798376,-0.1535797,0.26337925
grass,855,-0.4135386,-0.32334456,0.38984597,0.012670174
grass,856,0.89747906,0.0673074,1.2017936,0.14695339
grass,857,-0.29808816,0.6975746,-0.41967884,-0.03974982
grass,858,0.17448744,-0.65827864,-0.081705496,-0.13124433
grass,859,0.7502472,0.49711984,0.45723444,0.4119599
grass,860,-0.6743746,0.09922727,0.21065693,0.0005486612
grass,861,0.8622168,-0.25803342,0.31630293,-0.25702098
grass,862,0.26307115,0.8254488,-0.4754731,-0.023071304
grass,863,-0.22056015,-0.48654968,0.27844566,-0.023117896
grass,864,0.87337947,0.21727243,1.1113732,0.35697865
grass,865,-0.5583078,0.50281996,-0.22365384,-0.03342582
grass,866,0.4402635,-0.61585784,-0.24741574,-0.17453283
grass,867,0.5922737,0.6776509,-0.00047318928,0.32204536
grass,868,-0.5623791,-0.14110595,0.38075796,0.019876383
grass,869,0.8989524,-0.04339978,0.9832751,-0.047124505
grass,870,-0.10217535,0.76628387,-0.4800969,-0.042897847
grass,871,0.07158698,-0.6382177,0.004501885,-0.10553162
grass,872,0.8062324,0.39998528,0.6778448,0.4157186
grass,873,-0.6772014,0.23215193,0.07563623,-0.013817363
grass,874,0.7963374,-0.4133416,-0.1841284,-0.21528532
grass,875,0.4351369,0.78644806,-0.32254606,0.13589214
grass,876,-0.33287582,-0.387972,0.36193413,0.0025088966
grass,877,0.89465666,0.09792087,1.2036175,0.19881488
grass,878,-0.41050512,0.6244125,-0.3572666,-0.03801137
grass,879,0.3035066,-0.6467071,-0.17846142,-0.1589106
grass,880,0.7173259,0.5435462,0.3187879,0.38191968
grass,881,-0.63966125,0.009526012,0.29142877,0.009677496
grass,882,0.8815537,-0.18127863,0.53635,-0.21359546
grass,883,0.064497486,0.7978312,-0.4989243,-0.044757754
grass,884,-0.10069786,-0.558986,0.17369665,-0.05443514
grass,885,0.863282,0.2544467,1.0167646,0.37968767
grass,886,-0.599687,0.4353694,-0.15428175,-0.030782485
grass,887,0.5829479,-0.5487942,-0.3040079,-0.18208992
grass,888,0.5440231,0.71696436,-0.13183907,0.25473043
grass,889,-0.4432504,-0.27403286,0.40524685,0.018176062
grass,890,0.89985186,0.016299967,1.10006,0.05371266
grass,891,-0.21146336,0.72092676,-0.45324242,-0.041513126
grass,892,0.1297172,-0.6451531,-0.049939048,-0.121917546
grass,893,0.77964985,0.4496054,0.52825475,0.39503825
grass,894,-0.6716765,0.18296626,0.12776646,-0.009270875
grass,895,0.8285041,-0.35153928,-0.040103983,-0.24256846
grass,896,0.325838,0.8102774,-0.4542807,-0.0016855262
grass,897,-0.21799435,-0.47304425,0.2871459,-0.020470044
grass,898,0.8796018,0.19052465,1.1264824,0.3259012
grass,899,-0.46779802,0.572637,-0.31053096,-0.036987204
grass,900,0.3829478,-0.6238661,-0.23102143,-0.17277317
grass,901,0.6365572,0.6362341,0.0678495,0.31999916
grass,902,-0.5692863,-0.108840965,0.3738585,0.019346094
grass,903,0.893082,-0.1113713,0.73740244,-0.14370574
grass,904,-0.008015546,0.7763859,-0.496418,-0.044744123
grass,905,-0.016304683,-0.5968042,0.090709515,-0.079227194
grass,906,0.83389914,0.3385427,0.79037,0.39725742
grass,907,-0.6378723,0.3452308,-0.055364177,-0.025441293
grass,908,0.71980137,-0.46437946,-0.32700422,-0.17687899
grass,909,0.48490095,0.7579454,-0.27254066,0.16007474
grass,910,-0.37183082,-0.33461067,0.39176667,0.011895614
grass,911,0.89786774,0.061906997,1.1526053,0.13448322
grass,912,-0.29795635,0.6744127,-0.41916922,-0.040232163
grass,913,0.25310355,-0.6445347,-0.15347579,-0.15259899
grass,914,0.72521275,0.5329779,0.30180192,0.35615015
grass,915,-0.6528645,0.09025874,0.22353591,0.0008435054
grass,916,0.8633976,-0.25405422,0.23607914,-0.24497774
grass,917,0.23740557,0.80441743,-0.49602818,-0.04829994
grass,918,-0.12175974,-0.5330775,0.2022627,-0.045614757
grass,919,0.8670218,0.24139625,1.0123153,0.36379564
grass,920,-0.56589437,0.462259,-0.19363315,-0.033397764
grass,921,0.4902229,-0.5804695,-0.286918,-0.18468013
grass,922,0.6023777,0.66868526,-0.038561236,0.27410066
grass,923,-0.51043475,-0.177807,0.40503597,0.022225713
grass,924,0.8989601,-0.043239355,0.92114335,-0.049008008
grass,925,-0.14074531,0.7327113,-0.47467795,-0.043006532
grass,926,0.056140967,-0.61950654,0.016826678,-0.101462364
grass,927,0.8133934,0.38521445,0.6457445,0.38395366
grass,928,-0.65631056,0.24619903,0.05630357,-0.017116748
grass,929,0.76765925,-0.42456093,-0.29924253,-0.18671127
grass,930,0.34546533,0.79766464,-0.45467493,-0.0072931447
grass,931,-0.28718185,-0.4008373,0.3522657,-0.00086864
grass,932,0.8907759,0.1285195,1.1629599,0.2442472
grass,933,-0.4173089,0.5956001,-0.34653497,-0.038348652
grass,934,0.30335346,-0.63333386,-0.19393063,-0.16424754
grass,935,0.6827892,0.58634275,0.1507594,0.31675196
grass,936,-0.59003437,-0.05153173,0.34653306,0.015909977
grass,937,0.88728976,-0.15071785,0.55715024,-0.18434724
grass,938,0.117429525,0.7848933,-0.5045371,-0.04662946
grass,939,-0.040257126,-0.5745209,0.119538434,-0.07013691
grass,940,0.8514659,0.29155597,0.8715025,0.37751567
grass,941,-0.59897536,0.3995153,-0.12533009,-0.030623687
grass,942,0.62742555,-0.50641024,-0.33239013,-0.18716878
grass,943,0.53309923,0.7251236,-0.21353315,0.18246247
grass,944,-0.43416092,-0.25445804,0.41642424,0.020961452
grass,945,0.8988128,0.04620101,1.1049751,0.10445911
grass,946,-0.26388338,0.67703164,-0.43360174,-0.04093808
grass,947,0.16555932,-0.63712656,-0.09010732,-0.13394834
grass,948,0.76911604,0.46739656,0.41574734,0.35036302
grass,949,-0.65194356,0.15871935,0.15395115,-0.007900031
grass,950,0.84697974,-0.30434242,0.012810548,-0.2388543
grass,951,0.30456546,0.79353285,-0.48262906,-0.03760632
grass,952,-0.19289331,-0.46844178,0.28213224,-0.021648165
grass,953,0.87523144,0.20968762,1.0480345,0.33560836
grass,954,-0.52420485,0.49363172,-0.23892719,-0.03574091
grass,955,0.46821794,-0.5796278,-0.2894978,-0.18737304
grass,956,0.6463846,0.62624747,0.031564705,0.27578557
grass,957,-0.53546345,-0.12517223,0.39330396,0.021583961
grass,958,0.89934635,-0.03427991,0.9094455,-0.036331628
grass,959,-0.0016595796,0.7574456,-0.50075495,-0.045771126
grass,960,0.056923505,-0.61143583,0.015025495,-0.10162812
grass,961,0.8357223,0.33401668,0.7378368,0.37190843
grass,962,-0.634715,0.29529506,-0.0045416746,-0.023199357
grass,963,0.7420905,-0.43023923,-0.33911845,-0.18153715
grass,964,0.44581702,0.7676439,-0.37592578,0.058240492
grass,965,-0.32524756,-0.3509161,0.38691142,0.009665985
grass,966,0.89500415,0.09469114,1.138948,0.18864541
grass,967,-0.31694198,0.6429482,-0.40723982,-0.04010887
grass,968,0.26667342,-0.6310405,-0.17725961,-0.15997498
grass,969,0.71305734,0.5491341,0.19890283,0.30455765
grass,970,-0.59772766,-0.012088786,0.32266897,0.012413974
grass,971,0.8811858,-0.1830586,0.3935438,-0.20725165
grass,972,0.17715193,0.7794131,-0.50501883,-0.048278097
grass,973,-0.115437396,-0.51691514,0.20879123,-0.043009438
grass,974,0.8629506,0.25556824,0.9271441,0.35741854
grass,975,-0.5826768,0.40485165,-0.13877887,-0.03212227
grass,976,0.50952065,-0.555878,-0.3123749,-0.19199704
grass,977,0.6015837,0.66939974,-0.09826971,0.22131288
grass,978,-0.46623957,-0.20153174,0.42092896,0.023895636
grass,979,0.8998417,0.016848443,1.021123,0.049668852
grass,980,-0.12377047,0.7177565,-0.48014367,-0.043593943
grass,981,0.14741309,-0.6281381,-0.078736566,-0.1302598
grass,982,0.7971142,0.41786116,0.49554792,0.34273088
grass,983,-0.6416146,0.17008708,0.14129514,-0.010129437
grass,984,0.83174235,-0.33831546,-0.15424882,-0.21845564
grass,985,0.3521953,0.78025115,-0.46781054,-0.027273238
grass,986,-0.2450137,-0.41159746,0.33929148,-0.0046027424
grass,987,0.8822935,0.17764325,1.0776501,0.30240604
grass,988,-0.4605029,0.5389486,-0.30067492,-0.03786274
grass,989,0.39503288,-0.59741306,-0.265315,-0.18397616
grass,990,0.6690082,0.60201913,0.0531942,0.26155412
grass,991,-0.56122285,-0.065877125,0.36638162,0.018100597
grass,992,0.89089966,-0.12765887,0.5603703,-0.16081183
grass,993,0.08183761,0.7610834,-0.5081572,-0.047582854
grass,994,0.0049852463,-0.58173543,0.07362806,-0.08316979
grass,995,0.8472489,0.3035922,0.7810135,0.35898226
grass,996,-0.6053398,0.34592012,-0.07078302,-0.02879592
grass,997,0.67536604,-0.45960188,-0.35623512,-0.1893216
grass,998,0.5317157,0.7234043,-0.26758766,0.12590806
grass,999,-0.35994667,-0.3023569,0.41284117,0.017742738
grass,1000,0.89590824,0.08571722,1.1107792,0.17162588
grass,1001,-0.28384772,0.6469995,-0.422122,-0.04059892
grass,1002,0.19901313,-0.62779444,-0.13002022,-0.14588162
grass,1003,0.76385444,0.47594684,0.32902393,0.30747092
grass,1004,-0.6110454,0.04852101,0.27254525,0.005203531
grass,1005,0.8742539,-0.21372662,0.23284103,-0.21958223
grass,1006,0.25531638,0.7739356,-0.50141543,-0.05246861
grass,1007,-0.16424407,-0.4681719,0.27074847,-0.024344167
grass,1008,0.87477076,0.21160129,0.9991842,0.32846317
grass,1009,-0.5048014,0.48800632,-0.24666119,-0.036840215
grass,1010,0.43027702,-0.5798223,-0.28980163,-0.19020066
grass,1011,0.63086075,0.6418829,-0.06343339,0.21659397
grass,1012,-0.47677606,-0.17195725,0.42142773,0.024834646
grass,1013,0.89841336,-0.053407937,0.79006,-0.0685979
grass,1014,-0.08316669,0.7180137,-0.48966625,-0.04448421
grass,1015,0.072662525,-0.6042243,-0.0041246163,-0.106678054
grass,1016,0.82499117,0.359706,0.6057472,0.34103686
grass,1017,-0.62591416,0.25307158,0.041126326,-0.020876123
grass,1018,0.7430713,-0.4102428,-0.35780957,-0.18480973
grass,1019,0.42457646,0.76045156,-0.42524177,0.0042005894
grass,1020,-0.2414044,-0.39985964,0.34770453,-0.0018959822
grass,1021,0.89156055,0.12295844,1.1063049,0.23083235
grass,1022,-0.35280386,0.60208565,-0.3812844,-0.03958598
grass,1023,0.2893127,-0.6164548,-0.20800397,-0.16927546
grass,1024,0.7214599,0.53804696,0.16265371,0.26606062
grass,1025,-0.5827223,-0.0038448926,0.32379848,0.011836673
grass,1026,0.88799787,-0.14648749,0.44551146,-0.17746978
grass,1027,0.14854161,0.758806,-0.50968707,-0.049081378
grass,1028,-0.047940243,-0.542959,0.14130954,-0.062065423
grass,1029,0.85293543,0.2872284,0.78978425,0.34710026
grass,1030,-0.57261133,0.38727203,-0.12794481,-0.032818392
grass,1031,0.6113719,-0.48688877,-0.35778624,-0.19756085
grass,1032,0.58226275,0.68603915,-0.19548933,0.15269928
grass,1033,-0.41232622,-0.23397896,0.43200368,0.024650972
grass,1034,0.89893,0.043860942,1.0319724,0.09504473
grass,1035,-0.1914865,0.6749953,-0.45929375,-0.042065013
grass,1036,0.13003166,-0.61477876,-0.06865012,-0.12644437
grass,1037,0.791016,0.42929322,0.40128982,0.3034084
grass,1038,-0.6198393,0.12540333,0.19302256,-0.005557864
grass,1039,0.82722956,-0.3319512,-0.22388837,-0.20599486
grass,1040,0.2836483,0.76412,-0.49891275,-0.052891966
grass,1041,-0.15359193,-0.4632652,0.2696865,-0.024114113
grass,1042,0.88440245,0.1668273,1.0554831,0.28608972
grass,1043,-0.47418672,0.5034479,-0.2736074,-0.037881777
grass,1044,0.415133,-0.5771715,-0.29241735,-0.19202398
grass,1045,0.65018165,0.6223044,-0.049916536,0.20385778
grass,1046,-0.534957,-0.076031,0.38297525,0.0200795
grass,1047,0.8980035,-0.059905365,0.7298688,-0.07965236
grass,1048,-0.023258634,0.72231615,-0.5005058,-0.04588068
grass,1049,0.01817498,-0.57426876,0.060987644,-0.085899495
grass,1050,0.8388644,0.32604533,0.6593553,0.33417553
grass,1051,-0.5979161,0.31775498,-0.043576762,-0.02838402
grass,1052,0.71124995,-0.41872847,-0.37333465,-0.19019698
grass,1053,0.47732228,0.7385952,-0.3831548,0.029757576
grass,1054,-0.27562755,-0.35539988,0.38479808,0.009098717
grass,1055,0.8960972,0.08371907,1.0732863,0.16530353
grass,1056,-0.25417647,0.6416591,-0.43274537,-0.04078619
grass,1057,0.24091215,-0.6162084,-0.17806986,-0.16034502
grass,1058,0.7555743,0.48898515,0.2356093,0.26281756
grass,1059,-0.5781484,0.010337386,0.31545478,0.010170813
grass,1060,0.8816485,-0.18081756,0.27057606,-0.19962199
grass,1061,0.17596312,0.75109464,-0.50984955,-0.05008112
grass,1062,-0.07578078,-0.51392645,0.1827682,-0.049011815
grass,1063,0.8680892,0.23752925,0.89164126,0.33112863
grass,1064,-0.54447293,0.4123946,-0.16593516,-0.035172615
grass,1065,0.4628587,-0.55277,-0.32144424,-0.1987891
grass,1066,0.6249878,0.64760274,-0.12985946,0.16666612
grass,1067,-0.42739508,-0.20226608,0.43678775,0.0266625
grass,1068,0.89999914,-0.0007359915,0.897053,0.01297787
grass,1069,-0.12891378,0.68584895,-0.47792843,-0.043162752
grass,1070,0.12575069,-0.6077833,-0.06801459,-0.12564996
grass,1071,0.80687773,0.39868194,0.43886828,0.29628417
grass,1072,-0.61419463,0.2059724,0.09615445,-0.017125709
grass,1073,0.78432906,-0.3628343,-0.34203053,-0.18986441
grass,1074,0.42060113,0.74719685,-0.44542876,-0.02086295
grass,1075,-0.19428915,-0.41683605,0.3231924,-0.008233029
grass,1076,0.8870027,0.15239775,1.0522227,0.26733616
grass,1077,-0.3580008,0.5791405,-0.37093508,-0.039397802
grass,1078,0.29624096,-0.6044739,-0.22714342,-0.17512959
grass,1079,0.71315515,0.549007,0.08035072,0.22001655
grass,1080,-0.5350121,-0.0573244,0.37560573,0.01876526
grass,1081,0.8948767,-0.09588844,0.5602572,-0.1273093
grass,1082,0.12726422,0.7394153,-0.51178753,-0.04958521
grass,1083,0.012781955,-0.56332374,0.07012038,-0.08227853
grass,1084,0.85775274,0.27250543,0.77619845,0.3303676
grass,1085,-0.5781425,0.33942875,-0.07610011,-0.031269416
grass,1086,0.5764129,-0.49048063,-0.36644346,-0.20420325
grass,1087,0.5129192,0.7189493,-0.35278383,0.0426253
grass,1088,-0.36900994,-0.253437,0.43701464,0.025013272
grass,1089,0.8977236,0.063963436,1.0272044,0.12828107
grass,1090,-0.17690445,0.66238123,-0.46201658,-0.041870784
grass,1091,0.2101675,-0.61193955,-0.15788488,-0.15378496
grass,1092,0.78343076,0.4429844,0.3044579,0.2618025
grass,1093,-0.59803826,0.0983764,0.22614628,-0.0026520411
grass,1094,0.8692919,-0.23308918,0.028450064,-0.21380161
grass,1095,0.25518087,0.74612135,-0.50344086,-0.05147985
grass,1096,-0.15362504,-0.44234732,0.28671545,-0.01820147
grass,1097,0.8790163,0.19320817,0.97116256,0.30411977
grass,1098,-0.49071157,0.4634877,-0.23716475,-0.03776628
grass,1099,0.40006799,-0.57017374,-0.30007917,-0.19538258
grass,1100,0.6585344,0.6134585,-0.08111438,0.1682745
grass,1101,-0.4841148,-0.11978062,0.41816536,0.02507528
grass,1102,0.898778,-0.046872713,0.7145077,-0.06371404
grass,1103,-0.056059025,0.6966981,-0.49425063,-0.044737715
grass,1104,0.07835775,-0.58834994,-0.014579801,-0.10801259
grass,1105,0.832909,0.34097153,0.5565557,0.3048478
grass,1106,-0.59628326,0.2643886,0.019118758,-0.025064988
grass,1107,0.7558812,-0.37240154,-0.3784048,-0.18951425
grass,1108,0.49075046,0.7227341,-0.38914126,0.013609465
grass,1109,-0.22948177,-0.37305075,0.3669956,0.004611436
grass,1110,0.8944324,0.099948265,1.0510758,0.19010685
grass,1111,-0.30014643,0.6008777,-0.40388942,-0.039707836
grass,1112,0.28378776,-0.6006585,-0.22598463,-0.1748004
grass,1113,0.7302687,0.526029,0.09521745,0.20690528
grass,1114,-0.56952107,0.029842565,0.30253842,0.0074441982
grass,1115,0.88309616,-0.17360917,0.21970527,-0.19261776
grass,1116,0.21078788,0.7380327,-0.5087876,-0.05154719
grass,1117,-0.031588525,-0.5277546,0.13464682,-0.06186731
grass,1118,0.86142457,0.26066604,0.77817225,0.32144228
grass,1119,-0.50930923,0.43263337,-0.20227069,-0.037241686
grass,1120,0.5258848,-0.5085336,-0.3615656,-0.20737168
grass,1121,0.5782679,0.680442,-0.26775575,0.08309131
grass,1122,-0.36161244,-0.24630763,0.44245964,0.02651963
grass,1123,0.8988409,0.045650642,0.9700528,0.09264738
grass,1124,-0.17551301,0.65226704,-0.46051496,-0.04145842
grass,1125,0.14360756,-0.6019256,-0.09480759,-0.13305436
grass,1126,0.7980491,0.41607276,0.33184505,0.25504324
grass,1127,-0.5983805,0.17115895,0.13843168,-0.014027171
grass,1128,0.8282017,-0.3062695,-0.27311918,-0.19835152
grass,1129,0.31896532,0.73843205,-0.4947493,-0.05381096
grass,1130,-0.19551855,-0.39408597,0.3424861,-0.0018741022
grass,1131,0.88688993,0.15305288,1.0184764,0.2645685
grass,1132,-0.42482808,0.51207376,-0.30481708,-0.038865432
grass,1133,0.35917315,-0.57729644,-0.28490517,-0.19203949
grass,1134,0.68048924,0.5890104,-0.058120575,0.15979505
grass,1135,-0.4843517,-0.10368541,0.41540387,0.024639856
grass,1136,0.89752084,-0.06674821,0.60438406,-0.09341561
grass,1137,0.088758476,0.7176793,-0.51101726,-0.048847284
grass,1138,0.0040911604,-0.54514325,0.087020226,-0.07559298
grass,1139,0.84618694,0.30653983,0.62048405,0.30478835
grass,1140,-0.5755896,0.30199012,-0.033975415,-0.02989811
grass,1141,0.66703933,-0.41998398,-0.39571562,-0.20297995
grass,1142,0.5199436,0.70578074,-0.36591932,0.021558251
grass,1143,-0.289919,-0.30541205,0.42033607,0.019880416
grass,1144,0.8975152,0.06682385,0.9957312,0.13022657
grass,1145,-0.22908263,0.6242629,-0.43716374,-0.040165413
grass,1146,0.22723529,-0.60240465,-0.18504006,-0.16173078
grass,1147,0.7558198,0.48860556,0.14056431,0.2023835
grass,1148,-0.56073225,0.032971583,0.3026062,0.006890621
grass,1149,0.87836194,-0.196161,0.085967116,-0.20020209
grass,1150,0.27046967,0.73177296,-0.5024377,-0.05289312
grass,1151,-0.113567635,-0.4551869,0.25482994,-0.025973285
grass,1152,0.87527806,0.20949313,0.89293915,0.30606934
grass,1153,-0.49387318,0.43632036,-0.2133787,-0.037934396
grass,1154,0.44297808,-0.540416,-0.3373002,-0.20538273
grass,1155,0.614818,0.6514783,-0.22052214,0.09452516
grass,1156,-0.39162216,-0.20205143,0.45043692,0.029496815
grass,1157,0.89956295,-0.02802545,0.724472,-0.038510744
grass,1158,-0.05929483,0.6794424,-0.49154785,-0.043970298
grass,1159,0.078729235,-0.57852685,-0.017068738,-0.10728405
grass,1160,0.8197386,0.37152052,0.41011816,0.26208365
grass,1161,-0.5869109,0.2249044,0.06712739,-0.022224069
grass,1162,0.71182805,-0.38420027,-0.40148565,-0.19839868
grass,1163,0.42816293,0.723928,-0.45670813,-0.039995935
grass,1164,-0.18001921,-0.39436778,0.33774424,-0.0025165842
grass,1165,0.8893421,0.1380924,1.0147741,0.24449325
grass,1166,-0.34172338,0.559566,-0.36948705,-0.038978398
grass,1167,0.32637015,-0.580841,-0.27137268,-0.1884165
grass,1168,0.7253301,0.53281814,0.027099721,0.16636865
grass,1169,-0.52923554,-0.018870225,0.35648334,0.014889957
grass,1170,0.8881042,-0.1458418,0.2531534,-0.17392176
grass,1171,0.12271587,0.7133891,-0.5114923,-0.049847525
grass,1172,-0.002979595,-0.53236794,0.10143858,-0.07017108
grass,1173,0.85626084,0.27715757,0.67619467,0.3033155
grass,1174,-0.5170241,0.39646024,-0.16473377,-0.037018694
grass,1175,0.534508,-0.48991105,-0.37916768,-0.21245162
grass,1176,0.5875291,0.6671029,-0.28040725,0.060631026
grass,1177,-0.35051075,-0.23488955,0.4508586,0.028915932
grass,1178,0.8992988,0.035506845,0.9060633,0.070132494
grass,1179,-0.125778,0.6534283,-0.4732617,-0.041699626
grass,1180,0.18203248,-0.59794265,-0.14585672,-0.14841992
grass,1181,0.7823568,0.44487843,0.20219235,0.20492654
grass,1182,-0.5787063,0.12764907,0.19361722,-0.008782384
grass,1183,0.8162178,-0.30251682,-0.32664064,-0.19372495
grass,1184,0.3662231,0.723323,-0.4844048,-0.054279413
grass,1185,-0.12642078,-0.4325324,0.2817808,-0.017501935
grass,1186,0.8821716,0.1782478,0.9434515,0.28449056
grass,1187,-0.40774837,0.5066178,-0.30948237,-0.038919576
grass,1188,0.37625897,-0.56053764,-0.30969107,-0.19942258
grass,1189,0.6808226,0.5886251,-0.10484172,0.12329056
grass,1190,-0.4633824,-0.1066057,0.42598942,0.026285345
grass,1191,0.89902174,-0.041939013,0.638789,-0.06201874
grass,1192,0.0069339173,0.686304,-0.501648,-0.04565586
grass,1193,0.03525305,-0.5512203,0.045652077,-0.08652798
grass,1194,0.8436147,0.31354955,0.5418569,0.28052098
grass,1195,-0.5639877,0.28798214,-0.020925652,-0.030302813
grass,1196,0.68999964,-0.38899314,-0.40985468,-0.20398144
grass,1197,0.49822375,0.702132,-0.40653124,-0.013716114
grass,1198,-0.25604245,-0.3144592,0.41499525,0.019024845
grass,1199,0.8949217,0.09546733,0.9982011,0.17817472
grass,1200,-0.29320493,0.5769494,-0.39692366,-0.038733084
grass,1201,0.23954043,-0.5930269,-0.20790896,-0.16834058
grass,1202,0.75718886,0.48648122,0.08926007,0.1680642
grass,1203,-0.54946566,0.043823954,0.2955088,0.0048944196
grass,1204,0.883242,-0.17286563,0.10082613,-0.18815783
grass,1205,0.25721505,0.7173478,-0.50403994,-0.053661346
grass,1206,-0.027989637,-0.5058249,0.14537778,-0.055938937
grass,1207,0.87239754,0.22118194,0.8188261,0.3009078
grass,1208,-0.4864092,0.42197928,-0.20410371,-0.038390834
grass,1209,0.48418292,-0.5082649,-0.369845,-0.21342987
grass,1210,0.6141945,0.64506954,-0.25077364,0.06462653
grass,1211,-0.37282696,-0.19956979,0.45784438,0.031298436
grass,1212,0.899635,0.025607323,0.85290575,0.04938436
grass,1213,-0.048389554,0.6669385,-0.49074277,-0.0433515
grass,1214,0.099510305,-0.5772848,-0.04824178,-0.11556441
grass,1215,0.79816836,0.41584393,0.23466893,0.20315488
grass,1216,-0.5722643,0.2201786,0.07035883,-0.023291413
grass,1217,0.78603405,-0.31756005,-0.3835633,-0.19246152
grass,1218,0.41572803,0.7121314,-0.4677832,-0.0509649
grass,1219,-0.1553385,-0.39540404,0.32823306,-0.0038407992
grass,1220,0.88436437,0.16702892,0.94520897,0.27285933
grass,1221,-0.38799402,0.5107015,-0.32109547,-0.038779594
grass,1222,0.29085425,-0.58078086,-0.25724667,-0.18395641
grass,1223,0.699545,0.56624705,-0.088186726,0.11437026
grass,1224,-0.5052534,-0.03177146,0.37522826,0.017366594
grass,1225,0.8979658,-0.060469203,0.53019744,-0.089962915
grass,1226,0.073360234,0.6906443,-0.50723046,-0.047674946
grass,1227,0.015928926,-0.53198475,0.07865679,-0.07520615
grass,1228,0.8557289,0.27879563,0.6178803,0.28599527
grass,1229,-0.5293688,0.34737355,-0.10635798,-0.035857372
grass,1230,0.629728,-0.41921908,-0.41364756,-0.21340932
grass,1231,0.5675671,0.6693943,-0.33212754,0.021693375
grass,1232,-0.29846168,-0.26309448,0.4469151,0.02793853
grass,1233,0.8970234,0.07313076,0.951458,0.13649778
grass,1234,-0.16372015,0.6248577,-0.45584592,-0.03962835
grass,1235,0.18809806,-0.59074813,-0.16181025,-0.15243854
grass,1236,0.7812075,0.44689354,0.1400624,0.17038517
grass,1237,-0.5551819,0.087824196,0.24526307,-0.003081105
grass,1238,0.86435205,-0.23058791,-0.17043678,-0.19691236
grass,1239,0.2834437,0.7100806,-0.4999003,-0.05461415
grass,1240,-0.069925085,-0.46203467,0.21864739,-0.033603977
grass,1241,0.87286747,0.21932037,0.79825014,0.29522052
grass,1242,-0.43036208,0.46852067,-0.27093345,-0.039025657
grass,1243,0.3881961,-0.54526156,-0.33035752,-0.20560889
grass,1244,0.67120796,0.594741,-0.16321014,0.08511925
grass,1245,-0.3821502,-0.17721415,0.46045858,0.0323024
grass,1246,0.89999527,-0.0027194326,0.7316308,-0.0036497281
grass,1247,-0.00034515373,0.66986614,-0.4973571,-0.044404544
grass,1248,0.09954278,-0.572264,-0.05037417,-0.11512114
grass,1249,0.82771623,0.35339046,0.36397225,0.2303437
grass,1250,-0.55689186,0.25742278,0.016468043,-0.028826479
grass,1251,0.6666465,-0.38953882,-0.42144358,-0.21082412
grass,1252,0.48481548,0.6943041,-0.42823076,-0.03429892
grass,1253,-0.20939413,-0.3354061,0.39492577,0.01470067
grass,1254,0.8916445,0.12234819,0.97725,0.2187403
grass,1255,-0.29388726,0.56072503,-0.38848555,-0.037936695
grass,1256,0.23564447,-0.585744,-0.21528183,-0.16986087
grass,1257,0.7249893,0.5332818,-0.053855978,0.11014531
grass,1258,-0.52685326,0.02632153,0.31967586,0.0077387113
grass,1259,0.8914835,-0.123515815,0.23058924,-0.15737987
grass,1260,0.20828435,0.7005118,-0.5067892,-0.052615665
grass,1261,-0.0037231685,-0.5099309,0.11579849,-0.062760495
grass,1262,0.8661072,0.24465756,0.6998623,0.2892138
grass,1263,-0.5015868,0.37709534,-0.15166041,-0.037991595
grass,1264,0.50596905,-0.48421943,-0.3915378,-0.21888624
grass,1265,0.5923895,0.65085316,-0.30705357,0.02639619
grass,1266,-0.34459567,-0.2071019,0.46431333,0.032933522
grass,1267,0.8994354,0.03185783,0.83004004,0.056718376
grass,1268,-0.10696263,0.6352236,-0.47158268,-0.0402001
grass,1269,0.14594074,-0.58222485,-0.11617886,-0.13619019
grass,1270,0.79454696,0.42272228,0.16020234,0.16692232
grass,1271,-0.5542583,0.12221565,0.2018946,-0.009715475
grass,1272,0.82250077,-0.27202028,-0.34004983,-0.19255488
grass,1273,0.38024572,0.7013275,-0.47932726,-0.05573007
grass,1274,-0.13072768,-0.39753017,0.31578848,-0.0057065515
grass,1275,0.88436306,0.16703579,0.91384673,0.269222
grass,1276,-0.35969025,0.51425934,-0.3352448,-0.03823196
grass,1277,0.31875607,-0.56435806,-0.2913701,-0.19433996
grass,1278,0.693066,0.5697374,-0.14002621,0.07980383
grass,1279,-0.4367582,-0.10378817,0.4376561,0.028231513
grass,1280,0.89747435,-0.06736991,0.4418798,-0.10185251
grass,1281,0.094529346,0.680345,-0.50551593,-0.047749862
grass,1282,0.02790173,-0.52824575,0.06446752,-0.077482976
grass,1283,0.838943,0.32584298,0.41067475,0.2363351
grass,1284,-0.54164606,0.28012946,-0.018374827,-0.03217826
grass,1285,0.62513727,-0.40794933,-0.42525923,-0.21754703
grass,1286,0.5360545,0.6732867,-0.38511312,-0.015795691
grass,1287,-0.23921113,-0.29666206,0.42823568,0.023917997
grass,1288,0.8947926,0.09667009,0.9521592,0.17590004
grass,1289,-0.23612584,0.5803855,-0.41723797,-0.03736997
grass,1290,0.20249455,-0.5838614,-0.18724397,-0.15966797
grass,1291,0.7675149,0.4700211,0.036710307,0.123371474
grass,1292,-0.5371595,0.07552872,0.2630695,-0.0016013726
grass,1293,0.88164604,-0.18015216,-0.046144925,-0.18684344
grass,1294,0.22606283,0.6939889,-0.50397724,-0.053214926
grass,1295,-0.060380366,-0.45318514,0.21880005,-0.03167329
grass,1296,0.8676047,0.23929292,0.689283,0.28343683
grass,1297,-0.42799944,0.45202127,-0.2579132,-0.039156757
grass,1298,0.4289513,-0.516461,-0.36572108,-0.2153299
grass,1299,0.61343306,0.6329573,-0.28580004,0.027942782
grass,1300,-0.34440443,-0.19523343,0.46859166,0.03422593
grass,1301,0.89986634,0.015478129,0.75006413,0.023895392
grass,1302,-0.07141897,0.637295,-0.47816417,-0.04039364
grass,1303,0.09903593,-0.5643772,-0.0527526,-0.11390751
grass,1304,0.81985706,0.37125918,0.25494134,0.18913148
grass,1305,-0.55012304,0.20724359,0.08385391,-0.024162697
grass,1306,0.7705986,-0.30403572,-0.4157418,-0.19617224
grass,1307,0.46306205,0.68701994,-0.44733727,-0.049732853
grass,1308,-0.14293298,-0.37480867,0.34228244,0.0023185937
grass,1309,0.8907564,0.12865439,0.9479903,0.2254822
grass,1310,-0.3325883,0.5225917,-0.35117105,-0.037543014
grass,1311,0.29497743,-0.5661011,-0.27985793,-0.19041471
grass,1312,0.7191148,0.5379891,-0.10830291,0.07600839
grass,1313,-0.48164394,-0.02883218,0.38298482,0.01780752
grass,1314,0.89700264,-0.07338365,0.3790254,-0.11083169
grass,1315,0.13700788,0.67883044,-0.50495493,-0.04915393
grass,1316,0.016707497,-0.5127073,0.088331774,-0.068857245
grass,1317,0.85726506,0.27403554,0.5491668,0.2619777
grass,1318,-0.5084233,0.33800218,-0.103845894,-0.037366647
grass,1319,0.50739044,-0.4711382,-0.40442398,-0.22292933
grass,1320,0.5933622,0.6419204,-0.32089806,0.009144562
grass,1321,-0.29690054,-0.23278575,0.4644981,0.033374153
grass,1322,0.8973567,0.06891962,0.8912258,0.12314093
grass,1323,-0.1826396,0.5944453,-0.4382195,-0.03702322
grass,1324,0.18458974,-0.5798792,-0.17238314,-0.15365392
grass,1325,0.7926691,0.426233,0.09623628,0.13338494
grass,1326,-0.5323998,0.08814141,0.24813148,-0.0044721197
grass,1327,0.8583325,-0.2194818,-0.24275015,-0.19020562
grass,1328,0.33508733,0.6908752,-0.48797265,-0.05676494
grass,1329,-0.058355313,-0.4445242,0.22512065,-0.028669044
grass,1330,0.87667567,0.20356524,0.78286517,0.28124148
grass,1331,-0.392185,0.4732165,-0.29085132,-0.03859438
grass,1332,0.3441246,-0.5466985,-0.3217467,-0.20354347
grass,1333,0.6704393,0.58420503,-0.2055682,0.04572028
grass,1334,-0.38871488,-0.13847178,0.46223074,0.03315596
grass,1335,0.8999645,-0.007926488,0.6329999,-0.019630188
grass,1336,0.06433912,0.66149026,-0.49890152,-0.04521078
grass,1337,0.057721745,-0.5377935,0.01587223,-0.0903878
grass,1338,0.82751465,0.3538621,0.26824415,0.18790936
grass,1339,-0.5269971,0.28020474,-0.023232143,-0.033717815
grass,1340,0.67217505,-0.362765,-0.4394257,-0.21517913
grass,1341,0.48128814,0.6773319,-0.43769395,-0.048846453
grass,1342,-0.19607346,-0.3157084,0.40956846,0.020431647
grass,1343,0.8923549,0.11705428,0.9351362,0.20714386
grass,1344,-0.25805876,0.5557145,-0.39685637,-0.03616166
grass,1345,0.24719954,-0.5724299,-0.2437595,-0.17779386
grass,1346,0.7550702,0.48976323,-0.050574105,0.080496125
grass,1347,-0.51245767,0.0464406,0.30234385,0.003483663
grass,1348,0.8795332,-0.17919114,-0.11376713,-0.18399285
grass,1349,0.19563372,0.6784772,-0.50209016,-0.051500507
grass,1350,-0.02464079,-0.46908408,0.17121716,-0.04308187
grass,1351,0.8655535,0.2466094,0.61695886,0.2689087
grass,1352,-0.48199,0.36663783,-0.14807947,-0.039119344
grass,1353,0.46824265,-0.48543182,-0.39624566,-0.2230189
grass,1354,0.63030964,0.6135979,-0.27574524,0.019764993
grass,1355,-0.33522186,-0.1854503,0.4745344,0.036011744
grass,1356,0.89832926,0.05480434,0.83588845,0.09367372
grass,1357,-0.036220476,0.63361895,-0.4809694,-0.040052846
grass,1358,0.14256866,-0.5713193,-0.122431345,-0.13529581
grass,1359,0.8051187,0.4022223,0.11791083,0.13411228
grass,1360,-0.5374377,0.17689279,0.1251912,-0.021133564
grass,1361,0.75685495,-0.29928377,-0.43275097,-0.20010106
grass,1362,0.4322737,0.679288,-0.46053368,-0.05684635
grass,1363,-0.12995844,-0.36769447,0.34371647,0.004340827
grass,1364,0.88744277,0.14981428,0.8990637,0.24891154
grass,1365,-0.36724135,0.48311257,-0.3084739,-0.03787705
grass,1366,0.29738927,-0.55739677,-0.29297146,-0.19412187
grass,1367,0.68406016,0.5665787,-0.1948961,0.03919684
grass,1368,-0.4356405,-0.07205063,0.42751628,0.025888631
grass,1369,0.8963516,-0.08094899,0.28534606,-0.12189329
grass,1370,0.090963855,0.6585266,-0.49820688,-0.0457156
grass,1371,0.04826263,-0.52539617,0.035295095,-0.082821295
grass,1372,0.8456919,0.30790278,0.3785098,0.21673468
grass,1373,-0.5173946,0.28255326,-0.029464552,-0.034834214
grass,1374,0.55951154,-0.4281316,-0.4313935,-0.22684883
grass,1375,0.5208195,0.6624255,-0.41085956,-0.040655233
grass,1376,-0.23651151,-0.26855102,0.4489927,0.030692052
grass,1377,0.8957194,0.087668076,0.8959037,0.15522084
grass,1378,-0.16638252,0.58739084,-0.43786082,-0.035638075
grass,1379,0.17400905,-0.5734517,-0.16771455,-0.15032777
grass,1380,0.7823855,0.44482788,0.0036139768,0.08930054
grass,1381,-0.51342183,0.07093039,0.2727269,-0.001832467
grass,1382,0.8809147,-0.17018682,-0.1190618,-0.18042609
grass,1383,0.2970511,0.67879933,-0.4908852,-0.055856567
grass,1384,-0.05190566,-0.4336422,0.23013097,-0.02519041
grass,1385,0.8785061,0.19551481,0.7720814,0.27403653
grass,1386,-0.42070657,0.4298873,-0.23988342,-0.03938755
grass,1387,0.37399748,-0.5253077,-0.35302928,-0.21290034
grass,1388,0.6631284,0.5827554,-0.23449942,0.024513647
grass,1389,-0.33497024,-0.17464569,0.47753322,0.03692049
grass,1390,0.8999618,-0.008221431,0.58291155,-0.02467354
grass,1391,0.023677494,0.6402464,-0.48848474,-0.041662548
grass,1392,0.10345086,-0.55498546,-0.06478114,-0.11433438
grass,1393,0.81881547,0.37355077,0.15614499,0.14274757
grass,1394,-0.52740306,0.21377733,0.07006127,-0.027626453
grass,1395,0.6754857,-0.3469524,-0.4491481,-0.2173236
grass,1396,0.45264664,0.6707322,-0.45153853,-0.056916177
grass,1397,-0.16140004,-0.32794952,0.3917922,0.017490245
grass,1398,0.8920733,0.11918149,0.9099862,0.20829192
grass,1399,-0.30858448,0.5140223,-0.3527028,-0.03593022
grass,1400,0.23214161,-0.56829184,-0.23855282,-0.17477906
grass,1401,0.72609454,0.51644754,-0.13580427,0.04285581
grass,1402,-0.46869466,-0.011594033,0.3742208,0.015218982
grass,1403,0.8944123,-0.1001283,0.16168138,-0.14149185
grass,1404,0.23996133,0.67084813,-0.49524486,-0.0530759
grass,1405,0.0068304245,-0.4835777,0.12244163,-0.054902855
grass,1406,0.8637694,0.25278702,0.5467362,0.25261113
grass,1407,-0.47602084,0.35164428,-0.13260251,-0.039537314
grass,1408,0.51744604,-0.44619218,-0.4258981,-0.22894569
grass,1409,0.5783572,0.6362571,-0.35663244,-0.020950869
grass,1410,-0.26504996,-0.23231344,0.47009704,0.0360428
grass,1411,0.89791626,0.061199296,0.81961226,0.10219483
grass,1412,-0.10474127,0.60103005,-0.45603448,-0.03579891
grass,1413,0.14154796,-0.56545156,-0.12731527,-0.13492547
grass,1414,0.7961043,0.41978192,0.023532217,0.09006178
grass,1415,-0.5225091,0.14666797,0.16772906,-0.01736433
grass,1416,0.76344633,-0.2808232,-0.4382005,-0.20031762
grass,1417,0.36641762,0.67277586,-0.47617257,-0.05839077
grass,1418,-0.082301274,-0.393823,0.29256687,-0.007103745
grass,1419,0.884459,0.16652694,0.83707863,0.26027745
grass,1420,-0.33525434,0.4914038,-0.32608053,-0.036494818
grass,1421,0.3269614,-0.53920835,-0.32694465,-0.20476203
grass,1422,0.67049724,0.5710811,-0.2315148,0.017730769
grass,1423,-0.3800313,-0.118284784,0.4644325,0.033714235
grass,1424,0.89829975,-0.05528571,0.34225124,-0.095634155
grass,1425,0.051102746,0.6385183,-0.4885928,-0.04198661
grass,1426,0.071703725,-0.53290397,-0.007472519,-0.093938455
grass,1427,0.8482128,0.30088902,0.35034686,0.2041384
grass,1428,-0.50529724,0.27703413,-0.025680948,-0.035762653
grass,1429,0.5754268,-0.40590698,-0.44517028,-0.22941743
grass,1430,0.5461785,0.64579666,-0.39233914,-0.03898338
grass,1431,-0.2125751,-0.27177766,0.44654322,0.0313583
grass,1432,0.89336216,0.10910088,0.8924311,0.19075568
grass,1433,-0.17864914,0.5699793,-0.42464513,-0.033753518
grass,1434,0.2016768,-0.5679388,-0.21033426,-0.16378103
grass,1435,0.7547335,0.4748787,-0.0925208,0.0462909
grass,1436,-0.50021195,0.070712216,0.27500778,-0.0024990658
grass,1437,0.8689194,-0.1804243,-0.2249374,-0.18141353
grass,1438,0.25679174,0.66520524,-0.49080852,-0.05356722
grass,1439,-0.025208678,-0.44334763,0.19585775,-0.032422446
grass,1440,0.8678227,0.238501,0.57362795,0.25451374
grass,1441,-0.43971306,0.38987586,-0.19033816,-0.040156834
grass,1442,0.43345046,-0.48666987,-0.39743266,-0.22515371
grass,1443,0.64808625,0.5875927,-0.2692856,0.004157667
grass,1444,-0.29428503,-0.19554628,0.48238447,0.038907163
grass,1445,0.89971244,0.022726007,0.66455996,0.025054555
grass,1446,-0.040074974,0.61242056,-0.46970972,-0.03679998
grass,1447,0.10222111,-0.54810995,-0.06552458,-0.11219104
grass,1448,0.80919695,0.3939533,0.054844864,0.09794161
grass,1449,-0.51571065,0.19718534,0.09218471,-0.026762329
grass,1450,0.68752843,-0.32544246,-0.45750713,-0.21748616
grass,1451,0.45414042,0.66053474,-0.44913182,-0.059721857
grass,1452,-0.089039415,-0.3764263,0.31442502,-0.00017596921
grass,1453,0.8893537,0.13801803,0.87446135,0.23238939
grass,1454,-0.32061002,0.4926808,-0.331458,-0.03560702
grass,1455,0.28692365,-0.54843336,-0.30063823,-0.1955243
grass,1456,0.7168205,0.5160446,-0.16471073,0.024339259
grass,1457,-0.41200596,-0.07082187,0.43670285,0.027362496
grass,1458,0.8945999,-0.098437056,0.10766728,-0.14189197
grass,1459,0.18334718,0.6533034,-0.49230042,-0.048860263
grass,1460,0.02916814,-0.49186376,0.08505148,-0.06349306
grass,1461,0.8510116,0.2928792,0.34818637,0.20130435
grass,1462,-0.48642546,0.30413455,-0.06839435,-0.038533837
grass,1463,0.5639469,-0.40587568,-0.4485692,-0.23165826
grass,1464,0.56599164,0.63349646,-0.37552392,-0.036118057
grass,1465,-0.22110876,-0.2537462,0.4598507,0.03507358
grass,1466,0.8949817,0.09490398,0.86291796,0.16403581
grass,1467,-0.15203065,0.57267493,-0.4310131,-0.032847807
grass,1468,0.17693532,-0.5649876,-0.18441845,-0.15328488
grass,1469,0.7699216,0.44558904,-0.06013379,0.052352995
grass,1470,-0.49005285,0.06457592,0.28448975,-0.0015851646
grass,1471,0.86278325,-0.1812217,-0.26338434,-0.18123657
grass,1472,0.37651545,0.6624701,-0.46955055,-0.059022103
grass,1473,-0.034409795,-0.42399213,0.22427629,-0.023155961
grass,1474,0.87639797,0.20475735,0.6802423,0.2637004
grass,1475,-0.37871793,0.44300225,-0.26731437,-0.038153265
grass,1476,0.3738222,-0.51060194,-0.36955628,-0.21789387
grass,1477,0.66281974,0.57003015,-0.25366113,0.0018749195
grass,1478,-0.33589783,-0.14643401,0.48176643,0.038209703
grass,1479,0.8997807,-0.019842047,0.45138216,-0.05057268
grass,1480,0.075160064,0.63153434,-0.48493722,-0.0415025
grass,1481,0.10084142,-0.5436773,-0.06456589,-0.11031509
grass,1482,0.84277064,0.31581086,0.25150546,0.16939445
grass,1483,-0.50567263,0.21855824,0.058438517,-0.030771125
grass,1484,0.67617434,-0.3256607,-0.46293145,-0.22077914
grass,1485,0.48368415,0.65102524,-0.43436405,-0.058487337
grass,1486,-0.11885407,-0.33753845,0.36848974,0.01456263
grass,1487,0.89191264,0.12037759,0.8712064,0.20690723
grass,1488,-0.25070053,0.5253438,-0.37655693,-0.032729045
grass,1489,0.20489739,-0.5622517,-0.22272639,-0.16664441
grass,1490,0.7329693,0.4878192,-0.1385201,0.025034787
grass,1491,-0.4743214,0.038792975,0.3198312,0.0040839193
grass,1492,0.8917475,-0.120377034,-0.031041494,-0.15827438
grass,1493,0.22551157,0.65134436,-0.4872826,-0.050777923
grass,1494,0.0029608128,-0.4571485,0.15095519,-0.042607956
grass,1495,0.86159396,0.26010537,0.4426695,0.22482975
grass,1496,-0.43722358,0.3733109,-0.17190948,-0.040609628
grass,1497,0.43743846,-0.4745078,-0.409114,-0.22863661
grass,1498,0.6133765,0.6051716,-0.32460785,-0.02151537
grass,1499,-0.26218432,-0.20786726,0.4835672,0.04034148
grass,1500,0.8988334,0.04579845,0.713744,0.06484501
grass,1501,-0.017848553,0.6065315,-0.4675062,-0.035627984
grass,1502,0.1460123,-0.55832595,-0.1443452,-0.13743018
grass,1503,0.7870915,0.41213164,-0.0005684593,0.07285325
grass,1504,-0.5026897,0.15312412,0.15667464,-0.020771485
grass,1505,0.7378927,-0.27765235,-0.4593124,-0.20810425
grass,1506,0.41928443,0.65479904,-0.4560076,-0.060568538
grass,1507,-0.05201035,-0.3955243,0.26916564,-0.009764888
grass,1508,0.88565785,0.16002868,0.8086204,0.25150472
grass,1509,-0.29218885,0.49757707,-0.3430547,-0.033691306
grass,1510,0.28165498,-0.5430562,-0.30530137,-0.1962867
grass,1511,0.7003918,0.5246102,-0.20000312,0.0070005306
grass,1512,-0.41538808,-0.048458807,0.42227796,0.023890669
grass,1513,0.89976346,-0.020606546,0.41667134,-0.054509472
grass,1514,0.13786554,0.6355751,-0.4852679,-0.044368353
grass,1515,0.05024685,-0.50097936,0.04466821,-0.07313651
grass,1516,0.85721654,0.27418748,0.37085366,0.2051077
grass,1517,-0.46756932,0.31516054,-0.0889612,-0.04012596
grass,1518,0.54077286,-0.40919712,-0.45177212,-0.23490329
grass,1519,0.5769795,0.6212776,-0.36762023,-0.039621226
grass,1520,-0.19197416,-0.2623211,0.4528016,0.034978103
grass,1521,0.8955829,0.089051865,0.82690954,0.15002373
grass,1522,-0.18893723,0.5465807,-0.4054556,-0.030785356
grass,1523,0.19618517,-0.55973965,-0.21716635,-0.16351801
grass,1524,0.7604721,0.43917668,-0.065013364,0.04671509
grass,1525,-0.48645717,0.09099697,0.24862467,-0.008357076
grass,1526,0.8504559,-0.183152,-0.32009253,-0.18210295
grass,1527,0.34607115,0.65271753,-0.4701258,-0.057572704
grass,1528,-0.017317228,-0.42578024,0.20564401,-0.025810217
grass,1529,0.8709404,0.22685196,0.55147934,0.24538042
grass,1530,-0.3784332,0.42802557,-0.2516314,-0.03830677
grass,1531,0.39144543,-0.49298924,-0.38968772,-0.22386435
grass,1532,0.64269966,0.57997626,-0.28964686,-0.015874071
grass,1533,-0.2976816,-0.16658303,0.4905652,0.041295268
grass,1534,0.89943093,0.031983,0.63607025,0.034869384
grass,1535,-0.008480163,0.60194045,-0.4647738,-0.034670167
grass,1536,0.101344936,-0.5382098,-0.06792855,-0.10885771
grass,1537,0.8329726,0.3408161,0.14315721,0.12688209
grass,1538,-0.49102184,0.23080975,0.036927678,-0.033834446
grass,1539,0.7038276,-0.29368398,-0.46814233,-0.21697882
grass,1540,0.4797928,0.6430303,-0.43366387,-0.061902106
grass,1541,-0.11250747,-0.32613674,0.3771973,0.018539416
grass,1542,0.88823617,0.1450359,0.825553,0.23733075
grass,1543,-0.25013384,0.5136965,-0.3664876,-0.031377506
grass,1544,0.27104983,-0.5423033,-0.30102852,-0.19414826
grass,1545,0.722474,0.4876843,-0.15848467,0.0127051985
grass,1546,-0.41792253,-0.03385353,0.41048872,0.021084597
grass,1547,0.89724225,-0.07039359,0.14431854,-0.1200424
grass,1548,0.17350541,0.6341935,-0.48179895,-0.045773596
grass,1549,0.02679605,-0.4693184,0.107476145,-0.052511882
grass,1550,0.8608144,0.2626738,0.3883784,0.2086651
grass,1551,-0.45730573,0.31889284,-0.09697209,-0.040805038
grass,1552,0.4973837,-0.42953688,-0.44340152,-0.2359199
grass,1553,0.6100664,0.6001914,-0.33325323,-0.031624418
grass,1554,-0.22873338,-0.22108915,0.4807254,0.041221634
grass,1555,0.8966018,0.078130096,0.7849177,0.12624113
grass,1556,-0.09541462,0.57357305,-0.43837094,-0.030402964
grass,1557,0.16606535,-0.5567751,-0.18131259,-0.14887154
grass,1558,0.7745963,0.40970016,-0.009903986,0.06590042
grass,1559,-0.48019105,0.095235065,0.24278757,-0.009933969
grass,1560,0.81913793,-0.20460619,-0.39883068,-0.18912104
grass,1561,0.40831274,0.64641285,-0.4534213,-0.060464706
grass,1562,-0.020800484,-0.4119082,0.22398077,-0.01932922
grass,1563,0.8823145,0.177539,0.7268975,0.2562191
grass,1564,-0.32173637,0.46555084,-0.30518043,-0.034616843
grass,1565,0.33341068,-0.5155444,-0.3562282,-0.21329908
grass,1566,0.6795917,0.5395386,-0.23920849,-0.009550186
grass,1567,-0.3383373,-0.118745014,0.4801165,0.037751317
grass,1568,0.8996213,-0.026084613,0.3397548,-0.06701959
grass,1569,0.10304616,0.6188438,-0.4759484,-0.04002627
grass,1570,0.06394051,-0.5047596,0.017069628,-0.07899167
grass,1571,0.8392276,0.32510918,0.16943435,0.13555193
grass,1572,-0.48388088,0.22777985,0.039817773,-0.034361657
grass,1573,0.60248286,-0.3574674,-0.4718063,-0.23396662
grass,1574,0.5163625,0.63166624,-0.413504,-0.059806418
grass,1575,-0.15382046,-0.27903715,0.4340425,0.032567523
grass,1576,0.8913448,0.1245126,0.83370274,0.21025032
grass,1577,-0.18644676,0.53647214,-0.39712292,-0.028868696
grass,1578,0.19007312,-0.5552934,-0.2171018,-0.16167682
grass,1579,0.74793637,0.438682,-0.07828338,0.038343005
grass,1580,-0.45752805,0.045897555,0.31394723,0.0016279458
grass,1581,0.88447726,-0.12668741,-0.15874805,-0.16269842
grass,1582,0.30455086,0.64130694,-0.46980846,-0.054345626
grass,1583,0.018645842,-0.4514815,0.13622496,-0.0425143
grass,1584,0.8730509,0.21858865,0.5465733,0.24201992
grass,1585,-0.39191458,0.39890578,-0.21512856,-0.039573807
grass,1586,0.40697265,-0.4757964,-0.40709564,-0.22893167
grass,1587,0.6397884,0.5754634,-0.29845613,-0.025757944
grass,1588,-0.2813443,-0.16631223,0.49490467,0.043059513
grass,1589,0.89794016,0.060848568,0.71215844,0.088259
grass,1590,-0.010311655,0.5907099,-0.4563265,-0.032164704
grass,1591,0.12700012,-0.5457688,-0.12134378,-0.12517284
grass,1592,0.80076885,0.37005064,0.069606125,0.09492034
grass,1593,-0.48270738,0.20249194,0.078007296,-0.031493697
grass,1594,0.7059919,-0.28031185,-0.47423333,-0.2177346
grass,1595,0.42567238,0.64025855,-0.44523042,-0.06123216
grass,1596,-0.080778345,-0.33914524,0.3485416,0.013710572
grass,1597,0.8872647,0.15086474,0.78984743,0.24100703
grass,1598,-0.28407633,0.48286703,-0.3303669,-0.0318574
grass,1599,0.27948,-0.5328608,-0.3169509,-0.19899604
grass,1600,0.70189154,0.5044338,-0.20008996,-0.0049256594
grass,1601,-0.38588926,-0.05774893,0.43904313,0.027172485
grass,1602,0.89902323,-0.041906457,0.2294451,-0.0909904
grass,1603,0.17387667,0.6238245,-0.47441173,-0.04399607
grass,1604,0.044792205,-0.47768578,0.07160728,-0.060343046
grass,1605,0.85497874,0.2810878,0.28170276,0.17502253
grass,1606,-0.45226592,0.3023474,-0.075940244,-0.04115312
grass,1607,0.52560294,-0.4014734,-0.46036637,-0.23884407
grass,1608,0.5978763,0.6002641,-0.34914416,-0.043188315
grass,1609,-0.16493317,-0.25976,0.4521922,0.03736842
grass,1610,0.8934651,0.108254656,0.8153038,0.18205735
grass,1611,-0.14265208,0.5469903,-0.41149497,-0.02737154
grass,1612,0.166555,-0.55259335,-0.18893073,-0.14964284
grass,1613,0.7437635,0.43399522,-0.07680388,0.036829315
grass,1614,-0.47129762,0.106458336,0.22614023,-0.013591187
grass,1615,0.80651516,-0.20296258,-0.42351255,-0.19165647
grass,1616,0.37855342,0.63808656,-0.45358875,-0.058722846
grass,1617,0.0051182853,-0.42590162,0.1805002,-0.02848706
grass,1618,0.8805186,0.18624146,0.6624864,0.2522588
grass,1619,-0.37309518,0.4088471,-0.23123313,-0.038502995
grass,1620,0.33518264,-0.5069723,-0.36553013,-0.2160028
grass,1621,0.6475218,0.56482345,-0.29018438,-0.027958972
grass,1622,-0.3130568,-0.12853046,0.48947394,0.040645413
grass,1623,0.8999283,0.011310984,0.47474024,-0.01153272
grass,1624,0.06524704,0.6011981,-0.4640813,-0.035131913
grass,1625,0.10516738,-0.532173,-0.079936214,-0.1086258
grass,1626,0.82883596,0.33396763,0.14340788,0.12283789
grass,1627,-0.475578,0.19963473,0.081045836,-0.03197706
grass,1628,0.67495555,-0.29546347,-0.48076674,-0.2251136
grass,1629,0.48222145,0.63012445,-0.42418224,-0.06322881
grass,1630,-0.09448032,-0.31589958,0.3797253,0.022307936
grass,1631,0.8879373,0.14685485,0.78410757,0.23632109
grass,1632,-0.18731104,0.52547646,-0.3866448,-0.026941577
grass,1633,0.22064802,-0.5462814,-0.26182136,-0.1772666
grass,1634,0.7163908,0.47293827,-0.15892425,0.004822484
grass,1635,-0.42050722,0.00006225391,0.3772539,0.013182962
grass,1636,0.89718014,-0.071181044,0.049477346,-0.12551728
grass,1637,0.23769538,0.6257629,-0.46823087,-0.04797249
grass,1638,0.03194652,-0.45394722,0.11465027,-0.04589044
grass,1639,0.86741674,0.23997319,0.41544574,0.21335734
grass,1640,-0.41040596,0.35922933,-0.1619531,-0.041423716
grass,1641,0.4561092,-0.43843582,-0.43931448,-0.23714682
grass,1642,0.6041616,0.5930153,-0.34306234,-0.04488218
grass,1643,-0.2255058,-0.19988705,0.49261406,0.045158517
grass,1644,0.8964336,0.08003679,0.7443861,0.12439973
grass,1645,-0.016914869,0.578776,-0.44625774,-0.02926883
grass,1646,0.12217764,-0.53973675,-0.11683316,-0.12091377
grass,1647,0.78333133,0.372611,0.05060049,0.08404457
grass,1648,-0.46616247,0.11538565,0.21227388,-0.01636595
grass,1649,0.7860558,-0.21155262,-0.4488321,-0.19702847
grass,1650,0.4332751,0.6316272,-0.43662542,-0.061566856
grass,1651,-0.042537764,-0.3610576,0.29946846,0.0039960924
grass,1652,0.8821256,0.17847489,0.67453,0.25018466
grass,1653,-0.28446633,0.47106126,-0.31770843,-0.03107662
grass,1654,0.28836805,-0.5228438,-0.33238035,-0.20380615
grass,1655,0.692947,0.50648427,-0.21664132,-0.015022971
grass,1656,-0.37280747,-0.057581842,0.44335324,0.027958266
grass,1657,0.89917296,-0.038560364,0.19405062,-0.09067657
grass,1658,0.12664177,0.60635567,-0.46470097,-0.038181514
grass,1659,0.08033727,-0.5083024,-0.019755378,-0.086195596
grass,1660,0.84267056,0.31389162,0.18181667,0.13702396
grass,1661,-0.45277378,0.27024543,-0.030385733,-0.040561076
grass,1662,0.52215296,-0.3934735,-0.4663047,-0.24089867
grass,1663,0.5698392,0.60568726,-0.37402034,-0.056237612
grass,1664,-0.15931582,-0.24940552,0.45983458,0.040500563
grass,1665,0.892505,0.115903996,0.7983858,0.19350922
grass,1666,-0.1103081,0.5480669,-0.41480935,-0.025247967
grass,1667,0.19883569,-0.5470451,-0.23995596,-0.16766082
grass,1668,0.73214436,0.43599233,-0.09481999,0.02630379
grass,1669,-0.4311265,0.031117141,0.33753595,0.0047352808
grass,1670,0.8612563,-0.14185119,-0.30181524,-0.1714936
grass,1671,0.3335349,0.6279017,-0.45389637,-0.05480305
grass,1672,0.018981159,-0.4279358,0.1607966,-0.031148713
grass,1673,0.8768913,0.20263398,0.55746794,0.2403079
grass,1674,-0.37644348,0.39024174,-0.20810956,-0.03938153
grass,1675,0.41576517,-0.4564622,-0.4238741,-0.2338635
grass,1676,0.6417978,0.56353295,-0.29990155,-0.036659054
grass,1677,-0.2872022,-0.1384317,0.4972435,0.043516707
grass,1678,0.8992752,0.036099967,0.55143064,0.030207649
grass,1679,0.035925034,0.58503306,-0.4512088,-0.030634487
grass,1680,0.09705065,-0.5214181,-0.06295156,-0.09978093
grass,1681,0.7847804,0.36106798,0.06931546,0.08944193
grass,1682,-0.4616466,0.21713798,0.051183634,-0.035874646
grass,1683,0.68780327,-0.27503875,-0.48505256,-0.22343391
grass,1684,0.4709672,0.6240331,-0.42143583,-0.06326365
grass,1685,-0.043170057,-0.3500807,0.31229573,0.008579112
grass,1686,0.88952684,0.13689765,0.7797703,0.2240694
grass,1687,-0.26276475,0.47745287,-0.32753864,-0.028920408
grass,1688,0.2181574,-0.54174304,-0.26593575,-0.17738013
grass,1689,0.7093089,0.4706256,-0.1670076,-0.0019596945
grass,1690,-0.38830543,-0.028689642,0.41520837,0.021031272
grass,1691,0.8990234,-0.04190389,0.1447447,-0.097232066
grass,1692,0.2540698,0.6180291,-0.4591593,-0.047670946
grass,1693,0.056871574,-0.47461903,0.05250465,-0.061332956
grass,1694,0.8591601,0.26803517,0.27870268,0.17244416
grass,1695,-0.42461205,0.31627,-0.10187115,-0.042644512
grass,1696,0.46002334,-0.42670947,-0.44777897,-0.239538
grass,1697,0.6066935,0.58561724,-0.34034526,-0.04960436
grass,1698,-0.18703656,-0.21763888,0.48458597,0.045695413
grass,1699,0.8967564,0.07633392,0.70434487,0.1128201
grass,1700,-0.10282416,0.544496,-0.41155764,-0.023776866
grass,1701,0.143453,-0.54335684,-0.16185927,-0.13546014
grass,1702,0.7471301,0.40286437,-0.03193455,0.04810529
grass,1703,-0.44965956,0.09434377,0.2445505,-0.012462081
grass,1704,0.7868501,-0.19972198,-0.45215866,-0.19643243
grass,1705,0.4020967,0.6243963,-0.4366467,-0.059328206
grass,1706,-0.010226943,-0.38079435,0.2485373,-0.006290893
grass,1707,0.8828144,0.17503615,0.6588494,0.24651937
grass,1708,-0.308359,0.44311446,-0.28252184,-0.032696284
grass,1709,0.32271975,-0.50077266,-0.36747846,-0.21590318
grass,1710,0.67752427,0.5199059,-0.24608308,-0.027962582
grass,1711,-0.27697685,-0.1393089,0.4999335,0.044650704
grass,1712,0.89960134,0.02676541,0.48174894,0.008925834
grass,1713,0.063917324,0.5849423,-0.4498706,-0.030896083
grass,1714,0.078825966,-0.4994409,-0.012577098,-0.08078204
grass,1715,0.84025323,0.3023436,0.19915667,0.14140126
grass,1716,-0.44268653,0.26442587,-0.024245407,-0.041309
grass,1717,0.632394,-0.30822578,-0.49025324,-0.2343975
grass,1718,0.5470099,0.6064725,-0.3877953,-0.06484735
grass,1719,-0.06885323,-0.31414092,0.36863214,0.023160117
grass,1720,0.8903498,0.13143912,0.77338934,0.2161187
grass,1721,-0.19274211,0.50687313,-0.36653945,-0.023980854
grass,1722,0.1887768,-0.5439029,-0.23341231,-0.16326007
grass,1723,0.7276269,0.428082,-0.09135354,0.023833364
grass,1724,-0.42675468,0.04524484,0.31889892,0.00033323816
grass,1725,0.8608822,-0.13172005,-0.30886364,-0.16881347
grass,1726,0.3272696,0.61875045,-0.44658616,-0.053084612
grass,1727,0.047661126,-0.45390123,0.08935273,-0.04845776
grass,1728,0.87288433,0.21925326,0.44671553,0.21926306
grass,1729,-0.37428275,0.37720382,-0.19211681,-0.03997293
grass,1730,0.41750267,-0.44675404,-0.4311966,-0.23604964
grass,1731,0.63035077,0.5670062,-0.31448552,-0.04595706
grass,1732,-0.23862904,-0.16707373,0.5037549,0.047725435
grass,1733,0.8969009,0.074617304,0.6803725,0.106689304
grass,1734,-0.03693955,0.55793494,-0.42631048,-0.023928514
grass,1735,0.12350117,-0.5345213,-0.12682901,-0.12032157
grass,1736,0.7816549,0.3487943,0.08574944,0.09272106
grass,1737,-0.45332882,0.18780935,0.095480815,-0.033034746
grass,1738,0.7002837,-0.25527516,-0.488002,-0.22116221
grass,1739,0.44554704,0.618505,-0.42129818,-0.061865155
grass,1740,-0.013430792,-0.36665234,0.2682225,0.00022820971
grass,1741,0.8857986,0.15924796,0.70209914,0.24139981
grass,1742,-0.25460222,0.47168985,-0.3215774,-0.027263
grass,1743,0.24191748,-0.5299376,-0.29851523,-0.18906341
grass,1744,0.68954974,0.4949144,-0.21690038,-0.022884924
grass,1745,-0.35697374,-0.05211971,0.44430515,0.027828587
grass,1746,0.8998433,-0.01676564,0.22710127,-0.06780743
grass,1747,0.21684435,0.6044277,-0.45223373,-0.042403586
grass,1748,0.07375591,-0.48799735,0.0062179137,-0.07273105
grass,1749,0.84789646,0.2891426,0.22361667,0.15024154
grass,1750,-0.43138742,0.275329,-0.04264789,-0.04256347
grass,1751,0.5361515,-0.36829683,-0.4797667,-0.24352148
grass,1752,0.5935341,0.58652276,-0.35128638,-0.057861507
grass,1753,-0.14381662,-0.23912476,0.46586722,0.04432923
grass,1754,0.8950039,0.09469356,0.7315942,0.14866132
grass,1755,-0.10532313,0.5343197,-0.4005949,-0.021142088
grass,1756,0.1770974,-0.54241264,-0.2210424,-0.15704949
grass,1757,0.7449619,0.389694,-0.015652489,0.05083367
grass,1758,-0.43249312,0.07536033,0.27395698,-0.008495271
grass,1759,0.8051144,-0.17491083,-0.43587983,-0.1898117
grass,1760,0.35326385,0.6149949,-0.43742818,-0.05453841
grass,1761,0.008022836,-0.38713235,0.22165804,-0.010510821
grass,1762,0.87929916,0.19191632,0.5527187,0.23697376
grass,1763,-0.34187984,0.4024604,-0.22867666,-0.03671346
grass,1764,0.3206558,-0.49462193,-0.371957,-0.21699661
grass,1765,0.6641671,0.53067493,-0.26867256,-0.03856994
grass,1766,-0.27100906,-0.13177465,0.5015054,0.045303505
grass,1767,0.8986779,0.048753995,0.5505867,0.048171498
grass,1768,0.055312555,0.5738332,-0.4393935,-0.027520781
grass,1769,0.10762007,-0.5227519,-0.09274769,-0.10573888
grass,1770,0.8137689,0.30959877,0.17362285,0.12727109
grass,1771,-0.43825847,0.23979706,0.011554958,-0.04056655
grass,1772,0.66367185,-0.27543128,-0.4943794,-0.22978051
grass,1773,0.52677065,0.605139,-0.390076,-0.06553426
grass,1774,-0.07526101,-0.29263383,0.39480397,0.03103499
grass,1775,0.8896228,0.13627243,0.7466939,0.22106045
grass,1776,-0.16911882,0.5075228,-0.36828065,-0.021063307
grass,1777,0.22165391,-0.53282696,-0.27998176,-0.18074663
grass,1778,0.7075068,0.45156273,-0.14966601,-0.001996702
grass,1779,-0.38743123,-0.0034220507,0.38863757,0.014204685
grass,1780,0.8969941,-0.06253883,-0.04838553,-0.12493781
grass,1781,0.2706877,0.6052285,-0.4438151,-0.046299826
grass,1782,0.060507447,-0.46136796,0.057961565,-0.05467503
grass,1783,0.8686483,0.23547639,0.3487713,0.19403754
grass,1784,-0.3921306,0.33665866,-0.13593657,-0.042710643
grass,1785,0.44921428,-0.41884875,-0.4523894,-0.24143395
grass,1786,0.5988901,0.5807409,-0.345344,-0.059389543
grass,1787,-0.16981691,-0.20984246,0.48923978,0.048905913
grass,1788,0.89662206,0.07789714,0.6634119,0.10996048
grass,1789,-0.009255091,0.5558537,-0.42346948,-0.022337142
grass,1790,0.1343456,-0.53577095,-0.15365708,-0.1281974
grass,1791,0.76038337,0.35805258,0.05057275,0.07502225
grass,1792,-0.43792784,0.119525164,0.20382065,-0.020593446
grass,1793,0.7232175,-0.2285668,-0.4881514,-0.21523373
grass,1794,0.39406145,0.6114905,-0.42467457,-0.057344034
grass,1795,0.0055887816,-0.37357593,0.24071786,-0.0040186993
grass,1796,0.8844181,0.16674426,0.64801025,0.24107142
grass,1797,-0.28740567,0.44005975,-0.2805711,-0.029987294
grass,1798,0.28797367,-0.5058912,-0.34837282,-0.20778517
grass,1799,0.68491775,0.49359816,-0.22333188,-0.029298583
grass,1800,-0.30636704,-0.09188928,0.48308378,0.038710825
grass,1801,0.8999491,-0.009520097,0.2187136,-0.061543282
grass,1802,0.10665875,0.5781864,-0.43963206,-0.029893909
grass,1803,0.07358839,-0.47874397,0.013599105,-0.06719162
grass,1804,0.8300492,0.28929254,0.21624444,0.14384015
grass,1805,-0.42433304,0.26264653,-0.025540274,-0.042957272
grass,1806,0.57693446,-0.3308237,-0.4929378,-0.24266118
grass,1807,0.57788295,0.5877812,-0.36173716,-0.06591563
grass,1808,-0.06690267,-0.29109162,0.39225155,0.03179189
grass,1809,0.89112973,0.12604295,0.7444878,0.2058706
grass,1810,-0.13477585,0.51523215,-0.3779978,-0.018714074
grass,1811,0.19276658,-0.5365975,-0.24812186,-0.16654165
grass,1812,0.7273314,0.40280345,-0.057520226,0.030743076
grass,1813,-0.39102986,0.012723634,0.36786896,0.00923566
grass,1814,0.8655713,-0.1103308,-0.2975741,-0.16114001
grass,1815,0.32214403,0.60471636,-0.43284115,-0.05022969
grass,1816,0.045075826,-0.42642936,0.12442163,-0.033556733
grass,1817,0.8710349,0.22648852,0.3666341,0.19905366
grass,1818,-0.3441426,0.3867228,-0.20822147,-0.037753783
grass,1819,0.38198045,-0.4541699,-0.41981336,-0.23292358
grass,1820,0.6520335,0.5392595,-0.28602284,-0.047591962
grass,1821,-0.19373655,-0.18309548,0.5033164,0.05099226
grass,1822,0.89921004,0.03768717,0.45793137,0.020404432
grass,1823,0.071551695,0.5681432,-0.43204466,-0.025897253
grass,1824,0.10107674,-0.51318055,-0.07736118,-0.09706639
grass,1825,0.7770664,0.32924974,0.11396212,0.098864526
grass,1826,-0.4351125,0.14763235,0.15746602,-0.027819201
grass,1827,0.61893195,-0.29757845,-0.4986999,-0.2382396
grass,1828,0.48135018,0.60486,-0.39775047,-0.06353387
grass,1829,-0.020155106,-0.33233193,0.31479335,0.015428458
grass,1830,0.8889623,0.14051656,0.7183578,0.22467111
grass,1831,-0.21787237,0.47602212,-0.32825032,-0.022143733
grass,1832,0.25927895,-0.5144451,-0.32499686,-0.19802485
grass,1833,0.7003387,0.45418102,-0.16408092,-0.011338046
grass,1834,-0.3533949,-0.03355657,0.42890847,0.02348664
grass,1835,0.8993197,-0.03497161,0.048772678,-0.09885494
grass,1836,0.18315947,0.58533555,-0.43749663,-0.03544305
grass,1837,0.074023016,-0.47349057,0.017055552,-0.06409998
grass,1838,0.8609199,0.2623278,0.27095187,0.16704848
grass,1839,-0.39799196,0.3065183,-0.09350984,-0.04417006
grass,1840,0.44236833,-0.41454616,-0.4541593,-0.24224077
grass,1841,0.58006954,0.5839328,-0.35648337,-0.06653719
grass,1842,-0.14388095,-0.21760331,0.48214296,0.04964374
grass,1843,0.8947207,0.09733357,0.69934803,0.1495046
grass,1844,-0.08432241,0.5266786,-0.3914467,-0.016904281
grass,1845,0.15503299,-0.53681326,-0.19605786,-0.14333299
grass,1846,0.73428875,0.38007978,-0.014254772,0.045469396
grass,1847,-0.41528833,0.07570688,0.27340022,-0.010131532
grass,1848,0.78984,-0.16997053,-0.4567357,-0.19338354
grass,1849,0.39374644,0.6038359,-0.41556376,-0.05619932
grass,1850,0.0351892,-0.39974314,0.17187394,-0.018888062
grass,1851,0.8791184,0.1927431,0.49814606,0.22753863
grass,1852,-0.29696882,0.42191252,-0.2567542,-0.031207208
grass,1853,0.28730798,-0.49984416,-0.3527729,-0.20879392
grass,1854,0.6554064,0.5324163,-0.2803591,-0.04933491
grass,1855,-0.2708535,-0.112446085,0.4991909,0.044478696
grass,1856,0.89957005,0.027796282,0.3803978,-0.00221932
grass,1857,0.13892356,0.5750366,-0.43232244,-0.030106585
grass,1858,0.092848286,-0.50075185,-0.0517612,-0.085897654
grass,1859,0.81972694,0.28449443,0.21965109,0.14217378
grass,1860,-0.4221385,0.23116727,0.021467198,-0.041776605
grass,1861,0.54761696,-0.34166047,-0.491727,-0.24560311
grass,1862,0.5509806,0.59069073,-0.36778253,-0.06679448
grass,1863,-0.03214249,-0.3098019,0.35033503,0.02494089
grass,1864,0.8905099,0.13034973,0.7216868,0.21100889
grass,1865,-0.14948757,0.50109744,-0.36016893,-0.016712004
grass,1866,0.18733643,-0.5334668,-0.24600491,-0.16400778
grass,1867,0.70890135,0.4256014,-0.115903325,0.0043409853
grass,1868,-0.3518302,-0.026855027,0.42236727,0.021644853
grass,1869,0.89216965,-0.06326728,-0.13488765,-0.13018622
grass,1870,0.29837996,0.594432,-0.42603678,-0.046055585
grass,1871,0.054932877,-0.42876092,0.10495892,-0.035919037
grass,1872,0.86583906,0.2456048,0.295205,0.17626792
grass,1873,-0.3593673,0.3545596,-0.16423662,-0.04104204
grass,1874,0.4381637,-0.41203323,-0.45489243,-0.24261262
grass,1875,0.62396914,0.55898994,-0.31832087,-0.060596082
grass,1876,-0.16808541,-0.19108981,0.5001449,0.052563943
grass,1877,0.8972076,0.07083381,0.5866246,0.087372646
grass,1878,0.008303046,0.5460239,-0.41108328,-0.01842954
grass,1879,0.11864089,-0.5243213,-0.12719098,-0.11326927
grass,1880,0.7592105,0.33426815,0.089076124,0.08512795
grass,1881,-0.42049387,0.11781748,0.20485756,-0.022245103
grass,1882,0.6915268,-0.23511502,-0.49802887,-0.22396879
grass,1883,0.44758707,0.5997783,-0.3978309,-0.060374048
grass,1884,0.010271878,-0.35260725,0.26154745,0.005393453
grass,1885,0.88271695,0.17552717,0.5640161,0.23469146
grass,1886,-0.2553412,0.44515076,-0.28763115,-0.025198849
grass,1887,0.25900018,-0.50881726,-0.3293373,-0.19891343
grass,1888,0.6817765,0.48622182,-0.2243757,-0.037093215
grass,1889,-0.29810646,-0.0802779,0.4795738,0.03770035
grass,1890,0.8997577,-0.020858856,0.078755334,-0.08485784
grass,1891,0.17731191,0.5759222,-0.4276205,-0.032306593
grass,1892,0.07404397,-0.46288788,0.027140837,-0.057665594
grass,1893,0.84394836,0.26210135,0.26764488,0.16228025
grass,1894,-0.40918067,0.25329491,-0.014534691,-0.044148196
grass,1895,0.5167103,-0.35720173,-0.4863092,-0.2470295
grass,1896,0.5987118,0.5717548,-0.33885,-0.06697954
grass,1897,-0.07265811,-0.2628234,0.42419124,0.041594524
grass,1898,0.8938011,0.105444804,0.69547105,0.16428407
grass,1899,-0.12843283,0.503798,-0.36304775,-0.014504086
grass,1900,0.14276823,-0.5324517,-0.17954549,-0.13409722
grass,1901,0.7111719,0.41035345,-0.09151115,0.011330096
grass,1902,-0.39511418,0.0519507,0.3108512,-0.0038575924
grass,1903,0.8338815,-0.12507232,-0.39436746,-0.17383221
grass,1904,0.33618984,0.5929037,-0.41539004,-0.048953537
grass,1905,0.040068403,-0.39081728,0.17620482,-0.014831987
grass,1906,0.87586963,0.20700572,0.40401375,0.20876499
grass,1907,-0.3191521,0.3908126,-0.21494073,-0.035284117
grass,1908,0.33466166,-0.468936,-0.39514816,-0.22430488
grass,1909,0.65351045,0.5302268,-0.2818341,-0.05470138
grass,1910,-0.24317484,-0.12471807,0.5073588,0.048320126
grass,1911,0.8982543,0.056019105,0.49439946,0.05121571
grass,1912,0.1106144,0.5616718,-0.42023647,-0.024578579
grass,1913,0.103815444,-0.5102949,-0.088777274,-0.09637696
grass,1914,0.77886295,0.30465785,0.15836218,0.112160906
grass,1915,-0.4137849,0.21922798,0.038330983,-0.041828927
grass,1916,0.62218386,-0.27987888,-0.5042715,-0.238655
grass,1917,0.49448082,0.5935277,-0.37915584,-0.06372691
grass,1918,-0.0326832,-0.29422754,0.3685649,0.031171497
grass,1919,0.8884997,0.1434128,0.67789465,0.2255247
grass,1920,-0.20599775,0.467653,-0.3165766,-0.018686581
grass,1921,0.20219737,-0.52597934,-0.26962647,-0.17281276
grass,1922,0.6978535,0.4397047,-0.15133972,-0.013100528
grass,1923,-0.34789187,-0.017943976,0.4131069,0.018986663
grass,1924,0.8962478,-0.045151148,-0.08779981,-0.11598992
grass,1925,0.26493004,0.58273363,-0.41901273,-0.04036103
grass,1926,0.064718984,-0.43369803,0.08061374,-0.039665796
grass,1927,0.8528656,0.2509714,0.28873143,0.1705741
grass,1928,-0.36730728,0.3266207,-0.12542838,-0.043564536
grass,1929,0.39874306,-0.42865303,-0.43825957,-0.23844029
grass,1930,0.63185453,0.54958165,-0.3090173,-0.06386562
grass,1931,-0.11114228,-0.2232179,0.47247487,0.051088765
grass,1932,0.89628035,0.08173382,0.6047601,0.10844704
grass,1933,-0.054363687,0.52208775,-0.3840746,-0.012641783
grass,1934,0.12086631,-0.5232935,-0.1366989,-0.11442547
grass,1935,0.73982143,0.34444264,0.05118703,0.06602198
grass,1936,-0.41299942,0.13581963,0.17379239,-0.027951999
grass,1937,0.73246783,-0.19618358,-0.49197933,-0.21168666
grass,1938,0.44721124,0.59304357,-0.38817993,-0.059390597
grass,1939,0.018141294,-0.34643397,0.26082337,0.007874027
grass,1940,0.88512784,0.16293438,0.59676707,0.23396131
grass,1941,-0.2733213,0.42286652,-0.2576847,-0.027639369
grass,1942,0.25253612,-0.5059754,-0.32691652,-0.19708294
grass,1943,0.6731083,0.49796808,-0.24499784,-0.048127532
grass,1944,-0.24838424,-0.113637045,0.5045302,0.047074687
grass,1945,0.8999972,-0.0020135539,0.14067538,-0.06200559
grass,1946,0.13070999,0.5601146,-0.41550207,-0.02474492
grass,1947,0.086411044,-0.47981402,-0.021542065,-0.07012789
grass,1948,0.8164669,0.2681917,0.24692531,0.14933698
grass,1949,-0.40384972,0.23392782,0.013787136,-0.043971024
grass,1950,0.50565594,-0.3560549,-0.48642668,-0.24792965
grass,1951,0.54178077,0.5840678,-0.35762432,-0.0666608
grass,1952,-0.05301107,-0.26645994,0.411121,0.041146394
grass,1953,0.8914362,0.12385629,0.6941076,0.1984706
grass,1954,-0.10421413,0.50412375,-0.36211392,-0.011301249
grass,1955,0.16395593,-0.5305515,-0.21955906,-0.14964578
grass,1956,0.69872963,0.42836863,-0.13554467,-0.00958728
grass,1957,-0.37368634,0.030105613,0.34502366,0.0026105521
grass,1958,0.82904315,-0.11979534,-0.4053707,-0.17385158
grass,1959,0.29087168,0.5808176,-0.41054967,-0.04198446
grass,1960,0.06081835,-0.4144061,0.112366855,-0.028784903
grass,1961,0.87799245,0.19780849,0.41874045,0.21224621
grass,1962,-0.34407008,0.34935132,-0.1581423,-0.04095508
grass,1963,0.36165574,-0.44644573,-0.41758958,-0.23190679
grass,1964,0.64950895,0.53135693,-0.2872412,-0.06168903
grass,1965,-0.14956552,-0.18656904,0.5020298,0.055321835
grass,1966,0.8976328,0.06522511,0.50855935,0.067262255
grass,1967,0.058181234,0.5435867,-0.40344444,-0.016871693
grass,1968,0.10828612,-0.5123039,-0.105343245,-0.09984951
grass,1969,0.76205117,0.30750093,0.1393919,0.10068843
grass,1970,-0.4074968,0.14352395,0.16000149,-0.03057257
grass,1971,0.6815855,-0.22728822,-0.5030996,-0.22633359
grass,1972,0.5121742,0.5860456,-0.3640813,-0.06453979
grass,1973,-0.0056318827,-0.30746073,0.33252814,0.02577492
grass,1974,0.8875021,0.14946213,0.63767695,0.2288038
grass,1975,-0.23988147,0.4398028,-0.27920857,-0.02201069
grass,1976,0.20969851,-0.51928043,-0.28247783,-0.17726193
grass,1977,0.6833891,0.47030807,-0.20754309,-0.037871037
grass,1978,-0.308383,-0.051104728,0.4555141,0.030378316
grass,1979,0.89007044,-0.05070199,-0.16380286,-0.124640465
grass,1980,0.21676451,0.56852543,-0.41102552,-0.03248164
grass,1981,0.08184276,-0.46310055,0.006974622,-0.05864554
grass,1982,0.81036335,0.26540527,0.24915244,0.14835684
grass,1983,-0.37524682,0.29273424,-0.07714938,-0.04586164
grass,1984,0.48807147,-0.36280954,-0.48246813,-0.24809076
grass,1985,0.6086299,0.5606027,-0.32116336,-0.068290494
grass,1986,-0.0629443,-0.24971353,0.43298528,0.04647996
grass,1987,0.8930983,0.11124029,0.6721261,0.17286439
grass,1988,-0.08628909,0.5050618,-0.36211893,-0.0093354825
grass,1989,0.1516974,-0.5289782,-0.20226653,-0.14073163
grass,1990,0.718785,0.36456248,-0.008970538,0.037918217
grass,1991,-0.39773262,0.10634231,0.22140223,-0.021760767
grass,1992,0.754036,-0.1713129,-0.4848316,-0.2035321
grass,1993,0.41881388,0.585949,-0.38437113,-0.05532105
grass,1994,0.04229593,-0.36601695,0.20554982,-0.0027259148
grass,1995,0.87878025,0.19427884,0.419495,0.2125107
grass,1996,-0.2599944,0.42273855,-0.25649375,-0.025308983
grass,1997,0.28056723,-0.48707533,-0.3566942,-0.20877315
grass,1998,0.6647064,0.50903636,-0.26048622,-0.056942098
grass,1999,-0.22931941,-0.11882044,0.5091719,0.049645197
grass,2000,0.89852905,0.051424928,0.41238955,0.03323231
grass,2001,0.13133287,0.55223846,-0.40511173,-0.021873053
grass,2002,0.098471306,-0.49779662,-0.07262759,-0.08514619
grass,2003,0.77459586,0.2874459,0.18669793,0.11903744
grass,2004,-0.39605427,0.22197703,0.030776888,-0.04413479
grass,2005,0.54156256,-0.3227929,-0.4987104,-0.24784467
grass,2006,0.53695023,0.5796508,-0.34985194,-0.066105396
grass,2007,-0.022644915,-0.28083932,0.3770329,0.036579087
grass,2008,0.88887805,0.14104912,0.6512531,0.22130951
grass,2009,-0.15227851,0.4789567,-0.32861707,-0.010894814
grass,2010,0.1988875,-0.5199402,-0.27131262,-0.1715609
grass,2011,0.6983735,0.4134876,-0.115620546,-0.0058845435
grass,2012,-0.3292845,-0.01982628,0.4182184,0.019866794
grass,2013,0.88680875,-0.05105324,-0.19227189,-0.12687135
grass,2014,0.27048796,0.5707802,-0.4018725,-0.037371792
grass,2015,0.07527309,-0.43531933,0.056161154,-0.04147264
grass,2016,0.8607699,0.23259918,0.32077378,0.18194546
grass,2017,-0.33993086,0.33952877,-0.14477879,-0.041863523
grass,2018,0.42626765,-0.39887297,-0.45794958,-0.24387766
grass,2019,0.64068913,0.53719914,-0.29231724,-0.066114604
grass,2020,-0.15775603,-0.16964558,0.5100466,0.056837965
grass,2021,0.89473456,0.09720633,0.6224732,0.13936599
grass,2022,-0.01853269,0.5189291,-0.37667727,-0.008704894
grass,2023,0.112128966,-0.513896,-0.12021619,-0.1030828
grass,2024,0.7360809,0.32422167,0.0833186,0.07359127
grass,2025,-0.39274797,0.11138753,0.21212876,-0.02393153
grass,2026,0.64849997,-0.24272239,-0.50823945,-0.2339481
grass,2027,0.4762006,0.5823436,-0.3642097,-0.06052827
grass,2028,0.03165617,-0.33829668,0.25594184,0.0110619785
grass,2029,0.88268995,0.17566276,0.49262914,0.22476612
grass,2030,-0.24625242,0.4265672,-0.26050723,-0.022704016
grass,2031,0.26389667,-0.49172625,-0.34299785,-0.2027459
grass,2032,0.67917675,0.47513607,-0.21750133,-0.045505222
grass,2033,-0.283403,-0.06512752,0.47252217,0.035694424
grass,2034,0.89929277,-0.018690847,-0.03191194,-0.09265428
grass,2035,0.15298112,0.5510411,-0.39980462,-0.022414347
grass,2036,0.08388397,-0.45744246,0.007335228,-0.05514002
grass,2037,0.7984768,0.26237908,0.24881013,0.14492576
grass,2038,-0.37464756,0.26999372,-0.04453077,-0.04695577
grass,2039,0.51385194,-0.33696538,-0.49315634,-0.24898624
grass,2040,0.5955315,0.5624872,-0.32021508,-0.069037005
grass,2041,-0.040661678,-0.2559645,0.4155851,0.045379102
grass,2042,0.89233196,0.1172291,0.6603475,0.18338649
grass,2043,-0.12572518,0.4845079,-0.3343131,-0.007715959
grass,2044,0.14747272,-0.52611476,-0.1986708,-0.13722318
grass,2045,0.70274824,0.3873512,-0.06910853,0.01001991
grass,2046,-0.3546603,0.025139838,0.35318345,0.0034946033
grass,2047,0.84108496,-0.09510749,-0.3808509,-0.163224
grass,2048,0.4000813,0.57835513,-0.3775234,-0.05174107
grass,2049,0.059264485,-0.3806402,0.16036087,-0.01110407
grass,2050,0.8745117,0.21266945,0.34602833,0.19353291
grass,2051,-0.29467732,0.3833809,-0.20381247,-0.033082284
grass,2052,0.29492816,-0.47356436,-0.3718434,-0.21445854
grass,2053,0.66286,0.5089884,-0.2597228,-0.060541086
grass,2054,-0.14911258,-0.16959384,0.5099409,0.057860732
grass,2055,0.8980974,0.05848052,0.41765845,0.04412514
grass,2056,0.040320843,0.5275145,-0.382996,-0.010221038
grass,2057,0.11116414,-0.5119653,-0.119644545,-0.101115376
grass,2058,0.7550972,0.2926884,0.1611476,0.10454304
grass,2059,-0.39182252,0.17654291,0.102310315,-0.039437164
grass,2060,0.61646146,-0.2607855,-0.5098188,-0.2399922
grass,2061,0.5382287,0.5743686,-0.33934063,-0.06573765
grass,2062,0.0005667065,-0.29018512,0.34832484,0.03300438
grass,2063,0.88701034,0.15235373,0.5906658,0.22763407
grass,2064,-0.15601596,0.4699103,-0.31474423,-0.00907152
grass,2065,0.19000238,-0.5184009,-0.2628102,-0.16653925
grass,2066,0.68323714,0.45741478,-0.19418056,-0.03974246
grass,2067,-0.3046593,-0.03645491,0.44123006,0.026119275
grass,2068,0.87032676,-0.06379274,-0.287096,-0.14104868
grass,2069,0.27932453,0.564386,-0.39047614,-0.03616622
grass,2070,0.08339576,-0.447072,0.021050338,-0.048701204
grass,2071,0.8121436,0.24784055,0.28227666,0.15875778
grass,2072,-0.34846026,0.3096031,-0.10305984,-0.045266762
grass,2073,0.4213315,-0.3945882,-0.45777398,-0.24393912
grass,2074,0.6050552,0.55635834,-0.30996585,-0.069445126
grass,2075,-0.09393985,-0.20604588,0.4817624,0.056942727
grass,2076,0.8944984,0.09935545,0.6064269,0.14143308
grass,2077,-0.062841445,0.5000856,-0.35211658,-0.0044100834
grass,2078,0.12470075,-0.52019393,-0.1561381,-0.11632689
grass,2079,0.7102738,0.35424843,-0.002259294,0.034660116
grass,2080,-0.37135598,0.071642555,0.27754167,-0.013130628
grass,2081,0.73822814,-0.16838539,-0.49209577,-0.20745808
grass,2082,0.43176293,0.57579637,-0.3641668,-0.05447576
grass,2083,0.04940895,-0.34931913,0.21836664,0.0049771676
grass,2084,0.88329893,0.17257492,0.48327237,0.22309187
grass,2085,-0.2674563,0.40115297,-0.22602633,-0.027373597
grass,2086,0.29067445,-0.47214025,-0.3695149,-0.21329193
grass,2087,0.66965264,0.4945672,-0.24256575,-0.05786839
grass,2088,-0.22472839,-0.10645087,0.50685453,0.049079936
grass,2089,0.89900786,0.04223592,0.2981087,0.0055001676
grass,2090,0.14024626,0.5413812,-0.38835952,-0.01799547
grass,2091,0.09827098,-0.49211803,-0.07318335,-0.080173574
grass,2092,0.7617815,0.2785702,0.19392404,0.11681277
grass,2093,-0.3798148,0.21988653,0.03116719,-0.045902293
grass,2094,0.55109036,-0.30267537,-0.50382847,-0.247825
grass,2095,0.58883697,0.56087047,-0.3140976,-0.06901187
grass,2096,-0.0028439052,-0.27792957,0.36584592,0.03801252
grass,2097,0.89132893,0.124626376,0.64491934,0.19619067
grass,2098,-0.13227321,0.47489464,-0.31944022,-0.005662144
grass,2099,0.18000641,-0.51871306,-0.2510056,-0.16032827
grass,2100,0.6970445,0.38733578,-0.07753744,0.0028010828
grass,2101,-0.3311732,0.0040392657,0.38574877,0.010936422
grass,2102,0.84668934,-0.08169629,-0.36693445,-0.15674691
grass,2103,0.35109356,0.5677774,-0.37511656,-0.04399089
grass,2104,0.07771857,-0.41272637,0.08105658,-0.029002525
grass,2105,0.8759954,0.20647284,0.3543062,0.1963173
grass,2106,-0.31746492,0.34537137,-0.15250246,-0.040066373
grass,2107,0.3327221,-0.4458242,-0.40382928,-0.22658324
grass,2108,0.64376336,0.530089,-0.2790094,-0.068201475
grass,2109,-0.1060139,-0.19058211,0.4949128,0.059226822
grass,2110,0.8976218,0.065375715,0.42396602,0.055395182
grass,2111,0.04424018,0.5210161,-0.37266457,-0.0072029787
grass,2112,0.110581614,-0.5099576,-0.12151135,-0.09918925
grass,2113,0.7195533,0.3241628,0.06487086,0.06015775
grass,2114,-0.37831217,0.1177241,0.19889772,-0.027782403
grass,2115,0.6086856,-0.25808018,-0.5108564,-0.24114515
grass,2116,0.47430936,0.57279944,-0.3471112,-0.0584898
grass,2117,0.04725806,-0.33461595,0.24148427,0.012108937
grass,2118,0.8873444,0.15039563,0.57710034,0.22533357
grass,2119,-0.1825256,0.4504435,-0.28712377,-0.010526531
grass,2120,0.21317512,-0.5060404,-0.2932353,-0.17968656
grass,2121,0.6843067,0.44248712,-0.17540899,-0.036911078
grass,2122,-0.26382333,-0.06695243,0.4774369,0.03764917
grass,2123,0.897349,-0.014714891,-0.08125118,-0.09379257
grass,2124,0.22017948,0.54918385,-0.38296896,-0.026068037
grass,2125,0.090917036,-0.46575323,-0.02476727,-0.060256016
grass,2126,0.8209249,0.23413822,0.31071565,0.16964814
grass,2127,-0.35936555,0.265754,-0.04012081,-0.04819447
grass,2128,0.46271262,-0.35948795,-0.47844702,-0.24837951
grass,2129,0.5980727,0.555453,-0.3040596,-0.06947507
grass,2130,-0.05202546,-0.2269209,0.45014235,0.054479335
grass,2131,0.8940358,0.10343542,0.59754527,0.14846186
grass,2132,-0.05506585,0.4952772,-0.34322637,-0.0012903607
grass,2133,0.13917668,-0.5215808,-0.18875028,-0.12966128
grass,2134,0.70350486,0.3524399,-0.008078005,0.028584115
grass,2135,-0.35117012,0.04711273,0.3174428,-0.005563451
grass,2136,0.78164697,-0.12811145,-0.46688238,-0.18883313
grass,2137,0.42585158,0.5692445,-0.3543104,-0.052260753
grass,2138,0.07160314,-0.37872273,0.14185056,-0.010879947
grass,2139,0.8782805,0.1965256,0.3700765,0.20160751
grass,2140,-0.24532507,0.40905127,-0.23391825,-0.022662655
grass,2141,0.3083536,-0.45622241,-0.38592955,-0.21959865
grass,2142,0.67028373,0.49021578,-0.23633443,-0.059864584
grass,2143,-0.17606601,-0.13427071,0.5169177,0.056722805
grass,2144,0.89806783,0.05893298,0.36463657,0.037331715
grass,2145,0.14972879,0.53562,-0.37795612,-0.016082114
grass,2146,0.095841035,-0.4822213,-0.05973017,-0.071701296
grass,2147,0.7529974,0.27420238,0.19554815,0.11418294
grass,2148,-0.37000534,0.21863723,0.031439252,-0.046985425
grass,2149,0.5898708,-0.2667402,-0.5103076,-0.243833
grass,2150,0.54250324,0.56590897,-0.32066107,-0.065054104
grass,2151,0.012802581,-0.28025162,0.35000274,0.03716229
grass,2152,0.8903833,0.13121188,0.62187064,0.20617291
grass,2153,-0.13842984,0.4655649,-0.30442002,-0.0038757417
grass,2154,0.17394821,-0.5165585,-0.24459854,-0.1561825
grass,2155,0.6888728,0.4050326,-0.11766285,-0.017070528
grass,2156,-0.3236992,0.0070452313,0.38142774,0.0094791325
grass,2157,0.8835752,-0.035191953,-0.21774946,-0.11951492
grass,2158,0.32007617,0.5576745,-0.36836454,-0.037878565
grass,2159,0.087223545,-0.43586352,0.025054578,-0.041919295
grass,2160,0.8502521,0.21655522,0.34722593,0.18777093
grass,2161,-0.30181366,0.35127237,-0.15950292,-0.038067143
grass,2162,0.35311833,-0.42693615,-0.41977447,-0.23222372
grass,2163,0.62490976,0.54131067,-0.28479618,-0.070344746
grass,2164,-0.06899337,-0.2071908,0.47376585,0.058867816
grass,2165,0.89479584,0.09664049,0.55774564,0.12948525
grass,2166,0.035246994,0.5121609,-0.3597482,-0.00312095
grass,2167,0.11189087,-0.5100266,-0.12904416,-0.09999946
grass,2168,0.7078798,0.32952297,0.040491417,0.046404626
grass,2169,-0.37211588,0.14540172,0.15024139,-0.036072947
grass,2170,0.65685433,-0.21451603,-0.509885,-0.23088574
grass,2171,0.47439817,0.5670659,-0.33576772,-0.05721816
grass,2172,0.061518576,-0.34210008,0.21111876,0.007842066
grass,2173,0.88349867,0.17154914,0.45121348,0.2184624
grass,2174,-0.21919134,0.421966,-0.24830312,-0.016572379
grass,2175,0.22397886,-0.49677032,-0.30681872,-0.18529639
grass,2176,0.67807484,0.46334404,-0.20499083,-0.05189001
grass,2177,-0.23863144,-0.07977073,0.49103075,0.042995863
grass,2178,0.8998589,0.015903914,0.06650533,-0.052434806
grass,2179,0.19702114,0.53860027,-0.3722968,-0.020285968
grass,2180,0.09152994,-0.4572223,-0.017512195,-0.05430982
grass,2181,0.7830503,0.24541649,0.27312726,0.14773165
grass,2182,-0.36187136,0.22697711,0.017437033,-0.048286814
grass,2183,0.49450454,-0.33003092,-0.49123505,-0.24979785
grass,2184,0.5977589,0.5519344,-0.29419872,-0.06940133
grass,2185,0.0103506595,-0.269289,0.36553076,0.041658502
grass,2186,0.8920604,0.11927749,0.6127995,0.18319725
grass,2187,-0.06896277,0.48474386,-0.3267709,0.0017872201
grass,2188,0.14619352,-0.5191446,-0.2033248,-0.13524242
grass,2189,0.68964887,0.38454887,-0.0839052,-0.006016518
grass,2190,-0.34495702,0.053463697,0.30599216,-0.008750388
grass,2191,0.7938595,-0.11074602,-0.4546094,-0.18121812
grass,2192,0.37287194,0.559002,-0.35337755,-0.043715637
grass,2193,0.0855103,-0.4088579,0.06878469,-0.027069854
grass,2194,0.8596361,0.20877133,0.3602578,0.19384766
grass,2195,-0.28778142,0.35983747,-0.1697395,-0.035345078
grass,2196,0.33024344,-0.43709788,-0.40403834,-0.22643729
grass,2197,0.6615543,0.505232,-0.24822536,-0.066837475
grass,2198,-0.15220359,-0.14233617,0.5172799,0.05965358
grass,2199,0.89709586,0.0722357,0.41253054,0.06455166
grass,2200,0.058694117,0.51255363,-0.35700732,-0.002974202
grass,2201,0.103342004,-0.49882993,-0.10151532,-0.08586043
grass,2202,0.7321498,0.28238842,0.16068305,0.09545317
grass,2203,-0.3662062,0.14443101,0.15065624,-0.03672361
grass,2204,0.5702813,-0.27308357,-0.508861,-0.24603644
grass,2205,0.4949828,0.5636465,-0.32320398,-0.058857623
grass,2206,0.03265303,-0.28832927,0.3207635,0.03361334
grass,2207,0.8865655,0.15492122,0.5206291,0.22334862
grass,2208,-0.181345,0.43923706,-0.26762888,-0.008249637
grass,2209,0.19530152,-0.50585437,-0.27386564,-0.16943787
grass,2210,0.6800397,0.44853708,-0.18677896,-0.047823116
grass,2211,-0.28493574,-0.029370941,0.43476778,0.024132539
grass,2212,0.89665973,-0.0052009756,-0.093306236,-0.08743519
grass,2213,0.23421262,0.53970575,-0.36458886,-0.023661708
grass,2214,0.0903747,-0.43413493,0.018106079,-0.040603098
grass,2215,0.7873194,0.2371158,0.29171157,0.15467931
grass,2216,-0.31095615,0.32500255,-0.123996556,-0.042806134
grass,2217,0.4547516,-0.3531458,-0.47681686,-0.2482398
grass,2218,0.61442,0.5435872,-0.28068703,-0.07032873
grass,2219,-0.045382075,-0.21425758,0.4588097,0.058784995
grass,2220,0.8945741,0.098671556,0.5425029,0.13145435
grass,2221,-0.03179673,0.49057412,-0.33173993,0.0037111556
grass,2222,0.12039547,-0.5142185,-0.15436776,-0.10991925
grass,2223,0.6942287,0.34709576,-0.010840824,0.021468703
grass,2224,-0.3416909,0.058680102,0.29647058,-0.011251178
grass,2225,0.6953044,-0.17788303,-0.50324327,-0.21904886
grass,2226,0.44187996,0.5602853,-0.33210438,-0.051728748
grass,2227,0.070228055,-0.34100953,0.19931942,0.007929516
grass,2228,0.8801906,0.18778554,0.3788349,0.20478581
grass,2229,-0.23385811,0.40328524,-0.22221819,-0.020446934
grass,2230,0.24402377,-0.4822449,-0.32882702,-0.19489658
grass,2231,0.66669106,0.49477705,-0.23606816,-0.06586332
grass,2232,-0.19491383,-0.10594215,0.51043355,0.05249393
grass,2233,0.8993696,0.03366494,0.14198661,-0.024738874
grass,2234,0.11105875,0.51780796,-0.3570042,-0.006380459
grass,2235,0.097250946,-0.4821069,-0.06965419,-0.070361875
grass,2236,0.7602814,0.25026467,0.24934584,0.13322325
grass,2237,-0.35844195,0.19442344,0.06708501,-0.046499174
grass,2238,0.57157785,-0.26741746,-0.50922513,-0.24571535
grass,2239,0.548877,0.5576988,-0.30034962,-0.06434625
grass,2240,0.037707135,-0.28540558,0.31930244,0.034823284
grass,2241,0.88891184,0.14083557,0.5687583,0.21659833
grass,2242,-0.116619244,0.46312934,-0.29537892,0.0020724288
grass,2243,0.14258075,-0.516673,-0.1987244,-0.13163908
grass,2244,0.683808,0.400436,-0.1178631,-0.023566626
grass,2245,-0.3219275,0.027266715,0.3486871,0.00059554516
grass,2246,0.85819846,-0.050504457,-0.3316897,-0.13913369
grass,2247,0.34526223,0.5497178,-0.34649718,-0.03792611
grass,2248,0.088465594,-0.39587557,0.081540465,-0.020269994
grass,2249,0.8445287,0.20731974,0.3627027,0.19127373
grass,2250,-0.29287514,0.3410355,-0.14423776,-0.039053775
grass,2251,0.37552828,-0.4021633,-0.43565288,-0.23752512
grass,2252,0.65834165,0.50838184,-0.24589424,-0.06937217
grass,2253,-0.08545798,-0.17940488,0.49759725,0.06359425
grass,2254,0.89497054,0.09500891,0.51065457,0.11965256
grass,2255,0.0063908286,0.49537283,-0.3348721,0.004370221
grass,2256,0.11092261,-0.50771487,-0.13148431,-0.09735615
grass,2257,0.71161795,0.29516232,0.11338821,0.07154722
grass,2258,-0.357227,0.15374951,0.13299204,-0.040184658
grass,2259,0.68189496,-0.18307996,-0.50577444,-0.22253951
grass,2260,0.49683553,0.558368,-0.3109392,-0.05779559
grass,2261,0.069468126,-0.32732254,0.22060108,0.014560484
grass,2262,0.8865923,0.15476753,0.49979082,0.22144377
grass,2263,-0.17193078,0.43706602,-0.26103723,-0.0052631106
grass,2264,0.19586086,-0.5014474,-0.27507776,-0.16943514
grass,2265,0.6755347,0.46700916,-0.2073378,-0.059308007
grass,2266,-0.20673208,-0.091594525,0.5024483,0.048777234
grass,2267,0.89234024,-0.0074723084,-0.14678246,-0.094206765
grass,2268,0.21644476,0.5303001,-0.35397148,-0.018459786
grass,2269,0.0943484,-0.4570292,-0.029528651,-0.052886743
grass,2270,0.7506521,0.2508102,0.24135797,0.1274758
grass,2271,-0.3326779,0.26624313,-0.042978264,-0.049942147
grass,2272,0.42114973,-0.36923802,-0.4615819,-0.24501237
grass,2273,0.61903304,0.5385379,-0.26840672,-0.07055596
grass,2274,0.0013988893,-0.24076201,0.4057101,0.052541997
grass,2275,0.89152795,0.12319436,0.58606124,0.18911117
grass,2276,-0.06282457,0.47623503,-0.3097966,0.0069733798
grass,2277,0.13684832,-0.515275,-0.18941112,-0.12612315
grass,2278,0.68526167,0.36380395,-0.054213174,-0.00012448849
grass,2279,-0.33318904,0.05972429,0.29333207,-0.012630103
grass,2280,0.72834253,-0.14595847,-0.49308592,-0.20611563
grass,2281,0.3678344,0.5482278,-0.33562368,-0.039877553
grass,2282,0.09116327,-0.39288262,0.07978492,-0.018714353
grass,2283,0.8797366,0.18990129,0.37980834,0.20469625
grass,2284,-0.25760278,0.37337258,-0.18310218,-0.028896365
grass,2285,0.29716647,-0.4474274,-0.37838742,-0.21615848
grass,2286,0.6678395,0.49073085,-0.2280551,-0.06722431
grass,2287,-0.15958604,-0.12327357,0.51709145,0.058505878
grass,2288,0.8973191,0.06940784,0.34320125,0.050003566
grass,2289,0.11011729,0.5109519,-0.3455909,-0.003005112
grass,2290,0.09979085,-0.4901861,-0.08996329,-0.0760754
grass,2291,0.73043126,0.2637416,0.19778417,0.106411405
grass,2292,-0.35153043,0.15772398,0.12509672,-0.04187556
grass,2293,0.5976007,-0.24087885,-0.5114166,-0.24162167
grass,2294,0.5628092,0.55172664,-0.28428614,-0.06498237
grass,2295,0.059378006,-0.29912755,0.27525416,0.028175417
grass,2296,0.8874233,0.14992942,0.5105902,0.2202325
grass,2297,-0.106129564,0.46061283,-0.28799254,0.0056036776
grass,2298,0.17262912,-0.507402,-0.24496236,-0.154191
grass,2299,0.68008864,0.4180956,-0.14812446,-0.039607786
grass,2300,-0.24187465,-0.05672947,0.47033623,0.036113266
grass,2301,0.85560334,-0.045483228,-0.33861002,-0.1374742
grass,2302,0.3284524,0.5413542,-0.33748433,-0.03338202
grass,2303,0.09404055,-0.40745416,0.048843455,-0.02595204
grass,2304,0.811754,0.21245241,0.34859526,0.17890765
grass,2305,-0.2828643,0.34070554,-0.14227173,-0.038302273
grass,2306,0.35564232,-0.40879613,-0.4227888,-0.2331764
grass,2307,0.6463573,0.5199047,-0.24810192,-0.07154715
grass,2308,-0.059299655,-0.18814518,0.48492005,0.0644718
grass,2309,0.8944329,0.0999434,0.5100548,0.12961447
grass,2310,0.011105562,0.49007422,-0.32435584,0.0075886687
grass,2311,0.10558973,-0.50155944,-0.11744979,-0.08818595
grass,2312,0.69528913,0.30936566,0.06498481,0.047399033
grass,2313,-0.34654927,0.13027492,0.1705315,-0.03609228
grass,2314,0.6466294,-0.2017643,-0.5101714,-0.2312251
grass,2315,0.4924914,0.5531769,-0.30010498,-0.055878542
grass,2316,0.07521235,-0.32003358,0.2226022,0.017766202
grass,2317,0.88548636,0.16097485,0.4484708,0.21755111
grass,2318,-0.22878431,0.3931417,-0.20464186,-0.020184696
grass,2319,0.22386797,-0.48444423,-0.3075158,-0.1846151
grass,2320,0.67404693,0.4707413,-0.20809485,-0.06354393
grass,2321,-0.16403446,-0.11511827,0.51536506,0.057333376
grass,2322,0.899407,0.018810593,-0.02247439,-0.059355263
grass,2323,0.15921308,0.514903,-0.34217313,-0.0074435463
grass,2324,0.09642867,-0.47389704,-0.062967725,-0.062415786
grass,2325,0.7268212,0.25987935,0.20275822,0.10658189
grass,2326,-0.33210516,0.24134105,-0.0075902464,-0.05136046
grass,2327,0.5146712,-0.29676512,-0.4978713,-0.24935019
grass,2328,0.60241926,0.5414772,-0.26394862,-0.06881629
grass,2329,0.04234303,-0.2681921,0.33702677,0.04221209
grass,2330,0.8908828,0.12777622,0.56772834,0.19705482
grass,2331,-0.09349604,0.46111593,-0.28592238,0.008376423
grass,2332,0.134445,-0.51289445,-0.1858628,-0.123149335
grass,2333,0.6794565,0.38766447,-0.10335424,-0.024069712
grass,2334,-0.2816329,-0.009267123,0.40604275,0.015536827
grass,2335,0.7978876,-0.08732328,-0.4457664,-0.17273094
grass,2336,0.3462252,0.5396029,-0.32763198,-0.034702174
grass,2337,0.09402424,-0.37408748,0.10340379,-0.0093287835
grass,2338,0.8804293,0.18666317,0.38865843,0.20722099
grass,2339,-0.24648468,0.37401155,-0.1809782,-0.026822362
grass,2340,0.2948476,-0.44324076,-0.37612864,-0.21517523
grass,2341,0.6587169,0.5054683,-0.23322487,-0.07123279
grass,2342,-0.09116484,-0.16121162,0.5076602,0.06582452
grass,2343,0.89596415,0.085130095,0.41279015,0.08661982
grass,2344,0.0420346,0.4923934,-0.32390338,0.007539938
grass,2345,0.10155305,-0.49495798,-0.10335813,-0.07974904
grass,2346,0.7016145,0.28615597,0.12115795,0.06933971
grass,2347,-0.34155205,0.17652191,0.09219373,-0.04664497
grass,2348,0.6123155,-0.22267258,-0.51120913,-0.23826352
grass,2349,0.5463738,0.549062,-0.2772713,-0.061976593
grass,2350,0.06439041,-0.29070577,0.28068742,0.031860743
grass,2351,0.8869387,0.15277006,0.47628903,0.21869478
grass,2352,-0.1463591,0.43875033,-0.25585383,0.002016685
grass,2353,0.20398739,-0.49108616,-0.28447765,-0.17340894
grass,2354,0.67802995,0.4302656,-0.1647389,-0.05020014
grass,2355,-0.22113912,-0.06639261,0.4816057,0.04082286
grass,2356,0.86618215,-0.02842613,-0.3007455,-0.12374312
grass,2357,0.22646166,0.5210911,-0.33535457,-0.01554191
grass,2358,0.09717835,-0.42289063,0.013200651,-0.033012744
grass,2359,0.7695949,0.22367519,0.30968484,0.15490142
grass,2360,-0.30559212,0.29007733,-0.07616586,-0.04832593
grass,2361,0.42044297,-0.3591106,-0.4609068,-0.24478714
grass,2362,0.62653565,0.53057015,-0.24800296,-0.07082312
grass,2363,-0.008834943,-0.21483183,0.43961117,0.06107904
grass,2364,0.89282286,0.11342937,0.54051924,0.1633175
grass,2365,-0.03995435,0.47257546,-0.29820353,0.012548226
grass,2366,0.12556188,-0.5111313,-0.16946994,-0.11375402
grass,2367,0.68003297,0.3425797,-0.021694671,0.007333086
grass,2368,-0.32946768,0.08864227,0.24029455,-0.02490743
grass,2369,0.6890232,-0.16272973,-0.5020746,-0.21767595
grass,2370,0.43061495,0.54457337,-0.30356467,-0.045859944
grass,2371,0.094739325,-0.35560516,0.13206565,-0.00030802493
grass,2372,0.8773143,0.18461975,0.39307567,0.20795262
grass,2373,-0.21944338,0.39206186,-0.19961464,-0.018058622
grass,2374,0.26089135,-0.45984736,-0.34490407,-0.201686
grass,2375,0.66601175,0.49278128,-0.2203087,-0.0705368
grass,2376,-0.11572079,-0.14002442,0.5162419,0.06442659
grass,2377,0.8973461,0.06905785,0.28813732,0.041540902
grass,2378,0.1799428,0.5116527,-0.33145788,-0.007429812
grass,2379,0.09611761,-0.4646806,-0.052652124,-0.054902904
grass,2380,0.72054374,0.25422764,0.20929338,0.10621011
grass,2381,-0.32567915,0.23119287,0.006345814,-0.05222281
grass,2382,0.5647945,-0.2533019,-0.5073815,-0.24519734
grass,2383,0.58632433,0.5417865,-0.25751308,-0.06627826
grass,2384,0.0670066,-0.2849445,0.28547654,0.034395568
grass,2385,0.88917166,0.13918571,0.5249582,0.21264474
grass,2386,-0.10401512,0.45180818,-0.2691977,0.009951194
grass,2387,0.1464384,-0.50889194,-0.20595779,-0.1330136
grass,2388,0.67655617,0.38861576,-0.10839523,-0.030031204
grass,2389,-0.27327052,-0.0087265875,0.40474907,0.015107371
grass,2390,0.86048573,-0.029531134,-0.31999376,-0.12667707
grass,2391,0.33741987,0.5324009,-0.31736636,-0.03126868
grass,2392,0.09905277,-0.41501138,0.020388426,-0.028678408
grass,2393,0.8032274,0.20428547,0.36184227,0.18077005
grass,2394,-0.271936,0.3338844,-0.13093302,-0.038823113
grass,2395,0.3300357,-0.41574168,-0.40359592,-0.22617662
grass,2396,0.6529957,0.5107594,-0.22882979,-0.07225263
grass,2397,-0.029911548,-0.19355993,0.4695416,0.06582961
grass,2398,0.89436257,0.10057101,0.47506878,0.1261186
grass,2399,0.07255897,0.49180377,-0.31772402,0.008067881
grass,2400,0.09960873,-0.49114075,-0.09774031,-0.07453272
grass,2401,0.6921259,0.28696355,0.10857304,0.06047697
grass,2402,-0.32818705,0.10494465,0.21057779,-0.031073688
grass,2403,0.66996,-0.17253856,-0.5050914,-0.22286512
grass,2404,0.46490693,0.54371387,-0.2875977,-0.049701877
grass,2405,0.09535511,-0.33936873,0.15732788,0.00752231
grass,2406,0.88504326,0.16339314,0.41245165,0.21337359
grass,2407,-0.1867938,0.41059995,-0.21788612,-0.007442829
grass,2408,0.18803136,-0.49394977,-0.26397732,-0.16301283
grass,2409,0.676866,0.4326765,-0.16666304,-0.055040058
grass,2410,-0.19689488,-0.07817594,0.49361187,0.046550717
grass,2411,0.8889245,0.0043764105,-0.17437121,-0.08775157
grass,2412,0.24858391,0.51794934,-0.32284635,-0.01637363
grass,2413,0.09706386,-0.44767275,-0.030869639,-0.04431178
grass,2414,0.74302423,0.23019549,0.2795093,0.13681346
grass,2415,-0.31568944,0.24437556,-0.013383277,-0.05271694
grass,2416,0.42361742,-0.3505754,-0.46174178,-0.24491331
grass,2417,0.5975927,0.537335,-0.24647678,-0.06712187
grass,2418,0.004671508,-0.21508977,0.4309142,0.06176572
grass,2419,0.8910673,0.12648326,0.5402571,0.19291468
grass,2420,-0.0740105,0.4578479,-0.27408138,0.01451119
grass,2421,0.13090286,-0.50912744,-0.17947581,-0.11829835
grass,2422,0.6743283,0.36301208,-0.06773394,-0.015580659
grass,2423,-0.2930868,0.026194664,0.3469707,-0.001123664
grass,2424,0.7232417,-0.13017654,-0.4899733,-0.20344144
grass,2425,0.4010829,0.5361767,-0.29815993,-0.039760154
grass,2426,0.10105839,-0.35838708,0.113406844,-0.0017771109
grass,2427,0.8504013,0.18616419,0.3969542,0.2034012
grass,2428,-0.22849143,0.3754547,-0.17707598,-0.022955276
grass,2429,0.31584844,-0.42134735,-0.39195964,-0.22168055
grass,2430,0.658069,0.50414526,-0.2196948,-0.0724738
grass,2431,-0.0931513,-0.14685366,0.5124887,0.067003444
grass,2432,0.89712006,0.07193422,0.27576706,0.044232283
grass,2433,0.08004798,0.48935357,-0.31171316,0.009355921
grass,2434,0.09964646,-0.49204305,-0.10063776,-0.074639305
grass,2435,0.6960502,0.2705319,0.14901702,0.076027125
grass,2436,-0.3233978,0.20151743,0.04975223,-0.0518139
grass,2437,0.5493036,-0.25780132,-0.50393367,-0.24616142
grass,2438,0.53992003,0.5423752,-0.25907558,-0.059157778
grass,2439,0.08154374,-0.2918592,0.2552028,0.030703286
grass,2440,0.88932997,0.13817073,0.51024234,0.21083692
grass,2441,-0.10161583,0.44702315,-0.25800407,0.012734133
grass,2442,0.15308005,-0.50424516,-0.21524742,-0.13751495
grass,2443,0.6744609,0.39552462,-0.12094679,-0.039106887
grass,2444,-0.25662202,-0.01805319,0.41849878,0.019365773
grass,2445,0.8605304,-0.022709997,-0.31766918,-0.12242486
grass,2446,0.2836287,0.51911825,-0.31281435,-0.020503657
grass,2447,0.09977326,-0.4277911,-0.006538498,-0.033633363
grass,2448,0.80386305,0.19745371,0.37496382,0.18504064
grass,2449,-0.26948455,0.3238469,-0.117008924,-0.040959805
grass,2450,0.35199878,-0.3957007,-0.41832155,-0.23168117
grass,2451,0.62859344,0.5254456,-0.22904262,-0.07041478
grass,2452,-0.030941285,-0.18396756,0.4773078,0.068162136
grass,2453,0.89264417,0.114827864,0.51338375,0.16375639
grass,2454,-0.010689288,0.47012419,-0.28766897,0.017750347
grass,2455,0.1042327,-0.49966478,-0.11973881,-0.08434626
grass,2456,0.6743601,0.32043192,0.015164434,0.01703073
grass,2457,-0.308463,0.067279436,0.27436468,-0.019011222
grass,2458,0.65854925,-0.17403734,-0.50525326,-0.22484854
grass,2459,0.4699022,0.5389107,-0.2739336,-0.048830077
grass,2460,0.09688972,-0.31880495,0.18784042,0.017289301
grass,2461,0.88391757,0.16937737,0.39493752,0.21105222
grass,2462,-0.18359381,0.40562704,-0.20740087,-0.006548736
grass,2463,0.24726513,-0.45961538,-0.3293557,-0.19467211
grass,2464,0.67212135,0.47531006,-0.19843866,-0.07030644
grass,2465,-0.16583532,-0.09394023,0.50611115,0.053855695
grass,2466,0.8989289,0.043884028,0.050749894,-0.024318071
grass,2467,0.15611354,0.49786672,-0.31219935,0.0010173838
grass,2468,0.096614815,-0.45644605,-0.04710996,-0.047304742
grass,2469,0.7013123,0.25517294,0.18881464,0.09164498
grass,2470,-0.31843075,0.19782628,0.05443162,-0.05224146
grass,2471,0.4633799,-0.31618276,-0.47848397,-0.24783011
grass,2472,0.5906742,0.5353161,-0.23626116,-0.065292515
grass,2473,0.05134435,-0.2446152,0.35821962,0.05207566
grass,2474,0.89130837,0.12477312,0.52312213,0.18823548
grass,2475,-0.08838631,0.4480554,-0.25609946,0.01599301
grass,2476,0.14685395,-0.50393736,-0.20487097,-0.13172686
grass,2477,0.67223865,0.3839752,-0.10550941,-0.035127226
grass,2478,-0.25777245,-0.010705252,0.40664855,0.01571793
grass,2479,0.7749362,-0.0853703,-0.45968193,-0.17764907
grass,2480,0.35158315,0.5246214,-0.29601696,-0.030151324
grass,2481,0.1042748,-0.4012316,0.027581172,-0.020992925
grass,2482,0.8493496,0.18124524,0.404501,0.20559683
grass,2483,-0.24822323,0.34416243,-0.13899624,-0.03386481
grass,2484,0.30912945,-0.4202339,-0.3850858,-0.21902424
grass,2485,0.6511669,0.50987434,-0.21359122,-0.072482504
grass,2486,-0.057090722,-0.16196525,0.49959493,0.06975419
grass,2487,0.8956756,0.08811504,0.35834008,0.084124
grass,2488,0.110933416,0.48846567,-0.30419064,0.008810836
grass,2489,0.09830323,-0.49012262,-0.09782641,-0.07109486
grass,2490,0.6758704,0.2959714,0.069248326,0.037983663
grass,2491,-0.31889752,0.14399938,0.1401188,-0.044043615
grass,2492,0.6074124,-0.20801516,-0.50771683,-0.23663309
grass,2493,0.52137345,0.5381495,-0.25179616,-0.055235296
grass,2494,0.08948257,-0.28910086,0.24730991,0.031631272
grass,2495,0.8862815,0.1565378,0.41495922,0.21373163
grass,2496,-0.12332926,0.43335602,-0.23551466,0.01109084
grass,2497,0.1711726,-0.49467316,-0.23929451,-0.15010776
grass,2498,0.6751453,0.4249241,-0.15591303,-0.05739544
grass,2499,-0.19345652,-0.06868264,0.4847349,0.043845117
grass,2500,0.8830626,0.0067701926,-0.21319792,-0.090005666
grass,2501,0.28188357,0.51284534,-0.30147564,-0.017870605
grass,2502,0.097666256,-0.44786736,-0.038296934,-0.04164756
grass,2503,0.7565618,0.20914492,0.33306333,0.15817045
grass,2504,-0.29813397,0.25127488,-0.02393099,-0.05363455
grass,2505,0.3789721,-0.3717656,-0.43453303,-0.23721439
grass,2506,0.60941786,0.5293483,-0.22299725,-0.067251705
grass,2507,0.033202685,-0.22139251,0.40297502,0.060797885
grass,2508,0.8913781,0.12427393,0.5123452,0.18645231
grass,2509,-0.02420403,0.4617648,-0.27165544,0.021439176
grass,2510,0.110292114,-0.5031731,-0.13691746,-0.09301947
grass,2511,0.6679997,0.33655176,-0.025937492,-0.003960274
grass,2512,-0.2964081,0.05805864,0.28849518,-0.016394746
grass,2513,0.7426684,-0.10463921,-0.47746003,-0.19167027
grass,2514,0.41331255,0.52860487,-0.2758651,-0.038710933
grass,2515,0.10914753,-0.3534827,0.102382265,0.00052787946
grass,2516,0.88222945,0.17146736,0.4061199,0.21340811
grass,2517,-0.19085222,0.39334798,-0.18917955,-0.009961317
grass,2518,0.22363284,-0.46811324,-0.30243003,-0.18205148
grass,2519,0.6664267,0.48972464,-0.19855966,-0.07299781
grass,2520,-0.13046773,-0.11106514,0.51398027,0.06120908
grass,2521,0.8986599,0.0490856,0.052113645,-0.017957773
grass,2522,0.1027306,0.48352554,-0.29608995,0.011981896
grass,2523,0.09541733,-0.47802392,-0.077943996,-0.05897078
grass,2524,0.6893404,0.25744426,0.1712584,0.080509394
grass,2525,-0.30574793,0.21532065,0.026668848,-0.054536033
grass,2526,0.5272986,-0.2633622,-0.49704665,-0.2466965
grass,2527,0.5550548,0.53515834,-0.23402053,-0.059164744
grass,2528,0.08470255,-0.27128544,0.28125307,0.039989974
grass,2529,0.8905057,0.13037847,0.50248235,0.19885254
grass,2530,-0.08642773,0.4434323,-0.2446426,0.018881796
grass,2531,0.13467054,-0.5036196,-0.18353018,-0.11966668
grass,2532,0.67128175,0.39436117,-0.121011205,-0.045495726
grass,2533,-0.22737494,-0.034189366,0.4413724,0.027395176
grass,2534,0.7979504,-0.06160614,-0.43523702,-0.16205405
grass,2535,0.32812962,0.51573974,-0.28821394,-0.024260899
grass,2536,0.107404,-0.39567873,0.02718926,-0.017697124
grass,2537,0.7954728,0.1901279,0.38689262,0.1865316
grass,2538,-0.25926796,0.316376,-0.105189696,-0.042200483
grass,2539,0.33235636,-0.39980727,-0.40141913,-0.22560968
grass,2540,0.64012307,0.5158206,-0.20642899,-0.07099474
grass,2541,-0.023560531,-0.17533967,0.48014244,0.07086169
grass,2542,0.8944784,0.09953583,0.4065317,0.11430079
grass,2543,0.060490843,0.47446582,-0.28511184,0.01849625
grass,2544,0.10400979,-0.49895218,-0.12077077,-0.08296793
grass,2545,0.6660223,0.3159925,0.01352986,0.010648366
grass,2546,-0.30884248,0.12339932,0.17250533,-0.040217824
grass,2547,0.6893613,-0.13994564,-0.4953352,-0.21214774
grass,2548,0.50118214,0.53298855,-0.24489737,-0.05088051
grass,2549,0.10262272,-0.2987704,0.2099638,0.026448473
grass,2550,0.8870686,0.15201373,0.41757533,0.21357293
grass,2551,-0.16742629,0.4050642,-0.19808379,-0.0010894712
grass,2552,0.20201817,-0.47677854,-0.27615994,-0.1691776
grass,2553,0.67485845,0.45896915,-0.17851639,-0.07005406
grass,2554,-0.14112201,-0.09976974,0.50926495,0.058037575
grass,2555,0.890002,0.021926055,-0.15910684,-0.071222894
grass,2556,0.23466891,0.5000126,-0.2937263,-0.0073623518
grass,2557,0.09639819,-0.45509192,-0.049709886,-0.043262426
grass,2558,0.7330107,0.21334332,0.30947644,0.14292999
grass,2559,-0.29557434,0.23201525,0.0020873249,-0.055294257
grass,2560,0.4590074,-0.3093985,-0.47399738,-0.24664275
grass,2561,0.60293263,0.52777225,-0.21222952,-0.06534116
grass,2562,0.03853974,-0.21568212,0.40491024,0.06306619
grass,2563,0.8914634,0.12366067,0.49489453,0.18395166
grass,2564,-0.04303544,0.45226178,-0.2534159,0.02446067
grass,2565,0.11280344,-0.50251985,-0.14176778,-0.095271364
grass,2566,0.6642065,0.34429637,-0.045726653,-0.01597266
grass,2567,-0.26385474,0.0143063925,0.3631824,0.0027205588
grass,2568,0.73897225,-0.100569054,-0.47605747,-0.19094399
grass,2569,0.4002103,0.52176213,-0.26679865,-0.034875497
grass,2570,0.11329364,-0.36275682,0.0736427,-0.0033901683
grass,2571,0.82663757,0.17838672,0.41104597,0.20230143
grass,2572,-0.22986645,0.34793192,-0.1379931,-0.030247623
grass,2573,0.2896949,-0.4243128,-0.36529645,-0.21105742
grass,2574,0.6661583,0.48944274,-0.18948174,-0.073496856
grass,2575,-0.07140802,-0.14116842,0.5097189,0.07016437
grass,2576,0.8960318,0.084415436,0.28561157,0.06663038
grass,2577,0.12677701,0.48150814,-0.28719836,0.011759566
grass,2578,0.09587553,-0.48650157,-0.09108246,-0.06444907
grass,2579,0.6712918,0.2746525,0.111361295,0.050796214
grass,2580,-0.30497116,0.15720911,0.11466064,-0.049134366
grass,2581,0.58109826,-0.21705443,-0.5033509,-0.23958929
grass,2582,0.5403257,0.5314306,-0.22543629,-0.05569529
grass,2583,0.10794725,-0.3000388,0.19798458,0.025556177
grass,2584,0.8882401,0.14501216,0.4354016,0.21269904
grass,2585,-0.110798955,0.4297486,-0.22161014,0.016780294
grass,2586,0.15474553,-0.49517426,-0.21231894,-0.13568611
grass,2587,0.6717001,0.40752932,-0.13553487,-0.055557474
grass,2588,-0.18112844,-0.06679798,0.482427,0.044175588
grass,2589,0.8428764,-0.02074586,-0.35932344,-0.12724295
grass,2590,0.2941668,0.5051952,-0.28142405,-0.016304957
grass,2591,0.10439951,-0.4177914,-0.009349221,-0.025413226
grass,2592,0.7751274,0.19058141,0.3799599,0.17860465
grass,2593,-0.27500123,0.27128485,-0.05009782,-0.05230354
grass,2594,0.3786733,-0.36291257,-0.4311146,-0.23618032
grass,2595,0.6470214,0.5095401,-0.19268084,-0.071434565
grass,2596,0.03395775,-0.20620221,0.41893584,0.06623942
grass,2597,0.89278036,0.11376379,0.45951864,0.15541786
grass,2598,0.031535614,0.46410587,-0.26727894,0.024797792
grass,2599,0.10686571,-0.49976766,-0.1276449,-0.08648725
grass,2600,0.66091204,0.31821162,0.002286103,0.002353013
grass,2601,-0.28842774,0.07085294,0.2619121,-0.023514045
grass,2602,0.72398144,-0.107441,-0.48081702,-0.19614163
grass,2603,0.46289703,0.5254924,-0.24314442,-0.043626547
grass,2604,0.11646766,-0.3520069,0.08544049,0.0014181463
grass,2605,0.8855552,0.16059572,0.40084502,0.21367559
grass,2606,-0.18195882,0.38811564,-0.17538601,-0.0080333
grass,2607,0.21796502,-0.4642051,-0.2919435,-0.1772857
grass,2608,0.6742308,0.4640864,-0.17440951,-0.07236041
grass,2609,-0.080894455,-0.1312068,0.5123645,0.06917165
grass,2610,0.89857376,0.050637808,0.004989754,-0.022076523
grass,2611,0.17494474,0.48524877,-0.28308138,0.0057366365
grass,2612,0.095183745,-0.4589003,-0.055161398,-0.04293144
grass,2613,0.69833636,0.22842053,0.24733652,0.10990808
grass,2614,-0.282692,0.24379715,-0.014624432,-0.05561292
grass,2615,0.5027229,-0.27145767,-0.48727646,-0.24644326
grass,2616,0.6042313,0.52445704,-0.19898176,-0.06444779
grass,2617,0.07700288,-0.24023487,0.33542424,0.0537957
grass,2618,0.8897123,0.13568722,0.4617681,0.2059834
grass,2619,-0.08219206,0.43667436,-0.22650525,0.023683056
grass,2620,0.12500587,-0.5007982,-0.16319774,-0.10783747
grass,2621,0.6686219,0.3935629,-0.11987497,-0.05136144
grass,2622,-0.22016983,-0.028064711,0.43093398,0.024356876
grass,2623,0.83081865,-0.02633721,-0.38212973,-0.13435052
grass,2624,0.36382395,0.51169014,-0.26275125,-0.027069513
grass,2625,0.10992619,-0.39805818,0.0111516565,-0.016820423
grass,2626,0.7840845,0.18406372,0.3956411,0.18614298
grass,2627,-0.21409982,0.3553872,-0.14177811,-0.025229445
grass,2628,0.29458934,-0.41629025,-0.36697614,-0.21202992
grass,2629,0.66485757,0.49074608,-0.18016326,-0.073618665
grass,2630,-0.019957297,-0.1651373,0.4848795,0.07333847
grass,2631,0.8946,0.098436795,0.35939845,0.105222315
grass,2632,0.0806576,0.46881637,-0.26973578,0.02169823
grass,2633,0.09481733,-0.4859166,-0.08904552,-0.061900195
grass,2634,0.660023,0.29054672,0.061331827,0.025699936
grass,2635,-0.2922031,0.10227826,0.20475031,-0.035990655
grass,2636,0.5689209,-0.21989337,-0.49981755,-0.24030107
grass,2637,0.5261268,0.52706105,-0.2167007,-0.052187793
grass,2638,0.117286794,-0.30857882,0.16420107,0.021042315
grass,2639,0.8876178,0.14877343,0.407996,0.21240945
grass,2640,-0.12704833,0.41759327,-0.20141117,0.0137800025
grass,2641,0.16986741,-0.4857536,-0.23050779,-0.14580038
grass,2642,0.6737869,0.42795932,-0.1503799,-0.06584333
grass,2643,-0.16710055,-0.070722006,0.4861053,0.046866745
grass,2644,0.89162153,0.033559885,-0.13874339,-0.057888914
grass,2645,0.23902906,0.49132398,-0.27509433,-0.0040921215
grass,2646,0.09811261,-0.44303665,-0.039909303,-0.033759244
grass,2647,0.7260493,0.20422539,0.3251498,0.1455907
grass,2648,-0.27213904,0.25705615,-0.03195517,-0.054759894
grass,2649,0.37850198,-0.35763687,-0.42852715,-0.2353986
grass,2650,0.6230114,0.5182469,-0.18619175,-0.066791594
grass,2651,0.05806066,-0.21575984,0.3871077,0.06357381
grass,2652,0.89292806,0.112598896,0.43498707,0.14966744
grass,2653,-0.038814496,0.44532466,-0.23511419,0.029948285
grass,2654,0.11394878,-0.4997368,-0.14093058,-0.09450676
grass,2655,0.6597322,0.35113955,-0.063133165,-0.029284552
grass,2656,-0.28042668,0.0706073,0.25973207,-0.02463345
grass,2657,0.6860727,-0.12947579,-0.49043807,-0.2094243
grass,2658,0.434344,0.51762354,-0.23855226,-0.037569508
grass,2659,0.1200389,-0.35441712,0.06979761,0.0007259651
grass,2660,0.8177574,0.17244105,0.42083284,0.20323579
grass,2661,-0.17584367,0.38556993,-0.16740413,-0.0065653306
grass,2662,0.2467515,-0.44330612,-0.3198793,-0.19109324
grass,2663,0.6705185,0.4790182,-0.17109644,-0.07409246
grass,2664,-0.09291142,-0.117469236,0.5124997,0.0669316
grass,2665,0.89589494,0.08585552,0.24912381,0.06393759
grass,2666,0.12487313,0.47213557,-0.26847848,0.017195806
grass,2667,0.09463333,-0.45717132,-0.05362438,-0.039458428
grass,2668,0.6720275,0.24669693,0.17761785,0.074872516
grass,2669,-0.28956717,0.17812653,0.0781836,-0.054721266
grass,2670,0.56659216,-0.21786134,-0.4979296,-0.23988216
grass,2671,0.5471761,0.525094,-0.20223394,-0.05446093
grass,2672,0.09402173,-0.2477715,0.30267522,0.050154306
grass,2673,0.8896523,0.13608012,0.44378135,0.20595182
grass,2674,-0.07916207,0.43284762,-0.21545231,0.026718592
grass,2675,0.1387415,-0.49522784,-0.18295197,-0.11955493
grass,2676,0.6653424,0.38452262,-0.10909895,-0.050599277
grass,2677,-0.21319373,-0.027044319,0.428167,0.0238058
grass,2678,0.82410395,-0.025241977,-0.38994652,-0.13543978
grass,2679,0.33628815,0.5024137,-0.2563067,-0.02040754
grass,2680,0.109822094,-0.40268478,-0.0008837646,-0.017051574
grass,2681,0.77411604,0.18129101,0.398167,0.18409668
grass,2682,-0.25327212,0.28603578,-0.066426694,-0.049774315
grass,2683,0.31047344,-0.40104607,-0.37747836,-0.21669866
grass,2684,0.65261334,0.5026443,-0.17214948,-0.07143334
grass,2685,0.019692635,-0.18239751,0.45171675,0.072849095
grass,2686,0.89383096,0.10519098,0.3805313,0.12384934
grass,2687,0.03959874,0.45708913,-0.24996406,0.029878605
grass,2688,0.093688056,-0.48515743,-0.08603351,-0.05907948
grass,2689,0.65336615,0.30201915,0.027423821,0.0076604187
grass,2690,-0.28418523,0.1022704,0.20200557,-0.03737687
grass,2691,0.67557347,-0.13350897,-0.4910805,-0.21200015
grass,2692,0.4626691,0.5178805,-0.22293192,-0.04105523
grass,2693,0.12453328,-0.33034244,0.105635226,0.0109518645
grass,2694,0.88620234,0.15698525,0.4069241,0.21573819
grass,2695,-0.14617361,0.40190193,-0.17892836,0.0069150524
grass,2696,0.18931013,-0.47287306,-0.25238237,-0.15778014
grass,2697,0.67501473,0.44452825,-0.15462832,-0.07166959
grass,2698,-0.12560917,-0.09322794,0.5040629,0.05849703
grass,2699,0.8975894,0.065819606,0.068278365,0.0060605616
grass,2700,0.21715504,0.4824341,-0.26477903,0.0024572886
grass,2701,0.09427369,-0.45598882,-0.05228949,-0.037182793
grass,2702,0.6775286,0.23157811,0.21970986,0.09200747
grass,2703,-0.27526373,0.2223574,0.013153623,-0.057965413
grass,2704,0.44709703,-0.30301744,-0.4625395,-0.24379058
grass,2705,0.5864917,0.5216771,-0.18248112,-0.059677828
grass,2706,0.089364894,-0.23475021,0.327494,0.05591605
grass,2707,0.89191514,0.12035911,0.44510585,0.17212234
grass,2708,-0.03813561,0.44080365,-0.22313431,0.03324953
grass,2709,0.11245652,-0.49764234,-0.13508554,-0.091088876
grass,2710,0.66235846,0.37576625,-0.09874838,-0.048439115
grass,2711,-0.24272838,0.013183675,0.35998484,0.0016220671
grass,2712,0.8024823,-0.037474487,-0.41728112,-0.14815117
grass,2713,0.41078508,0.50976425,-0.23256409,-0.0321079
grass,2714,0.122158304,-0.36003822,0.050275445,-0.0009374321
grass,2715,0.7787107,0.1766098,0.40860304,0.18875311
grass,2716,-0.2045746,0.34990323,-0.12988876,-0.025276827
grass,2717,0.25786978,-0.432113,-0.32773355,-0.19515541
grass,2718,0.6603893,0.4946658,-0.16349779,-0.072565734
grass,2719,-0.015702711,-0.15618807,0.4876921,0.075379774
grass,2720,0.8958708,0.08610727,0.22180837,0.060444757
grass,2721,0.089564905,0.4615401,-0.25242826,0.025937578
grass,2722,0.09211989,-0.48133773,-0.07853731,-0.053619295
grass,2723,0.66216576,0.24868795,0.16179551,0.0646042
grass,2724,-0.2830777,0.13654791,0.14206173,-0.048332985
grass,2725,0.57640266,-0.20449618,-0.49603227,-0.23700497
grass,2726,0.52625465,0.5205234,-0.19557142,-0.049882784
grass,2727,0.124121785,-0.29026604,0.18220472,0.029115587
grass,2728,0.8880622,0.14609776,0.398606,0.21150571
grass,2729,-0.11302246,0.4156778,-0.18851833,0.020119227
grass,2730,0.16353953,-0.48285785,-0.21583658,-0.13848276
grass,2731,0.66998893,0.41068807,-0.13168105,-0.06446022
grass,2732,-0.19518457,-0.036708515,0.4414644,0.02929311
grass,2733,0.88357395,0.031650104,-0.19791155,-0.06666309
grass,2734,0.25252476,0.4843804,-0.2559113,-0.0028051655
grass,2735,0.10771523,-0.41083536,-0.014197546,-0.018018853
grass,2736,0.7073781,0.20189615,0.31702697,0.13637832
grass,2737,-0.23392493,0.3048505,-0.085185975,-0.044264693
grass,2738,0.36200437,-0.36087096,-0.41297632,-0.23039539
grass,2739,0.64371586,0.5063781,-0.16126269,-0.06895791
grass,2740,0.06970607,-0.2098606,0.38243985,0.066023394
grass,2741,0.892753,0.11397795,0.41012242,0.15079318
grass,2742,-0.017493317,0.44229293,-0.22239824,0.036072
grass,2743,0.09828767,-0.49238443,-0.10168957,-0.06956538
grass,2744,0.64961517,0.31786457,-0.010796253,-0.012293849
grass,2745,-0.2560611,0.04284507,0.30534244,-0.01401305
grass,2746,0.67317486,-0.12920617,-0.48823744,-0.2107885
grass,2747,0.43987504,0.51059663,-0.21710043,-0.035885878
grass,2748,0.12568481,-0.3513753,0.05734994,0.0027138272
grass,2749,0.83457386,0.16227722,0.43359643,0.21171947
grass,2750,-0.17757633,0.37191135,-0.14619297,-0.010925591
grass,2751,0.21749084,-0.45370695,-0.2823411,-0.17357673
grass,2752,0.6732855,0.4693235,-0.1538298,-0.074686565
grass,2753,-0.077735126,-0.11660576,0.5098416,0.06894152
grass,2754,0.8964994,0.0792958,0.14685474,0.037713327
grass,2755,0.16495883,0.4692102,-0.25315422,0.014988488
grass,2756,0.09707722,-0.44185928,-0.040531877,-0.02808243
grass,2757,0.66767544,0.23159218,0.20943329,0.08417311
grass,2758,-0.27632305,0.17506072,0.07959398,-0.056474928
grass,2759,0.48956966,-0.26611775,-0.47598895,-0.24405871
grass,2760,0.6020103,0.5169879,-0.16494936,-0.06093052
grass,2761,0.107182145,-0.24410713,0.28885847,0.0512656
grass,2762,0.8892792,0.13849701,0.41079003,0.20761915
grass,2763,-0.072901994,0.42739028,-0.19809993,0.031916406
grass,2764,0.116078824,-0.49539682,-0.13836353,-0.09359515
grass,2765,0.66506743,0.3923702,-0.11498976,-0.059481166
grass,2766,-0.19224022,-0.034998447,0.4380472,0.028381912
grass,2767,0.7940906,-0.037529245,-0.42198002,-0.14996323
grass,2768,0.3294341,0.49287862,-0.23885804,-0.016114192
grass,2769,0.11962804,-0.37708005,0.018302457,-0.0059786644
grass,2770,0.74012583,0.18275489,0.3811642,0.1683051
grass,2771,-0.22905523,0.303996,-0.08298583,-0.04433778
grass,2772,0.30621758,-0.39627895,-0.36847597,-0.21351714
grass,2773,0.6611347,0.49251485,-0.15166028,-0.07220146
grass,2774,0.016721925,-0.16842046,0.4642392,0.07621626
grass,2775,0.8950339,0.09441001,0.26107353,0.08248301
grass,2776,0.034051217,0.44822764,-0.22951062,0.03614601
grass,2777,0.093524985,-0.4871631,-0.086285174,-0.059029832
grass,2778,0.64542854,0.2903449,0.04352004,0.009306281
grass,2779,-0.27404046,0.12088048,0.16545656,-0.04556291
grass,2780,0.58223355,-0.19424272,-0.493284,-0.23450427
grass,2781,0.47955552,0.51251155,-0.1974405,-0.041260023
grass,2782,0.13079602,-0.29067808,0.16655439,0.028473131
grass,2783,0.8874196,0.14995152,0.3997572,0.21458255
grass,2784,-0.13557653,0.39894652,-0.16533166,0.011243784
grass,2785,0.1587297,-0.48158282,-0.20478092,-0.1329199
grass,2786,0.6716113,0.42101127,-0.13394287,-0.06962306
grass,2787,-0.10077506,-0.099313155,0.50545096,0.06310861
grass,2788,0.8910278,0.04634441,-0.13567723,-0.044103824
grass,2789,0.27236733,0.4820594,-0.24284323,-0.004479085
grass,2790,0.098575555,-0.43568307,-0.036134668,-0.024012567
grass,2791,0.700597,0.19800247,0.32096693,0.13522923
grass,2792,-0.2484249,0.2589672,-0.03371168,-0.05588706
grass,2793,0.3777067,-0.34479213,-0.41992125,-0.2327986
grass,2794,0.6354933,0.50781,-0.14959425,-0.06630994
grass,2795,0.09611657,-0.22389491,0.33369982,0.060360633
grass,2796,0.89135903,0.1244107,0.4256359,0.18248482
grass,2797,-0.045690928,0.4318823,-0.20071007,0.037745915
grass,2798,0.09983215,-0.49226183,-0.10278468,-0.07079323
grass,2799,0.6474867,0.32735935,-0.031822737,-0.024877481
grass,2800,-0.25172612,0.049217153,0.2909539,-0.01815695
grass,2801,0.71231043,-0.093859546,-0.47232965,-0.19248797
grass,2802,0.43650565,0.50556153,-0.20580858,-0.033809442
grass,2803,0.13213928,-0.33390987,0.07487699,0.009801511
grass,2804,0.7895539,0.16603,0.43010446,0.19873361
grass,2805,-0.19038987,0.35014716,-0.122970045,-0.022383654
grass,2806,0.24684301,-0.43208644,-0.31029588,-0.1877471
grass,2807,0.67069536,0.47703528,-0.14425966,-0.07428289
grass,2808,-0.042314783,-0.13082622,0.5034617,0.074379385
grass,2809,0.897008,0.07331806,0.06435062,0.016590483
grass,2810,0.09079217,0.45339862,-0.23404501,0.031119965
grass,2811,0.08959113,-0.47042057,-0.06063668,-0.039923362
grass,2812,0.6481742,0.25184348,0.13781428,0.04882554
grass,2813,-0.26938698,0.16200767,0.09732683,-0.05591043
grass,2814,0.5021659,-0.25120914,-0.47663847,-0.24259214
grass,2815,0.5650687,0.5157943,-0.16199163,-0.05358894
grass,2816,0.13288353,-0.28124604,0.1793966,0.03265203
grass,2817,0.8900634,0.1333649,0.41102463,0.20178151
grass,2818,-0.09579857,0.41519102,-0.17657024,0.02798861
grass,2819,0.15288454,-0.4820508,-0.19347435,-0.12696724
grass,2820,0.6704325,0.4167607,-0.12862824,-0.06979253
grass,2821,-0.18175045,-0.037562337,0.44036362,0.030007852
grass,2822,0.8083477,-0.021286668,-0.40096578,-0.13648921
grass,2823,0.31265563,0.48513284,-0.23038873,-0.011102963
grass,2824,0.11090962,-0.4027466,-0.013085494,-0.012106123
grass,2825,0.7044525,0.19131348,0.33966425,0.1427932
grass,2826,-0.23026718,0.28639856,-0.063250504,-0.049782578
grass,2827,0.31771916,-0.38392293,-0.37421116,-0.21623684
grass,2828,0.6424605,0.50367194,-0.14056358,-0.0671058
grass,2829,0.05220318,-0.1833023,0.4271102,0.07466802
grass,2830,0.8928524,0.113196805,0.37482548,0.14482252
grass,2831,0.017129414,0.44093308,-0.21320182,0.040972568
grass,2832,0.09424531,-0.4880164,-0.08651679,-0.059791904
grass,2833,0.6447733,0.32388356,-0.027890876,-0.025247175
grass,2834,-0.2495907,0.054602787,0.27930242,-0.021428121
grass,2835,0.60934854,-0.16795462,-0.49039328,-0.22701265
grass,2836,0.4650164,0.5065348,-0.18947023,-0.037512988
grass,2837,0.13594097,-0.3238269,0.08514167,0.013873857
grass,2838,0.8808402,0.1507984,0.41856658,0.21837907
grass,2839,-0.12482104,0.39974177,-0.15893619,0.016209554
grass,2840,0.17212118,-0.47201213,-0.21872482,-0.14127971
grass,2841,0.6738643,0.43519956,-0.13364287,-0.07382121
grass,2842,-0.05316723,-0.1212277,0.5056114,0.07270105
grass,2843,0.89153814,0.052038603,-0.12635717,-0.036483664
grass,2844,0.231548,0.47051075,-0.23506849,0.005881425
grass,2845,0.09464867,-0.44417474,-0.04055977,-0.024199922
grass,2846,0.6589696,0.22315454,0.22107838,0.084524564
grass,2847,-0.25602347,0.21108891,0.02558714,-0.06077327
grass,2848,0.47659454,-0.26710847,-0.46599138,-0.2421799
grass,2849,0.61716866,0.5102076,-0.1396049,-0.06156501
grass,2850,0.10557631,-0.22302279,0.32211295,0.0604923
grass,2851,0.8907107,0.12896994,0.40995234,0.19372277
grass,2852,-0.0588807,0.4244065,-0.18366884,0.038748775
grass,2853,0.121601894,-0.4905779,-0.1409217,-0.09636952
grass,2854,0.65583473,0.36812353,-0.08905728,-0.053888716
grass,2855,-0.23415317,0.029670276,0.32368463,-0.009257593
grass,2856,0.7364978,-0.070018426,-0.45715633,-0.17791319
grass,2857,0.40864766,0.49701992,-0.20171638,-0.027629448
grass,2858,0.12495485,-0.36777776,0.01738779,-0.0009572058
grass,2859,0.7685525,0.16584855,0.4265643,0.19160672
grass,2860,-0.18608275,0.34535602,-0.11453537,-0.023540588
grass,2861,0.27129006,-0.41235387,-0.3305116,-0.19769524
grass,2862,0.6699106,0.47794226,-0.13313971,-0.0737645
grass,2863,-0.0018774308,-0.14709042,0.48533964,0.07829404
grass,2864,0.8950197,0.09454447,0.21841903,0.07668091
grass,2865,0.10356792,0.4501387,-0.22470854,0.03222578
grass,2866,0.088579066,-0.47673157,-0.06343145,-0.042532913
grass,2867,0.6373709,0.27596083,0.06672996,0.01429419
grass,2868,-0.26121444,0.16315752,0.09323058,-0.05747983
grass,2869,0.5889162,-0.17999996,-0.4878877,-0.2305738
grass,2870,0.5210529,0.510062,-0.16307846,-0.045383416
grass,2871,0.14026624,-0.2900894,0.14438982,0.028081847
grass,2872,0.88879794,0.14155282,0.3870658,0.21034896
grass,2873,-0.09627616,0.4105342,-0.16433358,0.029131066
grass,2874,0.13749473,-0.4849275,-0.16512781,-0.111335024
grass,2875,0.66573197,0.40126428,-0.11551955,-0.06773449
grass,2876,-0.1357513,-0.067555256,0.47864154,0.04830884
grass,2877,0.8570651,0.020933446,-0.30191153,-0.089692034
grass,2878,0.2759591,0.4742271,-0.22447461,-0.0019379859
grass,2879,0.1105693,-0.40325046,-0.01648203,-0.009971572
grass,2880,0.7150428,0.17986518,0.37338978,0.15753762
grass,2881,-0.23091708,0.26753655,-0.042327795,-0.05487425
grass,2882,0.34119675,-0.3630822,-0.38849735,-0.22214037
grass,2883,0.6384387,0.5031855,-0.12780619,-0.06511416
grass,2884,0.08197627,-0.19622226,0.3855085,0.071320154
grass,2885,0.891653,0.12228598,0.39643824,0.17516
grass,2886,-0.013816858,0.43148312,-0.19185431,0.045140576
grass,2887,0.10250415,-0.49043217,-0.10202574,-0.071744695
grass,2888,0.6416389,0.32404378,-0.031071492,-0.030009694
grass,2889,-0.22595042,0.023453673,0.33324558,-0.006430986
grass,2890,0.72411406,-0.07573092,-0.46032038,-0.18244298
grass,2891,0.42341694,0.4964291,-0.19008234,-0.02924797
grass,2892,0.13425769,-0.34354296,0.042827703,0.00721672
grass,2893,0.83694583,0.15220062,0.4440063,0.21605083
grass,2894,-0.13880485,0.38517165,-0.14030199,0.0072898446
grass,2895,0.2322851,-0.43463638,-0.28746626,-0.17766528
grass,2896,0.67140067,0.47396934,-0.12657124,-0.07406178
grass,2897,-0.012624714,-0.13757962,0.49255306,0.07798139
grass,2898,0.8967162,0.06830082,-0.031865887,-0.0037193545
grass,2899,0.19196191,0.45938745,-0.22500138,0.016485779
grass,2900,0.088722564,-0.4606333,-0.04685191,-0.02854234
grass,2901,0.6376988,0.24902053,0.1322703,0.041364826
grass,2902,-0.2528038,0.18823324,0.05532117,-0.061174322
grass,2903,0.49742994,-0.24620731,-0.4692924,-0.24066824
grass,2904,0.5657344,0.510445,-0.14007555,-0.051467557
grass,2905,0.13234155,-0.24718478,0.2410402,0.048365667
grass,2906,0.8901736,0.13262697,0.3900602,0.20076188
grass,2907,-0.06824095,0.41771987,-0.16796733,0.039189566
grass,2908,0.11700253,-0.48893654,-0.12767276,-0.08901889
grass,2909,0.6585228,0.3806779,-0.09914248,-0.06233487
grass,2910,-0.20128009,-0.0060781627,0.38532746,0.010545641
grass,2911,0.82071334,-0.0032072263,-0.37589586,-0.12040177
grass,2912,0.34714726,0.48263937,-0.20552415,-0.014957476
grass,2913,0.11463846,-0.3938192,-0.011690409,-0.0061616697
grass,2914,0.7595478,0.16311933,0.42937726,0.18986103
grass,2915,-0.21073043,0.2972222,-0.07074882,-0.045999564
grass,2916,0.32047346,-0.37487337,-0.36972046,-0.21504903
grass,2917,0.65927017,0.49044254,-0.11944123,-0.06974106
grass,2918,0.05194878,-0.17132975,0.4378837,0.078203596
grass,2919,0.8945251,0.09911503,0.23184901,0.088809706
grass,2920,0.05064085,0.43831187,-0.20289534,0.04362434
grass,2921,0.0887688,-0.4803958,-0.06447598,-0.044658683
grass,2922,0.63219404,0.2711004,0.0718931,0.013450206
grass,2923,-0.24944636,0.09119952,0.20843764,-0.03930036
grass,2924,0.6526817,-0.12597892,-0.47984657,-0.21099377
grass,2925,0.5003878,0.5042104,-0.15727112,-0.04082311
grass,2926,0.14470482,-0.30478865,0.10011291,0.02152541
grass,2927,0.8450006,0.14928481,0.4428052,0.21785836
grass,2928,-0.12609279,0.3902705,-0.13957854,0.014340714
grass,2929,0.18747012,-0.4584724,-0.23081496,-0.1490268
grass,2930,0.67387193,0.4366375,-0.121919475,-0.07558301
grass,2931,-0.069434136,-0.10343089,0.5024445,0.06822418
grass,2932,0.8628028,0.030732628,-0.27961418,-0.07794096
grass,2933,0.21387768,0.45949793,-0.21814103,0.013234604
grass,2934,0.104962155,-0.4145245,-0.024382649,-0.010187088
grass,2935,0.6709817,0.19601704,0.30084097,0.1173282
grass,2936,-0.23668253,0.23120992,-0.0011968706,-0.06136337
grass,2937,0.43721753,-0.28844935,-0.44311485,-0.23831737
grass,2938,0.6299174,0.50353974,-0.11543985,-0.06205686
grass,2939,0.12274278,-0.22462812,0.29404503,0.059098613
grass,2940,0.89184463,0.120880514,0.37654316,0.169774
grass,2941,-0.035006426,0.42343184,-0.17255758,0.04702169
grass,2942,0.102208935,-0.4884865,-0.09633147,-0.06905797
grass,2943,0.6428667,0.33794004,-0.05339961,-0.04338353
grass,2944,-0.20308438,0.0012674959,0.3706673,0.005744742
grass,2945,0.7288675,-0.0666323,-0.45335865,-0.17706923
grass,2946,0.3985771,0.4881164,-0.1854962,-0.023521587
grass,2947,0.12985045,-0.35984427,0.014598551,0.003461965
grass,2948,0.7501115,0.1623516,0.42796135,0.18655306
grass,2949,-0.15644555,0.36323664,-0.11887714,-0.007966901
grass,2950,0.25238058,-0.41812775,-0.3040993,-0.1863779
grass,2951,0.6728434,0.46885848,-0.116177805,-0.074355766
grass,2952,-0.005570123,-0.1356522,0.48994562,0.079015695
grass,2953,0.8958442,0.086383276,0.098826945,0.043454878
grass,2954,0.08626815,0.4399987,-0.20354727,0.040390424
grass,2955,0.08889343,-0.45404422,-0.039087497,-0.021722209
grass,2956,0.630948,0.2497753,0.12227876,0.033885922
grass,2957,-0.24838929,0.1627757,0.08996337,-0.05965324
grass,2958,0.55798864,-0.19485502,-0.4787871,-0.23349726
grass,2959,0.5284179,0.50482833,-0.13943794,-0.044308394
grass,2960,0.14582586,-0.26335543,0.18332286,0.039761536
grass,2961,0.8890156,0.14017923,0.38548023,0.21153143
grass,2962,-0.08594678,0.40769562,-0.14916942,0.035119753
grass,2963,0.12875317,-0.48325768,-0.14205083,-0.099034786
grass,2964,0.66222113,0.39431623,-0.10506436,-0.06922057
grass,2965,-0.1494728,-0.048235185,0.451466,0.03720276
grass,2966,0.836444,0.013613778,-0.3437854,-0.10240297
grass,2967,0.30321303,0.47059676,-0.20289084,-0.004624848
grass,2968,0.12089463,-0.38026974,-0.00560724,-0.0008490415
grass,2969,0.6824205,0.184217,0.33978957,0.13488288
grass,2970,-0.19785185,0.30518377,-0.075216874,-0.042416442
grass,2971,0.31573394,-0.3739392,-0.3612879,-0.21205544
grass,2972,0.65809697,0.4897817,-0.10656826,-0.06844231
grass,2973,0.07664017,-0.17975017,0.40863925,0.07691983
grass,2974,0.89188826,0.12055839,0.36561075,0.16821344
grass,2975,0.03167228,0.43137655,-0.18633075,0.04917746
grass,2976,0.089248896,-0.48149264,-0.06279678,-0.045061417
grass,2977,0.6340557,0.31425548,-0.019529277,-0.030169273
grass,2978,-0.23187828,0.057182264,0.26609477,-0.025795948
grass,2979,0.670897,-0.10671014,-0.471633,-0.20189466
grass,2980,0.44923207,0.4933917,-0.16242787,-0.031353835
grass,2981,0.1451425,-0.31975108,0.06160695,0.016065242
grass,2982,0.8020946,0.1506331,0.4541695,0.21021217
grass,2983,-0.13673015,0.37654287,-0.12329316,0.005108968
grass,2984,0.22188306,-0.43497902,-0.26752663,-0.16888863
grass,2985,0.67424864,0.4401978,-0.113809414,-0.07635314
grass,2986,-0.08392375,-0.090079166,0.4951617,0.06285889
grass,2987,0.8965714,0.07659188,-0.010765959,0.011523554
grass,2988,0.17289054,0.4484801,-0.20703118,0.024579503
grass,2989,0.100173414,-0.42275533,-0.026810145,-0.009122471
grass,2990,0.643428,0.2122572,0.23216864,0.0818163
grass,2991,-0.22475246,0.2418503,-0.013713432,-0.060838062
grass,2992,0.4655526,-0.26228505,-0.4513555,-0.23855913
grass,2993,0.56969184,0.50545895,-0.117043205,-0.049892526
grass,2994,0.12078811,-0.21173722,0.31610835,0.064739384
grass,2995,0.89046293,0.13067017,0.37260237,0.19791499
grass,2996,-0.0351308,0.41953233,-0.16037767,0.050083123
grass,2997,0.10656548,-0.486421,-0.0991773,-0.07239326
grass,2998,0.64858943,0.35973835,-0.07805846,-0.05828386
grass,2999,-0.16285378,-0.033409834,0.42767596,0.027581748
grass,3000,0.7901114,-0.016444666,-0.4054708,-0.13639131
grass,3001,0.3410512,0.47400454,-0.18878935,-0.011311494
grass,3002,0.12127735,-0.37946945,-0.007417894,0.00062283827
grass,3003,0.75678384,0.15633947,0.44148126,0.19298984
grass,3004,-0.16496845,0.34515092,-0.101842254,-0.019287016
grass,3005,0.25247088,-0.41426507,-0.29910082,-0.18468446
grass,3006,0.6586264,0.48835135,-0.098729424,-0.06799589
grass,3007,0.03776211,-0.15282772,0.46078986,0.08153952
grass,3008,0.8950116,0.0946209,0.14761214,0.06687472
grass,3009,0.11340654,0.43866158,-0.1970943,0.038374808
grass,3010,0.08514506,-0.4681135,-0.041674454,-0.027105242
grass,3011,0.62401634,0.2569096,0.09626106,0.01932632
grass,3012,-0.24190386,0.12835729,0.14051801,-0.05382894
grass,3013,0.5877013,-0.16685313,-0.47713405,-0.22611798
grass,3014,0.518563,0.50031877,-0.13001966,-0.041478585
grass,3015,0.15339117,-0.2766573,0.13651907,0.03301463
grass,3016,0.8893692,0.13791822,0.38062894,0.21049139
grass,3017,-0.111948065,0.39054957,-0.12749103,0.0214761
grass,3018,0.17132515,-0.4616723,-0.20009854,-0.13372935
grass,3019,0.6648373,0.40394717,-0.1045148,-0.073297635
grass,3020,-0.12043455,-0.064055175,0.47045955,0.047877435
grass,3021,0.87584096,0.049609907,-0.2212716,-0.050966557
grass,3022,0.24559656,0.45636243,-0.19925174,0.009546937
grass,3023,0.11244142,-0.39663935,-0.017495371,-0.0017950947
grass,3024,0.6720694,0.18285541,0.33463308,0.12930097
grass,3025,-0.21168898,0.26191068,-0.03447521,-0.05720647
grass,3026,0.40838137,-0.3024659,-0.42107153,-0.23289539
grass,3027,0.6168405,0.5021134,-0.095625825,-0.05726951
grass,3028,0.118594736,-0.2036483,0.3306626,0.06819414
grass,3029,0.8916152,0.122561686,0.35752565,0.17516442
grass,3030,-0.0043741823,0.42237553,-0.16346793,0.054319352
grass,3031,0.10038426,-0.4850891,-0.08321825,-0.062345814
grass,3032,0.6297327,0.31014335,-0.015513695,-0.031553783
grass,3033,-0.21517529,0.036054987,0.30164787,-0.01594624
grass,3034,0.72966087,-0.05733406,-0.44483674,-0.17162831
grass,3035,0.45665756,0.49051106,-0.14777759,-0.0312968
grass,3036,0.13750026,-0.3458155,0.017726768,0.00917667
grass,3037,0.79705095,0.1476497,0.45862284,0.21035475
grass,3038,-0.13273355,0.37328646,-0.11447853,0.0052911155
grass,3039,0.21301197,-0.43683764,-0.25155646,-0.16156295
grass,3040,0.67489505,0.45294043,-0.10250991,-0.0758963
grass,3041,0.009842141,-0.1348087,0.48304257,0.08101721
grass,3042,0.89598686,0.08489113,0.03616907,0.03201671
grass,3043,0.17068754,0.44326803,-0.19629882,0.027498655
grass,3044,0.088605635,-0.44736746,-0.029068125,-0.012996202
grass,3045,0.62668455,0.22707532,0.1749515,0.052732393
grass,3046,-0.23168252,0.18912314,0.049417686,-0.06446736
grass,3047,0.5261834,-0.21104144,-0.46606198,-0.23489112
grass,3048,0.5457115,0.5009082,-0.11201373,-0.044815045
grass,3049,0.1511244,-0.24490139,0.20610507,0.047717232
grass,3050,0.89079285,0.12840194,0.36133373,0.19345418
grass,3051,-0.047729865,0.41311103,-0.14379846,0.050628215
grass,3052,0.121211775,-0.4811852,-0.11925295,-0.086841494
grass,3053,0.64919865,0.3651925,-0.08110124,-0.06338432
grass,3054,-0.1437479,-0.043596875,0.44135368,0.03450951
grass,3055,0.77322423,-0.023398336,-0.41538426,-0.14403908
grass,3056,0.30750927,0.46364447,-0.18468589,-0.00297269
grass,3057,0.12064763,-0.38026527,-0.011012931,0.0027317093
grass,3058,0.68291056,0.17322747,0.3669367,0.14419556
grass,3059,-0.17180307,0.32554156,-0.08483673,-0.030678878
grass,3060,0.33268943,-0.35531333,-0.3671358,-0.21510091
grass,3061,0.66197294,0.48390377,-0.0868432,-0.06818199
grass,3062,0.07886134,-0.16984124,0.41587678,0.08014857
grass,3063,0.89241916,0.116563186,0.31826603,0.15091854
grass,3064,0.07002974,0.4288551,-0.17769146,0.049635045
grass,3065,0.08404412,-0.46748444,-0.035141423,-0.023472732
grass,3066,0.6194583,0.27333072,0.051635787,-0.0034616434
grass,3067,-0.23102653,0.09401754,0.19458656,-0.044095274
grass,3068,0.5893537,-0.16044573,-0.47269392,-0.22380546
grass,3069,0.48910585,0.4929985,-0.12834068,-0.03569039
grass,3070,0.15151612,-0.31218588,0.055613916,0.019185789
grass,3071,0.8410919,0.14166483,0.44861215,0.2193662
grass,3072,-0.12607667,0.37485188,-0.11094109,0.008851735
grass,3073,0.17585742,-0.45609662,-0.2002315,-0.13478291
grass,3074,0.6686962,0.41730046,-0.10095598,-0.07641346
grass,3075,-0.0519192,-0.10013457,0.49591702,0.069988936
grass,3076,0.8684311,0.047795672,-0.2482001,-0.05649309
grass,3077,0.1805496,0.44167167,-0.19024971,0.026633652
grass,3078,0.09476952,-0.42987993,-0.023608802,-0.0052284608
grass,3079,0.6557395,0.1856627,0.31309175,0.11565715
grass,3080,-0.21415079,0.23483163,-0.006335414,-0.06308097
grass,3081,0.4599011,-0.25899494,-0.4417376,-0.23604749
grass,3082,0.6269321,0.49823034,-0.08023346,-0.058021028
grass,3083,0.123479426,-0.199056,0.32985014,0.069918476
grass,3084,0.8918345,0.12095506,0.33703956,0.1689145
grass,3085,-0.027767343,0.41491112,-0.14342387,0.056040052
grass,3086,0.10607135,-0.48276603,-0.08780727,-0.06721196
grass,3087,0.6345295,0.3319561,-0.04780756,-0.049525257
grass,3088,-0.17822103,-0.007280417,0.37853807,0.00974348
grass,3089,0.69711405,-0.07636049,-0.45395148,-0.18514004
grass,3090,0.3780052,0.47318515,-0.16153125,-0.016306465
grass,3091,0.1404306,-0.3414553,0.014883649,0.011473916
grass,3092,0.77262133,0.14714722,0.45982188,0.2037661
grass,3093,-0.15170065,0.34592625,-0.09390485,-0.01585267
grass,3094,0.25468034,-0.40689522,-0.29259866,-0.18278044
grass,3095,0.6708219,0.47089463,-0.08452888,-0.071831964
grass,3096,0.036309235,-0.14285833,0.4662942,0.083151355
grass,3097,0.8954718,0.09016191,0.058301225,0.045145318
grass,3098,0.085773304,0.42786163,-0.17438024,0.048744965
grass,3099,0.083718926,-0.46128055,-0.027359037,-0.016574267
grass,3100,0.6154314,0.26051858,0.07725071,0.006110143
grass,3101,-0.2259985,0.177675,0.06281186,-0.06496435
grass,3102,0.57883185,-0.16545697,-0.4692788,-0.22492753
grass,3103,0.56744903,0.49940023,-0.09095897,-0.04686155
grass,3104,0.15994087,-0.2536902,0.16720773,0.042681362
grass,3105,0.8894323,0.13751025,0.39777958,0.21568993
grass,3106,-0.09161433,0.3942333,-0.11681437,0.033512812
grass,3107,0.14723693,-0.46850055,-0.15473516,-0.109612115
grass,3108,0.6671009,0.4131922,-0.09647384,-0.076644555
grass,3109,-0.09576328,-0.07219328,0.47643715,0.05428116
grass,3110,0.82802206,0.020657863,-0.34565428,-0.097516134
grass,3111,0.2620721,0.45131177,-0.18081182,0.008614944
grass,3112,0.11266277,-0.39376995,-0.017348588,0.0032858134
grass,3113,0.67851007,0.1690222,0.37385342,0.14494629
grass,3114,-0.1984947,0.26221806,-0.033465374,-0.05778153
grass,3115,0.33357215,-0.35070822,-0.36268458,-0.21378538
grass,3116,0.6417628,0.4932651,-0.07072644,-0.060740564
grass,3117,0.12787217,-0.19755681,0.32538122,0.0703724
grass,3118,0.89262736,0.114957914,0.28932497,0.14265065
grass,3119,-0.0016709184,0.41654277,-0.14512038,0.05991724
grass,3120,0.08458589,-0.4736501,-0.03568324,-0.028041169
grass,3121,0.62365717,0.30680755,-0.014177122,-0.035979662
grass,3122,-0.21179682,0.051889867,0.2664351,-0.026336072
grass,3123,0.6515768,-0.107626215,-0.4633671,-0.20278187
grass,3124,0.4679966,0.486142,-0.12408271,-0.031193204
grass,3125,0.15202594,-0.31665072,0.038689688,0.018337162
grass,3126,0.8184058,0.14033501,0.4606968,0.21731421
grass,3127,-0.13584349,0.3586057,-0.09648208,-0.0038950671
grass,3128,0.1748846,-0.45350435,-0.1924962,-0.13154171
grass,3129,0.67451614,0.45293242,-0.085463315,-0.07537844
grass,3130,-0.05345507,-0.09473014,0.4919197,0.068377346
grass,3131,0.8834685,0.06533072,-0.17167254,-0.02527485
grass,3132,0.16625294,0.43491915,-0.17916436,0.032317452
grass,3133,0.0869489,-0.44525528,-0.019485235,-0.0060316054
grass,3134,0.62399054,0.20802467,0.22189473,0.06954613
grass,3135,-0.21412067,0.20945638,0.021521326,-0.06638019
grass,3136,0.431613,-0.27614814,-0.4238573,-0.23272102
grass,3137,0.5807887,0.49826857,-0.07811162,-0.0481684
grass,3138,0.15912859,-0.23635219,0.20375791,0.050763324
grass,3139,0.89032334,0.13161759,0.35682124,0.20329073
grass,3140,-0.05890929,0.4044803,-0.120528884,0.05083376
grass,3141,0.120731115,-0.4770976,-0.107271135,-0.08154608
grass,3142,0.63912374,0.3478645,-0.06410321,-0.060655493
grass,3143,-0.18398818,0.0077316603,0.3476781,-0.00075721066
grass,3144,0.7438052,-0.03662621,-0.42601535,-0.1567927
grass,3145,0.31739783,0.45801446,-0.1656742,-0.0028367392
grass,3146,0.12632325,-0.3687339,-0.009790623,0.008345331
grass,3147,0.74051094,0.14834446,0.45200548,0.19150247
grass,3148,-0.15692113,0.32883975,-0.08000453,-0.026757946
grass,3149,0.25765964,-0.4013932,-0.28994817,-0.18230431
grass,3150,0.664755,0.47850657,-0.06774119,-0.06779043
grass,3151,0.053472377,-0.14614025,0.45343104,0.084305264
grass,3152,0.8944082,0.100164354,0.13331261,0.07791395
grass,3153,0.076048516,0.42238396,-0.16124152,0.053718265
grass,3154,0.08328857,-0.47062573,-0.027772974,-0.022457818
grass,3155,0.6100476,0.25137976,0.09326147,0.010369456
grass,3156,-0.21633433,0.07818103,0.2164009,-0.039855216
grass,3157,0.6097813,-0.13659649,-0.46491137,-0.21512459
grass,3158,0.4753198,0.48508602,-0.11378722,-0.031649277
grass,3159,0.1626048,-0.2886678,0.07602559,0.02743441
grass,3160,0.83277655,0.13765414,0.45464838,0.21951947
grass,3161,-0.09042714,0.3904932,-0.10614516,0.033736803
grass,3162,0.1455809,-0.4663878,-0.14527893,-0.10527233
grass,3163,0.6726939,0.43494654,-0.08581927,-0.07738628
grass,3164,-0.048312217,-0.09471057,0.4903963,0.06909702
grass,3165,0.8593721,0.047895383,-0.27100998,-0.059497863
grass,3166,0.2762853,0.44910038,-0.16879968,0.0068489285
grass,3167,0.1030224,-0.40910864,-0.017375618,0.0044969283
grass,3168,0.63019437,0.19327466,0.2678868,0.08929208
grass,3169,-0.19682913,0.24692358,-0.018684266,-0.062064014
grass,3170,0.39167285,-0.303836,-0.3983058,-0.22632147
grass,3171,0.6399425,0.49182937,-0.05722922,-0.058983408
grass,3172,0.13472149,-0.19503894,0.3183363,0.07111482
grass,3173,0.89160115,0.12266404,0.32287487,0.1762309
grass,3174,-0.013071971,0.41141456,-0.12925245,0.062774554
grass,3175,0.09340195,-0.4789211,-0.050868917,-0.043925248
grass,3176,0.62918836,0.32807443,-0.04386594,-0.05286799
grass,3177,-0.19385295,0.028700188,0.3060134,-0.014437031
grass,3178,0.7068628,-0.06084205,-0.44151485,-0.17541556
grass,3179,0.4392566,0.4775603,-0.12307553,-0.02541164
grass,3180,0.14699852,-0.33064374,0.013733432,0.01583678
grass,3181,0.72901326,0.14795975,0.4490451,0.18692029
grass,3182,-0.1314396,0.35532093,-0.0888432,-0.004537915
grass,3183,0.20822394,-0.4310837,-0.2297545,-0.15265483
grass,3184,0.6742288,0.45077083,-0.07562602,-0.075261004
grass,3185,0.014492754,-0.124023624,0.4812738,0.08212347
grass,3186,0.89502376,0.09450585,0.057184152,0.054178957
grass,3187,0.114497565,0.4238008,-0.16264126,0.047257975
grass,3188,0.08358312,-0.45151523,-0.013213031,-0.0048595252
grass,3189,0.606796,0.24869741,0.09609476,0.009890414
grass,3190,-0.21761264,0.14508446,0.10483219,-0.06250298
grass,3191,0.5167636,-0.20593716,-0.45126578,-0.23132853
grass,3192,0.5689403,0.49492732,-0.06882824,-0.04498666
grass,3193,0.16623245,-0.23818304,0.18255742,0.049022146
grass,3194,0.8908072,0.12830204,0.33998683,0.19660512
grass,3195,-0.04112711,0.40545812,-0.114732146,0.059002962
grass,3196,0.10853306,-0.47766417,-0.077936575,-0.06403726
grass,3197,0.65311545,0.38154098,-0.08169085,-0.07394789
grass,3198,-0.13091506,-0.039713074,0.4289049,0.03207196
grass,3199,0.8049974,0.012118648,-0.3703489,-0.10979006
grass,3200,0.27602163,0.44626793,-0.16257478,0.007769298
grass,3201,0.11394262,-0.3886767,-0.015833344,0.008827303
grass,3202,0.7032724,0.15211126,0.4290161,0.17192015
grass,3203,-0.17173213,0.29142305,-0.05416152,-0.047333088
grass,3204,0.30178776,-0.367429,-0.32693082,-0.19992484
grass,3205,0.6609314,0.4804403,-0.05307068,-0.06508005
grass,3206,0.11621751,-0.17580652,0.36872888,0.07904042
grass,3207,0.8923665,0.116965234,0.27868316,0.15030119
grass,3208,0.040555112,0.4147551,-0.14032339,0.06282414
grass,3209,0.08166803,-0.4650915,-0.015443925,-0.013342425
grass,3210,0.6101624,0.2807953,0.025125718,-0.022964792
grass,3211,-0.21012351,0.080529064,0.20841935,-0.042292736
grass,3212,0.59542614,-0.14285095,-0.46004954,-0.21685058
grass,3213,0.4501147,0.47721115,-0.1117812,-0.02656339
grass,3214,0.15780947,-0.30911565,0.032861717,0.021393746
grass,3215,0.80455536,0.1365279,0.4684865,0.21624953
grass,3216,-0.10947023,0.37238434,-0.09052058,0.015106292
grass,3217,0.16638732,-0.45322952,-0.16941743,-0.12043296
grass,3218,0.67191017,0.43286678,-0.077322155,-0.07759107
grass,3219,-0.04929027,-0.08989243,0.4858613,0.067439124
grass,3220,0.8681667,0.058763053,-0.23756611,-0.04214207
grass,3221,0.18270724,0.4296854,-0.16366163,0.031606108
grass,3222,0.09561348,-0.4202773,-0.012095682,0.006686213
grass,3223,0.6290652,0.18515266,0.2883817,0.096297175
grass,3224,-0.19376309,0.23404668,-0.0062584574,-0.0652702
grass,3225,0.39116547,-0.3002348,-0.3926349,-0.22461872
grass,3226,0.5993489,0.49441645,-0.05043768,-0.049125984
grass,3227,0.16263184,-0.2188622,0.22831915,0.058391128
grass,3228,0.8917557,0.12153478,0.30551302,0.1720628
grass,3229,-0.032742247,0.4050351,-0.11030235,0.06281829
grass,3230,0.096984595,-0.47728357,-0.050685376,-0.046185274
grass,3231,0.632538,0.34014633,-0.0555677,-0.061798554
grass,3232,-0.17097382,0.0040535973,0.34892607,0.00047714426
grass,3233,0.7448293,-0.027926281,-0.415839,-0.15029624
grass,3234,0.37089995,0.46100488,-0.13512771,-0.012028657
grass,3235,0.13480747,-0.35306662,-0.007756785,0.013928447
grass,3236,0.7220674,0.14517844,0.4519646,0.18567832
grass,3237,-0.13358366,0.3440264,-0.07874704,-0.012656282
grass,3238,0.2643892,-0.3913567,-0.28715643,-0.18230703
grass,3239,0.67011935,0.46784884,-0.05326722,-0.06959851
grass,3240,0.04680881,-0.13455926,0.46213913,0.08542056
grass,3241,0.8937389,0.10596965,0.15643463,0.09712386
grass,3242,0.0752119,0.41535696,-0.14354032,0.05886205
grass,3243,0.08466261,-0.44353676,-0.005657984,0.002581616
grass,3244,0.6015133,0.24371606,0.10236596,0.00992234
grass,3245,-0.2109481,0.12438306,0.13309988,-0.058982845
grass,3246,0.524333,-0.19551161,-0.44798332,-0.2287774
grass,3247,0.528121,0.48774403,-0.072040305,-0.03773205
grass,3248,0.17357498,-0.25337946,0.12765369,0.041031633
grass,3249,0.89037806,0.13124773,0.37077135,0.20937456
grass,3250,-0.06369649,0.39603058,-0.095782995,0.05122619
grass,3251,0.122110605,-0.4714858,-0.09458863,-0.076603636
grass,3252,0.6683925,0.4209791,-0.0759129,-0.078466274
grass,3253,-0.113648996,-0.047934145,0.43913358,0.03835103
grass,3254,0.8473723,0.046148047,-0.2946846,-0.06485979
grass,3255,0.22853787,0.43381786,-0.15728456,0.02084563
grass,3256,0.11850684,-0.37933114,-0.0146500785,0.012664797
grass,3257,0.6318091,0.17776571,0.31084508,0.105491094
grass,3258,-0.17876247,0.26021588,-0.02951556,-0.059435014
grass,3259,0.39128122,-0.2977482,-0.38929224,-0.22361298
grass,3260,0.6401939,0.48858306,-0.03541763,-0.056951348
grass,3261,0.11539703,-0.16853338,0.37758586,0.08159829
grass,3262,0.89172024,0.121795,0.30025437,0.17383826
grass,3263,0.017354265,0.40887877,-0.1211915,0.0685246
grass,3264,0.08165516,-0.4667827,-0.009902006,-0.012850944
grass,3265,0.62267494,0.3219325,-0.03740164,-0.054797318
grass,3266,-0.1966621,0.057062075,0.24668118,-0.032361597
grass,3267,0.64675444,-0.09840291,-0.45060217,-0.1978411
grass,3268,0.403237,0.46477628,-0.117947854,-0.017547334
grass,3269,0.15656564,-0.31434363,0.017632678,0.02095877
grass,3270,0.79142874,0.13449134,0.47396672,0.2143794
grass,3271,-0.112459265,0.36303216,-0.08051536,0.007536593
grass,3272,0.17728084,-0.4443993,-0.1777995,-0.12631828
grass,3273,0.67299974,0.4413737,-0.06352931,-0.07620065
grass,3274,-0.0016228082,-0.10925773,0.48431265,0.07902319
grass,3275,0.8949881,0.094843365,0.016154308,0.049420726
grass,3276,0.14717653,0.42039892,-0.15097807,0.042995922
grass,3277,0.09195491,-0.42447504,-0.0052870135,0.010074313
grass,3278,0.59917676,0.22558454,0.146367,0.027987892
grass,3279,-0.20460364,0.15775703,0.082123026,-0.06702965
grass,3280,0.4691257,-0.23609158,-0.42712203,-0.23042895
grass,3281,0.5753482,0.491103,-0.04494071,-0.043906506
grass,3282,0.1759802,-0.24103597,0.149006,0.046285953
grass,3283,0.8912264,0.12535727,0.31859162,0.19001485
grass,3284,-0.030135697,0.40226817,-0.09935326,0.06618516
grass,3285,0.096644625,-0.4750875,-0.041883063,-0.042090867
grass,3286,0.6442244,0.3670742,-0.070237376,-0.073387645
grass,3287,-0.12120602,-0.0391898,0.42354465,0.031748604
grass,3288,0.7850279,0.005573664,-0.37857684,-0.118269056
grass,3289,0.31862864,0.44697547,-0.13860862,-0.000102065154
grass,3290,0.13317315,-0.35495362,-0.011406068,0.016003814
grass,3291,0.6969524,0.14637376,0.43817887,0.17285772
grass,3292,-0.15943083,0.29113036,-0.050142955,-0.04720828
grass,3293,0.31644866,-0.35125476,-0.33022106,-0.20235473
grass,3294,0.6586791,0.4793082,-0.03134637,-0.06236995
grass,3295,0.114103325,-0.163831,0.3838612,0.083162956
grass,3296,0.8932581,0.10994944,0.1796945,0.11328324
grass,3297,0.06441832,0.41025525,-0.1298462,0.064102896
grass,3298,0.08123578,-0.45104352,0.0026360005,0.0031142873
grass,3299,0.5970314,0.24986543,0.081954435,-0.0019355952
grass,3300,-0.20390937,0.12242301,0.13269676,-0.059914064
grass,3301,0.5931832,-0.1370092,-0.4514724,-0.21383509
grass,3302,0.50453156,0.48117486,-0.0697611,-0.0332493
grass,3303,0.17091626,-0.28386328,0.05237475,0.029104993
grass,3304,0.8136777,0.13157892,0.46686906,0.21880129
grass,3305,-0.08334121,0.38295215,-0.08039996,0.035878018
grass,3306,0.16297475,-0.4504649,-0.1525398,-0.112809554
grass,3307,0.6713847,0.4337219,-0.061624587,-0.077255294
grass,3308,-0.07651714,-0.067995176,0.46366143,0.053959362
grass,3309,0.85322815,0.05432296,-0.27603066,-0.052747857
grass,3310,0.20297772,0.42534623,-0.14830297,0.029114602
grass,3311,0.10164128,-0.40494147,-0.0079777185,0.014735388
grass,3312,0.61255795,0.18690667,0.26622257,0.08138001
grass,3313,-0.17573152,0.2488674,-0.019639576,-0.06318493
grass,3314,0.41948467,-0.27226228,-0.40019795,-0.22617632
grass,3315,0.6303797,0.48869738,-0.022206997,-0.053149674
grass,3316,0.16093878,-0.19801962,0.26763532,0.06795798
grass,3317,0.8920521,0.119339645,0.27132,0.16236368
grass,3318,-0.01846358,0.40196997,-0.0962751,0.07042599
grass,3319,0.085470855,-0.4708283,-0.012426171,-0.020221213
grass,3320,0.6328628,0.34677586,-0.058147892,-0.06852637
grass,3321,-0.15996653,0.0025863417,0.3457467,0.00029423693
grass,3322,0.72685254,-0.033377133,-0.41662684,-0.15543036
grass,3323,0.38613525,0.45764795,-0.113152996,-0.013498545
grass,3324,0.15247759,-0.32292035,0.002395959,0.020608649
grass,3325,0.7440245,0.13573344,0.47453734,0.20017865
grass,3326,-0.11557395,0.35191542,-0.07130192,-0.0018870181
grass,3327,0.2022867,-0.42680407,-0.2043834,-0.14197528
grass,3328,0.66849285,0.46766928,-0.03236052,-0.067245774
grass,3329,0.079783656,-0.14226997,0.43463093,0.087343216
grass,3330,0.89462715,0.0981895,0.027357766,0.0588818
grass,3331,0.15588701,0.41704753,-0.1421819,0.04271439
grass,3332,0.08605035,-0.43400088,0.004985695,0.012345027
grass,3333,0.5950765,0.21513762,0.16935073,0.03570752
grass,3334,-0.19446324,0.17582974,0.05588643,-0.07034355
grass,3335,0.47598878,-0.22659647,-0.42427975,-0.22868583
grass,3336,0.56660366,0.48784414,-0.035113066,-0.041358422
grass,3337,0.18096398,-0.24350594,0.1270088,0.044338048
grass,3338,0.86394614,0.12915055,0.41792792,0.21765977
grass,3339,-0.05852576,0.39235872,-0.07895265,0.05549296
grass,3340,0.108505085,-0.47136444,-0.0566041,-0.054666486
grass,3341,0.6615817,0.4055383,-0.06768767,-0.07945347
grass,3342,-0.070124716,-0.06925461,0.46350244,0.055331316
grass,3343,0.7812258,0.0074241846,-0.37510154,-0.116771005
grass,3344,0.3290842,0.4448874,-0.12618767,-0.0014841143
grass,3345,0.11244413,-0.38580397,-0.011221085,0.017769532
grass,3346,0.657742,0.15353717,0.3961283,0.14503892
grass,3347,-0.15364766,0.2876167,-0.04579493,-0.048824064
grass,3348,0.33214372,-0.33634654,-0.33725637,-0.20580564
grass,3349,0.6380773,0.4860157,-0.013655895,-0.054267924
grass,3350,0.12908764,-0.16676453,0.36182663,0.082212076
grass,3351,0.89320314,0.11039484,0.1651665,0.113515966
grass,3352,0.031342838,0.40396264,-0.10799069,0.07276598
grass,3353,0.079675324,-0.45796236,0.009603305,0.0015989919
grass,3354,0.6084317,0.2997463,-0.011768551,-0.047303863
grass,3355,-0.1927486,0.08010653,0.19869104,-0.045839224
grass,3356,0.63085353,-0.103074685,-0.44400594,-0.1995339
grass,3357,0.43730438,0.46560827,-0.087162696,-0.022065308
grass,3358,0.16853036,-0.29365876,0.027170934,0.026731767
grass,3359,0.7625691,0.1318427,0.48089564,0.20813264
grass,3360,-0.0884473,0.37450093,-0.07013359,0.027662257
grass,3361,0.15749002,-0.45062703,-0.13651769,-0.10487472
grass,3362,0.67172164,0.43825865,-0.04880291,-0.07600186
grass,3363,0.025546558,-0.11492019,0.47389162,0.08348601
grass,3364,0.86841536,0.06888052,-0.22554302,-0.02681911
grass,3365,0.21890448,0.4234344,-0.13860896,0.026259037
grass,3366,0.091293186,-0.42088637,0.0045494903,0.017480407
grass,3367,0.59294134,0.2084413,0.18497212,0.041182727
grass,3368,-0.18698499,0.18959887,0.03809933,-0.071628354
grass,3369,0.47046626,-0.22846678,-0.4186168,-0.22758615
grass,3370,0.60941803,0.48839507,-0.012285478,-0.04744567
grass,3371,0.17891394,-0.21509385,0.1962,0.057894424
grass,3372,0.8912261,0.12535952,0.3209479,0.19523355
grass,3373,-0.01797116,0.39891922,-0.08470294,0.07352204
grass,3374,0.10467562,-0.47065586,-0.043885224,-0.047255136
grass,3375,0.6290944,0.34299493,-0.053843927,-0.06948453
grass,3376,-0.13435939,-0.019158015,0.38309035,0.015878145
grass,3377,0.7456832,-0.015058091,-0.39885688,-0.13971345
grass,3378,0.35503715,0.44760945,-0.11288086,-0.0065356065
grass,3379,0.14636138,-0.33282506,-0.008800339,0.02116334
grass,3380,0.6772685,0.1442293,0.4317303,0.1639975
grass,3381,-0.115501896,0.34316102,-0.06357263,-0.008678297
grass,3382,0.24407141,-0.39695182,-0.24802089,-0.16564651
grass,3383,0.6688396,0.464808,-0.021839349,-0.0669235
grass,3384,0.0757897,-0.13557416,0.44072935,0.088241965
grass,3385,0.893963,0.104063086,0.07330351,0.08100969
grass,3386,0.10742828,0.40725192,-0.12451449,0.058304593
grass,3387,0.07932593,-0.45536825,0.015979541,0.005935438
grass,3388,0.5876585,0.23090331,0.118880495,0.010359461
grass,3389,-0.19247548,0.11013842,0.14608166,-0.058528494
grass,3390,0.5699092,-0.14806108,-0.44122016,-0.2159427
grass,3391,0.49455813,0.47458208,-0.05474504,-0.030252255
grass,3392,0.18072051,-0.2662015,0.06315134,0.034721233
grass,3393,0.8426758,0.12715295,0.44151142,0.21969931
grass,3394,-0.069366455,0.38414073,-0.06624467,0.04626505
grass,3395,0.13745406,-0.45869976,-0.099407166,-0.083703384
grass,3396,0.66365707,0.4123577,-0.05789489,-0.079581425
grass,3397,-0.056364838,-0.073156394,0.4649861,0.05904773
grass,3398,0.81699914,0.036294788,-0.3291574,-0.0817253
grass,3399,0.23622929,0.42363343,-0.131983,0.02231929
grass,3400,0.10239361,-0.39953077,-0.0018198681,0.021451667
grass,3401,0.6146897,0.17078634,0.312497,0.09933056
grass,3402,-0.15748823,0.26326948,-0.029281896,-0.05943965
grass,3403,0.3749612,-0.30067104,-0.36322445,-0.21567357
grass,3404,0.6127002,0.48702657,-0.0031745806,-0.047240768
grass,3405,0.17070077,-0.19402894,0.2541417,0.068668105
grass,3406,0.8925345,0.115676664,0.21299314,0.14182495
grass,3407,0.022993127,0.39986444,-0.093719184,0.076993465
grass,3408,0.08430511,-0.46703845,0.004494017,-0.011391805
grass,3409,0.6126527,0.31419504,-0.029694038,-0.0587663
grass,3410,-0.16445404,0.022908816,0.30015448,-0.015159579
grass,3411,0.6667322,-0.07089128,-0.43127722,-0.18194559
grass,3412,0.4122127,0.4570922,-0.08650456,-0.017046977
grass,3413,0.17111355,-0.29080382,0.020980809,0.027920775
grass,3414,0.77600527,0.1279972,0.48295134,0.21315007
grass,3415,-0.1037425,0.3527069,-0.060871415,0.0027061657
grass,3416,0.20094566,-0.42309427,-0.19076332,-0.13650395
grass,3417,0.6713279,0.43974328,-0.037196375,-0.07499709
grass,3418,0.027669914,-0.11184983,0.471623,0.08359719
grass,3419,0.8914335,0.091824345,-0.08393008,0.03017381
grass,3420,0.14726073,0.40891656,-0.12579548,0.04829424
grass,3421,0.0880586,-0.4243964,0.014215012,0.021395432
grass,3422,0.5843876,0.22744763,0.12404385,0.011095035
grass,3423,-0.18680158,0.15009692,0.08501945,-0.06952002
grass,3424,0.43184415,-0.2551019,-0.39507425,-0.223951
grass,3425,0.5492064,0.48174703,-0.021649567,-0.037049644
grass,3426,0.18587822,-0.21767968,0.17152594,0.055494055
grass,3427,0.8602506,0.12596227,0.41595447,0.21688361
grass,3428,-0.02286826,0.3953895,-0.07118715,0.075221
grass,3429,0.107508495,-0.46772325,-0.04037252,-0.046991013
grass,3430,0.6453375,0.37557167,-0.06126688,-0.07896658
grass,3431,-0.10239477,-0.04134876,0.4191477,0.03355799
grass,3432,0.7685684,0.005685988,-0.37484908,-0.119275555
grass,3433,0.3366409,0.44005388,-0.10840892,-0.001897628
grass,3434,0.13648804,-0.34670222,-0.014733387,0.022874996
grass,3435,0.6335998,0.15501046,0.37257585,0.12803075
grass,3436,-0.14283258,0.28506556,-0.040881097,-0.050013244
grass,3437,0.2766289,-0.37151486,-0.27607504,-0.18023269
grass,3438,0.6544105,0.47723222,0.0039795004,-0.05763342
grass,3439,0.1397499,-0.163355,0.35065868,0.083270386
grass,3440,0.8932313,0.110167496,0.13120964,0.10930935
grass,3441,0.051719707,0.3990527,-0.09796671,0.07468435
grass,3442,0.07905839,-0.45644277,0.024249963,0.007937236
grass,3443,0.6017145,0.29516095,-0.00804427,-0.049988255
grass,3444,-0.17921174,0.06631293,0.21622214,-0.041525517
grass,3445,0.5818779,-0.134262,-0.43633345,-0.21078314
grass,3446,0.45628488,0.46414638,-0.060936585,-0.023832256
grass,3447,0.1723861,-0.28952405,0.016639255,0.028551124
grass,3448,0.7719062,0.12652574,0.48499575,0.21266834
grass,3449,-0.085258015,0.36802664,-0.056523778,0.024321035
grass,3450,0.17683633,-0.43581545,-0.15255618,-0.11617569
grass,3451,0.66943693,0.43207312,-0.036974702,-0.07647447
grass,3452,0.014329982,-0.103701465,0.4736953,0.0805863
grass,3453,0.85574734,0.06552345,-0.26038986,-0.03588552
grass,3454,0.18249804,0.4109206,-0.123465985,0.0388734
grass,3455,0.09878395,-0.4029226,0.006251731,0.0256426
grass,3456,0.59367645,0.18354942,0.25465477,0.0691599
grass,3457,-0.16567299,0.2223892,0.0025211815,-0.070837796
grass,3458,0.41336912,-0.26740378,-0.38125032,-0.22072986
grass,3459,0.60069585,0.48499742,0.0069671255,-0.04378716
grass,3460,0.1672301,-0.18148002,0.28114688,0.07452045
grass,3461,0.8920931,0.11903288,0.24441907,0.1640482
grass,3462,-0.020335501,0.3938979,-0.06492488,0.07761173
grass,3463,0.083829075,-0.46470866,0.014957779,-0.006058215
grass,3464,0.6126141,0.31863317,-0.03383498,-0.06372055
grass,3465,-0.16263571,0.03006586,0.2820645,-0.02096332
grass,3466,0.7200851,-0.02640279,-0.4038778,-0.1499227
grass,3467,0.40775234,0.4527456,-0.077833265,-0.015609315
grass,3468,0.1387757,-0.34250358,-0.015376744,0.024469195
grass,3469,0.71034986,0.1311896,0.47422972,0.1893827
grass,3470,-0.111090206,0.33341017,-0.05325816,-0.015421544
grass,3471,0.22048077,-0.4080123,-0.20836668,-0.14703627
grass,3472,0.6659242,0.4660285,0.0009169858,-0.063474104
grass,3473,0.092049204,-0.13548347,0.42678273,0.08965307
grass,3474,0.8917827,0.09492617,-0.07552796,0.03817876
grass,3475,0.112208076,0.40089875,-0.110018715,0.06068189
grass,3476,0.0803626,-0.4409235,0.03096604,0.021228522
grass,3477,0.5800037,0.23578463,0.09764364,-0.0032866355
grass,3478,-0.17940441,0.1534538,0.0775363,-0.071479045
grass,3479,0.50725365,-0.1912971,-0.4196404,-0.22232273
grass,3480,0.5193209,0.47449616,-0.023429796,-0.03211285
grass,3481,0.18729353,-0.2581261,0.057182245,0.037034366
grass,3482,0.84077996,0.123819165,0.4386443,0.21901488
grass,3483,-0.03591665,0.39063007,-0.055305775,0.07218555
grass,3484,0.12641646,-0.45932636,-0.06628228,-0.06581648
grass,3485,0.64510345,0.3774026,-0.0563547,-0.08028164
grass,3486,-0.07681374,-0.054885488,0.4374849,0.045137487
grass,3487,0.79296064,0.026771758,-0.34428886,-0.094964415
grass,3488,0.24092683,0.4176849,-0.117026895,0.022696134
grass,3489,0.112586476,-0.37970313,-0.0040704547,0.027397325
grass,3490,0.6371619,0.14794156,0.39380628,0.13675018
grass,3491,-0.12580556,0.30403435,-0.045651432,-0.03857021
grass,3492,0.30265573,-0.34982294,-0.29456794,-0.18954778
grass,3493,0.63944954,0.48089516,0.020916414,-0.051257066
grass,3494,0.17465253,-0.18379898,0.26253194,0.07272152
grass,3495,0.89283526,0.11333195,0.15859075,0.12670016
grass,3496,0.048841752,0.39514267,-0.08645774,0.07831665
grass,3497,0.07964489,-0.45790508,0.03138378,0.008406802
grass,3498,0.5953989,0.287922,0.000017232727,-0.048804406
grass,3499,-0.16587177,0.044704545,0.25147548,-0.03087587
grass,3500,0.624142,-0.09662394,-0.4294547,-0.195007
grass,3501,0.44067445,0.45778307,-0.05713363,-0.02073703
grass,3502,0.18274973,-0.2711368,0.03068627,0.03314297
grass,3503,0.78109014,0.12350933,0.4841084,0.21549822
grass,3504,-0.08265474,0.364298,-0.048806436,0.022261415
grass,3505,0.17041036,-0.43691227,-0.13493726,-0.107486844
grass,3506,0.6704347,0.4425697,-0.016974986,-0.072722696
grass,3507,0.06254973,-0.1202486,0.45262012,0.08846608
grass,3508,0.871767,0.07962543,-0.20497216,-0.0070984648
grass,3509,0.16233347,0.4039196,-0.11292614,0.04646702
grass,3510,0.085560046,-0.4249683,0.029166508,0.028631128
grass,3511,0.58600956,0.18357725,0.2459049,0.062579036
grass,3512,-0.15774055,0.22415726,0.0002977806,-0.07143818
grass,3513,0.42385414,-0.2556613,-0.38088787,-0.22014971
grass,3514,0.5769521,0.48133126,0.011404159,-0.03894605
grass,3515,0.19113028,-0.2048473,0.18377917,0.060568683
grass,3516,0.88297355,0.12356123,0.36000314,0.20649885
grass,3517,-0.018405942,0.3912849,-0.054069467,0.08088886
grass,3518,0.10140197,-0.46503723,-0.013047017,-0.031659056
grass,3519,0.6277173,0.34867397,-0.050339475,-0.07638845
grass,3520,-0.098381095,-0.037254147,0.40671998,0.030067382
grass,3521,0.7400348,-0.0075515285,-0.38523477,-0.13299222
grass,3522,0.31234935,0.42894047,-0.09965842,0.0046353596
grass,3523,0.14193784,-0.3365611,-0.01666782,0.026928239
grass,3524,0.64506733,0.1419455,0.41504726,0.1469598
grass,3525,-0.11777159,0.3106757,-0.045177773,-0.03350957
grass,3526,0.2631062,-0.37646174,-0.25054786,-0.1695326
grass,3527,0.65643114,0.4730909,0.02279509,-0.056786634
grass,3528,0.13491283,-0.15127306,0.36934987,0.08742738
grass,3529,0.89357823,0.10731682,0.059124038,0.09048697
grass,3530,0.05113064,0.39292377,-0.08099105,0.07968531
grass,3531,0.08166272,-0.43354928,0.0379793,0.028323995
grass,3532,0.57662505,0.24207962,0.078425914,-0.014400707
grass,3533,-0.17461596,0.13405073,0.100581944,-0.06922394
grass,3534,0.5683812,-0.1382275,-0.42567116,-0.21036749
grass,3535,0.5222824,0.4724708,-0.009842914,-0.03156803
grass,3536,0.19533989,-0.23849358,0.08412384,0.043814052
grass,3537,0.84538275,0.12196997,0.4284553,0.21767104
grass,3538,-0.05643205,0.38102102,-0.04133146,0.055262066
grass,3539,0.14532222,-0.44857132,-0.08992156,-0.08197227
grass,3540,0.6656763,0.42336243,-0.028418802,-0.07762169
grass,3541,-0.009250107,-0.08749282,0.46765524,0.07235377
grass,3542,0.82733935,0.05339976,-0.2922507,-0.05723033
grass,3543,0.2312009,0.41190863,-0.10905102,0.026331566
grass,3544,0.116848186,-0.37117985,-0.0046047205,0.030589044
grass,3545,0.6137243,0.15359952,0.35817948,0.11544936
grass,3546,-0.15023743,0.23270169,-0.0067906883,-0.070182696
grass,3547,0.3660492,-0.29898328,-0.3402347,-0.2084842
grass,3548,0.62611604,0.48123327,0.034023173,-0.046544384
grass,3549,0.1877445,-0.190729,0.22062987,0.0677681
grass,3550,0.8924417,0.11639039,0.19427983,0.1481159
grass,3551,0.007824821,0.39064342,-0.058139566,0.0864481
grass,3552,0.08221453,-0.45989323,0.03479107,0.0053249286
grass,3553,0.6113413,0.32280928,-0.036053933,-0.06953796
grass,3554,-0.14518446,0.015903067,0.30237415,-0.012981401
grass,3555,0.634937,-0.08387873,-0.422023,-0.18802856
grass,3556,0.3776687,0.44074422,-0.07345891,-0.009197417
grass,3557,0.17474703,-0.28751692,0.0011788383,0.030338602
grass,3558,0.6845002,0.12961853,0.46700954,0.17837004
grass,3559,-0.08780802,0.35095304,-0.04332038,0.006750415
grass,3560,0.21546496,-0.40705872,-0.18963647,-0.13899773
grass,3561,0.6655726,0.46261257,0.018516067,-0.062326312
grass,3562,0.08609379,-0.12598085,0.43450752,0.09062274
grass,3563,0.89375573,0.10215569,-0.027648535,0.06292351
grass,3564,0.13159108,0.39610064,-0.09942765,0.057834264
grass,3565,0.08291019,-0.42839792,0.041359644,0.03252054
grass,3566,0.5719865,0.20208362,0.17773375,0.02886223
grass,3567,-0.16920365,0.1466095,0.081454895,-0.07267886
grass,3568,0.44424236,-0.23596054,-0.38507667,-0.21999943
grass,3569,0.5278759,0.4719681,0.00050752424,-0.03169016
grass,3570,0.19886795,-0.22922759,0.096984014,0.04725826
grass,3571,0.84982824,0.12096141,0.41862652,0.21623653
grass,3572,-0.032540534,0.38692302,-0.037973076,0.0766474
grass,3573,0.12204072,-0.4571391,-0.04331372,-0.05408933
grass,3574,0.6374322,0.36773482,-0.049286492,-0.08108714
grass,3575,-0.065035604,-0.05618391,0.4343518,0.046852846
grass,3576,0.77202857,0.019118331,-0.35280925,-0.10464107
grass,3577,0.2742613,0.41746166,-0.09875204,0.014761548
grass,3578,0.13762541,-0.34092394,-0.016503535,0.029899964
grass,3579,0.6162267,0.14866608,0.37370536,0.1219251
grass,3580,-0.11068254,0.31077626,-0.04145719,-0.032784827
grass,3581,0.32295796,-0.3300796,-0.3017211,-0.19386311
grass,3582,0.64494467,0.4765593,0.040709585,-0.0509699
grass,3583,0.17321542,-0.16994132,0.2863773,0.07879684
grass,3584,0.8930359,0.1117401,0.10954438,0.115234464
grass,3585,0.049605746,0.38917848,-0.07022774,0.08296494
grass,3586,0.080468774,-0.45631048,0.04542207,0.013243783
grass,3587,0.5825589,0.2708577,0.02140018,-0.042833976
grass,3588,-0.16707852,0.08612952,0.17030194,-0.054717172
grass,3589,0.6178756,-0.09467086,-0.4201008,-0.19290538
grass,3590,0.4760115,0.46067396,-0.02222411,-0.02487587
grass,3591,0.18370837,-0.27274856,0.011429023,0.033207975
grass,3592,0.77214956,0.11978628,0.4886884,0.21457806
grass,3593,-0.06706618,0.36945865,-0.034252428,0.03672453
grass,3594,0.16258563,-0.43730792,-0.1091155,-0.094807245
grass,3595,0.6618416,0.41543773,-0.025950635,-0.078918666
grass,3596,-0.016936269,-0.08060527,0.46069854,0.068124846
grass,3597,0.8773693,0.0876769,-0.17835175,0.011099068
grass,3598,0.2221457,0.4063229,-0.10109589,0.029805249
grass,3599,0.09297146,-0.40603042,0.02972603,0.037560582
grass,3600,0.5692188,0.19772072,0.18659686,0.031414766
grass,3601,-0.15035798,0.21103929,0.009891292,-0.07506452
grass,3602,0.41550046,-0.25692165,-0.36581156,-0.21602559
grass,3603,0.5983343,0.47977975,0.040768057,-0.04006857
grass,3604,0.19673738,-0.1950036,0.18820278,0.064118214
grass,3605,0.8919881,0.11981709,0.2646955,0.18077049
grass,3606,-0.0076831644,0.38744646,-0.03988759,0.088190116
grass,3607,0.10156646,-0.46123806,0.0027954765,-0.024379468
grass,3608,0.6229228,0.34537995,-0.04488157,-0.07835185
grass,3609,-0.12091695,-0.008622873,0.34638128,0.0051432643
grass,3610,0.6971329,-0.032012757,-0.39802563,-0.15405329
grass,3611,0.3609943,0.43365785,-0.070179984,-0.0054918616
grass,3612,0.15603447,-0.31480926,-0.019038677,0.030119155
grass,3613,0.64462036,0.13482463,0.43193355,0.15260045
grass,3614,-0.10005294,0.32215846,-0.03977693,-0.022688914
grass,3615,0.23141114,-0.3940627,-0.20189057,-0.14665124
grass,3616,0.6649514,0.46092147,0.029575773,-0.06139255
grass,3617,0.114103325,-0.1335869,0.40588203,0.091568395
grass,3618,0.89321715,0.11028157,0.07538028,0.10509804
grass,3619,0.11931044,0.39078596,-0.087967336,0.0636087
grass,3620,0.078403234,-0.44239816,0.058067128,0.030789696
grass,3621,0.5657229,0.22045757,0.1207586,0.00079470454
grass,3622,-0.16351853,0.13785526,0.089690104,-0.07245035
grass,3623,0.5318267,-0.16137888,-0.4098067,-0.21392177
grass,3624,0.51198536,0.46657264,0.0039829314,-0.0289448
grass,3625,0.20199777,-0.23025218,0.07919957,0.045969214
grass,3626,0.82625073,0.11850049,0.44696847,0.21860231
grass,3627,-0.045015465,0.38083708,-0.02557453,0.06578793
grass,3628,0.14145958,-0.44662026,-0.068651736,-0.07161447
grass,3629,0.64769584,0.38785273,-0.038872775,-0.08239113
grass,3630,-0.06611812,-0.051904492,0.42452067,0.04329919
grass,3631,0.81812334,0.053468514,-0.29099354,-0.057389006
grass,3632,0.2670376,0.41222957,-0.091489896,0.017205903
grass,3633,0.12179046,-0.36059788,-0.0046294224,0.035511676
grass,3634,0.58267456,0.16558097,0.2931222,0.07943166
grass,3635,-0.1198504,0.2781818,-0.030750569,-0.05378312
grass,3636,0.33898294,-0.3150944,-0.3083207,-0.19722989
grass,3637,0.6326651,0.4776396,0.05534816,-0.04603565
grass,3638,0.18263493,-0.1708837,0.26580098,0.07735259
grass,3639,0.89278275,0.11374549,0.13252018,0.12942074
grass,3640,0.00961541,0.38571072,-0.04108357,0.09172881
grass,3641,0.08029873,-0.4536171,0.056456815,0.019105975
grass,3642,0.5849005,0.2824551,0.0029521391,-0.05394948
grass,3643,-0.15809062,0.06899792,0.19512843,-0.048036583
grass,3644,0.6228508,-0.0865987,-0.41335645,-0.188228
grass,3645,0.4031028,0.44133005,-0.047373466,-0.0132892355
grass,3646,0.18221708,-0.276165,-0.0016076528,0.03316388
grass,3647,0.69562364,0.12246602,0.48467687,0.18812644
grass,3648,-0.07947098,0.34825912,-0.03296019,0.006935586
grass,3649,0.17644882,-0.42720595,-0.121824645,-0.10353954
grass,3650,0.66720396,0.45257795,0.025965571,-0.064937495
grass,3651,0.03711426,-0.10063047,0.45930815,0.08356619
grass,3652,0.87622565,0.08985505,-0.16864097,0.016924307
grass,3653,0.13105446,0.38943136,-0.08537359,0.060627036
grass,3654,0.085994914,-0.4169817,0.04967224,0.041967716
grass,3655,0.56436217,0.19283694,0.1945637,0.032700386
grass,3656,-0.15169238,0.1811884,0.036372352,-0.07807458
grass,3657,0.47454914,-0.20588481,-0.38807312,-0.21752816
grass,3658,0.59399587,0.47767913,0.052239027,-0.038173
grass,3659,0.20446984,-0.2009715,0.15082149,0.059496686
grass,3660,0.8707499,0.11915747,0.36478272,0.2065386
grass,3661,-0.023720112,0.3840946,-0.022326907,0.08470195
grass,3662,0.10566409,-0.4581986,0.0047025885,-0.025449561
grass,3663,0.62616867,0.35337844,-0.042956144,-0.081275225
grass,3664,-0.10256898,-0.021811904,0.3680621,0.015854916
grass,3665,0.77298504,0.026222292,-0.33957216,-0.09607467
grass,3666,0.33279344,0.42393485,-0.07073409,0.00086528494
grass,3667,0.14740384,-0.3250061,-0.020553755,0.033030313
grass,3668,0.6578334,0.12750854,0.45726874,0.16591878
grass,3669,-0.106036745,0.29800507,-0.034154613,-0.041484516
grass,3670,0.28233206,-0.3558859,-0.25160956,-0.17266491
grass,3671,0.6565178,0.46799994,0.053250335,-0.05436102
grass,3672,0.124448314,-0.13374293,0.3944312,0.092075884
grass,3673,0.8930047,0.11198891,0.091760255,0.11616271
grass,3674,0.08014794,0.3840665,-0.06704694,0.07857793
grass,3675,0.080462955,-0.4302913,0.06421392,0.040973652
grass,3676,0.5833458,0.28299183,0.001351336,-0.056195952
grass,3677,-0.15776508,0.091121905,0.154911,-0.059277236
grass,3678,0.52174205,-0.16591178,-0.4010177,-0.2132114
grass,3679,0.5016371,0.46207243,0.009817131,-0.026995827
grass,3680,0.18449678,-0.27277586,-0.0036518434,0.034039143
grass,3681,0.75950783,0.116234764,0.49409696,0.21265386
grass,3682,-0.044079088,0.3781318,-0.016009724,0.06511146
grass,3683,0.16747926,-0.4309021,-0.10251112,-0.09325616
grass,3684,0.6594111,0.41358885,-0.013618525,-0.078728974
grass,3685,0.020842273,-0.09210767,0.45908618,0.07877205
grass,3686,0.83595824,0.06799413,-0.25246915,-0.03189724
grass,3687,0.1859116,0.39399403,-0.087790444,0.042573504
grass,3688,0.104110636,-0.38374346,0.022161415,0.043283798
grass,3689,0.57209015,0.16867904,0.27249613,0.06729627
grass,3690,-0.13365547,0.22665505,-0.0036728503,-0.073775396
grass,3691,0.3478506,-0.3055043,-0.3084769,-0.19786051
grass,3692,0.61901534,0.47720435,0.067307726,-0.04160788
grass,3693,0.1856361,-0.16637926,0.26614708,0.07889732
grass,3694,0.89225906,0.11778265,0.22971795,0.1709843
grass,3695,0.0186955,0.3824343,-0.034927316,0.09451174
grass,3696,0.08510897,-0.45569897,0.056088194,0.012539471
grass,3697,0.61703944,0.3407116,-0.03947685,-0.079941824
grass,3698,-0.13130279,0.016267128,0.28956512,-0.015943801
grass,3699,0.6956987,-0.026325662,-0.38785997,-0.14893927
grass,3700,0.39769036,0.43704605,-0.04023537,-0.012066758
grass,3701,0.15720549,-0.31110302,-0.023225691,0.03340789
grass,3702,0.68382365,0.120851114,0.483294,0.1837067
grass,3703,-0.07379853,0.34741947,-0.026524132,0.008000747
grass,3704,0.20163196,-0.40968665,-0.1498323,-0.1206142
grass,3705,0.6655535,0.4535793,0.039951317,-0.06266573
grass,3706,0.0961858,-0.11989972,0.4261773,0.092325136
grass,3707,0.89356005,0.107468344,-0.0005098347,0.085062
grass,3708,0.10646001,0.3832201,-0.07061321,0.070835695
grass,3709,0.08650299,-0.4134831,0.05733035,0.04707928
grass,3710,0.5569923,0.20553169,0.15058924,0.010519899
grass,3711,-0.14527628,0.17943427,0.035834525,-0.07933089
grass,3712,0.46215707,-0.21269192,-0.37627432,-0.215506
grass,3713,0.5461135,0.4694865,0.042044215,-0.031323895
grass,3714,0.20267773,-0.2400546,0.035623245,0.041373577
grass,3715,0.86820966,0.11759275,0.36110705,0.20542507
grass,3716,-0.039572477,0.37817168,-0.00973206,0.06995758
grass,3717,0.110343486,-0.4548148,0.0056308303,-0.027063219
grass,3718,0.64918935,0.39421144,-0.024643585,-0.08223259
grass,3719,-0.042513587,-0.060454044,0.43191525,0.05190457
grass,3720,0.80539393,0.051198367,-0.29415533,-0.061039474
grass,3721,0.29004976,0.41106015,-0.073902644,0.011494876
grass,3722,0.11256324,-0.36980173,0.01246008,0.043715216
grass,3723,0.5982004,0.14337184,0.37106973,0.11420868
grass,3724,-0.09693617,0.30243993,-0.031464323,-0.037864793
grass,3725,0.34494403,-0.30611253,-0.3017444,-0.19557087
grass,3726,0.6416311,0.47308597,0.074291,-0.046713598
grass,3727,0.17104019,-0.15212832,0.31319544,0.08603328
grass,3728,0.8928286,0.113384746,0.11161769,0.12800017
grass,3729,0.028483193,0.38012245,-0.033710476,0.095142946
grass,3730,0.07849612,-0.43914267,0.07885019,0.040278398
grass,3731,0.5958939,0.30938315,-0.024473038,-0.07182021
grass,3732,-0.14824268,0.06672616,0.19146498,-0.049185745
grass,3733,0.6391977,-0.06713044,-0.40068373,-0.17656723
grass,3734,0.47984576,0.45487428,0.008562396,-0.023838999
grass,3735,0.1939754,-0.25790742,0.003421289,0.036874868
grass,3736,0.7125471,0.11600345,0.49808788,0.19846334
grass,3737,-0.05907234,0.36187792,-0.015176254,0.03266065
grass,3738,0.15474184,-0.43556613,-0.072580636,-0.077071466
grass,3739,0.6631257,0.42671683,0.009835808,-0.07413647
grass,3740,0.07535803,-0.109939806,0.44074133,0.090242796
grass,3741,0.85514647,0.082404815,-0.20160306,-0.0011026645
grass,3742,0.1444087,0.38441557,-0.0749315,0.058001928
grass,3743,0.09682543,-0.39291558,0.041451536,0.04931674
grass,3744,0.55435,0.19589391,0.17414367,0.019772027
grass,3745,-0.1412937,0.17860124,0.035189502,-0.080113225
grass,3746,0.37782705,-0.27919844,-0.3239211,-0.20383374
grass,3747,0.5930589,0.47479355,0.072721794,-0.036058884
grass,3748,0.21226032,-0.20880724,0.09951114,0.05339447
grass,3749,0.8923033,0.11744713,0.24088508,0.17565224
grass,3750,-0.020192184,0.38061157,-0.0053850817,0.089738466
grass,3751,0.088383265,-0.45451835,0.05985643,0.011513321
grass,3752,0.6170432,0.34360057,-0.0371689,-0.08195165
grass,3753,-0.11678587,0.002670358,0.31204537,-0.006220945
grass,3754,0.71927947,-0.0049351677,-0.3688907,-0.12978704
grass,3755,0.32019266,0.41564247,-0.06095815,0.004012671
grass,3756,0.1510154,-0.31752267,-0.023358325,0.036485028
grass,3757,0.61725944,0.13214338,0.41751102,0.13773268
grass,3758,-0.091556996,0.30480394,-0.029436305,-0.035732195
grass,3759,0.23943533,-0.38250053,-0.1909294,-0.14399841
grass,3760,0.658741,0.46249464,0.06715623,-0.054804813
grass,3761,0.11529422,-0.1235215,0.40773433,0.09356021
grass,3762,0.8931653,0.1107013,0.046564497,0.106141604
grass,3763,0.097559124,0.37868857,-0.059360642,0.07575948
grass,3764,0.08324864,-0.4188308,0.07397677,0.05131751
grass,3765,0.56426054,0.25437585,0.0389576,-0.042151693
grass,3766,-0.14791769,0.123859674,0.0989376,-0.07300175
grass,3767,0.5361045,-0.14827953,-0.39372236,-0.2073539
grass,3768,0.48610374,0.45487532,0.018893182,-0.024235837
grass,3769,0.20856957,-0.22985297,0.042155184,0.044199962
grass,3770,0.8142272,0.11334571,0.4515324,0.21761656
grass,3771,-0.035177536,0.3770054,0.00016605644,0.074141316
grass,3772,0.12600285,-0.44744802,-0.0148834195,-0.042508062
grass,3773,0.65734285,0.41312638,-0.00016114581,-0.07806164
grass,3774,-0.003769402,-0.07678128,0.4470538,0.067959815
grass,3775,0.79971063,0.051124025,-0.29279998,-0.061051585
grass,3776,0.25583845,0.40033635,-0.07237245,0.021158392
grass,3777,0.117521994,-0.3605069,0.009576182,0.04613858
grass,3778,0.5828145,0.14664654,0.34679532,0.09955007
grass,3779,-0.1087248,0.26155806,-0.021430934,-0.062823996
grass,3780,0.3606948,-0.29115397,-0.3069568,-0.19807623
grass,3781,0.608814,0.47466415,0.085927546,-0.03764987
grass,3782,0.18234043,-0.15366566,0.2903385,0.08449444
grass,3783,0.892551,0.115549214,0.17480513,0.15449084
grass,3784,0.029285824,0.37681532,-0.02409637,0.09801721
grass,3785,0.083395734,-0.45015737,0.07868172,0.026161365
grass,3786,0.59983265,0.3192234,-0.029316772,-0.077330135
grass,3787,-0.13400301,0.03820209,0.23883787,-0.033460587
grass,3788,0.6092466,-0.08702184,-0.3973378,-0.18603602
grass,3789,0.40103692,0.4332068,-0.023618013,-0.012374785
grass,3790,0.16881135,-0.2936928,-0.027414344,0.03559857
grass,3791,0.73894304,0.112072706,0.5009591,0.20851965
grass,3792,-0.0633393,0.34829357,-0.015130101,0.012856922
grass,3793,0.2101315,-0.40074065,-0.1478407,-0.12159668
grass,3794,0.6643034,0.4482574,0.05167321,-0.062873095
grass,3795,0.07369123,-0.106111,0.43996152,0.08983987
grass,3796,0.8726977,0.09487751,-0.13852571,0.033101924
grass,3797,0.111518025,0.3772457,-0.058957808,0.071496405
grass,3798,0.090296224,-0.40220898,0.063287824,0.05515791
grass,3799,0.5494063,0.21321942,0.12119393,-0.006244172
grass,3800,-0.13304636,0.18448335,0.027209386,-0.081321456
grass,3801,0.42729157,-0.23635212,-0.34795052,-0.21012141
grass,3802,0.565713,0.46975037,0.072535664,-0.031722147
grass,3803,0.21419805,-0.21645467,0.06334238,0.04882851
grass,3804,0.84420526,0.11383792,0.4008208,0.21171354
grass,3805,-0.028470634,0.37738448,0.0066752695,0.08248339
grass,3806,0.10774572,-0.45173743,0.028472995,-0.015049566
grass,3807,0.63041955,0.36675304,-0.03005186,-0.08480002
grass,3808,-0.06340183,-0.042289183,0.3963801,0.03447941
grass,3809,0.72400194,0.0024126717,-0.35886234,-0.12223449
grass,3810,0.31996813,0.41232735,-0.052953184,0.00406315
grass,3811,0.13605496,-0.33461156,-0.01195349,0.042653173
grass,3812,0.6335684,0.12331276,0.4510829,0.15525411
grass,3813,-0.08620303,0.30200124,-0.026196728,-0.03757573
grass,3814,0.31627157,-0.3242207,-0.2650788,-0.18132524
grass,3815,0.63935643,0.4710327,0.09460005,-0.044055462
grass,3816,0.14748867,-0.13253734,0.3664656,0.09306225
grass,3817,0.89336693,0.109062195,0.001121754,0.09353142
grass,3818,0.04212702,0.37415323,-0.025394063,0.096725225
grass,3819,0.08009369,-0.4273576,0.09268134,0.05341618
grass,3820,0.5591453,0.25076875,0.041956734,-0.042916376
grass,3821,-0.14251813,0.108587466,0.11645013,-0.06988183
grass,3822,0.5803172,-0.10820631,-0.3930452,-0.19424386
grass,3823,0.4440742,0.44235212,0.004898536,-0.018739425
grass,3824,0.18581896,-0.27037358,-0.02229815,0.036343854
grass,3825,0.76156205,0.11035421,0.49364948,0.21397568
grass,3826,-0.038706873,0.37212417,0.0072079003,0.06428875
grass,3827,0.14717378,-0.43595415,-0.043894105,-0.062252186
grass,3828,0.65964603,0.4220942,0.01963567,-0.07436571
grass,3829,0.03935439,-0.0916826,0.4481816,0.08169762
grass,3830,0.80719644,0.05916218,-0.27324224,-0.047566462
grass,3831,0.18755855,0.38411593,-0.06814531,0.04360008
grass,3832,0.110182986,-0.36850414,0.026646394,0.052549254
grass,3833,0.5508358,0.17365615,0.23356584,0.04331756
grass,3834,-0.12345309,0.2030449,0.010417089,-0.080613665
grass,3835,0.40530923,-0.25263032,-0.33068883,-0.20586635
grass,3836,0.6133692,0.4731875,0.09973791,-0.03716526
grass,3837,0.21798673,-0.19192213,0.12351458,0.060117308
grass,3838,0.8863269,0.115840904,0.26484874,0.18253163
grass,3839,0.015971405,0.37464905,-0.0060520684,0.10299874
grass,3840,0.08942067,-0.45062488,0.076369606,0.01915679
grass,3841,0.61143154,0.33978134,-0.032418985,-0.08355381
grass,3842,-0.09314482,-0.0153124565,0.34102982,0.008239785
grass,3843,0.6830771,-0.02527319,-0.37514594,-0.146741
grass,3844,0.37121403,0.42292988,-0.028563466,-0.0069982596
grass,3845,0.16986045,-0.2909681,-0.030692894,0.037262272
grass,3846,0.63956875,0.11972172,0.4630089,0.16148646
grass,3847,-0.059470985,0.34493178,-0.010237984,0.0100079365
grass,3848,0.24001692,-0.37864268,-0.1784157,-0.13935995
grass,3849,0.66284597,0.4476381,0.06276044,-0.06148278
grass,3850,0.1523687,-0.1320458,0.36005944,0.093236014
grass,3851,0.88412106,0.10327579,-0.07379264,0.06439925
grass,3852,0.07711352,0.37162164,-0.03785088,0.08629145
grass,3853,0.08139171,-0.42165878,0.096003786,0.05818471
grass,3854,0.54995614,0.23324156,0.07184161,-0.03056766
grass,3855,-0.13748328,0.12797263,0.0870449,-0.076488
grass,3856,0.5002009,-0.1727,-0.37310797,-0.20860766
grass,3857,0.5172581,0.45858148,0.055854898,-0.026378714
grass,3858,0.2058961,-0.23981251,0.003907974,0.040688664
grass,3859,0.8143323,0.110584006,0.4441827,0.21625201
grass,3860,-0.023612212,0.37603742,0.01667361,0.08809847
grass,3861,0.10516207,-0.44993258,0.04524835,-0.0057062316
grass,3862,0.64295477,0.38946348,-0.010681089,-0.08307069
grass,3863,-0.047328368,-0.049429405,0.40519518,0.04178958
grass,3864,0.7543248,0.027326792,-0.328628,-0.09402796
grass,3865,0.2836343,0.40069813,-0.055165555,0.013251581
grass,3866,0.13438332,-0.3345593,-0.008102094,0.04629149
grass,3867,0.5904476,0.13359164,0.39017296,0.11817614
grass,3868,-0.08960492,0.2800734,-0.023163212,-0.053150855
grass,3869,0.29480982,-0.33824292,-0.23674022,-0.16922176
grass,3870,0.6414392,0.46880543,0.10548587,-0.043704785
grass,3871,0.2008124,-0.15757926,0.2449579,0.08044502
grass,3872,0.8927015,0.114380375,0.15286946,0.14949541
grass,3873,0.048977423,0.37040004,-0.02014929,0.09721414
grass,3874,0.08030723,-0.43955427,0.10534294,0.047109224
grass,3875,0.56552976,0.2701749,0.011365014,-0.059391003
grass,3876,-0.12017453,0.026022606,0.2542304,-0.026898604
grass,3877,0.5988196,-0.089356184,-0.38675433,-0.18535611
grass,3878,0.4201889,0.43380344,0.0011432739,-0.015260455
grass,3879,0.19175693,-0.26155412,-0.023659071,0.037694257
grass,3880,0.7410332,0.10834949,0.50171405,0.20988998
grass,3881,-0.053139176,0.34934595,-0.0031230035,0.018284699
grass,3882,0.18549635,-0.41284722,-0.09773621,-0.09553353
grass,3883,0.66229063,0.44237453,0.061003298,-0.06352744
grass,3884,0.044975165,-0.091012426,0.44387937,0.082436614
grass,3885,0.8560396,0.0899537,-0.16392387,0.020058203
grass,3886,0.1641453,0.37680426,-0.058831222,0.052663762
grass,3887,0.09608406,-0.388242,0.063670166,0.061833274
grass,3888,0.54090077,0.18802375,0.1804387,0.016998582
grass,3889,-0.11130621,0.21920429,-0.001810739,-0.07877543
grass,3890,0.4253515,-0.23343274,-0.33543098,-0.2065177
grass,3891,0.5650412,0.46696967,0.09206857,-0.02995928
grass,3892,0.22195962,-0.19014254,0.11172256,0.059658304
grass,3893,0.8772726,0.11412885,0.2867713,0.18780598
grass,3894,-0.000022701628,0.3737666,0.014448125,0.10531375
grass,3895,0.10049621,-0.44903633,0.06276989,0.00528976
grass,3896,0.62522894,0.36292505,-0.024223253,-0.08594384
grass,3897,-0.09260647,-0.010923285,0.32735655,0.0035117026
grass,3898,0.6879781,-0.017690374,-0.36616042,-0.13990825
grass,3899,0.3485531,0.414349,-0.029881652,-0.0025831815
grass,3900,0.13615867,-0.33093852,-0.008952762,0.04764146
grass,3901,0.59175813,0.13007995,0.4007475,0.122444555
grass,3902,-0.06494244,0.32366744,-0.015009974,-0.015841082
grass,3903,0.25910908,-0.36317322,-0.19311498,-0.14823756
grass,3904,0.6511844,0.46307456,0.10403301,-0.0479725
grass,3905,0.18367824,-0.14255306,0.30060375,0.088614054
grass,3906,0.89294165,0.11249119,0.08422726,0.12696956
grass,3907,0.09635705,0.36854368,-0.038210742,0.08023319
grass,3908,0.082310654,-0.4175592,0.10482977,0.06386044
grass,3909,0.559049,0.2618122,0.02100998,-0.056038976
grass,3910,-0.13209674,0.08006222,0.1531115,-0.060717873
grass,3911,0.52133524,-0.15170349,-0.3724178,-0.20382158
grass,3912,0.51174533,0.45545068,0.06356101,-0.025243076
grass,3913,0.2164865,-0.22121444,0.023728143,0.04537936
grass,3914,0.8024169,0.108331814,0.45514786,0.21628365
grass,3915,-0.024651095,0.3736902,0.026234828,0.08523324
grass,3916,0.12810844,-0.44103444,0.008593483,-0.032202285
grass,3917,0.6457934,0.3969984,0.003305235,-0.0812989
grass,3918,-0.01856619,-0.062495816,0.42206436,0.05581425
grass,3919,0.7745141,0.04418559,-0.3005504,-0.07093031
grass,3920,0.1981303,0.37989408,-0.057360455,0.0402127
grass,3921,0.111262746,-0.36320597,0.03409487,0.058871318
grass,3922,0.5458955,0.16286953,0.25932395,0.05179391
grass,3923,-0.101631425,0.23429419,-0.010048609,-0.07516504
grass,3924,0.33366907,-0.306217,-0.26551926,-0.18316
grass,3925,0.6171077,0.47079933,0.12061395,-0.035806064
grass,3926,0.20923822,-0.15853205,0.22223982,0.07847025
grass,3927,0.88969994,0.11416028,0.19686064,0.16365682
grass,3928,0.014765124,0.37009454,0.011242434,0.10808659
grass,3929,0.08204351,-0.4396846,0.11378279,0.048248686
grass,3930,0.5880083,0.31047234,-0.02276135,-0.07970448
grass,3931,-0.11141789,0.018757364,0.26350817,-0.02252079
grass,3932,0.6831376,-0.018958708,-0.3637679,-0.14055304
grass,3933,0.3809088,0.42098406,-0.010448891,-0.008976155
grass,3934,0.17630698,-0.28051326,-0.036076795,0.0392735
grass,3935,0.6817734,0.10879765,0.5016568,0.18947877
grass,3936,-0.05354326,0.3383651,-0.004047349,0.0034931342
grass,3937,0.2155646,-0.39196938,-0.13262929,-0.116572596
grass,3938,0.66067773,0.4398274,0.06795128,-0.06336717
grass,3939,0.14180586,-0.12163565,0.37831706,0.095509745
grass,3940,0.85020596,0.08932504,-0.16558024,0.019230988
grass,3941,0.11923697,0.36779484,-0.04187655,0.071354575
grass,3942,0.08485584,-0.4094249,0.10419899,0.06821712
grass,3943,0.53941613,0.22065182,0.09119634,-0.025102051
grass,3944,-0.11997535,0.16854638,0.035456907,-0.084614135
grass,3945,0.48487774,-0.18062268,-0.35636586,-0.20618512
grass,3946,0.54480755,0.46164626,0.09198992,-0.027340097
grass,3947,0.2213089,-0.2119317,0.034850154,0.0481472
grass,3948,0.8494336,0.11062692,0.36495405,0.20430991
grass,3949,-0.020979477,0.37308753,0.032688726,0.09035603
grass,3950,0.10693676,-0.44589624,0.06009494,0.0008597574
grass,3951,0.6214076,0.35984826,-0.021269435,-0.086678065
grass,3952,-0.038117096,-0.05011141,0.4001203,0.04278706
grass,3953,0.71504533,0.0059940475,-0.3452267,-0.117358126
grass,3954,0.25248122,0.3884333,-0.04972651,0.021969853
grass,3955,0.13951963,-0.3245116,-0.0111852065,0.049519643
grass,3956,0.5955315,0.124237165,0.4193062,0.13042286
grass,3957,-0.081973284,0.27261618,-0.019773511,-0.058032412
grass,3958,0.29922286,-0.33154655,-0.22849034,-0.16695112
grass,3959,0.64158547,0.46604854,0.12349554,-0.042124752
grass,3960,0.194133,-0.14355525,0.27875954,0.087162405
grass,3961,0.8917178,0.11175744,0.074374236,0.12432311
grass,3962,0.07090878,0.36410186,-0.018841729,0.09231357
grass,3963,0.081867576,-0.4365447,0.1219583,0.053951778
grass,3964,0.5713869,0.28772035,-0.00848159,-0.07270882
grass,3965,-0.11804931,0.040080592,0.21861692,-0.038989957
grass,3966,0.5606948,-0.11521124,-0.37322536,-0.19315042
grass,3967,0.43850377,0.43483573,0.02677998,-0.017616672
grass,3968,0.20503815,-0.2421264,-0.020162044,0.040343475
grass,3969,0.76737416,0.10524972,0.48657295,0.21468511
grass,3970,-0.0399584,0.3559578,0.014931155,0.03495683
grass,3971,0.14829586,-0.43014362,-0.019465012,-0.051397786
grass,3972,0.65858454,0.43125728,0.059586883,-0.067206636
grass,3973,0.042302582,-0.08579173,0.43734714,0.08006003
grass,3974,0.8271172,0.07858441,-0.21172997,-0.0077753887
grass,3975,0.19741148,0.37617898,-0.050791264,0.04048447
grass,3976,0.094040155,-0.38866308,0.083844244,0.07036972
grass,3977,0.5370808,0.16740179,0.23564379,0.038793538
grass,3978,-0.105992496,0.20304875,0.0061349953,-0.083482385
grass,3979,0.39629775,-0.2533954,-0.3058692,-0.19855718
grass,3980,0.58205074,0.46714655,0.120994434,-0.029737327
grass,3981,0.22788571,-0.18905681,0.08692837,0.057862766
grass,3982,0.87738657,0.11243661,0.25203878,0.17870913
grass,3983,0.0061454773,0.36881876,0.027616343,0.111159615
grass,3984,0.09768836,-0.44508463,0.0888086,0.020140678
grass,3985,0.62011176,0.35957637,-0.018796636,-0.087075256
grass,3986,-0.08777478,-0.008002521,0.31341067,-0.00043393043
grass,3987,0.687707,-0.011736083,-0.3547331,-0.13370788
grass,3988,0.38574067,0.4197097,0.00025877636,-0.010011172
grass,3989,0.14328052,-0.31850863,-0.014920314,0.04995322
grass,3990,0.6194329,0.11509535,0.45990708,0.15326633
grass,3991,-0.051300555,0.3310079,-0.003039889,-0.005065711
grass,3992,0.26046512,-0.35908616,-0.18136688,-0.14407586
grass,3993,0.65675867,0.4519864,0.103326306,-0.053380404
grass,3994,0.12562193,-0.11265038,0.39715797,0.09588437
grass,3995,0.88472205,0.108565986,0.011109687,0.100959025
grass,3996,0.06434943,0.36190268,-0.010431716,0.096121736
grass,3997,0.0817435,-0.42013013,0.1272555,0.07000071
grass,3998,0.5511921,0.25691095,0.024071643,-0.057756722
grass,3999,-0.12261927,0.118908696,0.08821597,-0.078031704
grass,4000,0.48939055,-0.17385112,-0.35091314,-0.2037253
grass,4001,0.48685277,0.44636512,0.06431831,-0.02237143
grass,4002,0.22619584,-0.20336808,0.04026351,0.050525635
grass,4003,0.7667319,0.104097605,0.4856986,0.21444654
grass,4004,-0.015887477,0.3716076,0.04278056,0.09753241
grass,4005,0.11974097,-0.44055462,0.04378748,-0.01232438
grass,4006,0.64930654,0.40839508,0.029659335,-0.076875344
grass,4007,-0.026335958,-0.054043587,0.40295157,0.047327276
grass,4008,0.74610275,0.031201895,-0.3151293,-0.08800843
grass,4009,0.27039763,0.3892222,-0.03982532,0.016243814
grass,4010,0.11803149,-0.35001466,0.029431554,0.0623802
grass,4011,0.5423289,0.1521784,0.28671288,0.06128255
grass,4012,-0.068561815,0.28830016,-0.01738902,-0.04755964
grass,4013,0.3521676,-0.2880484,-0.26873028,-0.18564256
grass,4014,0.61298335,0.46865383,0.13980341,-0.03297963
grass,4015,0.22467223,-0.16499731,0.16366075,0.07154867
grass,4016,0.88381296,0.112226285,0.18416037,0.15988955
grass,4017,0.018098641,0.36490247,0.024760092,0.11254769
grass,4018,0.08599609,-0.43895817,0.12511468,0.049119502
grass,4019,0.58984673,0.31852174,-0.023506379,-0.08448916
grass,4020,-0.116439074,0.051285833,0.19252628,-0.04774163
grass,4021,0.6280624,-0.055953905,-0.36661848,-0.16521345
grass,4022,0.3991672,0.4218702,0.012588382,-0.012306208
grass,4023,0.18383425,-0.26885495,-0.041932784,0.040807687
grass,4024,0.71524495,0.10312221,0.50884694,0.20389192
grass,4025,-0.033384945,0.35801974,0.0256203,0.0428778
grass,4026,0.21003716,-0.3926355,-0.1104027,-0.10625137
grass,4027,0.6567771,0.4302809,0.06820364,-0.066328906
grass,4028,0.09714076,-0.10165618,0.418694,0.0928887
grass,4029,0.8407307,0.08826302,-0.16800398,0.01792619
grass,4030,0.15565935,0.36590612,-0.040292814,0.05682574
grass,4031,0.0969652,-0.3815213,0.08527363,0.07425615
grass,4032,0.5278029,0.1993427,0.1336223,-0.00923049
grass,4033,-0.10848788,0.1731497,0.026716217,-0.08685043
grass,4034,0.42788455,-0.22456585,-0.31779927,-0.20116486
grass,4035,0.5431102,0.45884207,0.10978847,-0.025806073
grass,4036,0.22847037,-0.20009832,0.038965013,0.05119658
grass,4037,0.8508203,0.10881612,0.34189102,0.19911247
grass,4038,-0.010704632,0.37016973,0.048360426,0.104848735
grass,4039,0.11452389,-0.44066444,0.062330455,-0.0011668066
grass,4040,0.6084927,0.3457209,-0.020808347,-0.087994814
grass,4041,-0.06532503,-0.025687518,0.34558114,0.016432913
grass,4042,0.6975036,-0.0007486574,-0.34292293,-0.122967236
grass,4043,0.28137618,0.38991943,-0.03322193,0.012816437
grass,4044,0.13424887,-0.3273906,0.0010586062,0.056843903
grass,4045,0.5673724,0.12897721,0.3804864,0.106104136
grass,4046,-0.053564455,0.31306234,-0.008156855,-0.025208455
grass,4047,0.25161964,-0.36362872,-0.16235471,-0.13527948
grass,4048,0.6317822,0.4661804,0.14616121,-0.036764197
grass,4049,0.20023948,-0.13908337,0.27095434,0.08812484
grass,4050,0.88470936,0.11068866,0.0908085,0.13033974
grass,4051,0.05099018,0.35887972,0.0057158004,0.103584416
grass,4052,0.084378906,-0.4095924,0.1306552,0.0777703
grass,4053,0.54645145,0.25417954,0.025477432,-0.058956295
grass,4054,-0.118083596,0.08607171,0.13065661,-0.06749108
grass,4055,0.5136962,-0.15006754,-0.35173446,-0.19894023
grass,4056,0.50502855,0.44929713,0.08753089,-0.023238963
grass,4057,0.21022594,-0.2342903,-0.027274383,0.04162883
grass,4058,0.7595075,0.10207925,0.4889677,0.2133706
grass,4059,-0.019230109,0.36924598,0.050174188,0.087004654
grass,4060,0.15282583,-0.42485493,-0.0110301,-0.04868978
grass,4061,0.6513497,0.41649646,0.05043408,-0.07257924
grass,4062,0.033689704,-0.07867204,0.42871144,0.07504951
grass,4063,0.8085831,0.072777845,-0.22868879,-0.019529622
grass,4064,0.20679593,0.37230608,-0.040873136,0.036705866
grass,4065,0.1040263,-0.3684481,0.070849635,0.073902704
grass,4066,0.5326158,0.15629758,0.26323602,0.048298225
grass,4067,-0.08627517,0.22884342,-0.009157876,-0.07906225
grass,4068,0.38548318,-0.258694,-0.2863556,-0.19258218
grass,4069,0.57603294,0.46416402,0.1375686,-0.027349066
grass,4070,0.22334802,-0.15493011,0.18810195,0.07677952
grass,4071,0.86126506,0.109253116,0.29549035,0.18889616
grass,4072,0.011900688,0.3633852,0.039535113,0.11617895
grass,4073,0.09268481,-0.43975994,0.121649235,0.040967364
grass,4074,0.58017635,0.30819795,-0.01982316,-0.08376317
grass,4075,-0.10252908,0.025724737,0.235703,-0.03111311
grass,4076,0.6838794,-0.008614127,-0.34462625,-0.12972657
grass,4077,0.38743234,0.4162863,0.0142615065,-0.010742931
grass,4078,0.15946084,-0.29567602,-0.03209426,0.04837185
grass,4079,0.62650365,0.10848781,0.478425,0.16219963
grass,4080,-0.03686804,0.34133407,0.014637442,0.012660914
grass,4081,0.23923054,-0.3712893,-0.14142475,-0.12476613
grass,4082,0.6509549,0.45520526,0.13094595,-0.04706914
grass,4083,0.1548856,-0.1172473,0.3624774,0.09689322
grass,4084,0.8600617,0.099589184,-0.08924693,0.058493003
grass,4085,0.11114925,0.35732165,-0.021755008,0.076743044
grass,4086,0.08455468,-0.40922216,0.13847284,0.0806958
grass,4087,0.5369611,0.23989074,0.045086652,-0.050936636
grass,4088,-0.106009,0.15844427,0.037102226,-0.08759597
grass,4089,0.46966225,-0.18632272,-0.33123797,-0.20097983
grass,4090,0.5307464,0.45465094,0.11268379,-0.024302786
grass,4091,0.2233774,-0.21404557,-0.0053216303,0.04544487
grass,4092,0.8047662,0.10344694,0.43466252,0.21269505
grass,4093,-0.017670892,0.3683153,0.055651024,0.087609395
grass,4094,0.12315856,-0.43608427,0.055162124,-0.007883606
grass,4095,0.62267166,0.3685749,-0.003860788,-0.087019004
life,0,0,156.77428,370.7191,-2.0666559,-4.8869553
life,0,1,435.91528,757.27844,-4.526737,2.7697544
life,0,2,414.0474,109.54843,-4.675227,-0.95012295
life,0,3,657.1435,870.39874,4.8942394,2.0491977
life,0,4,146.89192,840.8655,-3.3170588,4.1354756
life,0,5,93.37121,5.6989994,-5.2554884,-0.32077366
life,0,6,478.16254,699.5325,-4.391571,2.9799957
life,0,7,379.78467,517.63666,-3.204469,4.2058215
life,0,8,628.85547,117.517395,5.0859294,-1.5125737
life,0,9,539.47485,228.93274,4.7983565,-2.26717
life,0,10,522.7014,978.585,5.285182,0.47880954
life,0,11,541.97687,604.71515,4.004439,3.483237
life,0,12,480.23813,402.8724,-4.066072,-3.4110327
life,0,13,44.358334,434.81546,-0.5385384,-5.2789364
life,0,14,243.16336,176.3145,-4.2940817,-3.1135814
life,0,15,614.0796,485.8566,3.422478,-4.0564785
life,0,16,834.8358,884.0742,4.262127,3.1527185
life,0,17,330.1566,781.4959,-4.2764263,3.1410882
life,0,18,790.7319,620.7739,2.6572628,4.5933304
life,0,19,331.3213,50.231438,-5.2449985,-0.79519135
life,0,20,454.02234,218.21278,-4.7830687,-2.2988443
life,0,21,655.26654,206.23442,4.6310587,-2.5901735
life,0,22,912.537,655.8674,1.5375413,5.078089
life,0,23,926.7697,25.697157,5.0960336,-1.3468388
life,0,24,400.29095,97.231255,-5.61067,-1.6595436
life,0,25,808.7554,241.27905,3.5313313,-3.9584558
life,0,26,683.6815,835.9185,4.6438017,2.5664585
life,0,27,326.3463,984.56726,-5.266495,0.63635594
life,0,28,393.67307,545.4798,-3.3518844,4.1386204
life,0,29,940.7445,378.72253,1.1391842,-5.1820574
life,0,30,373.55597,731.3998,-4.177635,3.2722728
life,0,31,850.7971,94.74052,4.648578,-2.5427337
life,1,0,156.77428,370.7191,-2.0666559,-4.8869553
life,1,1,435.91528,757.27844,-4.526737,2.7697544
life,1,2,414.0425,109.54406,-4.9681463,-1.2124416
life,1,3,657.1435,870.39874,4.8942394,2.0491977
life,1,4,146.89192,840.8655,-3.3170588,4.1354756
life,1,5,93.37121,5.6989994,-5.2554884,-0.32077366
life,1,6,478.16254,699.5325,-4.391571,2.9799957
life,1,7,379.78488,517.63715,-3.191599,4.231619
life,1,8,628.85547,117.517395,5.0859294,-1.5125737
life,1,9,539.47485,228.93274,4.7983565,-2.26717
life,1,10,522.7014,978.585,5.285182,0.47880954
life,1,11,541.97687,604.71515,4.004439,3.483237
life,1,12,480.23813,402.8724,-4.066072,-3.4110327
life,1,13,44.358334,434.81546,-0.5385384,-5.2789364
life,1,14,243.16336,176.3145,-4.2940817,-3.1135814
life,1,15,614.0796,485.8566,3.422478,-4.0564785
life,1,16,834.8358,884.0742,4.262127,3.1527185
life,1,17,330.1566,781.4959,-4.2764263,3.1410882
life,1,18,790.7319,620.7739,2.6572628,4.5933304
life,1,19,331.3213,50.231438,-5.2449985,-0.79519135
life,1,20,454.02234,218.21278,-4.7830687,-2.2988443
life,1,21,655.26654,206.23442,4.6310587,-2.5901735
life,1,22,912.537,655.8674,1.5375413,5.078089
life,1,23,926.7697,25.697157,5.0960336,-1.3468388
life,1,24,400.29584,97.23563,-5.3177505,-1.397225
life,1,25,808.7554,241.27905,3.5313313,-3.9584558
life,1,26,683.6815,835.9185,4.6438017,2.5664585
life,1,27,326.3463,984.56726,-5.266495,0.63635594
life,1,28,393.67285,545.4794,-3.3647547,4.112823
life,1,29,940.7445,378.72253,1.1391842,-5.1820574
life,1,30,373.55597,731.3998,-4.177635,3.2722728
life,1,31,850.7971,94.74052,4.648578,-2.5427337
life,2,0,156.77428,370.7191,-2.0666559,-4.8869553
life,2,1,435.91528,757.27844,-4.526737,2.7697544
life,2,2,414.04074,109.54249,-5.073484,-1.3067747
life,2,3,657.1435,870.39874,4.8942394,2.0491977
life,2,4,146.89192,840.8655,-3.3170588,4.1354756
life,2,5,93.37121,5.6989994,-5.2554884,-0.32077366
life,2,6,478.16254,699.5325,-4.391571,2.9799957
life,2,7,379.785,517.6374,-3.1836703,4.2475123
life,2,8,628.85547,117.517395,5.0859294,-1.5125737
life,2,9,539.47485,228.93274,4.7983565,-2.26717
life,2,10,522.7014,978.585,5.285182,0.47880954
life,2,11,541.97687,604.71515,4.004439,3.483237
life,2,12,480.23813,402.8724,-4.066072,-3.4110327
life,2,13,44.358334,434.81546,-0.5385384,-5.2789364
life,2,14,243.16336,176.3145,-4.2940817,-3.1135814
life,2,15,614.0796,485.8566,3.422478,-4.0564785
life,2,16,834.8358,884.0742,4.262127,3.1527185
life,2,17,330.1566,781.4959,-4.2764263,3.1410882
life,2,18,790.7319,620.7739,2.6572628,4.5933304
life,2,19,331.3213,50.231438,-5.2449985,-0.79519135
life,2,20,454.02234,218.21278,-4.7830687,-2.2988443
life,2,21,655.26654,206.23442,4.6310587,-2.5901735
life,2,22,912.537,655.8674,1.5375413,5.078089
life,2,23,926.7697,25.697157,5.0960336,-1.3468388
life,2,24,400.29562,97.23544,-5.3299174,-1.4081206
life,2,25,808.7554,241.27905,3.5313313,-3.9584558
life,2,26,683.6815,835.9185,4.6438017,2.5664585
life,2,27,326.3463,984.56726,-5.266495,0.63635594
life,2,28,393.67236,545.4784,-3.3950005,4.052195
life,2,29,940.7445,378.72253,1.1391842,-5.1820574
life,2,30,373.55597,731.3998,-4.177635,3.2722728
life,2,31,850.7971,94.74052,4.648578,-2.5427337
post,0,16777215
post,257,16777215
post,514,16777215
post,771,16777215
post,1028,16777215
post,1285,16777215
post,1542,16777215
post,1799,11844287
post,2056,3885399
post,2313,6976895
post,2570,2109504
post,2827,2109504
post,3084,2109504
post,3341,6976895
post,3598,3885399
post,3855,8621204
post,4112,3885399
post,4369,8621204
post,4626,2109504
post,4883,6976895
post,5140,2109504
post,5397,2109504
post,5654,2109504
post,5911,6976895
post,6168,14935527
post,6425,11844287
post,6682,16777215
post,6939,16777215
post,7196,16777215
post,7453,11844287
post,7710,14935527
post,7967,10199978
post,8224,14935527
post,8481,10199978
post,8738,16777215
post,8995,11844287
post,9252,16777215
post,9509,16777215
post,9766,16777215
post,10023,11844287
post,10280,3885399
post,10537,6976895
post,10794,2109504
post,11051,2109504
post,11308,2109504
post,11565,6976895
post,11822,3885399
post,12079,8621204
post,12336,3885399
post,12593,8621204
post,12850,2109504
post,13107,6976895
post,13364,2109504
post,13621,2109504
post,13878,2109504
post,14135,6976895
post,14392,14935527
post,14649,11844287
post,14906,16777215
post,15163,16777215
post,15420,16777215
post,15677,11844287
post,15934,14935527
post,16191,10199978
post,16448,14935527
post,16705,10199978
post,16962,16777215
post,17219,11844287
post,17476,16777215
post,17733,16777215
post,17990,16777215
post,18247,11844287
post,18504,3885399
post,18761,6976895
post,19018,2109504
post,19275,2109504
post,19532,2109504
post,19789,6976895
post,20046,3885399
post,20303,8621204
post,20560,3885399
post,20817,8621204
post,21074,2109504
post,21331,6976895
post,21588,2109504
post,21845,2109504
post,22102,2109504
post,22359,6976895
post,22616,14935527
post,22873,11844287
post,23130,16777215
post,23387,16777215
post,23644,16777215
post,23901,11844287
post,24158,14935527
post,24415,10199978
post,24672,14935527
post,24929,10199978
post,25186,16777215
post,25443,11844287
post,25700,16777215
post,25957,16777215
post,26214,16777215
post,26471,11844287
post,26728,3885399
post,26985,6976895
post,27242,2109504
post,27499,2109504
post,27756,2109504
post,28013,6976895
post,28270,3885399
post,28527,8621204
post,28784,3885399
post,29041,8621204
post,29298,2109504
post,29555,6976895
post,29812,2109504
post,30069,2109504
post,30326,2109504
post,30583,6976895
post,30840,14935527
post,31097,11844287
post,31354,16777215
post,31611,16777215
post,31868,16777215
post,32125,11844287
post,32382,14935527
post,32639,10199978
post,32896,14935527
post,33153,10199978
post,33410,16777215
post,33667,11844287
post,33924,16777215
post,34181,16777215
post,34438,16777215
post,34695,11844287
post,34952,3885399
post,35209,6976895
post,35466,2109504
post,35723,2109504
post,35980,2109504
post,36237,6976895
post,36494,3885399
post,36751,8621204
post,37008,3885399
post,37265,8621204
post,37522,2109504
post,37779,6976895
post,38036,2109504
post,38293,2109504
post,38550,2109504
post,38807,6976895
post,39064,14935527
post,39321,11844287
post,39578,16777215
post,39835,16777215
post,40092,16777215
post,40349,11844287
post,40606,14935527
post,40863,10199978
post,41120,14935527
post,41377,10199978
post,41634,16777215
post,41891,11844287
post,42148,16777215
post,42405,16777215
post,42662,16777215
post,42919,11844287
post,43176,3885399
post,43433,6976895
post,43690,2109504
post,43947,2109504
post,44204,2109504
post,44461,6976895
post,44718,3885399
post,44975,8621204
post,45232,3885399
post,45489,8621204
post,45746,2109504
post,46003,6976895
post,46260,2109504
post,46517,2109504
post,46774,2109504
post,47031,6976895
post,47288,14935527
post,47545,11844287
post,47802,16777215
post,48059,16777215
post,48316,16777215
post,48573,11844287
post,48830,14935527
post,49087,10199978
post,49344,14935527
post,49601,10199978
post,49858,16777215
post,50115,11844287
post,50372,16777215
post,50629,16777215
post,50886,16777215
post,51143,11844287
post,51400,3885399
post,51657,6976895
post,51914,2109504
post,52171,2109504
post,52428,2109504
post,52685,6976895
post,52942,3885399
post,53199,8621204
post,53456,3885399
post,53713,8621204
post,53970,2109504
post,54227,6976895
post,54484,2109504
post,54741,2109504
post,54998,2109504
post,55255,6976895
post,55512,14935527
post,55769,11844287
post,56026,16777215
post,56283,16777215
post,56540,16777215
post,56797,11844287
post,57054,14935527
post,57311,10199978
post,57568,14935527
post,57825,10199978
post,58082,16777215
post,58339,11844287
post,58596,16777215
post,58853,16777215
post,59110,16777215
post,59367,11844287
post,59624,3885399
post,59881,6976895
post,60138,2109504
post,60395,2109504
post,60652,2109504
post,60909,6976895
post,61166,3885399
post,61423,8621204
post,61680,3885399
post,61937,8621204
post,62194,2109504
post,62451,6976895
post,62708,2109504
post,62965,2109504
post,63222,2109504
post,63479,6976895
post,63736,14935527
post,63993,11844287
post,64250,16777215
post,64507,16777215
post,64764,16777215
post,65021,11844287
post,65278,14935527
post,65535,11844287
post,65792,11844287
post,66049,16777215
post,66306,11844287
post,66563,16777215
post,66820,16777215
post,67077,16777215
post,67334,11844287
post,67591,14935527
post,67848,6976895
post,68105,2109504
post,68362,2109504
post,68619,2109504
post,68876,6976895
post,69133,3885399
post,69390,8621204
post,69647,14935527
post,69904,8621204
post,70161,2109504
post,70418,6976895
post,70675,2109504
post,70932,2109504
post,71189,2109504
post,71446,6976895
post,71703,3885399
post,71960,11844287
post,72217,16777215
post,72474,16777215
post,72731,16777215
post,72988,11844287
post,73245,14935527
post,73502,10199978
post,73759,3885399
post,74016,10199978
post,74273,16777215
post,74530,11844287
post,74787,16777215
post,75044,16777215
post,75301,16777215
post,75558,11844287
post,75815,14935527
post,76072,6976895
post,76329,2109504
post,76586,2109504
post,76843,2109504
post,77100,6976895
post,77357,3885399
post,77614,8621204
post,77871,14935527
post,78128,8621204
post,78385,2109504
post,78642,6976895
post,78899,2109504
post,79156,2109504
post,79413,2109504
post,79670,6976895
post,79927,3885399
post,80184,11844287
post,80441,16777215
post,80698,16777215
post,80955,16777215
post,81212,11844287
post,81469,14935527
post,81726,10199978
post,81983,3885399
post,82240,10199978
post,82497,16777215
post,82754,11844287
post,83011,16777215
post,83268,16777215
post,83525,16777215
post,83782,11844287
post,84039,14935527
post,84296,6976895
post,84553,2109504
post,84810,2109504
post,85067,2109504
post,85324,6976895
post,85581,3885399
post,85838,8621204
post,86095,14935527
post,86352,8621204
post,86609,2109504
post,86866,6976895
post,87123,2109504
post,87380,2109504
post,87637,2109504
post,87894,6976895
post,88151,3885399
post,88408,11844287
post,88665,16777215
post,88922,16777215
post,89179,16777215
post,89436,11844287
post,89693,14935527
post,89950,10199978
post,90207,3885399
post,90464,10199978
post,90721,16777215
post,90978,11844287
post,91235,16777215
post,91492,16777215
post,91749,16777215
post,92006,11844287
post,92263,14935527
post,92520,6976895
post,92777,2109504
post,93034,2109504
post,93291,2109504
post,93548,6976895
post,93805,3885399
post,94062,8621204
post,94319,14935527
post,94576,8621204
post,94833,2109504
post,95090,6976895
post,95347,2109504
post,95604,2109504
post,95861,2109504
post,96118,6976895
post,96375,3885399
post,96632,11844287
post,96889,16777215
post,97146,16777215
post,97403,16777215
post,97660,11844287
post,97917,14935527
post,98174,10199978
post,98431,3885399
post,98688,10199978
post,98945,16777215
post,99202,11844287
post,99459,16777215
post,99716,16777215
post,99973,16777215
post,100230,11844287
post,100487,14935527
post,100744,6976895
post,101001,2109504
post,101258,2109504
post,101515,2109504
post,101772,6976895
post,102029,3885399
post,102286,8621204
post,102543,14935527
post,102800,8621204
post,103057,2109504
post,103314,6976895
post,103571,2109504
post,103828,2109504
post,104085,2109504
post,104342,6976895
post,104599,3885399
post,104856,11844287
post,105113,16777215
post,105370,16777215
post,105627,16777215
post,105884,11844287
post,106141,14935527
post,106398,10199978
post,106655,3885399
post,106912,10199978
post,107169,16777215
post,107426,11844287
post,107683,16777215
post,107940,16777215
post,108197,16777215
post,108454,11844287
post,108711,14935527
post,108968,6976895
post,109225,2109504
post,109482,2109504
post,109739,2109504
post,109996,6976895
post,110253,3885399
post,110510,8621204
post,110767,14935527
post,111024,8621204
post,111281,2109504
post,111538,6976895
post,111795,2109504
post,112052,2109504
post,112309,2109504
post,112566,6976895
post,112823,3885399
post,113080,11844287
post,113337,16777215
post,113594,16777215
post,113851,16777215
post,114108,11844287
post,114365,14935527
post,114622,10199978
post,114879,3885399
post,115136,10199978
post,115393,16777215
post,115650,11844287
post,115907,16777215
post,116164,16777215
post,116421,16777215
post,116678,11844287
post,116935,14935527
post,117192,6976895
post,117449,2109504
post,117706,2109504
post,117963,2109504
post,118220,6976895
post,118477,3885399
post,118734,8621204
post,118991,14935527
post,119248,8621204
post,119505,2109504
post,119762,6976895
post,120019,2109504
post,120276,2109504
post,120533,2109504
post,120790,6976895
post,121047,3885399
post,121304,11844287
post,121561,16777215
post,121818,16777215
post,122075,16777215
post,122332,11844287
post,122589,14935527
post,122846,10199978
post,123103,3885399
post,123360,10199978
post,123617,16777215
post,123874,11844287
post,124131,16777215
post,124388,16777215
post,124645,16777215
post,124902,11844287
post,125159,14935527
post,125416,6976895
post,125673,2109504
post,125930,2109504
post,126187,2109504
post,126444,6976895
post,126701,3885399
post,126958,8621204
post,127215,14935527
post,127472,8621204
post,127729,2109504
post,127986,6976895
post,128243,2109504
post,128500,2109504
post,128757,2109504
post,129014,6976895
post,129271,3885399
post,129528,11844287
post,129785,16777215
post,130042,16777215
post,130299,16777215
post,130556,11844287
post,130813,14935527
post,131070,11844287
post,131327,3885399
post,131584,16777215
post,131841,11844287
post,132098,16777215
post,132355,16777215
post,132612,16777215
post,132869,16777215
post,133126,16777215
post,133383,11844287
post,133640,3885399
post,133897,6976895
post,134154,2109504
post,134411,6976895
post,134668,3885399
post,134925,6976895
post,135182,14935527
post,135439,10199978
post,135696,3885399
post,135953,8621204
post,136210,2109504
post,136467,2109504
post,136724,2109504
post,136981,2109504
post,137238,2109504
post,137495,6976895
post,137752,14935527
post,138009,11844287
post,138266,16777215
post,138523,11844287
post,138780,14935527
post,139037,11844287
post,139294,3885399
post,139551,8621204
post,139808,14935527
post,140065,10199978
post,140322,16777215
post,140579,16777215
post,140836,16777215
post,141093,16777215
post,141350,16777215
post,141607,11844287
post,141864,3885399
post,142121,6976895
post,142378,2109504
post,142635,6976895
post,142892,3885399
post,143149,6976895
post,143406,14935527
post,143663,10199978
post,143920,3885399
post,144177,8621204
post,144434,2109504
post,144691,2109504
post,144948,2109504
post,145205,2109504
post,145462,2109504
post,145719,6976895
post,145976,14935527
post,146233,11844287
post,146490,16777215
post,146747,11844287
post,147004,14935527
post,147261,11844287
post,147518,3885399
post,147775,8621204
post,148032,14935527
post,148289,10199978
post,148546,16777215
post,148803,16777215
post,149060,16777215
post,149317,16777215
post,149574,16777215
post,149831,11844287
post,150088,3885399
post,150345,6976895
post,150602,2109504
post,150859,6976895
post,151116,3885399
post,151373,6976895
post,151630,14935527
post,151887,10199978
post,152144,3885399
post,152401,8621204
post,152658,2109504
post,152915,2109504
post,153172,2109504
post,153429,2109504
post,153686,2109504
post,153943,6976895
post,154200,14935527
post,154457,11844287
post,154714,16777215
post,154971,11844287
post,155228,14935527
post,155485,11844287
post,155742,3885399
post,155999,8621204
post,156256,14935527
post,156513,10199978
post,156770,16777215
post,157027,16777215
post,157284,16777215
post,157541,16777215
post,157798,16777215
post,158055,11844287
post,158312,3885399
post,158569,6976895
post,158826,2109504
post,159083,6976895
post,159340,3885399
post,159597,6976895
post,159854,14935527
post,160111,10199978
post,160368,3885399
post,160625,8621204
post,160882,2109504
post,161139,2109504
post,161396,2109504
post,161653,2109504
post,161910,2109504
post,162167,6976895
post,162424,14935527
post,162681,11844287
post,162938,16777215
post,163195,11844287
post,163452,14935527
post,163709,11844287
post,163966,3885399
post,164223,8621204
post,164480,14935527
post,164737,10199978
post,164994,16777215
post,165251,16777215
post,165508,16777215
post,165765,16777215
post,166022,16777215
post,166279,11844287
post,166536,3885399
post,166793,6976895
post,167050,2109504
post,167307,6976895
post,167564,3885399
post,167821,6976895
post,168078,14935527
post,168335,10199978
post,168592,3885399
post,168849,8621204
post,169106,2109504
post,169363,2109504
post,169620,2109504
post,169877,2109504
post,170134,2109504
post,170391,6976895
post,170648,14935527
post,170905,11844287
post,171162,16777215
post,171419,11844287
post,171676,14935527
post,171933,11844287
post,172190,3885399
post,172447,8621204
post,172704,14935527
post,172961,10199978
post,173218,16777215
post,173475,16777215
post,173732,16777215
post,173989,16777215
post,174246,16777215
post,174503,11844287
post,174760,3885399
post,175017,6976895
post,175274,2109504
post,175531,6976895
post,175788,3885399
post,176045,6976895
post,176302,14935527
post,176559,10199978
post,176816,3885399
post,177073,8621204
post,177330,2109504
post,177587,2109504
post,177844,2109504
post,178101,2109504
post,178358,2109504
post,178615,6976895
post,178872,14935527
post,179129,11844287
post,179386,16777215
post,179643,11844287
post,179900,14935527
post,180157,11844287
post,180414,3885399
post,180671,8621204
post,180928,14935527
post,181185,10199978
post,181442,16777215
post,181699,16777215
post,181956,16777215
post,182213,16777215
post,182470,16777215
post,182727,11844287
post,182984,3885399
post,183241,6976895
post,183498,2109504
post,183755,6976895
post,184012,3885399
post,184269,6976895
post,184526,14935527
post,184783,10199978
post,185040,3885399
post,185297,8621204
post,185554,2109504
post,185811,2109504
post,186068,2109504
post,186325,2109504
post,186582,2109504
post,186839,6976895
post,187096,14935527
post,187353,11844287
post,187610,16777215
post,187867,11844287
post,188124,14935527
post,188381,11844287
post,188638,3885399
post,188895,8621204
post,189152,14935527
post,189409,10199978
post,189666,16777215
post,189923,16777215
post,190180,16777215
post,190437,16777215
post,190694,16777215
post,190951,11844287
post,191208,3885399
post,191465,6976895
post,191722,2109504
post,191979,6976895
post,192236,3885399
post,192493,6976895
post,192750,14935527
post,193007,10199978
post,193264,3885399
post,193521,8621204
post,193778,2109504
post,194035,2109504
post,194292,2109504
post,194549,2109504
post,194806,2109504
post,195063,6976895
post,195320,14935527
post,195577,11844287
post,195834,16777215
post,196091,11844287
post,196348,14935527
post,196605,11844287
post,196862,3885399
post,197119,6976895
post,197376,11844287
post,197633,16777215
post,197890,16777215
post,198147,16777215
post,198404,16777215
post,198661,16777215
post,198918,11844287
post,199175,14935527
post,199432,6976895
post,199689,2109504
post,199946,6976895
post,200203,3885399
post,200460,6976895
post,200717,14935527
post,200974,10199978
post,201231,14935527
post,201488,8621204
post,201745,2109504
post,202002,2109504
post,202259,2109504
post,202516,2109504
post,202773,2109504
post,203030,6976895
post,203287,3885399
post,203544,11844287
post,203801,16777215
post,204058,11844287
post,204315,14935527
post,204572,11844287
post,204829,3885399
post,205086,8621204
post,205343,3885399
post,205600,10199978
post,205857,16777215
post,206114,16777215
post,206371,16777215
post,206628,16777215
post,206885,16777215
post,207142,11844287
post,207399,14935527
post,207656,6976895
post,207913,2109504
post,208170,6976895
post,208427,3885399
post,208684,6976895
post,208941,14935527
post,209198,10199978
post,209455,14935527
post,209712,8621204
post,209969,2109504
post,210226,2109504
post,210483,2109504
post,210740,2109504
post,210997,2109504
post,211254,6976895
post,211511,3885399
post,211768,11844287
post,212025,16777215
post,212282,11844287
post,212539,14935527
post,212796,11844287
post,213053,3885399
post,213310,8621204
post,213567,3885399
post,213824,10199978
post,214081,16777215
post,214338,16777215
post,214595,16777215
post,214852,16777215
post,215109,16777215
post,215366,11844287
post,215623,14935527
post,215880,6976895
post,216137,2109504
post,216394,6976895
post,216651,3885399
post,216908,6976895
post,217165,14935527
post,217422,10199978
post,217679,14935527
post,217936,8621204
post,218193,2109504
post,218450,2109504
post,218707,2109504
post,218964,2109504
post,219221,2109504
post,219478,6976895
post,219735,3885399
post,219992,11844287
post,220249,16777215
post,220506,11844287
post,220763,14935527
post,221020,11844287
post,221277,3885399
post,221534,8621204
post,221791,3885399
post,222048,10199978
post,222305,16777215
post,222562,16777215
post,222819,16777215
post,223076,16777215
post,223333,16777215
post,223590,11844287
post,223847,14935527
post,224104,6976895
post,224361,2109504
post,224618,6976895
post,224875,3885399
post,225132,6976895
post,225389,14935527
post,225646,10199978
post,225903,14935527
post,226160,8621204
post,226417,2109504
post,226674,2109504
post,226931,2109504
post,227188,2109504
post,227445,2109504
post,227702,6976895
post,227959,3885399
post,228216,11844287
post,228473,16777215
post,228730,11844287
post,228987,14935527
post,229244,11844287
post,229501,3885399
post,229758,8621204
post,230015,3885399
post,230272,10199978
post,230529,16777215
post,230786,16777215
post,231043,16777215
post,231300,16777215
post,231557,16777215
post,231814,11844287
post,232071,14935527
post,232328,6976895
post,232585,2109504
post,232842,6976895
post,233099,3885399
post,233356,6976895
post,233613,14935527
post,233870,10199978
post,234127,14935527
post,234384,8621204
post,234641,2109504
post,234898,2109504
post,235155,2109504
post,235412,2109504
post,235669,2109504
post,235926,6976895
post,236183,3885399
post,236440,11844287
post,236697,16777215
post,236954,11844287
post,237211,14935527
post,237468,11844287
post,237725,3885399
post,237982,8621204
post,238239,3885399
post,238496,10199978
post,238753,16777215
post,239010,16777215
post,239267,16777215
post,239524,16777215
post,239781,16777215
post,240038,11844287
post,240295,14935527
post,240552,6976895
post,240809,2109504
post,241066,6976895
post,241323,3885399
post,241580,6976895
post,241837,14935527
post,242094,10199978
post,242351,14935527
post,242608,8621204
post,242865,2109504
post,243122,2109504
post,243379,2109504
post,243636,2109504
post,243893,2109504
post,244150,6976895
post,244407,3885399
post,244664,11844287
post,244921,16777215
post,245178,11844287
post,245435,14935527
post,245692,11844287
post,245949,3885399
post,246206,8621204
post,246463,3885399
post,246720,10199978
post,246977,16777215
post,247234,16777215
post,247491,16777215
post,247748,16777215
post,248005,16777215
post,248262,11844287
post,248519,14935527
post,248776,6976895
post,249033,2109504
post,249290,6976895
post,249547,3885399
post,249804,6976895
post,250061,14935527
post,250318,10199978
post,250575,14935527
post,250832,8621204
post,251089,2109504
post,251346,2109504
post,251603,2109504
post,251860,2109504
post,252117,2109504
post,252374,6976895
post,252631,3885399
post,252888,11844287
post,253145,16777215
post,253402,11844287
post,253659,14935527
post,253916,11844287
post,254173,3885399
post,254430,8621204
post,254687,3885399
post,254944,10199978
post,255201,16777215
post,255458,16777215
post,255715,16777215
post,255972,16777215
post,256229,16777215
post,256486,11844287
post,256743,14935527
post,257000,6976895
post,257257,2109504
post,257514,6976895
post,257771,3885399
post,258028,6976895
post,258285,14935527
post,258542,10199978
post,258799,14935527
post,259056,8621204
post,259313,2109504
post,259570,2109504
post,259827,2109504
post,260084,2109504
post,260341,2109504
post,260598,6976895
post,260855,3885399
post,261112,11844287
post,261369,16777215
post,261626,16777215
post,261883,16777215
post,262140,16777215
splats,4225339,6321774,12612728,257
