grass,0,0.3827498,0.16234493,0.026369369,0.029215379
grass,1,-0.06675093,0.33718142,0.02328428,0.027395494
grass,2,0.25894496,-0.25124744,0.04440351,0.02390735
grass,3,0.44481835,0.5446513,0.0076365396,0.032962993
grass,4,-0.33535123,0.011106897,0.043656,0.022978619
grass,5,0.72517854,-0.12748048,0.03422537,0.028306117
grass,6,-0.026597977,0.7295797,-0.0003141798,0.029989041
grass,7,-0.06507855,-0.46332037,0.05937009,0.019060424
grass,8,0.82208514,0.3662989,0.2411622,0.13797277
grass,9,-0.52290285,0.3922328,0.025617693,0.024256447
grass,10,0.5949631,-0.51133424,0.04809088,0.021271497
grass,11,0.32949653,0.83751476,0.11200815,0.3602877
grass,12,-0.52671474,-0.272501,0.06350529,0.018663676
grass,13,0.8999987,-0.001136039,0.68921447,0.026524529
grass,14,-0.3701575,0.81543106,-0.006477155,0.027094467
grass,15,0.16322035,-0.7321598,0.064390294,0.014930858
grass,16,0.6846415,0.58417886,0.7878305,0.70882744
grass,17,-0.7633379,0.13695195,0.046775784,0.020649133
grass,18,0.8182271,-0.3748377,0.64483815,-0.26158428
grass,19,0.108238876,0.893467,0.07191069,0.8396824
grass,20,-0.3536076,-0.6594353,0.07878299,0.013437105
grass,21,0.867794,0.23860565,1.3097545,0.38566795
grass,22,-0.63983035,0.6329424,-0.18468918,0.21271224
grass,23,0.46759248,-0.76899695,0.19650441,-0.22621623
grass,24,0.48439616,0.7585244,0.70310557,1.1624131
grass,25,-0.8081487,-0.22600749,0.073380075,0.016773118
grass,26,0.8890007,-0.1402737,1.3600324,-0.190394
grass,27,-0.22433662,0.8715917,-0.25898284,0.9208872
grass,28,-0.058394097,-0.8871387,0.07906632,0.008441003
grass,29,0.7608607,0.48071826,1.4082434,0.9216769
grass,30,-0.8261983,0.3569249,-0.3282773,0.17461902
grass,31,0.6897465,-0.57814246,0.80206263,-0.63363147
grass,32,0.23036237,0.8700185,0.33160755,1.4067138
grass,33,-0.6564228,-0.59716296,0.09264939,0.011828678
grass,34,0.8984214,0.053272568,1.7503395,0.12696905
grass,35,-0.49563035,0.751232,-0.5434436,0.81631273
grass,36,0.25373256,-0.86349225,0.20661747,-0.50245696
grass,37,0.6147415,0.6573369,1.2082248,1.3401039
grass,38,-0.8991734,-0.038551304,-0.31433234,-0.001062702
grass,39,0.8356968,-0.33408058,1.4539888,-0.5581188
grass,40,-0.0728356,0.89704734,-0.15388025,1.4070802
grass,41,-0.3495165,-0.8293595,-0.00084077835,-0.20991959
grass,42,0.84165597,0.31876975,1.849162,0.727581
grass,43,-0.7282618,0.528804,-0.72782785,0.55057764
grass,44,0.5312431,-0.7264845,0.65800154,-0.8448147
grass,45,0.37378228,0.81870985,0.6989766,1.6362914
grass,46,-0.79468685,-0.4224592,-0.23301174,-0.16238225
grass,47,0.8948573,-0.09606996,1.8998982,-0.18234712
grass,48,-0.39274865,0.8097824,-0.59589934,1.1754582
grass,49,0.0071540596,-0.899971,0.07462641,-0.57300436
grass,50,0.72004557,0.5399383,1.6231073,1.2558177
grass,51,-0.88418114,0.16799578,-0.71799856,0.1600868
grass,52,0.7701922,-0.4656211,1.3785572,-0.8116506
grass,53,0.069958344,0.89727634,0.07836415,1.672507
grass,54,-0.57642835,-0.69117963,-0.17134914,-0.3188597
grass,55,0.8799793,0.18877342,2.0798633,0.47144637
grass,56,-0.6435759,0.6291335,-0.85591024,0.840133
grass,57,0.35675567,-0.8262714,0.43796524,-0.91220355
grass,58,0.53481054,0.72386235,1.1575872,1.6372247
grass,59,-0.8735154,-0.21672498,-0.54588836,-0.14556648
grass,60,0.86368555,-0.25307372,1.842561,-0.520752
grass,61,-0.22575885,0.87122434,-0.43442106,1.4926077
grass,62,-0.15988114,-0.88568443,-0.027171839,-0.60104996
grass,63,0.7935542,0.42458305,1.9187793,1.0598387
grass,64,-0.81054974,0.39116257,-0.9422693,0.47831535
grass,65,0.6170675,-0.65515393,0.9911602,-1.0246167
grass,66,0.26378125,0.8604757,0.49380562,1.8065599
grass,67,-0.7620646,-0.4788075,-0.4006313,-0.30897096
grass,68,0.8999193,-0.012011887,2.1492922,-0.0062440843
grass,69,-0.5139852,0.7387951,-0.82061476,1.1424927
grass,70,0.16712196,-0.8843468,0.22093675,-0.8749855
grass,71,0.650457,0.6220166,1.5226359,1.5091462
grass,72,-0.89717734,0.071217634,-0.84920174,0.084443375
grass,73,0.8176135,-0.37617445,1.6938144,-0.7636561
grass,74,0.0051238937,0.89998484,-0.05512028,1.7432907
grass,75,-0.42172512,-0.7950766,-0.17469636,-0.5187602
grass,76,0.85318714,0.28648007,2.1393778,0.74761826
grass,77,-0.72694564,0.53061193,-1.0008388,0.74054927
grass,78,0.502638,-0.74656147,0.748927,-1.0740106
grass,79,0.47304213,0.76565665,1.027592,1.7630461
grass,80,-0.84873646,-0.2994084,-0.59515876,-0.2365264
grass,81,0.89207906,-0.11913864,2.114932,-0.26221016
grass,82,-0.3255004,0.8390759,-0.6158663,1.44481
grass,83,-0.08507231,-0.8959697,0.007975704,-0.7393817
grass,84,0.7574934,0.486007,1.8704035,1.2401744
grass,85,-0.8700311,0.23031475,-0.98187107,0.2833135
grass,86,0.72694397,-0.5306143,1.3701017,-0.9887403
grass,87,0.2044336,0.87647355,0.35617095,1.8401271
grass,88,-0.63055646,-0.6421819,-0.3173943,-0.4373466
grass,89,0.8944851,0.09947559,2.2505798,0.27599412
grass,90,-0.55598485,0.7077287,-0.90279067,1.1090037
grass,91,0.25679928,-0.8625851,0.33520323,-0.9805271
grass,92,0.5893012,0.68023753,1.3583783,1.6406753
grass,93,-0.8934824,-0.10811204,-0.77302206,-0.0943447
grass,94,0.8367905,-0.3313317,1.8206915,-0.70810264
grass,95,-0.101715356,0.8942332,-0.26813346,1.6781663
grass,96,-0.34977093,-0.8292522,-0.14216535,-0.5849213
grass,97,0.82050025,0.3698356,2.0760527,0.97037727
grass,98,-0.78936,0.43233058,-1.0459287,0.5892337
grass,99,0.6022013,-0.6688442,0.9919237,-1.0901235
grass,100,0.3383165,0.83399093,0.66674757,1.8319539
grass,101,-0.79248464,-0.42657596,-0.49717742,-0.3253525
grass,102,0.89923173,-0.037166934,2.214848,-0.068827435
grass,103,-0.4378178,0.7863298,-0.7772751,1.2924594
grass,104,0.08864764,-0.895623,0.14578064,-0.8610679
grass,105,0.683207,0.58585596,1.637705,1.4601859
grass,106,-0.8854108,0.16138981,-0.9611397,0.19643348
grass,107,0.7795413,-0.44979376,1.5666432,-0.89815384
grass,108,0.022561831,0.8997166,-0.044442676,1.7494107
grass,109,-0.54424167,-0.71679837,-0.23882762,-0.47612533
grass,110,0.8748347,0.21133664,2.231598,0.56933767
grass,111,-0.69959533,0.566185,-1.0172971,0.81694746
grass,112,0.40130228,-0.8055777,0.54384774,-1.0478437
grass,113,0.4852461,0.757981,1.0406482,1.743226
grass,114,-0.8758314,-0.20716769,-0.674316,-0.17680399
grass,115,0.87453836,-0.21256003,2.0199223,-0.47546005
grass,116,-0.23260607,0.8694213,-0.49384385,1.5231799
grass,117,-0.15089886,-0.887259,-0.023730284,-0.6747723
grass,118,0.7773002,0.45365566,1.927109,1.16717
grass,119,-0.829107,0.35011506,-1.0247612,0.45307285
grass,120,0.69683796,-0.5695752,1.2483283,-1.0222934
grass,121,0.19924024,0.87766874,0.3135983,1.7942649
grass,122,-0.73125166,-0.5246617,-0.37442657,-0.36129913
grass,123,0.899126,0.039641503,2.2467818,0.12523223
grass,124,-0.5140047,0.7387816,-0.8560115,1.1454062
grass,125,0.19144708,-0.87940145,0.2398282,-0.89377815
grass,126,0.6553543,0.6168547,1.5233936,1.5010691
grass,127,-0.89955926,0.028144123,-0.8429498,0.0389164
grass,128,0.83407724,-0.33810383,1.7836444,-0.7162628
grass,129,-0.087610714,0.8957251,-0.2605305,1.6221008
grass,130,-0.34564212,-0.8309817,-0.10237841,-0.52953637
grass,131,0.84735495,0.30329627,2.1361802,0.7999327
grass,132,-0.7292539,0.5274351,-1.0065718,0.7242706
grass,133,0.52642524,-0.72998315,0.76026493,-1.0539107
grass,134,0.396627,0.8078898,0.77016604,1.7527345
grass,135,-0.82341796,-0.36329302,-0.48142508,-0.26561913
grass,136,0.89422303,-0.10180471,2.1364465,-0.22267915
grass,137,-0.36000597,0.82486045,-0.66875374,1.3255526
grass,138,0.009504965,-0.89994925,0.07927175,-0.7251586
grass,139,0.7497569,0.49785903,1.8041714,1.2478107
grass,140,-0.86853325,0.23590039,-0.94383085,0.27936193
grass,141,0.75247484,-0.49374145,1.4044453,-0.9285173
grass,142,0.10545892,0.89379936,0.09075009,1.7031895
grass,143,-0.5880003,-0.68136233,-0.19191328,-0.3896452
grass,144,0.89074916,0.12870495,2.2281346,0.35258797
grass,145,-0.6060223,0.66538405,-0.91468436,0.9487016
grass,146,0.36337963,-0.82337976,0.4356897,-0.9523766
grass,147,0.5676765,0.6983856,1.2174633,1.5996406
grass,148,-0.8918832,-0.12059599,-0.6611591,-0.09617692
grass,149,0.86765414,-0.23911354,1.9273989,-0.5201506
grass,150,-0.1494586,0.8875027,-0.36847788,1.5033098
grass,151,-0.2768587,-0.8563575,-0.04384765,-0.4988869
grass,152,0.82750225,0.3538913,2.0379968,0.9113622
grass,153,-0.82228476,0.36585075,-0.96046525,0.4447585
grass,154,0.6108087,-0.66099304,0.9203409,-1.014712
grass,155,0.27531967,0.85685366,0.43917376,1.7089703
grass,156,-0.72209716,-0.53719145,-0.26040572,-0.30684385
grass,157,0.899972,-0.0070276144,2.178592,0.00895755
grass,158,-0.48209062,0.7599918,-0.7877445,1.1059387
grass,159,0.12457567,-0.891336,0.15527672,-0.7381245
grass,160,0.699805,0.5659257,1.5971713,1.3555213
grass,161,-0.89811593,0.05819617,-0.76897764,0.06514106
grass,162,0.801503,-0.40938,1.5564823,-0.80151737
grass,163,0.01445862,0.89988333,-0.10119916,1.5812607
grass,164,-0.4978664,-0.749752,-0.088357836,-0.3596131
grass,165,0.8748444,0.21129675,2.1589246,0.5566346
grass,166,-0.71990675,0.54012334,-0.9357858,0.68646127
grass,167,0.4885887,-0.7558307,0.61006963,-0.9603541
grass,168,0.4831501,0.7593188,0.9342902,1.6228287
grass,169,-0.8643954,-0.25063857,-0.46534202,-0.16916075
grass,170,0.8864264,-0.15571554,2.0089536,-0.33661008
grass,171,-0.30544543,0.84658265,-0.58097404,1.2767991
grass,172,-0.041617833,-0.89903665,0.056980878,-0.564529
grass,173,0.76226026,0.4784959,1.7741182,1.165962
grass,174,-0.84687024,0.304647,-0.8814624,0.3382959
grass,175,0.7250911,-0.5331434,1.2158622,-0.91722035
grass,176,0.22169091,0.8722684,0.28804484,1.6298194
grass,177,-0.6288495,-0.6438534,-0.109707385,-0.28350428
grass,178,0.8944486,0.09980422,2.1695366,0.2742628
grass,179,-0.5894097,0.6801434,-0.84406745,0.8893287
grass,180,0.28528106,-0.85358864,0.2818234,-0.78784966
grass,181,0.5846061,0.68427676,1.1921118,1.5038694
grass,182,-0.89856887,-0.05072443,-0.6014704,-0.03164427
grass,183,0.85694414,-0.27503762,1.7844477,-0.56916225
grass,184,-0.12972198,0.8906016,-0.34420663,1.394948
grass,185,-0.35009706,-0.82911456,-0.00013917442,-0.33672413
grass,186,0.8488321,0.2991372,2.0375311,0.75850224
grass,187,-0.79490477,0.4220489,-0.8809202,0.47545558
grass,188,0.58694005,-0.6822759,0.7720954,-0.9362879
grass,189,0.3684346,0.82113034,0.59771353,1.5999768
grass,190,-0.812924,-0.38620374,-0.2556765,-0.197077
grass,191,0.8970935,-0.07226582,2.0593202,-0.14314857
grass,192,-0.37993312,0.8158736,-0.647847,1.1200973
grass,193,0.02763314,-0.89957505,0.08672184,-0.5305424
grass,194,0.7183855,0.5421451,1.5778236,1.2560155
grass,195,-0.88661426,0.15464193,-0.72435933,0.14879623
grass,196,0.7923865,-0.4267583,1.4221133,-0.7843546
grass,197,0.0999669,0.89443034,0.020685874,1.50395
grass,198,-0.5151874,-0.73795724,0.0052631306,-0.23855588
grass,199,0.8858754,0.15881993,2.115755,0.41553974
grass,200,-0.63057286,0.6421658,-0.8252971,0.76826227
grass,201,0.43544275,-0.7876475,0.4410047,-0.82900566
grass,202,0.545873,0.7155569,1.0316329,1.4890604
grass,203,-0.88499236,-0.16366884,-0.4105873,-0.09530066
grass,204,0.87557036,-0.20826772,1.8490614,-0.43098873
grass,205,-0.26078504,0.8613885,-0.51120883,1.195119
grass,206,-0.14456414,-0.8883131,0.052194227,-0.35488173
grass,207,0.81449556,0.38287866,1.8735116,0.92778486
grass,208,-0.82714844,0.35471755,-0.7975922,0.358087
grass,209,0.67190385,-0.5987856,0.9427889,-0.8865764
grass,210,0.2862139,0.8532764,0.37136748,1.5261536
grass,211,-0.72515064,-0.53306234,-0.05219923,-0.17703255
grass,212,0.89875907,0.047234714,2.0908074,0.141709
grass,213,-0.4921402,0.75352305,-0.71832883,0.9172426
grass,214,0.17678128,-0.8824666,0.14876914,-0.56908435
grass,215,0.6717711,0.59893453,1.3756725,1.3101686
grass,216,-0.8991836,0.038313523,-0.5503291,0.037332274
grass,217,0.83250654,-0.341953,1.555612,-0.6506541
grass,218,-0.035482172,0.89929974,-0.21949509,1.3356391
grass,219,-0.34714115,-0.83035654,0.07246934,-0.20176525
grass,220,0.8684176,0.23632559,2.0247982,0.5919715
grass,221,-0.716522,0.5446055,-0.79850113,0.57509214
grass,222,0.5029629,-0.74634266,0.50603867,-0.8093866
grass,223,0.44043374,0.7848676,0.70470613,1.4829022
grass,224,-0.85254645,-0.28838092,-0.20031467,-0.12201703
grass,225,0.89251316,-0.11584168,1.932403,-0.23245168
grass,226,-0.29295903,0.8509841,-0.5348201,1.0835562
grass,227,0.011519455,-0.8999257,0.08022908,-0.37613913
grass,228,0.77217865,0.46231934,1.6760466,1.0604106
grass,229,-0.8672642,0.24052411,-0.66554344,0.20859747
grass,230,0.7481124,-0.50032675,1.1382575,-0.80368274
grass,231,0.13641572,0.8896009,0.046040107,1.3950398
grass,232,-0.580658,-0.6876302,0.102450065,-0.114993304
grass,233,0.89458114,0.098608375,2.0540583,0.2625373
grass,234,-0.62635446,0.6462809,-0.74993646,0.68156046
grass,235,0.39162552,-0.8103261,0.30796358,-0.68397427
grass,236,0.5601298,0.7044527,0.99211264,1.3913572
grass,237,-0.89560187,-0.08886023,-0.34277996,-0.040204108
grass,238,0.87111807,-0.22616883,1.7298639,-0.446363
grass,239,-0.1561129,0.8863564,-0.3848383,1.1565732
grass,240,-0.24884668,-0.8649129,0.09978277,-0.15362078
grass,241,0.8227135,0.3648857,1.8225079,0.85726905
grass,242,-0.7803338,0.44841728,-0.7274437,0.41379276
grass,243,0.621891,-0.65057707,0.70528996,-0.81015956
grass,244,0.3502245,0.82906085,0.44970024,1.422218
grass,245,-0.7535944,-0.49203086,0.060588762,-0.09677263
grass,246,0.8998216,-0.017891752,1.9826381,-0.010938032
grass,247,-0.4701846,0.76741475,-0.65368015,0.8277087
grass,248,0.1701176,-0.8837754,0.11373243,-0.42908922
grass,249,0.716145,0.5451013,1.4348762,1.1668642
grass,250,-0.89139056,0.12418485,-0.49759537,0.09166094
grass,251,0.8112828,-0.38963985,1.3480996,-0.6767591
grass,252,0.08165527,0.89628756,-0.06920977,1.2841903
grass,253,-0.47560355,-0.7586329,0.16848095,-0.04680766
grass,254,0.8658878,0.245433,1.942309,0.59472704
grass,255,-0.7027056,0.5623199,-0.7113455,0.5196263
grass,256,0.48524716,-0.75798035,0.39268816,-0.69682896
grass,257,0.53010136,0.7273181,0.86139864,1.35573
grass,258,-0.8594701,-0.2670395,-0.07308925,-0.076903865
grass,259,0.8889296,-0.14072411,1.8167231,-0.27378327
grass,260,-0.24915965,0.86482275,-0.4774817,0.99365294
grass,261,-0.055520374,-0.8982852,0.08561197,-0.18087302
grass,262,0.78156906,0.44626093,1.6267171,0.9872419
grass,263,-0.8415736,0.31898728,-0.6024474,0.24678238
grass,264,0.6932736,-0.57390827,0.8449621,-0.7723554
grass,265,0.22853538,0.8705002,0.16555245,1.3166921
grass,266,-0.6531987,-0.60029346,0.18841645,-0.03357139
grass,267,0.89424056,0.10165038,1.9823709,0.2640254
grass,268,-0.5441289,0.716884,-0.6549591,0.6805536
grass,269,0.2671492,-0.85943604,0.13681103,-0.44555604
grass,270,0.66200894,0.6097075,1.2106141,1.2146494
grass,271,-0.8990938,-0.040364515,-0.2528684,-0.009254889
grass,272,0.841687,-0.31868783,1.4500492,-0.5692999
grass,273,-0.08713786,0.89577115,-0.3127632,1.0807086
grass,274,-0.33791003,-0.8169569,0.16609925,-0.029017253
grass,275,0.8456993,0.3078825,1.8271502,0.7137372
grass,276,-0.76969314,0.46644562,-0.6356789,0.37051573
grass,277,0.5748143,-0.6925226,0.5024086,-0.70557636
grass,278,0.40485024,0.80380046,0.5064244,1.3213898
grass,279,-0.8065744,-0.38737038,0.124923795,-0.04393626
grass,280,0.898649,-0.049285952,1.8807162,-0.077417314
grass,281,-0.339455,0.8335282,-0.5355039,0.8338674
grass,282,0.1202542,-0.89192927,0.07518225,-0.24744976
grass,283,0.7254162,0.532701,1.383224,1.0922631
grass,284,-0.8875491,0.14918296,-0.39497507,0.09090319
grass,285,0.7684198,-0.46854034,1.0528597,-0.70146644
grass,286,0.15469858,0.88660437,0.0077047194,1.2044547
grass,287,-0.5044387,-0.70044535,0.20675561,-0.016503682
grass,288,0.888227,0.14509279,1.9327303,0.35835534
grass,289,-0.6335846,0.6391944,-0.6314816,0.5229259
grass,290,0.45281062,-0.77779263,0.2670924,-0.56712437
grass,291,0.5885314,0.68090373,0.94417405,1.2392141
grass,292,-0.8897002,-0.13576639,-0.06355162,-0.029805157
grass,293,0.8798105,-0.1895589,1.6541265,-0.35361376
grass,294,-0.18477224,0.88082814,-0.41391128,0.91974413
grass,295,-0.2196727,-0.84877735,0.1412276,-0.03928644
grass,296,0.8273508,0.35424525,1.7139491,0.786638
grass,297,-0.8353534,0.3349384,-0.50414604,0.21710858
grass,298,0.6521332,-0.6202591,0.62617177,-0.69859934
grass,299,0.31993186,0.84121495,0.28574046,1.2398037
grass,300,-0.67649007,-0.5331005,0.23670696,-0.004443528
grass,301,0.89992654,0.01145662,1.8853524,0.057213575
grass,302,-0.472692,0.76587284,-0.57753575,0.6412182
grass,303,0.26330206,-0.8606224,0.08753341,-0.32001272
grass,304,0.6898083,0.5780688,1.2172971,1.1138699
grass,305,-0.898413,0.053412765,-0.2194788,0.029939182
grass,306,0.8348071,-0.33629754,1.3145965,-0.5626961
grass,307,0.033523142,0.89937484,-0.18900773,1.0464864
grass,308,-0.3779168,-0.7593014,0.18567245,-0.026944468
grass,309,0.8690939,0.23382637,1.8370454,0.54239833
grass,310,-0.73266625,0.5226846,-0.5634855,0.3566651
grass,311,0.50407094,-0.7455946,0.2897082,-0.5585264
grass,312,0.4873489,0.75663066,0.6319954,1.224772
grass,313,-0.8286954,-0.30652443,0.1821752,-0.013145465
grass,314,0.89455664,-0.09883013,1.7478933,-0.17512503
grass,315,-0.3312844,0.83680916,-0.50597656,0.7181987
grass,316,-0.04794381,-0.8836187,0.095174484,-0.054425605
grass,317,0.7685965,0.46825033,1.4524044,0.9517127
grass,318,-0.8733003,0.2175902,-0.34006006,0.11033807
grass,319,0.7478005,-0.50079274,0.8701214,-0.6665968
grass,320,0.21079667,0.87496495,0.0534182,1.1210104
grass,321,-0.5631336,-0.61412627,0.23222165,-0.010926836
grass,322,0.8893949,0.13775268,1.867925,0.33405915
grass,323,-0.59017265,0.6794815,-0.5619168,0.4729256
grass,324,0.3314179,-0.83675635,0.08881073,-0.32776797
grass,325,0.64032733,0.6324397,1.0166059,1.1280563
grass,326,-0.89102715,-0.11512805,0.052851003,-0.010043296
grass,327,0.8623841,-0.25747362,1.4344696,-0.44595575
grass,328,-0.1195994,0.89201736,-0.36176926,0.847516
grass,329,-0.28891563,-0.7856633,0.1671916,-0.035333652
grass,330,0.83926016,0.3250251,1.6855835,0.70637745
grass,331,-0.78581095,0.43874842,-0.46935874,0.24778765
grass,332,0.61668533,-0.65551364,0.44461158,-0.60701597
grass,333,0.41173455,0.8002959,0.41513494,1.1645663
grass,334,-0.72478944,-0.43114117,0.25549316,0.0021312507
grass,335,0.89998645,0.0048435554,1.8130854,0.043289673
grass,336,-0.42392698,0.7939048,-0.521775,0.56993634
grass,337,0.1727253,-0.8832694,0.034402136,-0.101343594
grass,338,0.72565573,0.5323747,1.2564553,1.0053759
grass,339,-0.88735735,0.15031947,-0.20050082,0.059653018
grass,340,0.79726875,-0.41756624,1.0208243,-0.60250145
grass,341,0.10158309,0.8942482,-0.13420044,0.97726786
grass,342,-0.42613602,-0.6943414,0.2096494,-0.02262462
grass,343,0.88393635,0.16927962,1.8165355,0.3958705
grass,344,-0.68586403,0.58274317,-0.5014776,0.3324031
grass,345,0.49468276,-0.7518563,0.19696254,-0.45876884
grass,346,0.5650352,0.7005242,0.75869834,1.1264377
grass,347,-0.8399499,-0.23169369,0.21925585,0.0024805437
grass,348,0.8829034,-0.17458712,1.549015,-0.3064423
grass,349,-0.2184138,0.87309474,-0.432124,0.68986464
grass,350,-0.101799004,-0.84044063,0.11212276,-0.053635947
grass,351,0.812523,0.387047,1.5395912,0.79269826
grass,352,-0.83338195,0.33981398,-0.340187,0.14961457
grass,353,0.730611,-0.5255535,0.70892423,-0.61934566
grass,354,0.3130566,0.8437977,0.17947616,1.0699828
grass,355,-0.58173966,-0.5579289,0.250211,-0.0077462154
grass,356,0.8972049,0.07086893,1.8057746,0.18449365
grass,357,-0.48194888,0.7600817,-0.50467175,0.45832887
grass,358,0.33293688,-0.8361531,0.03359661,-0.22261508
grass,359,0.6501259,0.6223628,0.9705758,1.0550673
grass,360,-0.89909846,0.04026029,0.00019674191,0.01569085
grass,361,0.8561938,-0.27736473,1.3031363,-0.45265576
grass,362,-0.03682484,0.89924574,-0.30384973,0.79452074
grass,363,-0.3426565,-0.72537845,0.19246045,-0.030725308
grass,364,0.8525685,0.2883156,1.6685131,0.61855495
grass,365,-0.7551375,0.48965937,-0.40954158,0.22263984
grass,366,0.55711716,-0.7068377,0.24028787,-0.47705078
grass,367,0.443328,0.7832364,0.4202992,1.0809475
grass,368,-0.7461686,-0.35523778,0.2668018,0.0055016684
grass,369,0.8959707,-0.08506234,1.6502204,-0.13815859
grass,370,-0.33622822,0.83483505,-0.4708235,0.52356625
grass,371,0.06491279,-0.86101264,0.056374006,-0.07032327
grass,372,0.7661381,0.47226202,1.322529,0.8877086
grass,373,-0.8794226,0.19135013,-0.13120562,0.055160053
grass,374,0.79738164,-0.41735053,0.92623,-0.5663134
grass,375,0.16120614,0.8854443,-0.09369667,0.9097737
grass,376,-0.52743036,-0.5827918,0.24826658,-0.01165044
grass,377,0.89019364,0.13249297,1.7692217,0.311589
grass,378,-0.6299701,0.64275706,-0.45082706,0.29493248
grass,379,0.4435134,-0.7831315,0.06691897,-0.30710298
grass,380,0.5940145,0.6761255,0.76562494,1.0447443
grass,381,-0.874488,-0.08206298,0.19225636,0.00722773
grass,382,0.88146746,-0.18169768,1.4575717,-0.3066704
grass,383,-0.13658342,0.8895751,-0.3860849,0.6381162
grass,384,-0.17626044,-0.7872276,0.14072199,-0.048676994
grass,385,0.82983994,0.3483743,1.5381194,0.704364
grass,386,-0.7944363,0.42293033,-0.31152108,0.14860661
grass,387,0.66254467,-0.6091252,0.40796632,-0.53460735
grass,388,0.40300906,0.8047252,0.2960451,1.0154363
grass,389,-0.6622621,-0.4346791,0.27456772,0.0011150276
grass,390,0.899357,0.033999644,1.7307721,0.104574636
grass,391,-0.48844653,0.75592256,-0.4595866,0.35069808
grass,392,0.24859583,-0.8567663,-0.0069892993,-0.08685823
grass,393,0.71052074,0.55241215,1.0865718,0.942211
grass,394,-0.8935183,0.09181928,0.054804716,0.017003547
grass,395,0.8391938,-0.3251965,1.101935,-0.48256665
grass,396,0.055889405,0.8982624,-0.2406031,0.75768757
grass,397,-0.36068356,-0.68377304,0.2087852,-0.028466305
grass,398,0.8764067,0.20471989,1.6957667,0.4497292
grass,399,-0.6750842,0.5951978,-0.38947764,0.21525022
grass,400,0.5261201,-0.7302032,0.11329375,-0.36311597
grass,401,0.5122341,0.7400103,0.5142827,1.0099833
grass,402,-0.79340947,-0.23086494,0.26530707,0.009402284
grass,403,0.89414454,-0.10249135,1.5557923,-0.16551898
grass,404,-0.2707338,0.85831356,-0.43888414,0.4590908
grass,405,0.030603535,-0.83109504,0.064756416,-0.071525775
grass,406,0.7962273,0.41954875,1.3644456,0.7854189
grass,407,-0.83777493,0.32883444,-0.17349978,0.077758074
grass,408,0.7535505,-0.49209803,0.6415812,-0.5454862
grass,409,0.26021078,0.86156213,0.005001741,0.87954867
grass,410,-0.5227417,-0.5516326,0.26128963,-0.010193445
grass,411,0.8968643,0.075056374,1.7123804,0.18849532
grass,412,-0.5898398,0.6797705,-0.40511757,0.2324005
grass,413,0.37669086,-0.8173756,-0.038620126,-0.12737925
grass,414,0.6580365,0.6139927,0.87862355,0.9522624
grass,415,-0.87422335,-0.00921017,0.20463294,0.008847954
grass,416,0.87259406,-0.22040552,1.2986629,-0.35170156
grass,417,-0.082230955,0.896235,-0.36443928,0.569514
grass,418,-0.24168344,-0.73178756,0.17122622,-0.042255115
grass,419,0.852656,0.28805676,1.5673748,0.5874658
grass,420,-0.7510068,0.49597144,-0.28345796,0.12669413
grass,421,0.6227417,-0.6497628,0.22724363,-0.43630585
grass,422,0.4028727,0.8047935,0.2367843,0.9299074
grass,423,-0.6650933,-0.39087653,0.2872843,0.0036225207
grass,424,0.8999782,-0.0061759735,1.6420941,0.022197321
grass,425,-0.40360764,0.8044252,-0.43263975,0.29976472
grass,426,0.14128116,-0.8315883,0.02070009,-0.084442556
grass,427,0.7610174,0.48047015,1.1906605,0.8304349
grass,428,-0.8835665,0.1378645,0.09933294,0.010980434
grass,429,0.81806505,-0.37519148,0.8875233,-0.49387163
grass,430,0.18603317,0.88056266,-0.12837519,0.762153
grass,431,-0.42412782,-0.61069757,0.24173705,-0.019946173
grass,432,0.87887084,0.19386825,1.6480242,0.41906965
grass,433,-0.62224054,0.6502428,-0.35583836,0.16467418
grass,434,0.44184628,-0.7840732,-0.043166492,-0.1659555
grass,435,0.57492334,0.69243205,0.6054112,0.9398987
grass,436,-0.81512177,-0.13263057,0.25432882,0.010534005
grass,437,0.89104897,-0.12661278,1.446876,-0.20205663
grass,438,-0.16895044,0.8839993,-0.40830576,0.42737603
grass,439,-0.06569652,-0.7851234,0.1018671,-0.064225435
grass,440,0.81723857,0.37698817,1.382464,0.70170695
grass,441,-0.81086516,0.39050812,-0.14601333,0.058089178
grass,442,0.7149866,-0.5466197,0.41434947,-0.4866037
grass,443,0.30614784,0.84632885,0.028358974,0.8192972
grass,444,-0.6060303,-0.43546942,0.29064637,0.0002597288
grass,445,0.89942396,0.032178942,1.6388597,0.09927278
grass,446,-0.46027762,0.7733973,-0.4008242,0.20474575
grass,447,0.27082556,-0.8201764,-0.031009207,-0.09805091
grass,448,0.6744373,0.5959307,0.86037594,0.8875764
grass,449,-0.8711962,0.08843234,0.16876195,0.006014539
grass,450,0.846362,-0.30605605,1.012507,-0.43082643
grass,451,0.04787534,0.89872515,-0.29498294,0.5773729
grass,452,-0.25016,-0.70165795,0.18229416,-0.04126898
grass,453,0.8559953,0.2779765,1.5230422,0.55433387
grass,454,-0.73576343,0.51831573,-0.2287245,0.0763682
grass,455,0.55651593,-0.70731103,0.031168887,-0.28773573
grass,456,0.46604022,0.7699387,0.30894092,0.8780513
grass,457,-0.6983047,-0.30734724,0.29642442,0.00800409
grass,458,0.8977041,-0.06423661,1.5126256,-0.08841537
grass,459,-0.3166131,0.84246963,-0.41909942,0.24974632
grass,460,0.016677836,-0.79262334,0.06620042,-0.07558472
grass,461,0.7807735,0.44765133,1.1982245,0.7612288
grass,462,-0.8661322,0.2309021,0.07711577,0.0036959255
grass,463,0.761057,-0.48040733,0.52642584,-0.4827086
grass,464,0.23401187,0.86904395,-0.108522475,0.7070937
grass,465,-0.4821691,-0.53422225,0.2729859,-0.011072326
grass,466,0.8917918,0.121269815,1.6303437,0.2747618
grass,467,-0.60040337,0.6704586,-0.31544748,0.09478342
grass,468,0.42129514,-0.7885663,-0.08656342,-0.110323474
grass,469,0.6305224,0.6422153,0.6910633,0.8706974
grass,470,-0.8034937,-0.10227167,0.25601983,0.010759137
grass,471,0.8732136,-0.21793818,1.1818959,-0.3285075
grass,472,-0.04913707,0.8986571,-0.37216228,0.4235543
grass,473,-0.11071557,-0.74819213,0.123631805,-0.060283143
grass,474,0.84221184,0.31729817,1.4281808,0.60032994
grass,475,-0.7990501,0.41414726,-0.09434941,0.022446152
grass,476,0.67512363,-0.595153,0.21307462,-0.40332052
grass,477,0.40086085,0.80579746,0.14211078,0.79886276
grass,478,-0.619073,-0.38530347,0.30439004,0.0038573958
grass,479,0.8995772,0.027567586,1.5835952,0.0892063
grass,480,-0.42817354,0.79162264,-0.37917808,0.12295044
grass,481,0.1887249,-0.8012945,-0.009718259,-0.096582755
grass,482,0.74356914,0.50705427,1.0215807,0.78718734
grass,483,-0.85498,0.13210827,0.15042007,0.0038299868
grass,484,0.8156163,-0.38048527,0.7349659,-0.4537468
grass,485,0.15571629,0.8864262,-0.22780877,0.57903445
grass,486,-0.33871523,-0.62444264,0.22935203,-0.028324135
grass,487,0.8808132,0.18484373,1.5714557,0.388595
grass,488,-0.65668267,0.61544037,-0.24629544,0.04013216
grass,489,0.54987425,-0.7124867,-0.052137848,-0.2124886
grass,490,0.562944,0.70220584,0.47359836,0.8361981
grass,491,-0.7308194,-0.21615858,0.29524088,0.011025008
grass,492,0.8909029,-0.12763624,1.3395231,-0.19434936
grass,493,-0.19022246,0.8796672,-0.41508794,0.23678562
grass,494,-0.035113234,-0.75960875,0.08883793,-0.071543775
grass,495,0.78890955,0.43315196,1.1671875,0.7145072
grass,496,-0.8369112,0.3229424,0.030379377,-0.005782486
grass,497,0.7327472,-0.5225711,0.33409244,-0.4295891
grass,498,0.2800389,0.85532284,-0.08991662,0.6585642
grass,499,-0.5077981,-0.4809609,0.29360002,-0.005605518
grass,500,0.8974105,0.068215065,1.576699,0.16819157
grass,501,-0.54525256,0.71602976,-0.3064177,0.03586106
grass,502,0.35430443,-0.7805805,-0.07876473,-0.11326837
grass,503,0.65158457,0.62083536,0.688311,0.8115445
grass,504,-0.804587,-0.04012068,0.24196191,0.009957446
grass,505,0.872743,-0.21981493,1.104662,-0.31966236
grass,506,0.05157963,0.8985202,-0.33728385,0.4183051
grass,507,-0.21340337,-0.68197435,0.17783588,-0.045961183
grass,508,0.85755175,0.2731372,1.4422866,0.52223355
grass,509,-0.7664883,0.47169343,-0.09530703,-0.005331791
grass,510,0.6169924,-0.6552247,0.004906352,-0.27676427
grass,511,0.4535496,0.7773621,0.19084984,0.7561003
grass,512,-0.62625945,-0.3420971,0.31577244,0.0068267416
grass,513,0.89995885,-0.00854397,1.4986359,0.018787324
grass,514,-0.3016207,0.8479528,-0.39811,0.09311548
grass,515,0.093244605,-0.77497107,0.025776457,-0.090103805
grass,516,0.7492588,0.4986083,0.9791716,0.74210936
grass,517,-0.8375731,0.21188512,0.10376836,-0.0008228496
grass,518,0.823204,-0.36377755,0.6974093,-0.42407298
grass,519,0.17318486,0.8831795,-0.2473175,0.50416833
grass,520,-0.39765403,-0.55659974,0.26538473,-0.018131323
grass,521,0.87986225,0.18931825,1.5204351,0.3883726
grass,522,-0.6435229,0.62918776,-0.21982667,-0.007806925
grass,523,0.45167357,-0.7503936,-0.11867754,-0.121989414
grass,524,0.62639505,0.64624166,0.5794825,0.78226876
grass,525,-0.7390698,-0.15871523,0.2923282,0.012039645
grass,526,0.8885802,-0.14291325,1.2441493,-0.21252751
grass,527,-0.09923307,0.89451206,-0.41189903,0.21232742
grass,528,-0.11306871,-0.71382636,0.12998964,-0.061451316
grass,529,0.8327275,0.3414146,1.2953672,0.5971674
grass,530,-0.8076284,0.36037928,-0.0014867727,-0.009395985
grass,531,0.70223165,-0.56291175,0.1546764,-0.35951376
grass,532,0.41305968,0.7996128,0.07909056,0.6871198
grass,533,-0.54802716,-0.4110482,0.31551224,0.0014617549
grass,534,0.8986448,0.049360234,1.5213751,0.12978688
grass,535,-0.45345095,0.7774195,-0.331243,-0.009859695
grass,536,0.25952116,-0.7719925,-0.053857524,-0.1113385
grass,537,0.72870994,0.5281863,0.8693974,0.73350996
grass,538,-0.81258106,0.062764004,0.19795969,0.006270961
grass,539,0.8561141,-0.27761075,0.8819421,-0.3637612
grass,540,0.091323406,0.8953541,-0.33909646,0.3640523
grass,541,-0.29935896,-0.6102197,0.22900724,-0.03153499
grass,542,0.8684684,0.23613909,1.4429008,0.45638064
grass,543,-0.6898211,0.5776175,-0.17201751,-0.02081983
grass,544,0.5594715,-0.7049756,-0.15425755,-0.13123997
grass,545,0.5562377,0.70752996,0.3628257,0.73768556
grass,546,-0.6965676,-0.20790745,0.31208494,0.012212935
grass,547,0.8980319,-0.05947857,1.373835,-0.07409086
grass,548,-0.27690837,0.8563415,-0.3950064,0.01113997
grass,549,-0.007456286,-0.73711455,0.07424853,-0.07861939
grass,550,0.77745277,0.4533941,1.0251648,0.6782435
grass,551,-0.813654,0.27420044,0.059363436,-0.0054839063
grass,552,0.79872006,-0.41478327,0.47937977,-0.40812212
grass,553,0.32231715,0.84030384,-0.103136614,0.5669448
grass,554,-0.42568266,-0.5080857,0.28906327,-0.011713075
grass,555,0.8938496,0.1050329,1.5125731,0.23390238
grass,556,-0.572167,0.691724,-0.26692417,-0.025930528
grass,557,0.3337794,-0.7552606,-0.09102978,-0.12113041
grass,558,0.6472635,0.6253389,0.5790079,0.73045653
grass,559,-0.7676271,-0.049405683,0.26100788,0.010723915
grass,560,0.8720286,-0.2226322,0.9838591,-0.3062883
grass,561,-0.052466583,0.89846885,-0.4175916,0.15878534
grass,562,-0.17155552,-0.6686754,0.16674459,-0.05193164
grass,563,0.8376372,0.3291853,1.2649728,0.5641998
grass,564,-0.76697695,0.42072034,-0.05545201,-0.01450555
grass,565,0.66644937,-0.60485065,-0.016745241,-0.26957887
grass,566,0.4494467,0.77974135,0.09683462,0.6449138
grass,567,-0.5749921,-0.35136867,0.3307148,0.006633286
grass,568,0.8999896,-0.0042182957,1.4258611,0.026967932
grass,569,-0.33498532,0.83533454,-0.3787207,-0.030244855
grass,570,0.15490733,-0.7546881,-0.013803076,-0.10378312
grass,571,0.75879496,0.48397237,0.9178049,0.6749649
grass,572,-0.80723786,0.16643134,0.13632487,0.00026140898
grass,573,0.8370849,-0.3305872,0.6617618,-0.37949276
grass,574,0.17066361,0.8836701,-0.30924386,0.36102974
grass,575,-0.29950467,-0.5874427,0.2396949,-0.029640866
grass,576,0.88453233,0.16613723,1.4671726,0.33893138
grass,577,-0.6420083,0.6055232,-0.2099645,-0.0241569
grass,578,0.45563126,-0.7211171,-0.14301966,-0.13222532
grass,579,0.56896776,0.697334,0.33824527,0.68572825
grass,580,-0.71430457,-0.13866183,0.30335775,0.012985413
grass,581,0.8926447,-0.11482327,1.2097205,-0.16316588
grass,582,-0.13339914,0.89005816,-0.42845768,0.02387431
grass,583,-0.0734224,-0.6989776,0.11257408,-0.068950556
grass,584,0.8235548,0.3629828,1.1662916,0.5836284
grass,585,-0.7893473,0.31036443,0.028386742,-0.009092907
grass,586,0.7466559,-0.5024977,0.1719149,-0.34778944
grass,587,0.36886814,0.8209356,-0.07754783,0.5376661
grass,588,-0.46670824,-0.44590726,0.3162708,-0.0033984378
grass,589,0.89669555,0.07704631,1.4665484,0.17926288
grass,590,-0.5009709,0.72335947,-0.31069607,-0.029064236
grass,591,0.31147107,-0.7423105,-0.09341698,-0.12445836
grass,592,0.6900014,0.57783824,0.6485687,0.68049055
grass,593,-0.76930726,0.011298012,0.23793824,0.008568406
grass,594,0.86671656,-0.24248987,0.86162424,-0.315198
grass,595,0.10754721,0.8935505,-0.37754786,0.23784184
grass,596,-0.20426106,-0.63225526,0.19262742,-0.045280036
grass,597,0.852558,0.28834677,1.288896,0.50364363
grass,598,-0.7149444,0.485484,-0.11897558,-0.019911936
grass,599,0.5670671,-0.6745747,-0.18361467,-0.13830236
grass,600,0.5289498,0.728156,0.21179238,0.63396406
grass,601,-0.5965041,-0.29570937,0.3408959,0.0106245065
grass,602,0.8991803,-0.038389914,1.3287352,-0.03520907
grass,603,-0.24278787,0.85350454,-0.41132748,-0.032499716
grass,604,0.10124949,-0.73387355,0.009336718,-0.099256486
grass,605,0.7924077,0.42671883,0.9948403,0.61331105
grass,606,-0.7904562,0.18160851,0.12683523,-0.0015197755
grass,607,0.8022674,-0.40787992,0.3718415,-0.36946255
grass,608,0.27283746,0.8576472,-0.24075575,0.39478096
grass,609,-0.3918033,-0.49611348,0.29608667,-0.012217106
grass,610,0.890792,0.12840764,1.4454005,0.27027974
grass,611,-0.5574167,0.66336983,-0.27426013,-0.028402146
grass,612,0.3640742,-0.72564375,-0.12289003,-0.13230076
grass,613,0.65878755,0.61318666,0.5209627,0.65489763
grass,614,-0.7213143,-0.084434986,0.29185668,0.012518134
grass,615,0.8813808,-0.18211794,0.9847749,-0.24926339
grass,616,-0.09522839,0.89489216,-0.44225445,-0.03218605
grass,617,-0.06414429,-0.68570644,0.10921949,-0.07110537
grass,618,0.84018916,0.32261607,1.1964289,0.528554
grass,619,-0.7345017,0.4239292,-0.07271074,-0.017700592
grass,620,0.72185576,-0.53751576,0.010890121,-0.28503945
grass,621,0.39767677,0.8073736,-0.07668025,0.4979066
grass,622,-0.5236473,-0.36268407,0.34232202,0.0060332045
grass,623,0.899536,0.028877448,1.3936982,0.08763693
grass,624,-0.36246443,0.7866746,-0.37855047,-0.032684427
grass,625,0.19747601,-0.7332567,-0.047893662,-0.115558654
grass,626,0.7418676,0.5095403,0.7649121,0.6277841
grass,627,-0.77699274,0.13224079,0.1644468,0.0013021203
grass,628,0.8478527,-0.3019019,0.6240685,-0.3421422
grass,629,0.12788543,0.8908672,-0.39567253,0.17741704
grass,630,-0.25717857,-0.58108455,0.23303194,-0.033789214
grass,631,0.87141925,0.22500548,1.3423299,0.41551867
grass,632,-0.6630207,0.53312093,-0.17253427,-0.0242498
grass,633,0.57130116,-0.6562282,-0.19969846,-0.14431013
grass,634,0.5878323,0.6815073,0.29878932,0.6091855
grass,635,-0.6537687,-0.18521002,0.3343018,0.014397868
grass,636,0.89616984,-0.08293705,1.1930809,-0.109602876
grass,637,-0.17691128,0.8564739,-0.43262073,-0.034386605
grass,638,-0.0035273493,-0.6964221,0.070861965,-0.08299084
grass,639,0.812822,0.3864188,1.0323472,0.56412953
grass,640,-0.7647168,0.29482445,0.034633152,-0.010430309
grass,641,0.79391944,-0.42389965,0.2530324,-0.34266302
grass,642,0.36199898,0.82398766,-0.1619573,0.42202643
grass,643,-0.40708014,-0.4598422,0.31526273,-0.006969542
grass,644,0.89487076,0.09594431,1.4103152,0.2100158
grass,645,-0.51016396,0.6791033,-0.3050024,-0.030845044
grass,646,0.3485321,-0.71411616,-0.1284001,-0.13609563
grass,647,0.6675277,0.60366035,0.4925636,0.6121768
grass,648,-0.7207436,-0.043902606,0.28083122,0.011498988
grass,649,0.86973184,-0.23144226,0.7843174,-0.29076385
grass,650,0.06275008,0.8978092,-0.44407475,0.04861935
grass,651,-0.15519091,-0.62882864,0.17335339,-0.052794293
grass,652,0.8522604,0.28922528,1.2132224,0.4818954
grass,653,-0.69384515,0.46694702,-0.12077215,-0.021991767
grass,654,0.6351978,-0.61819744,-0.22215687,-0.14687741
grass,655,0.509322,0.7420175,0.08793781,0.5332821
grass,656,-0.57228106,-0.27989018,0.3552001,0.012487736
grass,657,0.8998282,-0.017558906,1.2906382,0.0018302418
grass,658,-0.278998,0.8059583,-0.41186547,-0.034923017
grass,659,0.15568411,-0.7179664,-0.031394895,-0.112634555
grass,660,0.74738187,0.50141734,0.73086053,0.5915068
grass,661,-0.76280314,0.15209424,0.15174301,-0.0007526856
grass,662,0.8150659,-0.3816629,0.3244404,-0.33903703
grass,663,0.24204208,0.8668418,-0.33842948,0.23965895
grass,664,-0.29793164,-0.53322613,0.2678186,-0.02372862
grass,665,0.8804604,0.18651697,1.3488122,0.3554543
grass,666,-0.5557037,0.62682414,-0.2702061,-0.030113079
grass,667,0.45868203,-0.6802894,-0.1804129,-0.14739144
grass,668,0.61931205,0.6530327,0.32782412,0.57411164
grass,669,-0.64819056,-0.1626438,0.33760136,0.015170592
grass,670,0.89137375,-0.12430561,1.041999,-0.16927049
grass,671,-0.0789284,0.86643696,-0.45607826,-0.041183412
grass,672,0.00021863251,-0.6833586,0.06822832,-0.08465545
grass,673,0.8324545,0.34207958,1.0793825,0.51514167
grass,674,-0.7228818,0.3835071,-0.049971428,-0.018026136
grass,675,0.7121816,-0.55026925,-0.1359546,-0.21698907
grass,676,0.3811037,0.8153275,-0.17626128,0.37932438
grass,677,-0.45146134,-0.3958943,0.34397152,0.0022979781
grass,678,0.8972964,0.069700055,1.365596,0.16053899
grass,679,-0.40641445,0.7289883,-0.36438188,-0.034103334
grass,680,0.2824381,-0.7095854,-0.107704595,-0.13343866
grass,681,0.69912314,0.5667678,0.53577113,0.574574
grass,682,-0.7308645,0.031989068,0.24225992,0.007510578
grass,683,0.8711692,-0.22597162,0.73588365,-0.2783116
grass,684,0.11084812,0.89108366,-0.4514287,0.028632272
grass,685,-0.22099896,-0.57355917,0.22577016,-0.037475277
grass,686,0.8731286,0.21827836,1.2879947,0.3937908
grass,687,-0.6393521,0.5203582,-0.18170172,-0.026600411
grass,688,0.59582925,-0.62044835,-0.22918539,-0.15330282
grass,689,0.54444885,0.71664107,0.116580874,0.506785
grass,690,-0.61017525,-0.2021691,0.35426173,0.015650569
grass,691,0.8985203,-0.051578507,1.1830003,-0.05725403
grass,692,-0.20647302,0.8157303,-0.43675214,-0.036818184
grass,693,0.05566389,-0.69009674,0.028912442,-0.09660315
grass,694,0.79012984,0.43092197,0.84808636,0.5438799
grass,695,-0.7477307,0.23217528,0.08491194,-0.00785528
grass,696,0.79838794,-0.41542226,0.15874845,-0.31043372
grass,697,0.27810663,0.85595304,-0.33852956,0.21527874
grass,698,-0.38585982,-0.44232333,0.3262507,-0.005334053
grass,699,0.8910998,0.12625448,1.3536547,0.25792477
grass,700,-0.47264627,0.6730941,-0.327438,-0.033393584
grass,701,0.3474173,-0.6934104,-0.14685507,-0.1437848
grass,702,0.66794723,0.6031961,0.41091377,0.54614544
grass,703,-0.6801823,-0.07234244,0.30911663,0.013521155
grass,704,0.88585716,-0.15892144,0.8929291,-0.20986381
grass,705,0.028146222,0.87309015,-0.47279602,-0.042665027
grass,706,-0.09769027,-0.631395,0.14151782,-0.06349754
grass,707,0.8508606,0.29331776,1.1350617,0.46362197
grass,708,-0.704352,0.38862953,-0.06236184,-0.020017851
grass,709,0.66893923,-0.57576835,-0.24742544,-0.15670422
grass,710,0.47293684,0.76572174,-0.06049556,0.41745678
grass,711,-0.5189165,-0.30169675,0.36829165,0.012252395
grass,712,0.8987136,0.048093025,1.3149016,0.1195059
grass,713,-0.36075094,0.73577183,-0.38754362,-0.03586994
grass,714,0.20411612,-0.70087904,-0.07234378,-0.12571277
grass,715,0.7406888,0.5112524,0.6231748,0.5390876
grass,716,-0.7301305,0.09151725,0.20383169,0.0030014284
grass,717,0.8342029,-0.33779353,0.33723444,-0.3139308
grass,718,0.17436697,0.87894166,-0.44636297,0.03891715
grass,719,-0.26291063,-0.5272406,0.26402524,-0.026231047
grass,720,0.8773937,0.20044775,1.2753592,0.36462596
grass,721,-0.6019026,0.5422298,-0.21517363,-0.029330643
grass,722,0.52701026,-0.6346388,-0.22524284,-0.15859339
grass,723,0.5978917,0.6726994,0.19499622,0.49340683
grass,724,-0.6191499,-0.16107246,0.35226712,0.01651646
grass,725,0.8981069,-0.058335826,1.1233703,-0.0683574
grass,726,-0.08348874,0.8360035,-0.4649615,-0.038659688
grass,727,0.045207806,-0.67533094,0.034420162,-0.09566067
grass,728,0.820189,0.37052527,0.9401884,0.4991418
grass,729,-0.71919817,0.31576002,0.0041295774,-0.015738899
grass,730,0.771009,-0.46426722,-0.041809577,-0.25925928
grass,731,0.37374824,0.81872535,-0.25542608,0.27384117
grass,732,-0.374535,-0.4312485,0.33325848,-0.0040379693
grass,733,0.892442,0.11638853,1.3236498,0.23875694
grass,734,-0.46843147,0.65655756,-0.3286618,-0.034345355
grass,735,0.2966939,-0.68917084,-0.13189502,-0.1420424
grass,736,0.6933421,0.5738256,0.43697798,0.5138132
grass,737,-0.69981396,0.013117255,0.26480722,0.008877351
grass,738,0.8762359,-0.20544975,0.69773406,-0.2510827
grass,739,0.08260737,0.8650845,-0.48004425,-0.0415855
grass,740,-0.16147695,-0.5825896,0.19654854,-0.047300346
grass,741,0.8609114,0.26235554,1.1542943,0.42594686
grass,742,-0.66402143,0.43794492,-0.11932114,-0.024807056
grass,743,0.55896837,-0.613222,-0.2429036,-0.16220708
grass,744,0.5537782,0.70945656,0.06312839,0.43793973
grass,745,-0.5072522,-0.29141518,0.3762974,0.013647386
grass,746,0.8999522,-0.009224373,1.199292,0.014668338
grass,747,-0.26264977,0.76516557,-0.42790437,-0.038149137
grass,748,0.14752181,-0.6867785,-0.04204159,-0.11819713
grass,749,0.79245234,0.42663595,0.7786024,0.5011151
grass,750,-0.7258828,0.20053098,0.11201788,-0.0069414964
grass,751,0.80407417,-0.4043064,0.07736949,-0.2837426
grass,752,0.2879054,0.8525339,-0.38835073,0.12247612
grass,753,-0.3052746,-0.4768007,0.30268696,-0.014637122
grass,754,0.8885741,0.14295097,1.2960907,0.27953604
grass,755,-0.53789645,0.5872529,-0.2721933,-0.03275348
grass,756,0.37365404,-0.6691886,-0.17828548,-0.15397166
grass,757,0.63613814,0.6366531,0.24599145,0.4714201
grass,758,-0.62230456,-0.12850809,0.34915033,0.016713846
grass,759,0.8922523,-0.11783391,0.92267674,-0.15534641
grass,760,-0.050204284,0.8277825,-0.47465733,-0.040111564
grass,761,-0.01899739,-0.64295965,0.084562734,-0.08120692
grass,762,0.8441149,0.3122002,1.0271623,0.45381227
grass,763,-0.68716574,0.36879012,-0.054425627,-0.021199968
grass,764,0.6854453,-0.54243517,-0.2727187,-0.16276714
grass,765,0.4464487,0.7814618,-0.17875196,0.30625996
grass,766,-0.41404387,-0.37451085,0.36191258,0.0051122243
grass,767,0.8990946,0.040348113,1.2524968,0.102934465
grass,768,-0.35366237,0.7108195,-0.39306483,-0.03736447
grass,769,0.24772505,-0.68272436,-0.11294095,-0.13840242
grass,770,0.73146623,0.5243625,0.5116436,0.48630717
grass,771,-0.70935446,0.103479624,0.19948384,0.0013199588
grass,772,0.86265856,-0.25655243,0.47889867,-0.2765594
grass,773,0.1496668,0.8571544,-0.4813437,-0.033635266
grass,774,-0.21934935,-0.5295359,0.25008938,-0.031312365
grass,775,0.86810666,0.2374655,1.1625,0.39415187
grass,776,-0.5734909,0.53852266,-0.2317846,-0.031620696
grass,777,0.56195486,-0.59858423,-0.25726616,-0.16727595
grass,778,0.6005543,0.6703234,0.12817842,0.42770433
grass,779,-0.54832774,-0.21917048,0.38070366,0.017764188
grass,780,0.89705807,-0.07270357,1.0160332,-0.0910348
grass,781,-0.18864557,0.7775172,-0.45282194,-0.03990332
grass,782,0.035382982,-0.65413755,0.040000103,-0.09466719
grass,783,0.80236274,0.4076925,0.7768301,0.4740652
grass,784,-0.70699793,0.26322636,0.04966045,-0.013617611
grass,785,0.77620256,-0.45553094,-0.12849264,-0.2306334
grass,786,0.33593604,0.8344618,-0.36967307,0.12955481
grass,787,-0.3100277,-0.45441568,0.31750438,-0.010492119
grass,788,0.89355963,0.10747217,1.2758143,0.22005509
grass,789,-0.41523594,0.6638117,-0.3599702,-0.036660094
grass,790,0.3158974,-0.66935885,-0.15936667,-0.15117417
grass,791,0.6851099,0.5836294,0.33619803,0.45410913
grass,792,-0.6577261,-0.032465365,0.30590945,0.012506673
grass,793,0.8867951,-0.15360178,0.7650148,-0.19576679
grass,794,0.010997996,0.82522005,-0.48505422,-0.041520562
grass,795,-0.107425794,-0.5893861,0.16332982,-0.05773284
grass,796,0.85522187,0.28034705,1.0557485,0.42184007
grass,797,-0.6438557,0.42760944,-0.123295926,-0.02668642
grass,798,0.6633275,-0.53991497,-0.28633302,-0.16701955
grass,799,0.49460566,0.75190705,-0.13013919,0.31141478
grass,800,-0.4899745,-0.27514702,0.3886189,0.01595856
grass,801,0.89986664,0.0154601,1.184011,0.05649991
grass,802,-0.2751118,0.73311085,-0.42747396,-0.03926432
grass,803,0.14961484,-0.67072487,-0.05279662,-0.12222734
grass,804,0.7712786,0.46381912,0.6118339,0.46103105
grass,805,-0.69987637,0.12828644,0.17999996,-0.0015406639
grass,806,0.84055054,-0.32167342,0.21364097,-0.27998757
grass,807,0.2820594,0.8427286,-0.43869963,0.034071468
grass,808,-0.25383064,-0.48778915,0.28659597,-0.020400861
grass,809,0.87780285,0.19864827,1.1915891,0.34745795
grass,810,-0.5425268,0.55089134,-0.25662,-0.03348301
grass,811,0.40437147,-0.64379615,-0.211956,-0.16429316
grass,812,0.60748184,0.6640518,0.10192513,0.3931159
grass,813,-0.57051927,-0.16618152,0.37663153,0.01893462
grass,814,0.8966256,-0.07785557,0.9575916,-0.098863974
grass,815,-0.08314125,0.79475296,-0.4780588,-0.04183408
grass,816,-0.02028659,-0.62334466,0.08850904,-0.08028141
grass,817,0.8353035,0.33506274,0.9067275,0.43876487
grass,818,-0.6769576,0.3326816,-0.026703276,-0.02083981
grass,819,0.7180897,-0.50065297,-0.28803506,-0.171578
grass,820,0.41810223,0.7969878,-0.29105613,0.1893024
grass,821,-0.40250185,-0.3532791,0.37575287,0.008379483
grass,822,0.8934612,0.10828674,1.2479277,0.21925053
grass,823,-0.38522735,0.66590226,-0.37638342,-0.037805766
grass,824,0.29487446,-0.6625648,-0.15723331,-0.15180619
grass,825,0.7081226,0.55548304,0.3605811,0.428568
grass,826,-0.6807063,0.07128579,0.2325668,0.0037500102
grass,827,0.8770382,-0.20199752,0.5568182,-0.23506407
grass,828,0.17663966,0.8355655,-0.49079248,-0.043981824
grass,829,-0.12203877,-0.56749123,0.18282913,-0.0519039
grass,830,0.86339986,0.25404665,1.0736889,0.39391735
grass,831,-0.6185162,0.44393083,-0.14965189,-0.029118637
grass,832,0.55859673,-0.57972705,-0.27748278,-0.17502402
grass,833,0.5797879,0.68836397,0.010592708,0.34940004
grass,834,-0.5126073,-0.22774383,0.39458653,0.019081505
grass,835,0.8997075,-0.02292389,1.0722669,-0.012093128
grass,836,-0.21844797,0.7414605,-0.44873124,-0.040691506
grass,837,0.12475298,-0.65827906,-0.038332302,-0.11830262
grass,838,0.80566347,0.4011301,0.71916264,0.4372865
grass,839,-0.6909416,0.17043339,0.14075062,-0.006499403
grass,840,0.8284105,-0.35175988,0.058951322,-0.262747
grass,841,0.30948266,0.82910454,-0.4387693,0.026625697
grass,842,-0.29365745,-0.43906873,0.32613334,-0.00844958
grass,843,0.8902445,0.1321505,1.2269769,0.25569344
grass,844,-0.4448978,0.616346,-0.33627743,-0.036888424
grass,845,0.35615656,-0.64575803,-0.19897792,-0.16303566
grass,846,0.65584016,0.616338,0.18328655,0.3855484
grass,847,-0.6194196,-0.06291256,0.33642334,0.01538028
grass,848,0.8873738,-0.15022202,0.6909197,-0.18851168
grass,849,-0.017488487,0.7961332,-0.49017096,-0.043299172
grass,850,-0.052794144,-0.5971642,0.121625364,-0.07026646
grass,851,0.83692026,0.33100373,0.87492514,0.42173052
grass,852,-0.64340925,0.38252297,-0.08726407,-0.026036885
grass,853,0.6331338,-0.53488064,-0.30224317,-0.17607723
grass,854,0.51514924,0.7379839,-0.15357965,0.26337898
grass,855,-0.41353828,-0.32334477,0.38984594,0.012670217
grass,856,0.89747906,0.06730758,1.2017936,0.1469537
grass,857,-0.29808822,0.6975746,-0.41967884,-0.03974984
grass,858,0.17448743,-0.65827864,-0.0817056,-0.13124451
grass,859,0.7502472,0.49711975,0.45723394,0.4119599
grass,860,-0.6743744,0.09922726,0.21065684,0.00054863375
grass,861,0.8622168,-0.2580333,0.3163031,-0.2570212
grass,862,0.263071,0.8254489,-0.47547314,-0.023071766
grass,863,-0.22056006,-0.4865497,0.27844566,-0.023117961
grass,864,0.87337947,0.21727245,1.1113731,0.35697863
grass,865,-0.5583079,0.50281984,-0.22365373,-0.03342579
grass,866,0.44026375,-0.6158578,-0.24741587,-0.17453285
grass,867,0.5922737,0.6776509,-0.00047373262,0.32204497
grass,868,-0.562379,-0.14110595,0.3807578,0.01987637
grass,869,0.8989524,-0.043399673,0.9832749,-0.0471244
grass,870,-0.10217539,0.76628387,-0.4800969,-0.042897895
grass,871,0.07158709,-0.63821775,0.0045015486,-0.10553182
grass,872,0.8062324,0.39998528,0.6778447,0.4157184
grass,873,-0.6772012,0.23215175,0.07563627,-0.013817434
grass,874,0.7963375,-0.41334158,-0.18412815,-0.21528554
grass,875,0.43513685,0.7864481,-0.3225463,0.13589163
grass,876,-0.33287558,-0.3879722,0.36193416,0.002508913
grass,877,0.89465666,0.097921,1.2036175,0.1988152
grass,878,-0.4105052,0.62441236,-0.3572665,-0.03801112
grass,879,0.30350664,-0.6467071,-0.1784617,-0.15891057
grass,880,0.71732587,0.54354626,0.31878796,0.3819194
grass,881,-0.63966125,0.00952585,0.29142907,0.00967753
grass,882,0.8815538,-0.18127833,0.5363506,-0.21359542
grass,883,0.06449763,0.79783124,-0.4989244,-0.04475772
grass,884,-0.10069757,-0.5589862,0.17369635,-0.054435007
grass,885,0.863282,0.2544467,1.0167645,0.3796877
grass,886,-0.59968704,0.43536928,-0.15428153,-0.030782394
grass,887,0.5829481,-0.54879403,-0.30400833,-0.18209021
grass,888,0.5440231,0.71696436,-0.13183933,0.25473
grass,889,-0.4432503,-0.27403298,0.405247,0.018176213
grass,890,0.89985186,0.016300147,1.1000603,0.053712945
grass,891,-0.2114635,0.7209266,-0.45324233,-0.0415131
grass,892,0.12971734,-0.64515305,-0.049939193,-0.12191773
grass,893,0.77964985,0.4496054,0.5282546,0.3950383
grass,894,-0.67167634,0.18296616,0.12776665,-0.009270821
grass,895,0.8285041,-0.35153937,-0.040104106,-0.24256867
grass,896,0.32583782,0.81027746,-0.4542808,-0.0016858503
grass,897,-0.21799414,-0.47304425,0.2871458,-0.020470042
grass,898,0.87960184,0.19052464,1.1264825,0.3259012
grass,899,-0.46779814,0.5726369,-0.3105306,-0.036986828
grass,900,0.38294795,-0.62386584,-0.23102184,-0.17277335
grass,901,0.6365572,0.6362341,0.067849115,0.31999892
grass,902,-0.569286,-0.108841054,0.37385848,0.019346166
grass,903,0.893082,-0.11137102,0.73740315,-0.14370555
grass,904,-0.008015558,0.77638584,-0.4964182,-0.044744316
grass,905,-0.016304426,-0.5968044,0.09070922,-0.079227135
grass,906,0.83389914,0.33854273,0.79036987,0.3972574
grass,907,-0.6378723,0.34523073,-0.055364177,-0.025441336
grass,908,0.7198014,-0.46437943,-0.32700455,-0.17687905
grass,909,0.4849007,0.7579456,-0.27254075,0.16007411
grass,910,-0.37183055,-0.3346108,0.39176652,0.011895603
grass,911,0.89786774,0.06190704,1.1526053,0.13448332
grass,912,-0.29795653,0.67441255,-0.41916907,-0.04023213
grass,913,0.25310373,-0.6445346,-0.15347622,-0.15259899
grass,914,0.72521275,0.5329779,0.30180144,0.35615003
grass,915,-0.65286434,0.090258494,0.22353612,0.00084363087
grass,916,0.8633976,-0.25405404,0.23607954,-0.2449777
grass,917,0.23740569,0.8044174,-0.49602818,-0.048300073
grass,918,-0.12175973,-0.53307754,0.20226263,-0.045614567
grass,919,0.8670218,0.24139628,1.0123153,0.36379573
grass,920,-0.56589437,0.46225885,-0.19363305,-0.03339773
grass,921,0.49022305,-0.5804693,-0.28691784,-0.18468007
grass,922,0.6023777,0.66868526,-0.038561676,0.27410042
grass,923,-0.5104346,-0.17780693,0.40503642,0.022225725
grass,924,0.8989601,-0.043239184,0.9211432,-0.0490078
grass,925,-0.14074542,0.73271114,-0.47467795,-0.043006625
grass,926,0.05614101,-0.6195065,0.016826695,-0.1014625
grass,927,0.81339335,0.38521445,0.6457443,0.3839536
grass,928,-0.6563105,0.24619883,0.056304075,-0.01711679
grass,929,0.76765925,-0.4245609,-0.29924238,-0.18671139
grass,930,0.34546518,0.79766464,-0.4546751,-0.007293133
grass,931,-0.2871818,-0.40083727,0.35226572,-0.00086871366
grass,932,0.8907759,0.12851954,1.1629595,0.2442472
grass,933,-0.417309,0.5956001,-0.34653494,-0.03834866
grass,934,0.3033533,-0.6333339,-0.1939308,-0.16424756
grass,935,0.6827892,0.58634275,0.15075901,0.31675217
grass,936,-0.59003425,-0.05153169,0.34653342,0.015910057
grass,937,0.88728976,-0.15071766,0.55715084,-0.18434714
grass,938,0.11742917,0.7848932,-0.50453687,-0.04662949
grass,939,-0.040256977,-0.57452095,0.119538404,-0.070136935
grass,940,0.8514659,0.29155597,0.87150246,0.3775156
grass,941,-0.59897536,0.39951527,-0.12532991,-0.030623611
grass,942,0.6274253,-0.5064103,-0.3323903,-0.18716887
grass,943,0.53309923,0.7251236,-0.21353348,0.18246172
grass,944,-0.43416065,-0.254458,0.41642454,0.020961475
grass,945,0.8988128,0.046201073,1.1049749,0.10445922
grass,946,-0.26388347,0.6770316,-0.43360174,-0.040938094
grass,947,0.16555947,-0.6371266,-0.09010782,-0.13394882
grass,948,0.76911604,0.46739656,0.4157468,0.3503628
grass,949,-0.65194356,0.15871918,0.15395196,-0.007899925
grass,950,0.84697974,-0.30434224,0.012810669,-0.23885411
grass,951,0.3045656,0.79353285,-0.4826293,-0.037606243
grass,952,-0.192893,-0.4684418,0.2821321,-0.021648198
grass,953,0.87523144,0.20968762,1.0480345,0.33560842
grass,954,-0.5242049,0.49363157,-0.23892692,-0.035740815
grass,955,0.468218,-0.5796278,-0.28949815,-0.18737291
grass,956,0.64638454,0.6262475,0.031564545,0.27578524
grass,957,-0.53546333,-0.12517235,0.39330387,0.021583946
grass,958,0.89934635,-0.0342797,0.9094457,-0.0363314
grass,959,-0.001659791,0.75744545,-0.500755,-0.04577111
grass,960,0.056923654,-0.6114359,0.015025281,-0.101628415
grass,961,0.8357223,0.33401668,0.7378368,0.37190852
grass,962,-0.63471496,0.29529494,-0.0045415424,-0.02319932
grass,963,0.7420907,-0.4302389,-0.3391187,-0.18153729
grass,964,0.44581702,0.7676439,-0.37592584,0.05824041
grass,965,-0.32524738,-0.35091618,0.38691145,0.009666066
grass,966,0.89500415,0.09469121,1.1389478,0.18864547
grass,967,-0.31694195,0.6429481,-0.40724,-0.040108852
grass,968,0.26667362,-0.6310406,-0.17725962,-0.15997477
grass,969,0.71305734,0.5491341,0.19890286,0.30455744
grass,970,-0.5977274,-0.0120887235,0.32266906,0.012414007
grass,971,0.8811859,-0.1830583,0.3935443,-0.20725144
grass,972,0.17715195,0.779413,-0.50501895,-0.04827805
grass,973,-0.11543725,-0.5169152,0.20879127,-0.043009385
grass,974,0.8629506,0.25556824,0.92714417,0.3574185
grass,975,-0.5826768,0.40485156,-0.13877869,-0.032122377
grass,976,0.5095207,-0.5558779,-0.31237513,-0.1919969
grass,977,0.6015837,0.66939974,-0.09826982,0.22131293
grass,978,-0.46623927,-0.20153186,0.42092925,0.023895703
grass,979,0.8998417,0.016848635,1.0211234,0.049669165
grass,980,-0.12377068,0.71775645,-0.48014358,-0.04359393
grass,981,0.14741315,-0.6281382,-0.07873675,-0.1302599
grass,982,0.7971142,0.41786122,0.49554807,0.3427309
grass,983,-0.64161444,0.170087,0.14129534,-0.010129409
grass,984,0.83174235,-0.3383154,-0.15424903,-0.21845569
grass,985,0.35219514,0.78025115,-0.46781102,-0.027273264
grass,986,-0.24501364,-0.4115975,0.33929166,-0.0046027284
grass,987,0.8822935,0.17764324,1.0776502,0.30240616
grass,988,-0.46050298,0.5389484,-0.30067453,-0.037862808
grass,989,0.39503315,-0.59741277,-0.26531553,-0.18397614
grass,990,0.6690082,0.60201913,0.053193808,0.26155388
grass,991,-0.56122273,-0.06587732,0.36638212,0.018100644
grass,992,0.89089966,-0.12765877,0.5603713,-0.16081172
grass,993,0.08183759,0.7610834,-0.50815725,-0.04758297
grass,994,0.0049854973,-0.58173543,0.073628046,-0.08316995
grass,995,0.8472489,0.30359223,0.78101355,0.3589823
grass,996,-0.60533994,0.34592003,-0.070782684,-0.028796025
grass,997,0.67536616,-0.45960176,-0.3562349,-0.18932156
grass,998,0.5317157,0.7234042,-0.26758802,0.12590776
grass,999,-0.35994652,-0.30235693,0.4128416,0.017742911
grass,1000,0.89590824,0.085717425,1.1107792,0.17162621
grass,1001,-0.28384796,0.64699936,-0.4221219,-0.040598895
grass,1002,0.19901311,-0.62779444,-0.13002044,-0.14588171
grass,1003,0.76385444,0.47594684,0.32902405,0.30747092
grass,1004,-0.6110453,0.048520904,0.27254555,0.0052036345
grass,1005,0.874254,-0.21372649,0.23284128,-0.21958233
grass,1006,0.25531632,0.77393556,-0.5014156,-0.052468374
grass,1007,-0.16424392,-0.46817183,0.2707484,-0.024344174
grass,1008,0.87477076,0.21160129,0.9991842,0.32846323
grass,1009,-0.5048016,0.4880062,-0.24666087,-0.0368402
grass,1010,0.43027708,-0.5798223,-0.28980172,-0.19020088
grass,1011,0.63086075,0.6418829,-0.063433394,0.21659413
grass,1012,-0.47677565,-0.17195734,0.4214277,0.024834592
grass,1013,0.89841336,-0.05340765,0.7900605,-0.06859761
grass,1014,-0.08316684,0.71801347,-0.48966628,-0.04448423
grass,1015,0.072662786,-0.6042243,-0.0041250493,-0.10667825
grass,1016,0.82499117,0.359706,0.60574734,0.34103698
grass,1017,-0.62591416,0.25307146,0.04112643,-0.020876043
grass,1018,0.7430711,-0.41024294,-0.3578096,-0.1848099
grass,1019,0.42457634,0.76045156,-0.42524195,0.004200519
grass,1020,-0.2414041,-0.39985976,0.3477044,-0.0018960367
grass,1021,0.89156055,0.12295851,1.1063048,0.2308324
grass,1022,-0.35280392,0.60208565,-0.38128445,-0.03958591
grass,1023,0.28931284,-0.6164548,-0.20800436,-0.1692754
grass,1024,0.72146,0.5380469,0.16265328,0.2660603
grass,1025,-0.58272225,-0.0038450737,0.32379887,0.011836761
grass,1026,0.88799787,-0.14648756,0.4455117,-0.17746992
grass,1027,0.14854166,0.75880593,-0.50968724,-0.049081575
grass,1028,-0.04793998,-0.5429591,0.14130938,-0.06206557
grass,1029,0.85293543,0.28722844,0.78978425,0.3471002
grass,1030,-0.5726114,0.38727194,-0.12794462,-0.032818552
grass,1031,0.6113723,-0.4868884,-0.35778692,-0.1975609
grass,1032,0.5822627,0.6860392,-0.19548967,0.15269881
grass,1033,-0.41232604,-0.23397899,0.4320038,0.02465094
grass,1034,0.89893,0.04386102,1.0319724,0.09504483
grass,1035,-0.19148666,0.6749951,-0.45929366,-0.04206474
grass,1036,0.13003181,-0.6147788,-0.0686503,-0.12644452
grass,1037,0.791016,0.42929325,0.40128982,0.30340844
grass,1038,-0.61983913,0.12540324,0.19302265,-0.0055578183
grass,1039,0.82722944,-0.33195132,-0.22388832,-0.20599477
grass,1040,0.28364816,0.76412,-0.498913,-0.05289227
grass,1041,-0.15359151,-0.4632653,0.26968628,-0.02411419
grass,1042,0.88440245,0.16682732,1.0554829,0.28608972
grass,1043,-0.47418684,0.5034478,-0.27360722,-0.037881833
grass,1044,0.415133,-0.57717156,-0.29241735,-0.19202413
grass,1045,0.6501816,0.62230444,-0.04991645,0.20385745
grass,1046,-0.53495663,-0.07603115,0.38297516,0.020079536
grass,1047,0.8980035,-0.05990504,0.72986937,-0.07965196
grass,1048,-0.023258686,0.72231615,-0.50050586,-0.04588069
grass,1049,0.018175162,-0.57426864,0.06098741,-0.085899666
grass,1050,0.83886445,0.32604527,0.6593555,0.33417562
grass,1051,-0.59791595,0.31775483,-0.043576725,-0.028384082
grass,1052,0.7112499,-0.4187285,-0.37333447,-0.19019698
grass,1053,0.47732234,0.7385951,-0.38315475,0.029757712
grass,1054,-0.27562737,-0.35539994,0.3847981,0.009098691
grass,1055,0.8960971,0.083719246,1.0732862,0.16530387
grass,1056,-0.25417674,0.641659,-0.4327453,-0.040786434
grass,1057,0.24091229,-0.6162083,-0.17807011,-0.16034502
grass,1058,0.7555743,0.4889852,0.23560911,0.2628172
grass,1059,-0.57814837,0.010337309,0.3154548,0.010170853
grass,1060,0.8816485,-0.18081725,0.27057695,-0.1996218
grass,1061,0.17596313,0.75109464,-0.50984967,-0.050081033
grass,1062,-0.075780585,-0.5139266,0.18276797,-0.04901207
grass,1063,0.86808914,0.2375293,0.89164144,0.33112866
grass,1064,-0.54447293,0.41239455,-0.16593502,-0.035172604
grass,1065,0.46285895,-0.55276984,-0.32144457,-0.19878925
grass,1066,0.6249877,0.64760274,-0.12985966,0.1666656
grass,1067,-0.4273949,-0.20226619,0.4367878,0.026662534
grass,1068,0.89999914,-0.0007358757,0.897053,0.0129780425
grass,1069,-0.12891386,0.6858487,-0.47792837,-0.04316267
grass,1070,0.1257509,-0.6077833,-0.06801479,-0.12564991
grass,1071,0.8068778,0.39868185,0.43886793,0.29628417
grass,1072,-0.61419475,0.20597227,0.09615488,-0.017125677
grass,1073,0.78432935,-0.36283427,-0.34203035,-0.18986435
grass,1074,0.4206011,0.74719673,-0.44542924,-0.02086274
grass,1075,-0.19428892,-0.41683617,0.32319215,-0.008233157
grass,1076,0.8870027,0.15239777,1.0522227,0.26733613
grass,1077,-0.358001,0.5791404,-0.3709348,-0.039397772
grass,1078,0.29624107,-0.6044738,-0.2271436,-0.17512958
grass,1079,0.71315515,0.54900706,0.080350436,0.2200164
grass,1080,-0.53501195,-0.057324342,0.3756057,0.018765276
grass,1081,0.8948768,-0.09588814,0.56025755,-0.12730895
grass,1082,0.12726416,0.7394152,-0.5117876,-0.04958519
grass,1083,0.0127820205,-0.5633238,0.070120186,-0.08227864
grass,1084,0.85775274,0.27250543,0.77619874,0.3303676
grass,1085,-0.5781424,0.33942863,-0.07610007,-0.031269297
grass,1086,0.57641315,-0.49048042,-0.3664435,-0.20420331
grass,1087,0.5129191,0.7189492,-0.35278425,0.042625345
grass,1088,-0.36900988,-0.25343704,0.4370148,0.02501331
grass,1089,0.89772356,0.06396355,1.0272044,0.12828124
grass,1090,-0.17690453,0.6623812,-0.46201652,-0.04187083
grass,1091,0.21016762,-0.61193955,-0.1578852,-0.15378502
grass,1092,0.78343076,0.4429844,0.3044579,0.26180252
grass,1093,-0.5980381,0.09837637,0.22614661,-0.0026519457
grass,1094,0.86929196,-0.23308906,0.028450472,-0.21380162
grass,1095,0.25518066,0.74612135,-0.50344115,-0.051479895
grass,1096,-0.15362492,-0.44234726,0.2867156,-0.018201526
grass,1097,0.8790163,0.19320822,0.97116256,0.30411968
grass,1098,-0.49071154,0.46348763,-0.23716468,-0.037766155
grass,1099,0.4000677,-0.57017374,-0.30007932,-0.19538257
grass,1100,0.65853447,0.6134585,-0.08111458,0.16827406
grass,1101,-0.48411456,-0.11978062,0.41816536,0.025075305
grass,1102,0.898778,-0.046872623,0.71450764,-0.06371401
grass,1103,-0.056059033,0.6966981,-0.49425066,-0.044737726
grass,1104,0.07835783,-0.5883499,-0.014579769,-0.1080128
grass,1105,0.832909,0.34097153,0.5565557,0.30484793
grass,1106,-0.596283,0.26438844,0.019119069,-0.02506496
grass,1107,0.75588155,-0.37240133,-0.3784046,-0.18951441
grass,1108,0.49075037,0.7227341,-0.38914108,0.013609123
grass,1109,-0.22948146,-0.3730509,0.3669955,0.0046114097
grass,1110,0.89443237,0.09994837,1.0510758,0.19010693
grass,1111,-0.30014646,0.6008777,-0.40388948,-0.039707847
grass,1112,0.28378773,-0.6006585,-0.22598465,-0.17480063
grass,1113,0.7302687,0.526029,0.095217176,0.20690517
grass,1114,-0.5695206,0.029842362,0.30253854,0.0074442285
grass,1115,0.88309616,-0.17360918,0.21970527,-0.19261785
grass,1116,0.2107877,0.7380326,-0.50878763,-0.051547196
grass,1117,-0.031588506,-0.52775466,0.13464671,-0.061867416
grass,1118,0.86142457,0.26066604,0.77817225,0.32144225
grass,1119,-0.5093093,0.43263325,-0.20227048,-0.03724165
grass,1120,0.5258849,-0.5085335,-0.36156568,-0.20737174
grass,1121,0.57826793,0.68044186,-0.26775607,0.083091594
grass,1122,-0.36161223,-0.24630769,0.44245997,0.026519705
grass,1123,0.8988409,0.045650806,0.97005284,0.09264765
grass,1124,-0.17551324,0.6522668,-0.46051487,-0.041458476
grass,1125,0.14360768,-0.60192573,-0.09480799,-0.1330544
grass,1126,0.7980491,0.41607276,0.3318452,0.2550433
grass,1127,-0.5983803,0.1711589,0.13843198,-0.014027091
grass,1128,0.82820183,-0.30626944,-0.27311885,-0.1983517
grass,1129,0.31896538,0.73843193,-0.4947493,-0.053810976
grass,1130,-0.1955185,-0.394086,0.34248614,-0.0018740733
grass,1131,0.88688993,0.1530529,1.0184764,0.2645685
grass,1132,-0.42482817,0.51207364,-0.3048169,-0.038865354
grass,1133,0.3591731,-0.57729644,-0.28490528,-0.19203956
grass,1134,0.6804892,0.5890105,-0.058120564,0.1597947
grass,1135,-0.48435158,-0.103685476,0.41540387,0.024639877
grass,1136,0.89752084,-0.06674803,0.60438466,-0.09341551
grass,1137,0.08875814,0.7176792,-0.51101744,-0.048847333
grass,1138,0.004091331,-0.54514337,0.08701989,-0.07559305
grass,1139,0.84618694,0.30653983,0.62048393,0.30478832
grass,1140,-0.57558954,0.30198997,-0.033975273,-0.029898072
grass,1141,0.66703945,-0.41998404,-0.3957157,-0.20297992
grass,1142,0.51994354,0.70578074,-0.36591923,0.02155818
grass,1143,-0.2899187,-0.30541208,0.42033607,0.019880462
grass,1144,0.8975152,0.066823974,0.9957311,0.13022679
grass,1145,-0.22908276,0.6242629,-0.4371637,-0.040165506
grass,1146,0.22723544,-0.60240465,-0.18504027,-0.16173096
grass,1147,0.75581986,0.48860547,0.14056334,0.20238312
grass,1148,-0.5607321,0.032971494,0.30260646,0.0068906914
grass,1149,0.87836206,-0.19616094,0.0859678,-0.20020205
grass,1150,0.27046984,0.7317729,-0.5024377,-0.052893165
grass,1151,-0.11356738,-0.45518696,0.25482965,-0.025973406
grass,1152,0.87527806,0.20949306,0.8929395,0.30606943
grass,1153,-0.49387318,0.43632033,-0.2133784,-0.037934348
grass,1154,0.4429786,-0.5404158,-0.33730108,-0.20538284
grass,1155,0.614818,0.65147823,-0.22052209,0.09452533
grass,1156,-0.39162204,-0.20205145,0.450437,0.029496808
grass,1157,0.89956295,-0.028025288,0.7244724,-0.03851059
grass,1158,-0.05929504,0.6794422,-0.49154782,-0.043970283
grass,1159,0.078729294,-0.5785269,-0.017068995,-0.107283995
grass,1160,0.8197387,0.37152052,0.41011837,0.2620836
grass,1161,-0.5869108,0.22490425,0.06712736,-0.022223983
grass,1162,0.7118284,-0.38419995,-0.40148574,-0.19839881
grass,1163,0.4281629,0.7239279,-0.45670825,-0.039996184
grass,1164,-0.18001904,-0.39436796,0.33774415,-0.0025165398
grass,1165,0.8893421,0.13809247,1.0147737,0.24449319
grass,1166,-0.34172347,0.5595659,-0.369487,-0.03897834
grass,1167,0.32636982,-0.58084106,-0.27137285,-0.18841659
grass,1168,0.7253301,0.53281814,0.027099704,0.16636865
grass,1169,-0.52923554,-0.018870212,0.3564836,0.014889978
grass,1170,0.88810426,-0.14584142,0.2531541,-0.17392129
grass,1171,0.12271584,0.71338904,-0.5114924,-0.049847633
grass,1172,-0.0029794634,-0.53236794,0.101438515,-0.07017117
grass,1173,0.8562608,0.27715763,0.6761944,0.30331546
grass,1174,-0.51702404,0.39646,-0.16473335,-0.03701867
grass,1175,0.5345078,-0.48991117,-0.37916765,-0.21245159
grass,1176,0.587529,0.6671029,-0.2804075,0.060630932
grass,1177,-0.3505107,-0.23488969,0.4508587,0.028915886
grass,1178,0.8992988,0.03550691,0.90606344,0.07013256
grass,1179,-0.1257782,0.65342826,-0.47326162,-0.04169962
grass,1180,0.18203244,-0.59794253,-0.14585671,-0.1484201
grass,1181,0.78235686,0.44487837,0.20219226,0.20492658
grass,1182,-0.5787062,0.1276489,0.19361746,-0.008782355
grass,1183,0.81621796,-0.30251673,-0.32664046,-0.19372503
grass,1184,0.36622304,0.7233229,-0.4844048,-0.054279413
grass,1185,-0.1264206,-0.43253255,0.28178063,-0.017501997
grass,1186,0.8821716,0.1782478,0.9434515,0.28449056
grass,1187,-0.4077485,0.50661767,-0.30948234,-0.038919553
grass,1188,0.37625876,-0.5605377,-0.30969134,-0.19942252
grass,1189,0.6808226,0.58862513,-0.10484218,0.123290814
grass,1190,-0.4633824,-0.1066057,0.42599007,0.026285335
grass,1191,0.8990218,-0.041938778,0.6387895,-0.062018435
grass,1192,0.006934003,0.686304,-0.5016481,-0.045655753
grass,1193,0.03525317,-0.55122036,0.04565182,-0.08652814
grass,1194,0.8436147,0.3135496,0.5418572,0.28052104
grass,1195,-0.5639876,0.28798205,-0.020925561,-0.030302893
grass,1196,0.68999976,-0.38899297,-0.40985525,-0.20398158
grass,1197,0.4982237,0.70213187,-0.40653113,-0.0137160355
grass,1198,-0.25604227,-0.31445923,0.4149953,0.019024853
grass,1199,0.8949217,0.09546744,0.9982012,0.1781748
grass,1200,-0.2932051,0.5769494,-0.39692357,-0.038733114
grass,1201,0.2395403,-0.5930269,-0.20790924,-0.16834073
grass,1202,0.75718886,0.4864812,0.089260235,0.16806425
grass,1203,-0.5494655,0.04382372,0.29550922,0.0048944885
grass,1204,0.883242,-0.17286569,0.10082617,-0.1881579
grass,1205,0.25721508,0.71734774,-0.5040401,-0.053661484
grass,1206,-0.027989486,-0.505825,0.1453777,-0.055938996
grass,1207,0.87239754,0.22118199,0.81882614,0.3009078
grass,1208,-0.48640925,0.4219792,-0.20410356,-0.038390905
grass,1209,0.4841827,-0.50826496,-0.36984506,-0.21342984
grass,1210,0.6141945,0.6450696,-0.25077385,0.064626746
grass,1211,-0.37282664,-0.19956997,0.45784444,0.031298384
grass,1212,0.899635,0.025607495,0.85290575,0.049384598
grass,1213,-0.04838958,0.6669384,-0.4907428,-0.0433515
grass,1214,0.09951044,-0.57728475,-0.048241954,-0.11556432
grass,1215,0.79816836,0.4158439,0.23466894,0.20315515
grass,1216,-0.5722643,0.22017856,0.07035905,-0.0232914
grass,1217,0.78603405,-0.31756005,-0.38356334,-0.19246179
grass,1218,0.41572794,0.71213144,-0.46778336,-0.05096496
grass,1219,-0.15533827,-0.39540413,0.3282328,-0.0038408244
grass,1220,0.88436437,0.1670289,0.94520885,0.27285928
grass,1221,-0.38799414,0.5107015,-0.32109535,-0.038779657
grass,1222,0.29085407,-0.58078086,-0.2572466,-0.18395646
grass,1223,0.69954497,0.5662471,-0.08818707,0.114369854
grass,1224,-0.5052533,-0.03177146,0.37522838,0.017366631
grass,1225,0.8979658,-0.060468964,0.5301981,-0.089962706
grass,1226,0.07336007,0.6906443,-0.5072306,-0.047674987
grass,1227,0.015929056,-0.5319848,0.07865657,-0.07520627
grass,1228,0.8557289,0.27879563,0.61788034,0.2859953
grass,1229,-0.5293688,0.34737352,-0.106358014,-0.035857417
grass,1230,0.6297281,-0.41921905,-0.4136477,-0.2134093
grass,1231,0.567567,0.6693943,-0.3321276,0.021693178
grass,1232,-0.2984615,-0.26309443,0.44691524,0.027938535
grass,1233,0.8970234,0.0731309,0.9514581,0.136498
grass,1234,-0.1637203,0.6248576,-0.4558459,-0.039628185
grass,1235,0.18809827,-0.5907482,-0.16181047,-0.15243845
grass,1236,0.7812075,0.44689357,0.1400622,0.17038497
grass,1237,-0.55518186,0.08782412,0.24526326,-0.0030810717
grass,1238,0.86435205,-0.23058774,-0.17043681,-0.1969124
grass,1239,0.2834437,0.7100806,-0.49990052,-0.054614305
grass,1240,-0.0699249,-0.46203476,0.21864708,-0.03360402
grass,1241,0.87286747,0.21932042,0.79825014,0.29522055
grass,1242,-0.43036216,0.4685205,-0.2709335,-0.03902568
grass,1243,0.38819593,-0.54526174,-0.33035767,-0.20560865
grass,1244,0.6712079,0.5947409,-0.16321078,0.085119605
grass,1245,-0.38215,-0.1772143,0.4604588,0.03230242
grass,1246,0.8999953,-0.002719167,0.7316312,-0.0036493444
grass,1247,-0.00034525804,0.669866,-0.49735707,-0.044404488
grass,1248,0.09954285,-0.5722641,-0.050374523,-0.115121156
grass,1249,0.82771623,0.35339043,0.3639721,0.23034358
grass,1250,-0.5568918,0.25742266,0.016468165,-0.028826486
grass,1251,0.66664696,-0.38953838,-0.42144403,-0.21082416
grass,1252,0.48481548,0.69430405,-0.42823088,-0.03429907
grass,1253,-0.20939386,-0.3354063,0.39492556,0.014700607
grass,1254,0.8916445,0.12234829,0.9772504,0.21874058
grass,1255,-0.29388723,0.56072503,-0.38848558,-0.037936836
grass,1256,0.23564455,-0.5857441,-0.2152822,-0.16986096
grass,1257,0.7249893,0.5332817,-0.053856175,0.11014518
grass,1258,-0.52685314,0.026321538,0.31967613,0.007738767
grass,1259,0.8914835,-0.12351561,0.23058987,-0.15737978
grass,1260,0.20828451,0.70051175,-0.50678915,-0.05261571
grass,1261,-0.0037229708,-0.50993097,0.115798146,-0.06276068
grass,1262,0.8661072,0.24465756,0.6998626,0.28921393
grass,1263,-0.50158685,0.37709534,-0.15166026,-0.03799154
grass,1264,0.5059693,-0.4842191,-0.39153823,-0.21888618
grass,1265,0.59238946,0.6508531,-0.307054,0.026396293
grass,1266,-0.34459546,-0.20710194,0.46431372,0.032933485
grass,1267,0.8994354,0.03185805,0.83004004,0.056718707
grass,1268,-0.10696269,0.63522357,-0.47158277,-0.04020033
grass,1269,0.14594072,-0.58222485,-0.11617896,-0.13619025
grass,1270,0.79454696,0.42272228,0.16020235,0.16692224
grass,1271,-0.55425817,0.12221555,0.20189495,-0.009715475
grass,1272,0.82250077,-0.27202016,-0.34004995,-0.19255486
grass,1273,0.38024572,0.7013275,-0.47932735,-0.05573023
grass,1274,-0.13072746,-0.3975302,0.3157884,-0.005706515
grass,1275,0.8843631,0.1670358,0.913847,0.2692219
grass,1276,-0.35969037,0.51425934,-0.3352447,-0.038232163
grass,1277,0.31875587,-0.5643581,-0.29136994,-0.19433977
grass,1278,0.69306606,0.5697375,-0.14002635,0.079803586
grass,1279,-0.43675813,-0.10378819,0.43765637,0.028231503
grass,1280,0.89747435,-0.0673697,0.4418809,-0.10185234
grass,1281,0.09452928,0.6803449,-0.50551593,-0.04774993
grass,1282,0.027901966,-0.52824587,0.06446708,-0.07748305
grass,1283,0.838943,0.32584292,0.41067484,0.23633514
grass,1284,-0.541646,0.28012937,-0.018374693,-0.03217827
grass,1285,0.62513715,-0.4079493,-0.42525944,-0.21754721
grass,1286,0.5360545,0.6732867,-0.385113,-0.015795715
grass,1287,-0.23921092,-0.2966621,0.4282357,0.02391799
grass,1288,0.8947926,0.0966702,0.9521594,0.17590016
grass,1289,-0.23612587,0.5803855,-0.41723794,-0.03736994
grass,1290,0.20249453,-0.5838613,-0.18724406,-0.15966828
grass,1291,0.7675148,0.4700212,0.03671061,0.12337135
grass,1292,-0.53715944,0.07552866,0.26307,-0.00160137
grass,1293,0.88164604,-0.18015195,-0.04614447,-0.18684354
grass,1294,0.22606257,0.69398886,-0.5039772,-0.053214755
grass,1295,-0.060380273,-0.45318523,0.21879986,-0.031673353
grass,1296,0.8676047,0.23929292,0.68928295,0.2834368
grass,1297,-0.4279994,0.45202124,-0.25791305,-0.03915679
grass,1298,0.42895123,-0.5164611,-0.36572102,-0.21532984
grass,1299,0.613433,0.63295734,-0.28580013,0.027942544
grass,1300,-0.3444042,-0.19523366,0.46859184,0.034225956
grass,1301,0.89986634,0.015478211,0.75006443,0.023895498
grass,1302,-0.07141914,0.637295,-0.47816423,-0.040393844
grass,1303,0.09903603,-0.5643773,-0.05275283,-0.11390761
grass,1304,0.81985706,0.37125924,0.25494158,0.18913145
grass,1305,-0.55012316,0.20724347,0.08385477,-0.024162663
grass,1306,0.7705986,-0.30403563,-0.41574144,-0.19617227
grass,1307,0.46306205,0.68701994,-0.44733757,-0.049732942
grass,1308,-0.14293289,-0.3748087,0.34228244,0.002318549
grass,1309,0.8907564,0.1286545,0.9479904,0.22548234
grass,1310,-0.3325884,0.52259165,-0.35117102,-0.037543062
grass,1311,0.29497728,-0.5661011,-0.279858,-0.19041455
grass,1312,0.7191148,0.5379891,-0.10830299,0.07600848
grass,1313,-0.48164383,-0.028832197,0.38298476,0.01780753
grass,1314,0.89700264,-0.07338346,0.37902594,-0.11083152
grass,1315,0.13700782,0.67883044,-0.50495493,-0.04915391
grass,1316,0.016707622,-0.51270723,0.088331856,-0.068857215
grass,1317,0.85726506,0.27403557,0.5491672,0.2619778
grass,1318,-0.5084233,0.33800197,-0.10384559,-0.03736662
grass,1319,0.50739056,-0.471138,-0.40442395,-0.22292939
grass,1320,0.59336215,0.6419204,-0.32089853,0.009144181
grass,1321,-0.29690027,-0.2327859,0.46449825,0.033374142
grass,1322,0.8973567,0.06891976,0.891226,0.12314114
grass,1323,-0.18263966,0.5944453,-0.4382195,-0.037023254
grass,1324,0.1845897,-0.57987916,-0.17238317,-0.15365387
grass,1325,0.79266924,0.42623293,0.09623592,0.13338496
grass,1326,-0.5323996,0.088141285,0.24813178,-0.004472047
grass,1327,0.8583325,-0.21948177,-0.24275066,-0.1902057
grass,1328,0.33508733,0.6908751,-0.4879727,-0.05676496
grass,1329,-0.058355138,-0.44452432,0.22512037,-0.028669128
grass,1330,0.87667567,0.20356524,0.78286535,0.28124157
grass,1331,-0.392185,0.47321638,-0.2908512,-0.03859433
grass,1332,0.34412467,-0.5466985,-0.3217469,-0.20354351
grass,1333,0.6704392,0.58420503,-0.20556843,0.045719687
grass,1334,-0.38871467,-0.13847198,0.46223107,0.033156052
grass,1335,0.8999645,-0.007926358,0.63299996,-0.019630063
grass,1336,0.06433909,0.66149026,-0.49890155,-0.045210674
grass,1337,0.05772186,-0.53779364,0.015871998,-0.09038756
grass,1338,0.8275147,0.35386208,0.26824394,0.1879093
grass,1339,-0.526997,0.28020462,-0.023231901,-0.033717778
grass,1340,0.672175,-0.3627651,-0.43942586,-0.21517907
grass,1341,0.4812882,0.6773318,-0.43769398,-0.048846517
grass,1342,-0.1960732,-0.31570837,0.4095685,0.020431561
grass,1343,0.8923549,0.11705439,0.9351363,0.20714414
grass,1344,-0.25805882,0.5557145,-0.39685634,-0.036161657
grass,1345,0.24719958,-0.5724299,-0.24375975,-0.17779396
grass,1346,0.7550701,0.48976323,-0.050574258,0.0804958
grass,1347,-0.51245725,0.046440497,0.30234432,0.003483764
grass,1348,0.8795332,-0.17919117,-0.11376701,-0.18399298
grass,1349,0.19563381,0.6784772,-0.5020902,-0.051500514
grass,1350,-0.024640715,-0.46908417,0.17121714,-0.043081805
grass,1351,0.8655535,0.24660937,0.6169587,0.26890868
grass,1352,-0.48199007,0.36663783,-0.14807928,-0.039119326
grass,1353,0.46824265,-0.48543176,-0.39624578,-0.2230191
grass,1354,0.63030964,0.61359787,-0.27574554,0.019764882
grass,1355,-0.3352217,-0.18545023,0.47453472,0.03601178
grass,1356,0.89832926,0.054804534,0.83588856,0.09367399
grass,1357,-0.03622063,0.63361883,-0.48096937,-0.040052623
grass,1358,0.14256877,-0.57131934,-0.12243147,-0.13529578
grass,1359,0.80511874,0.4022223,0.11791052,0.13411203
grass,1360,-0.53743774,0.17689276,0.12519154,-0.02113349
grass,1361,0.7568553,-0.29928336,-0.4327512,-0.20010114
grass,1362,0.43227357,0.67928797,-0.46053353,-0.05684646
grass,1363,-0.12995826,-0.3676946,0.34371632,0.0043407963
grass,1364,0.88744277,0.1498143,0.89906347,0.24891157
grass,1365,-0.36724132,0.48311242,-0.30847383,-0.037876822
grass,1366,0.29738936,-0.55739665,-0.2929716,-0.1941221
grass,1367,0.68406016,0.5665787,-0.1948962,0.039196808
grass,1368,-0.43564034,-0.0720508,0.42751628,0.025888657
grass,1369,0.8963516,-0.08094885,0.2853462,-0.121893205
grass,1370,0.09096375,0.65852666,-0.49820697,-0.045715634
grass,1371,0.04826268,-0.5253961,0.035294957,-0.082821235
grass,1372,0.8456919,0.30790278,0.3785099,0.21673474
grass,1373,-0.5173947,0.28255317,-0.029464008,-0.034834206
grass,1374,0.55951136,-0.4281318,-0.43139356,-0.22684887
grass,1375,0.5208195,0.6624256,-0.41085967,-0.040655542
grass,1376,-0.2365113,-0.2685511,0.4489928,0.030692155
grass,1377,0.8957194,0.087668166,0.89590365,0.15522102
grass,1378,-0.16638249,0.5873908,-0.43786082,-0.03563827
grass,1379,0.17400908,-0.57345176,-0.16771482,-0.1503278
grass,1380,0.7823855,0.44482788,0.0036140117,0.089300685
grass,1381,-0.51342165,0.07093026,0.2727273,-0.0018324896
grass,1382,0.88091475,-0.17018645,-0.11906136,-0.18042609
grass,1383,0.29705104,0.6787993,-0.4908852,-0.05585637
grass,1384,-0.051905584,-0.43364227,0.23013078,-0.025190383
grass,1385,0.8785061,0.1955148,0.7720817,0.27403665
grass,1386,-0.4207066,0.42988732,-0.23988323,-0.039387606
grass,1387,0.37399766,-0.5253076,-0.35302943,-0.21290047
grass,1388,0.6631283,0.5827553,-0.23449951,0.02451353
grass,1389,-0.33496994,-0.17464586,0.4775334,0.03692056
grass,1390,0.8999618,-0.008221338,0.58291227,-0.02467342
grass,1391,0.023677267,0.6402463,-0.48848483,-0.0416626
grass,1392,0.103450865,-0.5549854,-0.06478119,-0.11433429
grass,1393,0.8188154,0.37355077,0.15614519,0.14274776
grass,1394,-0.52740306,0.21377727,0.07006171,-0.027626365
grass,1395,0.67548573,-0.3469523,-0.44914815,-0.21732368
grass,1396,0.45264658,0.67073226,-0.45153862,-0.056916248
grass,1397,-0.16139975,-0.3279495,0.39179212,0.017490162
grass,1398,0.8920732,0.11918164,0.90998626,0.20829208
grass,1399,-0.30858475,0.51402223,-0.35270256,-0.035930216
grass,1400,0.23214172,-0.56829184,-0.23855296,-0.17477936
grass,1401,0.72609454,0.51644754,-0.13580437,0.04285562
grass,1402,-0.46869472,-0.011594018,0.37422132,0.015219006
grass,1403,0.8944122,-0.10012834,0.1616811,-0.14149192
grass,1404,0.23996133,0.6708481,-0.49524492,-0.053075925
grass,1405,0.0068304976,-0.4835777,0.122441344,-0.05490305
grass,1406,0.8637695,0.25278708,0.5467366,0.25261125
grass,1407,-0.47602096,0.35164422,-0.13260242,-0.039537355
grass,1408,0.51744586,-0.44619218,-0.42589802,-0.22894578
grass,1409,0.57835716,0.6362571,-0.35663256,-0.020950641
grass,1410,-0.2650499,-0.23231344,0.47009712,0.036042802
grass,1411,0.89791626,0.061199386,0.819612,0.102194875
grass,1412,-0.10474138,0.60102993,-0.45603442,-0.035798736
grass,1413,0.14154792,-0.56545156,-0.12731531,-0.13492551
grass,1414,0.7961043,0.41978192,0.023532182,0.09006178
grass,1415,-0.52250904,0.14666785,0.16772926,-0.01736438
grass,1416,0.7634465,-0.28082305,-0.4382004,-0.2003176
grass,1417,0.3664175,0.6727758,-0.47617257,-0.058390692
grass,1418,-0.08230109,-0.39382306,0.2925669,-0.0071037426
grass,1419,0.884459,0.166527,0.83707887,0.26027748
grass,1420,-0.33525434,0.49140367,-0.32608032,-0.036494758
grass,1421,0.32696125,-0.5392084,-0.32694483,-0.2047621
grass,1422,0.6704972,0.5710811,-0.2315149,0.017730417
grass,1423,-0.3800312,-0.118284754,0.464433,0.03371429
grass,1424,0.89829975,-0.055285644,0.3422508,-0.095634155
grass,1425,0.05110263,0.6385183,-0.48859286,-0.041986823
grass,1426,0.07170386,-0.532904,-0.0074728318,-0.093938544
grass,1427,0.8482128,0.30088896,0.35034692,0.20413859
grass,1428,-0.5052972,0.2770341,-0.025680684,-0.035762537
grass,1429,0.57542694,-0.40590668,-0.44517025,-0.2294175
grass,1430,0.54617846,0.64579666,-0.39233905,-0.03898344
grass,1431,-0.21257499,-0.27177766,0.4465431,0.031358257
grass,1432,0.89336216,0.10910098,0.89243096,0.19075586
grass,1433,-0.1786492,0.5699793,-0.42464516,-0.03375377
grass,1434,0.20167689,-0.5679389,-0.2103344,-0.16378114
grass,1435,0.75473344,0.47487867,-0.09252073,0.04629068
grass,1436,-0.5002119,0.0707121,0.2750081,-0.002499071
grass,1437,0.8689193,-0.18042432,-0.22493753,-0.18141364
grass,1438,0.25679174,0.6652051,-0.4908087,-0.05356724
grass,1439,-0.025208492,-0.44334757,0.19585757,-0.032422498
grass,1440,0.8678227,0.238501,0.57362807,0.2545138
grass,1441,-0.43971306,0.38987583,-0.1903382,-0.040156815
grass,1442,0.43345028,-0.48667017,-0.3974325,-0.2251535
grass,1443,0.6480862,0.5875927,-0.26928565,0.004157639
grass,1444,-0.29428482,-0.19554642,0.48238444,0.038907155
grass,1445,0.89971244,0.02272613,0.6645599,0.025054662
grass,1446,-0.04007502,0.61242056,-0.4697098,-0.03679987
grass,1447,0.10222125,-0.54810995,-0.06552482,-0.11219102
grass,1448,0.80919695,0.39395332,0.05484507,0.09794156
grass,1449,-0.5157105,0.1971853,0.09218472,-0.02676229
grass,1450,0.68752825,-0.3254426,-0.4575072,-0.21748637
grass,1451,0.45414037,0.6605348,-0.44913194,-0.05972188
grass,1452,-0.08903933,-0.37642628,0.31442508,-0.0001760163
grass,1453,0.8893537,0.13801809,0.8744615,0.23238948
grass,1454,-0.3206102,0.4926808,-0.33145794,-0.035607006
grass,1455,0.2869236,-0.5484332,-0.30063835,-0.19552472
grass,1456,0.71682054,0.5160446,-0.16471054,0.024339274
grass,1457,-0.41200584,-0.07082188,0.436703,0.027362548
grass,1458,0.8946,-0.0984369,0.10766814,-0.14189176
grass,1459,0.18334682,0.65330327,-0.4923006,-0.04886031
grass,1460,0.029168218,-0.49186388,0.08505142,-0.063492894
grass,1461,0.85101163,0.29287916,0.34818628,0.20130435
grass,1462,-0.48642555,0.30413446,-0.06839423,-0.038533907
grass,1463,0.56394714,-0.40587527,-0.44856933,-0.2316583
grass,1464,0.5659916,0.6334964,-0.37552413,-0.036118336
grass,1465,-0.22110854,-0.25374624,0.45985058,0.035073604
grass,1466,0.8949816,0.094904095,0.86291826,0.16403596
grass,1467,-0.15203078,0.5726748,-0.431013,-0.032847904
grass,1468,0.17693546,-0.56498754,-0.18441857,-0.15328504
grass,1469,0.7699215,0.44558898,-0.060134,0.052352637
grass,1470,-0.49005258,0.06457576,0.28449017,-0.0015851022
grass,1471,0.86278343,-0.18122147,-0.26338363,-0.18123673
grass,1472,0.3765154,0.6624701,-0.46955055,-0.05902223
grass,1473,-0.0344096,-0.42399228,0.224276,-0.023155985
grass,1474,0.87639797,0.20475733,0.68024224,0.26370037
grass,1475,-0.378718,0.44300216,-0.26731429,-0.03815331
grass,1476,0.37382218,-0.5106018,-0.36955628,-0.2178939
grass,1477,0.6628197,0.57003015,-0.25366133,0.0018748236
grass,1478,-0.33589768,-0.14643404,0.48176676,0.03820975
grass,1479,0.8997807,-0.01984193,0.45138225,-0.050572533
grass,1480,0.07516006,0.63153434,-0.48493734,-0.04150261
grass,1481,0.10084147,-0.54367733,-0.06456594,-0.11031518
grass,1482,0.84277064,0.3158109,0.2515056,0.16939457
grass,1483,-0.5056727,0.21855813,0.058438763,-0.030771123
grass,1484,0.6761745,-0.32566047,-0.46293166,-0.22077906
grass,1485,0.48368418,0.65102524,-0.43436438,-0.058487535
grass,1486,-0.11885371,-0.33753857,0.36848938,0.01456257
grass,1487,0.89191264,0.12037772,0.87120634,0.20690742
grass,1488,-0.25070068,0.5253437,-0.37655687,-0.032729134
grass,1489,0.20489733,-0.5622516,-0.2227265,-0.16664442
grass,1490,0.7329693,0.4878191,-0.13852018,0.02503479
grass,1491,-0.4743211,0.038792927,0.31983125,0.004083962
grass,1492,0.8917475,-0.120377004,-0.03104169,-0.15827446
grass,1493,0.22551157,0.65134424,-0.4872828,-0.05077813
grass,1494,0.0029610146,-0.4571486,0.15095487,-0.042607985
grass,1495,0.86159396,0.2601054,0.44266993,0.22482981
grass,1496,-0.4372238,0.3733109,-0.17190926,-0.04060963
grass,1497,0.4374388,-0.47450745,-0.4091144,-0.22863677
grass,1498,0.61337644,0.6051716,-0.32460794,-0.021515386
grass,1499,-0.26218387,-0.20786738,0.48356718,0.04034139
grass,1500,0.8988334,0.045798592,0.7137443,0.06484525
grass,1501,-0.017848495,0.60653144,-0.46750623,-0.035627946
grass,1502,0.14601228,-0.55832595,-0.14434534,-0.13743019
grass,1503,0.78709143,0.4121316,-0.00056837057,0.07285323
grass,1504,-0.50268954,0.15312405,0.1566746,-0.020771468
grass,1505,0.73789275,-0.27765226,-0.45931235,-0.20810421
grass,1506,0.41928437,0.65479887,-0.45600754,-0.06056853
grass,1507,-0.05201024,-0.39552423,0.26916566,-0.009764862
grass,1508,0.88565785,0.16002871,0.80862063,0.25150475
grass,1509,-0.29218885,0.49757698,-0.3430546,-0.033691145
grass,1510,0.28165528,-0.543056,-0.30530182,-0.19628687
grass,1511,0.7003918,0.52461034,-0.20000324,0.007000464
grass,1512,-0.41538796,-0.048458833,0.4222783,0.023890693
grass,1513,0.89976346,-0.020606512,0.4166716,-0.054509405
grass,1514,0.13786541,0.63557506,-0.48526794,-0.044368334
grass,1515,0.050246943,-0.50097936,0.04466817,-0.073136464
grass,1516,0.85721654,0.27418748,0.37085384,0.20510778
grass,1517,-0.46756935,0.31516048,-0.08896093,-0.040125996
grass,1518,0.5407729,-0.40919715,-0.4517723,-0.23490337
grass,1519,0.5769794,0.6212776,-0.36762044,-0.039621215
grass,1520,-0.1919739,-0.26232114,0.45280147,0.034977965
grass,1521,0.8955829,0.089051925,0.8269098,0.15002379
grass,1522,-0.18893728,0.5465807,-0.40545562,-0.030785352
grass,1523,0.19618523,-0.5597396,-0.21716659,-0.16351813
grass,1524,0.7604722,0.43917665,-0.06501348,0.046715174
grass,1525,-0.48645717,0.09099686,0.24862495,-0.008357027
grass,1526,0.8504559,-0.18315202,-0.32009298,-0.18210293
grass,1527,0.34607112,0.6527175,-0.4701258,-0.057572722
grass,1528,-0.017317003,-0.42578033,0.20564373,-0.025810208
grass,1529,0.8709404,0.22685197,0.55147934,0.2453804
grass,1530,-0.37843326,0.42802548,-0.25163126,-0.038306747
grass,1531,0.39144546,-0.49298924,-0.3896876,-0.22386427
grass,1532,0.6426996,0.5799763,-0.289647,-0.015874203
grass,1533,-0.29768142,-0.1665831,0.49056554,0.041295324
grass,1534,0.89943093,0.03198315,0.63607055,0.03486957
grass,1535,-0.008480405,0.6019404,-0.46477377,-0.034670193
grass,1536,0.10134502,-0.5382099,-0.0679286,-0.10885774
grass,1537,0.8329726,0.3408161,0.14315723,0.12688212
grass,1538,-0.49102172,0.23080969,0.03692784,-0.0338344
grass,1539,0.7038276,-0.29368395,-0.46814245,-0.2169789
grass,1540,0.4797927,0.6430302,-0.43366402,-0.061902154
grass,1541,-0.1125073,-0.32613683,0.37719733,0.018539466
grass,1542,0.88823617,0.14503592,0.825553,0.23733084
grass,1543,-0.25013375,0.5136964,-0.3664876,-0.031377226
grass,1544,0.27104983,-0.5423034,-0.3010289,-0.19414835
grass,1545,0.722474,0.48768434,-0.15848495,0.0127052115
grass,1546,-0.4179224,-0.033853628,0.4104891,0.021084635
grass,1547,0.89724225,-0.07039343,0.14431868,-0.12004226
grass,1548,0.17350544,0.6341933,-0.48179886,-0.04577362
grass,1549,0.026796123,-0.46931842,0.10747595,-0.052511897
grass,1550,0.8608144,0.2626738,0.38837856,0.20866524
grass,1551,-0.45730576,0.31889275,-0.09697176,-0.040805034
grass,1552,0.49738342,-0.42953703,-0.44340146,-0.23591992
grass,1553,0.61006635,0.6001914,-0.33325318,-0.031624064
grass,1554,-0.2287331,-0.22108923,0.48072553,0.041221634
grass,1555,0.89660174,0.07813025,0.7849179,0.1262413
grass,1556,-0.09541469,0.573573,-0.43837097,-0.030402906
grass,1557,0.16606538,-0.5567751,-0.1813127,-0.14887153
grass,1558,0.7745962,0.40970013,-0.009903831,0.06590037
grass,1559,-0.4801909,0.095234975,0.24278803,-0.00993397
grass,1560,0.8191379,-0.20460609,-0.3988306,-0.18912108
grass,1561,0.40831268,0.64641273,-0.4534212,-0.060464613
grass,1562,-0.02080034,-0.4119083,0.22398056,-0.019329237
grass,1563,0.8823145,0.177539,0.7268975,0.25621915
grass,1564,-0.32173637,0.46555066,-0.3051802,-0.034616802
grass,1565,0.33341065,-0.5155445,-0.35622823,-0.21329904
grass,1566,0.67959166,0.5395387,-0.23920849,-0.009550221
grass,1567,-0.33833706,-0.118745014,0.4801167,0.037751358
grass,1568,0.8996213,-0.026084494,0.33975527,-0.067019485
grass,1569,0.103046134,0.61884385,-0.4759486,-0.040026277
grass,1570,0.063940525,-0.50475967,0.01706962,-0.07899155
grass,1571,0.8392276,0.32510918,0.16943455,0.135552
grass,1572,-0.48388094,0.22777973,0.039818272,-0.03436163
grass,1573,0.602483,-0.35746738,-0.47180682,-0.23396666
grass,1574,0.5163624,0.63166624,-0.41350397,-0.059806455
grass,1575,-0.15382023,-0.27903724,0.43404242,0.03256749
grass,1576,0.8913448,0.12451271,0.83370274,0.21025044
grass,1577,-0.18644688,0.5364721,-0.39712292,-0.028868759
grass,1578,0.19007313,-0.5552934,-0.21710193,-0.16167675
grass,1579,0.7479363,0.438682,-0.078283496,0.038342915
grass,1580,-0.45752776,0.045897514,0.31394726,0.0016279737
grass,1581,0.88447726,-0.12668723,-0.1587472,-0.16269837
grass,1582,0.3045508,0.64130694,-0.46980867,-0.054345608
grass,1583,0.018646028,-0.4514816,0.13622467,-0.04251433
grass,1584,0.8730509,0.21858862,0.546573,0.24201997
grass,1585,-0.39191464,0.3989057,-0.21512856,-0.039573878
grass,1586,0.40697277,-0.47579628,-0.40709618,-0.2289316
grass,1587,0.6397884,0.5754634,-0.29845652,-0.025758227
grass,1588,-0.28134418,-0.16631223,0.49490473,0.043059465
grass,1589,0.89794016,0.060848635,0.7121585,0.08825909
grass,1590,-0.010311679,0.59070987,-0.45632634,-0.03216456
grass,1591,0.12700017,-0.5457688,-0.12134384,-0.12517278
grass,1592,0.80076885,0.37005064,0.06960626,0.09492039
grass,1593,-0.48270738,0.20249183,0.07800777,-0.03149368
grass,1594,0.705992,-0.2803115,-0.4742338,-0.21773474
grass,1595,0.42567226,0.6402585,-0.4452305,-0.061232373
grass,1596,-0.080777995,-0.33914533,0.34854135,0.013710474
grass,1597,0.8872647,0.1508648,0.7898472,0.24100709
grass,1598,-0.28407642,0.48286697,-0.33036685,-0.031857464
grass,1599,0.27947983,-0.5328608,-0.31695083,-0.19899614
grass,1600,0.7018915,0.50443393,-0.2000899,-0.0049262876
grass,1601,-0.3858891,-0.057748992,0.43904355,0.02717257
grass,1602,0.89902323,-0.04190635,0.22944483,-0.090990365
grass,1603,0.17387669,0.6238245,-0.47441173,-0.043995928
grass,1604,0.044792287,-0.47768578,0.07160715,-0.060342975
grass,1605,0.85497874,0.28108788,0.281703,0.17502253
grass,1606,-0.45226592,0.30234727,-0.075939864,-0.041153047
grass,1607,0.52560294,-0.40147334,-0.4603664,-0.23884417
grass,1608,0.5978763,0.6002641,-0.34914425,-0.04318833
grass,1609,-0.16493312,-0.25975996,0.4521923,0.037368506
grass,1610,0.8934651,0.108254835,0.8153042,0.1820575
grass,1611,-0.14265203,0.5469902,-0.41149485,-0.027371595
grass,1612,0.16655493,-0.5525933,-0.18893081,-0.14964312
grass,1613,0.7437635,0.43399516,-0.07680383,0.03682934
grass,1614,-0.4712976,0.1064582,0.22614045,-0.013591173
grass,1615,0.8065151,-0.20296262,-0.42351267,-0.19165663
grass,1616,0.37855336,0.63808644,-0.45358902,-0.058722712
grass,1617,0.0051184595,-0.42590162,0.18049997,-0.028487058
grass,1618,0.8805186,0.1862415,0.66248673,0.2522589
grass,1619,-0.37309533,0.40884706,-0.23123308,-0.03850301
grass,1620,0.33518288,-0.50697213,-0.36553034,-0.21600294
grass,1621,0.6475217,0.5648234,-0.29018474,-0.027958898
grass,1622,-0.31305665,-0.12853041,0.48947424,0.04064539
grass,1623,0.8999284,0.011311159,0.47474065,-0.011532511
grass,1624,0.06524704,0.601198,-0.46408135,-0.03513174
grass,1625,0.105167404,-0.5321731,-0.07993641,-0.10862562
grass,1626,0.8288361,0.33396772,0.14340813,0.122837976
grass,1627,-0.47557795,0.19963463,0.08104633,-0.031977035
grass,1628,0.67495567,-0.2954633,-0.48076716,-0.22511367
grass,1629,0.48222145,0.6301244,-0.42418224,-0.06322878
grass,1630,-0.09448019,-0.3158996,0.37972522,0.022307996
grass,1631,0.8879373,0.14685489,0.78410786,0.23632126
grass,1632,-0.18731104,0.52547634,-0.3866448,-0.026941538
grass,1633,0.22064784,-0.5462814,-0.26182115,-0.17726658
grass,1634,0.7163908,0.4729382,-0.15892433,0.004822409
grass,1635,-0.42050707,0.000062121035,0.37725443,0.013183081
grass,1636,0.89718014,-0.07118099,0.049477525,-0.1255173
grass,1637,0.23769532,0.6257628,-0.46823087,-0.04797244
grass,1638,0.03194655,-0.45394722,0.11465026,-0.045890454
grass,1639,0.86741674,0.23997322,0.41544577,0.21335737
grass,1640,-0.4104059,0.3592292,-0.16195275,-0.041423596
grass,1641,0.45610914,-0.4384356,-0.4393147,-0.23714694
grass,1642,0.6041616,0.59301525,-0.34306246,-0.044882245
grass,1643,-0.2255056,-0.19988719,0.49261427,0.04515862
grass,1644,0.8964336,0.080036916,0.74438643,0.12440002
grass,1645,-0.016915157,0.5787758,-0.4462577,-0.029268725
grass,1646,0.122177675,-0.53973675,-0.11683328,-0.12091377
grass,1647,0.7833312,0.372611,0.05060057,0.08404452
grass,1648,-0.46616244,0.11538552,0.21227431,-0.016365964
grass,1649,0.78605556,-0.21155265,-0.4488322,-0.19702867
grass,1650,0.43327495,0.6316271,-0.4366256,-0.06156685
grass,1651,-0.04253759,-0.36105773,0.29946825,0.00399607
grass,1652,0.8821256,0.1784749,0.6745298,0.25018466
grass,1653,-0.28446645,0.4710612,-0.31770837,-0.031076642
grass,1654,0.28836825,-0.5228436,-0.33238053,-0.20380631
grass,1655,0.69294685,0.5064842,-0.21664135,-0.015022858
grass,1656,-0.3728073,-0.057581995,0.44335347,0.027958304
grass,1657,0.899173,-0.038560048,0.1940511,-0.09067627
grass,1658,0.12664174,0.6063556,-0.464701,-0.03818157
grass,1659,0.08033731,-0.50830245,-0.01975543,-0.086195715
grass,1660,0.84267056,0.3138916,0.18181667,0.13702397
grass,1661,-0.45277363,0.27024534,-0.030385587,-0.040561058
grass,1662,0.5221527,-0.39347368,-0.46630472,-0.24089856
grass,1663,0.5698392,0.60568726,-0.37402025,-0.05623769
grass,1664,-0.15931553,-0.24940561,0.45983452,0.040500533
grass,1665,0.892505,0.11590406,0.7983857,0.1935093
grass,1666,-0.11030823,0.54806674,-0.4148093,-0.025247646
grass,1667,0.1988358,-0.54704505,-0.23995627,-0.16766112
grass,1668,0.7321443,0.4359922,-0.09481991,0.02630377
grass,1669,-0.43112648,0.031117015,0.33753642,0.004735319
grass,1670,0.8612563,-0.14185123,-0.30181563,-0.17149368
grass,1671,0.33353487,0.62790155,-0.45389646,-0.054803204
grass,1672,0.018981332,-0.42793587,0.16079631,-0.031148678
grass,1673,0.8768913,0.20263399,0.55746794,0.24030784
grass,1674,-0.3764435,0.39024156,-0.20810927,-0.039381478
grass,1675,0.41576508,-0.45646232,-0.42387384,-0.2338635
grass,1676,0.6417978,0.5635329,-0.29990155,-0.036658805
grass,1677,-0.28720212,-0.13843173,0.49724355,0.043516736
grass,1678,0.8992752,0.036100008,0.5514309,0.030207742
grass,1679,0.03592478,0.585033,-0.45120868,-0.030634321
grass,1680,0.09705065,-0.5214181,-0.06295168,-0.09978098
grass,1681,0.7847804,0.361068,0.06931565,0.08944197
grass,1682,-0.46164665,0.21713784,0.051184047,-0.035874683
grass,1683,0.6878032,-0.27503875,-0.48505235,-0.2234339
grass,1684,0.47096714,0.6240331,-0.4214359,-0.06326376
grass,1685,-0.043169923,-0.3500807,0.31229562,0.00857905
grass,1686,0.88952684,0.13689779,0.77977026,0.2240696
grass,1687,-0.26276475,0.4774528,-0.32753855,-0.028920466
grass,1688,0.21815737,-0.5417431,-0.26593575,-0.17738003
grass,1689,0.709309,0.4706257,-0.16700791,-0.0019596547
grass,1690,-0.38830525,-0.028689684,0.41520882,0.021031372
grass,1691,0.89902335,-0.041903764,0.14474426,-0.09723193
grass,1692,0.2540698,0.6180291,-0.45915928,-0.04767097
grass,1693,0.05687158,-0.47461906,0.0525046,-0.061333008
grass,1694,0.8591601,0.26803517,0.2787027,0.1724442
grass,1695,-0.42461208,0.31626996,-0.10187107,-0.04264451
grass,1696,0.46002346,-0.42670935,-0.44777906,-0.23953803
grass,1697,0.6066934,0.5856173,-0.34034505,-0.04960456
grass,1698,-0.18703637,-0.21763891,0.48458603,0.04569551
grass,1699,0.8967564,0.076333985,0.7043449,0.11282008
grass,1700,-0.10282432,0.54449594,-0.41155759,-0.023777097
grass,1701,0.14345306,-0.54335684,-0.16185921,-0.13546011
grass,1702,0.74713016,0.4028644,-0.031934902,0.048105218
grass,1703,-0.44965944,0.09434369,0.24455076,-0.012462046
grass,1704,0.78685033,-0.19972172,-0.4521588,-0.19643237
grass,1705,0.40209666,0.6243963,-0.43664682,-0.059328366
grass,1706,-0.0102266595,-0.38079447,0.24853703,-0.0062908838
grass,1707,0.8828144,0.17503618,0.6588496,0.24651936
grass,1708,-0.30835906,0.44311446,-0.2825218,-0.03269628
grass,1709,0.32271978,-0.50077266,-0.36747846,-0.21590324
grass,1710,0.67752415,0.5199058,-0.24608293,-0.027962653
grass,1711,-0.2769766,-0.13930897,0.49993366,0.04465077
grass,1712,0.89960134,0.026765566,0.48174942,0.008926032
grass,1713,0.06391728,0.58494216,-0.4498707,-0.030896084
grass,1714,0.07882594,-0.49944103,-0.012577118,-0.08078194
grass,1715,0.84025323,0.3023437,0.1991569,0.14140113
grass,1716,-0.4426865,0.2644258,-0.024245232,-0.041308984
grass,1717,0.63239413,-0.30822575,-0.4902536,-0.2343975
grass,1718,0.5470099,0.6064724,-0.38779545,-0.06484742
grass,1719,-0.06885298,-0.3141409,0.36863202,0.023160096
grass,1720,0.89034975,0.13143916,0.773389,0.21611874
grass,1721,-0.19274223,0.5068731,-0.3665393,-0.023980571
grass,1722,0.1887767,-0.5439028,-0.23341252,-0.16326003
grass,1723,0.7276269,0.42808202,-0.0913537,0.023833316
grass,1724,-0.42675447,0.045244694,0.31889927,0.00033324677
grass,1725,0.8608824,-0.13171984,-0.30886337,-0.16881348
grass,1726,0.32726943,0.61875045,-0.4465862,-0.053084683
grass,1727,0.047661193,-0.4539013,0.08935256,-0.048457846
grass,1728,0.87288433,0.21925326,0.4467155,0.21926312
grass,1729,-0.37428266,0.37720373,-0.19211677,-0.0399728
grass,1730,0.41750246,-0.44675416,-0.43119663,-0.23604959
grass,1731,0.6303508,0.5670062,-0.31448534,-0.045957003
grass,1732,-0.23862892,-0.16707376,0.50375503,0.04772551
grass,1733,0.8969009,0.074617386,0.6803728,0.10668934
grass,1734,-0.03693956,0.55793494,-0.4263106,-0.023928586
grass,1735,0.1235012,-0.5345213,-0.1268293,-0.120321654
grass,1736,0.78165483,0.3487943,0.0857497,0.09272108
grass,1737,-0.45332888,0.18780921,0.095481634,-0.03303466
grass,1738,0.70028394,-0.2552748,-0.48800206,-0.22116224
grass,1739,0.44554704,0.61850494,-0.4212982,-0.06186522
grass,1740,-0.013430534,-0.3666524,0.2682221,0.00022816559
grass,1741,0.8857986,0.15924795,0.7020994,0.24139993
grass,1742,-0.25460228,0.47168973,-0.32157713,-0.027262945
grass,1743,0.24191739,-0.5299377,-0.29851517,-0.18906336
grass,1744,0.6895497,0.49491438,-0.21690068,-0.02288497
grass,1745,-0.3569735,-0.052119665,0.44430518,0.027828632
grass,1746,0.8998433,-0.01676545,0.22710222,-0.06780725
grass,1747,0.21684414,0.60442764,-0.4522338,-0.042403687
grass,1748,0.07375594,-0.48799735,0.0062177675,-0.07273099
grass,1749,0.84789646,0.2891426,0.22361681,0.15024158
grass,1750,-0.43138734,0.27532887,-0.042647608,-0.042563416
grass,1751,0.5361516,-0.36829677,-0.47976685,-0.24352163
grass,1752,0.5935342,0.5865227,-0.35128656,-0.05786172
grass,1753,-0.14381643,-0.23912476,0.4658671,0.044329215
grass,1754,0.8950039,0.09469369,0.73159444,0.14866146
grass,1755,-0.105323136,0.53431964,-0.40059492,-0.021141954
grass,1756,0.17709729,-0.54241264,-0.22104229,-0.15704942
grass,1757,0.7449619,0.389694,-0.015652385,0.05083364
grass,1758,-0.43249288,0.07536011,0.2739573,-0.008495259
grass,1759,0.80511427,-0.17491075,-0.43587986,-0.18981183
grass,1760,0.35326385,0.6149948,-0.4374283,-0.054538522
grass,1761,0.008022995,-0.38713235,0.22165784,-0.010510966
grass,1762,0.87929916,0.19191633,0.5527189,0.23697387
grass,1763,-0.34187984,0.40246034,-0.22867659,-0.036713503
grass,1764,0.32065582,-0.4946217,-0.37195718,-0.21699667
grass,1765,0.6641671,0.530675,-0.26867256,-0.038570013
grass,1766,-0.27100888,-0.1317747,0.5015055,0.04530351
grass,1767,0.8986779,0.04875411,0.55058736,0.048171688
grass,1768,0.05531245,0.57383317,-0.43939343,-0.027520688
grass,1769,0.107620046,-0.522752,-0.092747934,-0.105738856
grass,1770,0.81376886,0.3095987,0.17362295,0.12727113
grass,1771,-0.43825844,0.23979701,0.011555143,-0.040566478
grass,1772,0.66367185,-0.27543113,-0.49437943,-0.22978051
grass,1773,0.52677065,0.6051389,-0.3900759,-0.065534286
grass,1774,-0.075260825,-0.29263398,0.39480358,0.031034948
grass,1775,0.8896228,0.13627253,0.74669373,0.22106057
grass,1776,-0.16911891,0.5075227,-0.36828053,-0.02106335
grass,1777,0.22165412,-0.53282696,-0.27998188,-0.18074642
grass,1778,0.7075067,0.45156267,-0.149666,-0.001996635
grass,1779,-0.3874309,-0.003422235,0.38863778,0.014204749
grass,1780,0.8969941,-0.062538795,-0.0483855,-0.12493787
grass,1781,0.27068755,0.6052284,-0.44381505,-0.04629981
grass,1782,0.060507495,-0.46136802,0.057961572,-0.054675102
grass,1783,0.8686483,0.23547637,0.3487716,0.19403757
grass,1784,-0.39213064,0.33665863,-0.13593641,-0.042710554
grass,1785,0.4492144,-0.41884866,-0.45238954,-0.2414339
grass,1786,0.5988901,0.5807409,-0.345344,-0.0593895
grass,1787,-0.16981667,-0.20984258,0.48923984,0.04890591
grass,1788,0.89662194,0.07789725,0.6634122,0.10996061
grass,1789,-0.009255293,0.5558537,-0.42346948,-0.022337005
grass,1790,0.13434555,-0.53577095,-0.15365729,-0.12819745
grass,1791,0.76038325,0.35805252,0.050573036,0.075022414
grass,1792,-0.4379276,0.11952511,0.20382087,-0.020593371
grass,1793,0.7232176,-0.22856662,-0.48815173,-0.2152338
grass,1794,0.39406142,0.6114905,-0.42467475,-0.057344146
grass,1795,0.0055888756,-0.37357593,0.24071755,-0.004018821
grass,1796,0.8844181,0.16674426,0.64801025,0.24107142
grass,1797,-0.28740564,0.44005975,-0.2805711,-0.029987363
grass,1798,0.28797394,-0.505891,-0.3483733,-0.20778516
grass,1799,0.68491775,0.49359816,-0.22333217,-0.02929858
grass,1800,-0.30636683,-0.091889344,0.48308393,0.03871078
grass,1801,0.899949,-0.009519898,0.21871473,-0.061543033
grass,1802,0.10665843,0.5781863,-0.43963203,-0.029893948
grass,1803,0.07358838,-0.47874397,0.013599088,-0.06719178
grass,1804,0.83004916,0.28929248,0.2162446,0.14384025
grass,1805,-0.42433295,0.26264647,-0.025540281,-0.04295733
grass,1806,0.5769347,-0.33082345,-0.49293795,-0.24266124
grass,1807,0.5778829,0.5877812,-0.36173752,-0.06591535
grass,1808,-0.066902526,-0.29109162,0.39225158,0.031792
grass,1809,0.8911297,0.126043,0.7444874,0.20587057
grass,1810,-0.1347759,0.51523215,-0.3779978,-0.018714003
grass,1811,0.19276662,-0.5365975,-0.24812174,-0.1665418
grass,1812,0.72733134,0.4028034,-0.057520226,0.030743089
grass,1813,-0.39102972,0.012723609,0.36786908,0.009235686
grass,1814,0.8655713,-0.1103307,-0.29757404,-0.16114011
grass,1815,0.32214418,0.6047163,-0.43284124,-0.05022952
grass,1816,0.045075864,-0.42642942,0.12442158,-0.03355666
grass,1817,0.8710349,0.22648849,0.36663407,0.19905365
grass,1818,-0.34414265,0.3867228,-0.20822139,-0.037753947
grass,1819,0.38198063,-0.45416978,-0.41981372,-0.23292367
grass,1820,0.6520335,0.53925955,-0.2860231,-0.047591984
grass,1821,-0.19373642,-0.1830955,0.5033164,0.050992336
grass,1822,0.89921004,0.03768727,0.45793152,0.020404523
grass,1823,0.07155165,0.5681431,-0.43204468,-0.02589701
grass,1824,0.10107672,-0.5131806,-0.07736131,-0.09706638
grass,1825,0.7770664,0.32924968,0.11396205,0.09886454
grass,1826,-0.43511242,0.14763227,0.15746622,-0.027819235
grass,1827,0.6189319,-0.29757845,-0.49869978,-0.23823956
grass,1828,0.48135018,0.6048598,-0.39775038,-0.063533805
grass,1829,-0.020154908,-0.33233207,0.3147931,0.015428382
grass,1830,0.8889623,0.14051665,0.71835774,0.2246713
grass,1831,-0.2178725,0.4760221,-0.3282502,-0.022143679
grass,1832,0.25927868,-0.5144452,-0.32499665,-0.19802478
grass,1833,0.7003387,0.454181,-0.16408098,-0.01133792
grass,1834,-0.35339472,-0.033556595,0.42890856,0.023486698
grass,1835,0.8993197,-0.0349715,0.04877364,-0.09885478
grass,1836,0.18315925,0.58533543,-0.43749672,-0.035443064
grass,1837,0.07402306,-0.47349066,0.017055275,-0.06410021
grass,1838,0.8609199,0.26232782,0.27095208,0.1670485
grass,1839,-0.397992,0.30651823,-0.093509525,-0.044170003
grass,1840,0.4423685,-0.41454586,-0.45415944,-0.24224082
grass,1841,0.5800694,0.58393276,-0.35648343,-0.06653706
grass,1842,-0.14388059,-0.21760343,0.482143,0.049643837
grass,1843,0.8947207,0.09733368,0.69934803,0.14950484
grass,1844,-0.08432244,0.5266786,-0.39144668,-0.016904313
grass,1845,0.15503302,-0.5368133,-0.19605792,-0.14333302
grass,1846,0.7342887,0.38007972,-0.014254723,0.045469403
grass,1847,-0.41528812,0.075706676,0.2734006,-0.010131452
grass,1848,0.7898401,-0.16997062,-0.4567359,-0.19338371
grass,1849,0.39374626,0.60383576,-0.41556373,-0.056199227
grass,1850,0.035189297,-0.39974326,0.17187375,-0.018888034
grass,1851,0.8791184,0.1927431,0.49814624,0.22753868
grass,1852,-0.29696888,0.42191246,-0.25675395,-0.031207217
grass,1853,0.28730807,-0.49984404,-0.3527733,-0.20879395
grass,1854,0.6554064,0.53241634,-0.28035918,-0.049334936
grass,1855,-0.2708534,-0.11244618,0.49919087,0.044478714
grass,1856,0.89957005,0.027796462,0.38039836,-0.0022190511
grass,1857,0.13892348,0.5750366,-0.43232256,-0.03010669
grass,1858,0.09284835,-0.500752,-0.05176146,-0.08589759
grass,1859,0.81972694,0.28449443,0.21965133,0.14217377
grass,1860,-0.42213836,0.23116721,0.021467373,-0.04177665
grass,1861,0.547617,-0.34166026,-0.49172714,-0.24560319
grass,1862,0.55098075,0.5906906,-0.36778244,-0.06679448
grass,1863,-0.03214226,-0.30980197,0.35033467,0.024940843
grass,1864,0.8905099,0.13034981,0.72168654,0.21100909
grass,1865,-0.14948763,0.50109744,-0.36016884,-0.016711865
grass,1866,0.18733647,-0.5334669,-0.24600506,-0.16400778
grass,1867,0.7089013,0.42560127,-0.11590319,0.0043410733
grass,1868,-0.35182992,-0.026855158,0.4223674,0.02164493
grass,1869,0.8921697,-0.06326698,-0.13488662,-0.130186
grass,1870,0.29837975,0.5944319,-0.426037,-0.04605565
grass,1871,0.05493301,-0.42876104,0.10495851,-0.035919033
grass,1872,0.86583906,0.24560478,0.2952051,0.17626792
grass,1873,-0.35936743,0.35455948,-0.16423634,-0.0410421
grass,1874,0.43816373,-0.41203305,-0.45489264,-0.24261284
grass,1875,0.62396914,0.5589899,-0.31832063,-0.06059608
grass,1876,-0.16808505,-0.19108993,0.50014496,0.05256407
grass,1877,0.8972076,0.07083396,0.58662504,0.087372944
grass,1878,0.008302952,0.54602367,-0.4110831,-0.018429475
grass,1879,0.118640915,-0.5243213,-0.12719098,-0.11326916
grass,1880,0.7592106,0.33426815,0.08907639,0.085127905
grass,1881,-0.42049366,0.117817335,0.20485795,-0.022245003
grass,1882,0.6915269,-0.23511486,-0.4980288,-0.22396888
grass,1883,0.44758704,0.5997783,-0.39783078,-0.06037404
grass,1884,0.010271989,-0.35260734,0.26154724,0.005393368
grass,1885,0.88271695,0.17552717,0.56401587,0.23469143
grass,1886,-0.2553412,0.44515064,-0.28763098,-0.025198855
grass,1887,0.25900027,-0.50881714,-0.3293375,-0.19891354
grass,1888,0.68177664,0.48622188,-0.22437592,-0.037093315
grass,1889,-0.29810637,-0.080277905,0.4795739,0.037700325
grass,1890,0.8997577,-0.020858567,0.07875652,-0.08485759
grass,1891,0.17731209,0.5759222,-0.42762047,-0.032306552
grass,1892,0.07404403,-0.46288794,0.027140614,-0.057665534
grass,1893,0.84394836,0.26210132,0.26764518,0.1622803
grass,1894,-0.40918064,0.25329477,-0.014534342,-0.04414824
grass,1895,0.5167105,-0.35720137,-0.48630947,-0.24702954
grass,1896,0.5987118,0.5717548,-0.33885002,-0.0669795
grass,1897,-0.07265782,-0.26282334,0.42419115,0.04159452
grass,1898,0.8938011,0.10544486,0.695471,0.16428427
grass,1899,-0.12843287,0.5037979,-0.36304772,-0.014503928
grass,1900,0.14276822,-0.5324517,-0.1795456,-0.13409726
grass,1901,0.7111719,0.41035345,-0.09151133,0.0113300225
grass,1902,-0.395114,0.051950607,0.31085166,-0.003857544
grass,1903,0.83388174,-0.12507196,-0.39436722,-0.17383218
grass,1904,0.3361896,0.5929036,-0.41539016,-0.048953496
grass,1905,0.040068526,-0.3908173,0.17620453,-0.014832017
grass,1906,0.87586963,0.20700574,0.40401426,0.208765
grass,1907,-0.31915212,0.39081258,-0.21494061,-0.035284173
grass,1908,0.33466175,-0.46893588,-0.39514846,-0.22430505
grass,1909,0.6535105,0.5302268,-0.28183436,-0.05470133
grass,1910,-0.24317466,-0.12471811,0.50735897,0.048320245
grass,1911,0.8982543,0.05601916,0.49439952,0.051215734
grass,1912,0.1106142,0.5616717,-0.4202364,-0.024578633
grass,1913,0.10381542,-0.5102949,-0.0887772,-0.09637704
grass,1914,0.7788629,0.3046578,0.15836234,0.11216103
grass,1915,-0.41378492,0.21922794,0.03833115,-0.041828893
grass,1916,0.6221839,-0.27987882,-0.5042717,-0.238655
grass,1917,0.49448073,0.5935277,-0.3791562,-0.06372702
grass,1918,-0.032683045,-0.2942277,0.36856475,0.031171482
grass,1919,0.8884997,0.14341289,0.6778947,0.22552466
grass,1920,-0.20599781,0.46765304,-0.3165767,-0.018686702
grass,1921,0.20219715,-0.5259794,-0.26962626,-0.17281258
grass,1922,0.69785345,0.43970457,-0.15133992,-0.013100525
grass,1923,-0.34789175,-0.01794399,0.4131072,0.01898669
grass,1924,0.89624786,-0.04515099,-0.08779861,-0.11598984
grass,1925,0.26492986,0.5827336,-0.41901255,-0.040360887
grass,1926,0.064719066,-0.43369806,0.08061355,-0.039665844
grass,1927,0.8528656,0.25097147,0.28873175,0.17057413
grass,1928,-0.36730734,0.3266207,-0.12542817,-0.043564547
grass,1929,0.398743,-0.42865303,-0.4382597,-0.23844035
grass,1930,0.6318545,0.5495816,-0.30901745,-0.063865654
grass,1931,-0.11114195,-0.223218,0.47247458,0.05108864
grass,1932,0.89628035,0.081733905,0.6047599,0.108446985
grass,1933,-0.054363735,0.52208775,-0.38407463,-0.012641742
grass,1934,0.120866284,-0.52329344,-0.13669898,-0.11442545
grass,1935,0.73982143,0.34444267,0.05118703,0.06602193
grass,1936,-0.41299942,0.13581958,0.1737928,-0.027952008
grass,1937,0.73246807,-0.19618335,-0.49197942,-0.21168658
grass,1938,0.44721138,0.59304345,-0.3881798,-0.05939065
grass,1939,0.018141467,-0.3464341,0.26082295,0.007873978
grass,1940,0.88512784,0.1629344,0.59676725,0.23396136
grass,1941,-0.27332127,0.42286643,-0.25768453,-0.027639369
grass,1942,0.25253624,-0.50597525,-0.32691664,-0.197083
grass,1943,0.6731083,0.49796802,-0.24499793,-0.048127666
grass,1944,-0.24838418,-0.11363702,0.5045306,0.047074717
grass,1945,0.8999972,-0.0020135022,0.14067547,-0.06200561
grass,1946,0.1307099,0.56011456,-0.41550216,-0.024745077
grass,1947,0.08641102,-0.4798141,-0.021542208,-0.070127964
grass,1948,0.816467,0.2681917,0.2469253,0.14933707
grass,1949,-0.40384963,0.2339277,0.013787458,-0.043971013
grass,1950,0.5056559,-0.35605502,-0.48642698,-0.24792974
grass,1951,0.54178077,0.58406776,-0.35762432,-0.06666081
grass,1952,-0.053010937,-0.26645985,0.41112098,0.04114631
grass,1953,0.8914362,0.12385636,0.6941074,0.19847073
grass,1954,-0.10421428,0.50412357,-0.36211368,-0.011301256
grass,1955,0.16395582,-0.53055155,-0.21955895,-0.14964575
grass,1956,0.69872963,0.42836866,-0.13554466,-0.009587306
grass,1957,-0.3736862,0.030105466,0.34502417,0.0026106408
grass,1958,0.82904327,-0.11979517,-0.40537062,-0.1738517
grass,1959,0.2908717,0.5808176,-0.41054976,-0.041984282
grass,1960,0.060818467,-0.41440615,0.1123666,-0.028784895
grass,1961,0.87799245,0.19780849,0.41874054,0.21224631
grass,1962,-0.34407014,0.34935126,-0.15814215,-0.040954936
grass,1963,0.36165583,-0.4464455,-0.41758958,-0.23190688
grass,1964,0.64950883,0.53135693,-0.2872409,-0.061688904
grass,1965,-0.14956534,-0.18656905,0.5020298,0.055321775
grass,1966,0.8976328,0.06522516,0.5085591,0.06726226
grass,1967,0.058180973,0.54358655,-0.40344435,-0.016871758
grass,1968,0.10828613,-0.512304,-0.105343394,-0.09984936
grass,1969,0.76205117,0.30750087,0.13939205,0.10068858
grass,1970,-0.40749678,0.14352392,0.16000152,-0.030572565
grass,1971,0.68158543,-0.2272884,-0.50309986,-0.22633363
grass,1972,0.51217425,0.58604556,-0.3640814,-0.06453959
grass,1973,-0.0056316685,-0.30746073,0.3325279,0.02577491
grass,1974,0.8875021,0.14946215,0.6376769,0.2288038
grass,1975,-0.23988153,0.43980277,-0.27920845,-0.022010703
grass,1976,0.20969866,-0.5192803,-0.28247797,-0.17726225
grass,1977,0.6833891,0.47030807,-0.20754312,-0.03787105
grass,1978,-0.30838272,-0.051104877,0.45551443,0.030378371
grass,1979,0.8900705,-0.050701745,-0.16380219,-0.12464024
grass,1980,0.21676457,0.5685255,-0.41102555,-0.032481678
grass,1981,0.08184275,-0.4631006,0.006974365,-0.05864561
grass,1982,0.81036335,0.2654053,0.24915263,0.14835678
grass,1983,-0.37524688,0.29273418,-0.07714908,-0.045861553
grass,1984,0.4880717,-0.3628094,-0.48246825,-0.24809086
grass,1985,0.6086298,0.5606026,-0.32116356,-0.06829036
grass,1986,-0.06294413,-0.2497135,0.43298513,0.04648
grass,1987,0.8930983,0.1112404,0.67212623,0.17286447
grass,1988,-0.08628923,0.5050618,-0.36211884,-0.009335403
grass,1989,0.1516973,-0.5289783,-0.20226647,-0.14073165
grass,1990,0.7187849,0.36456242,-0.008970274,0.037918117
grass,1991,-0.3977325,0.10634223,0.22140257,-0.021760704
grass,1992,0.75403595,-0.17131285,-0.48483172,-0.20353211
grass,1993,0.41881403,0.58594894,-0.3843713,-0.05532105
grass,1994,0.04229604,-0.36601695,0.20554975,-0.002725922
grass,1995,0.87878025,0.1942788,0.41949514,0.2125108
grass,1996,-0.25999445,0.42273843,-0.25649357,-0.025308821
grass,1997,0.28056708,-0.48707536,-0.35669422,-0.20877315
grass,1998,0.6647064,0.5090363,-0.26048627,-0.056941867
grass,1999,-0.22931913,-0.11882059,0.509172,0.049645208
grass,2000,0.898529,0.051425043,0.4123898,0.033232495
grass,2001,0.1313328,0.5522383,-0.40511176,-0.021872744
grass,2002,0.0984713,-0.49779665,-0.072627574,-0.085146174
grass,2003,0.77459574,0.28744587,0.18669818,0.11903747
grass,2004,-0.39605424,0.22197694,0.030777136,-0.044134732
grass,2005,0.5415626,-0.32279265,-0.4987106,-0.24784471
grass,2006,0.5369501,0.5796508,-0.34985203,-0.06610549
grass,2007,-0.022644695,-0.2808394,0.37703267,0.036579072
grass,2008,0.88887805,0.14104916,0.65125304,0.22130954
grass,2009,-0.15227856,0.4789567,-0.32861707,-0.010894824
grass,2010,0.1988875,-0.5199401,-0.27131256,-0.17156097
grass,2011,0.69837344,0.41348752,-0.11562043,-0.005884487
grass,2012,-0.3292842,-0.019826427,0.41821885,0.019866861
grass,2013,0.8868088,-0.051053084,-0.19227155,-0.12687132
grass,2014,0.27048805,0.5707801,-0.40187237,-0.037371468
grass,2015,0.07527319,-0.43531948,0.056160852,-0.041472524
grass,2016,0.86076987,0.23259915,0.3207739,0.18194547
grass,2017,-0.33993086,0.3395287,-0.14477864,-0.041863516
grass,2018,0.4262676,-0.398873,-0.45794952,-0.24387763
grass,2019,0.6406891,0.5371992,-0.2923173,-0.06611462
grass,2020,-0.15775578,-0.16964571,0.51004666,0.056838036
grass,2021,0.89473456,0.09720634,0.62247324,0.13936603
grass,2022,-0.018532844,0.51892906,-0.37667727,-0.008704776
grass,2023,0.112128966,-0.5138961,-0.12021613,-0.10308272
grass,2024,0.7360809,0.3242217,0.08331881,0.073591374
grass,2025,-0.39274785,0.11138744,0.21212907,-0.023931542
grass,2026,0.6484999,-0.24272248,-0.50823957,-0.233948
grass,2027,0.4762005,0.5823436,-0.36420962,-0.060528286
grass,2028,0.03165622,-0.3382967,0.25594178,0.011062007
grass,2029,0.88268995,0.17566276,0.49262926,0.22476612
grass,2030,-0.24625236,0.4265671,-0.26050726,-0.022704013
grass,2031,0.26389647,-0.49172634,-0.3429977,-0.20274583
grass,2032,0.67917675,0.47513595,-0.2175013,-0.045505136
grass,2033,-0.28340283,-0.06512747,0.4725221,0.035694424
grass,2034,0.89929277,-0.018690724,-0.03191197,-0.09265419
grass,2035,0.15298107,0.55104107,-0.39980447,-0.022414267
grass,2036,0.083884016,-0.45744243,0.007335163,-0.0551401
grass,2037,0.7984768,0.26237908,0.24881017,0.1449258
grass,2038,-0.37464756,0.2699936,-0.04453054,-0.046955753
grass,2039,0.51385176,-0.33696556,-0.49315637,-0.24898621
grass,2040,0.5955316,0.56248724,-0.3202152,-0.06903721
grass,2041,-0.040661566,-0.25596446,0.41558507,0.045379147
grass,2042,0.89233196,0.117229156,0.660347,0.18338647
grass,2043,-0.12572525,0.48450768,-0.33431286,-0.0077157835
grass,2044,0.14747271,-0.52611476,-0.19867066,-0.13722306
grass,2045,0.7027482,0.38735119,-0.069108404,0.010019901
grass,2046,-0.35466006,0.025139727,0.35318375,0.0034947207
grass,2047,0.84108496,-0.095107235,-0.38085088,-0.16322398
grass,2048,0.40008116,0.5783551,-0.3775236,-0.051741242
grass,2049,0.059264645,-0.3806403,0.16036056,-0.011104082
grass,2050,0.8745117,0.21266946,0.3460287,0.19353299
grass,2051,-0.29467735,0.38338086,-0.20381242,-0.03308222
grass,2052,0.2949281,-0.47356436,-0.37184328,-0.21445864
grass,2053,0.66286,0.5089884,-0.25972313,-0.060541246
grass,2054,-0.14911231,-0.16959389,0.5099409,0.05786079
grass,2055,0.8980974,0.058480654,0.41765866,0.044125315
grass,2056,0.040320843,0.5275146,-0.38299593,-0.0102212755
grass,2057,0.11116412,-0.51196533,-0.1196446,-0.10111539
grass,2058,0.75509715,0.2926884,0.16114782,0.10454311
grass,2059,-0.39182246,0.17654288,0.102310374,-0.039437167
grass,2060,0.6164618,-0.26078507,-0.50981915,-0.2399922
grass,2061,0.53822863,0.5743686,-0.33934054,-0.06573763
grass,2062,0.0005668686,-0.29018515,0.34832448,0.03300434
grass,2063,0.88701034,0.1523538,0.59066594,0.22763398
grass,2064,-0.15601599,0.4699103,-0.3147443,-0.009071525
grass,2065,0.19000223,-0.5184009,-0.26281,-0.16653918
grass,2066,0.6832371,0.4574148,-0.19418043,-0.0397425
grass,2067,-0.30465925,-0.0364549,0.44123048,0.026119357
grass,2068,0.8703269,-0.06379251,-0.28709552,-0.14104852
grass,2069,0.27932465,0.564386,-0.39047608,-0.03616624
grass,2070,0.08339576,-0.447072,0.02105047,-0.048701197
grass,2071,0.81214356,0.24784057,0.28227702,0.1587578
grass,2072,-0.34846032,0.309603,-0.10305956,-0.045266733
grass,2073,0.4213315,-0.39458805,-0.4577741,-0.24393919
grass,2074,0.6050552,0.5563583,-0.30996597,-0.06944512
grass,2075,-0.09393963,-0.206046,0.48176244,0.05694272
grass,2076,0.8944984,0.09935561,0.6064271,0.14143313
grass,2077,-0.06284147,0.5000856,-0.35211655,-0.0044101328
grass,2078,0.1247007,-0.520194,-0.1561379,-0.11632687
grass,2079,0.7102738,0.35424843,-0.0022592158,0.034660127
grass,2080,-0.37135586,0.07164242,0.27754197,-0.013130594
grass,2081,0.7382284,-0.16838501,-0.4920956,-0.20745799
grass,2082,0.43176308,0.57579637,-0.36416668,-0.054475725
grass,2083,0.049409065,-0.34931922,0.21836641,0.0049770838
grass,2084,0.88329893,0.17257492,0.4832725,0.22309197
grass,2085,-0.26745632,0.40115288,-0.2260261,-0.027373612
grass,2086,0.29067454,-0.47214013,-0.36951506,-0.21329175
grass,2087,0.6696526,0.4945672,-0.24256575,-0.057868272
grass,2088,-0.2247281,-0.10645094,0.50685465,0.04907992
grass,2089,0.89900786,0.042235967,0.29810864,0.005500113
grass,2090,0.14024605,0.541381,-0.38835937,-0.01799543
grass,2091,0.09827098,-0.4921181,-0.07318358,-0.08017346
grass,2092,0.7617815,0.27857012,0.19392419,0.11681286
grass,2093,-0.37981457,0.21988647,0.03116718,-0.045902353
grass,2094,0.5510904,-0.30267516,-0.50382864,-0.2478251
grass,2095,0.58883685,0.5608704,-0.31409782,-0.069011785
grass,2096,-0.002843704,-0.27792963,0.36584598,0.038012613
grass,2097,0.89132893,0.12462649,0.6449194,0.19619077
grass,2098,-0.13227323,0.47489458,-0.3194402,-0.005662172
grass,2099,0.18000644,-0.518713,-0.25100577,-0.16032827
grass,2100,0.6970445,0.38733572,-0.077537335,0.0028011405
grass,2101,-0.33117312,0.004039136,0.3857491,0.01093646
grass,2102,0.84668934,-0.08169624,-0.36693406,-0.15674694
grass,2103,0.35109335,0.5677773,-0.3751165,-0.04399085
grass,2104,0.07771863,-0.41272643,0.081056416,-0.029002642
grass,2105,0.87599534,0.20647286,0.35430646,0.19631726
grass,2106,-0.31746486,0.34537134,-0.15250239,-0.040066246
grass,2107,0.33272204,-0.4458242,-0.40382922,-0.22658324
grass,2108,0.6437633,0.530089,-0.27900946,-0.06820149
grass,2109,-0.106013514,-0.19058225,0.49491277,0.05922686
grass,2110,0.8976218,0.06537582,0.42396665,0.055395357
grass,2111,0.044239987,0.52101606,-0.37266454,-0.007203146
grass,2112,0.11058164,-0.5099576,-0.12151153,-0.099189304
grass,2113,0.7195533,0.3241628,0.0648708,0.060157716
grass,2114,-0.37831208,0.11772403,0.19889796,-0.027782343
grass,2115,0.6086858,-0.2580801,-0.51085633,-0.24114507
grass,2116,0.47430918,0.5727994,-0.3471111,-0.05848963
grass,2117,0.047258187,-0.33461592,0.24148417,0.012108901
grass,2118,0.8873444,0.15039565,0.5771005,0.22533363
grass,2119,-0.18252565,0.45044345,-0.28712362,-0.010526528
grass,2120,0.21317534,-0.5060402,-0.29323566,-0.17968659
grass,2121,0.6843067,0.44248712,-0.17540896,-0.036911096
grass,2122,-0.26382312,-0.066952616,0.47743738,0.037649255
grass,2123,0.89734894,-0.014714863,-0.08125147,-0.09379259
grass,2124,0.22017933,0.54918385,-0.38296905,-0.02606828
grass,2125,0.09091697,-0.46575326,-0.024767412,-0.06025612
grass,2126,0.8209249,0.2341382,0.31071576,0.16964811
grass,2127,-0.35936555,0.26575395,-0.04012038,-0.04819448
grass,2128,0.46271273,-0.35948792,-0.4784472,-0.24837951
grass,2129,0.5980727,0.55545294,-0.30405992,-0.069475025
grass,2130,-0.052025203,-0.22692098,0.45014238,0.054479435
grass,2131,0.8940358,0.10343551,0.59754527,0.14846194
grass,2132,-0.055065908,0.495277,-0.34322628,-0.0012903656
grass,2133,0.13917673,-0.5215809,-0.1887505,-0.12966126
grass,2134,0.7035049,0.3524399,-0.008078328,0.028584085
grass,2135,-0.35117006,0.04711274,0.31744283,-0.005563488
grass,2136,0.781647,-0.12811129,-0.4668823,-0.18883316
grass,2137,0.42585146,0.5692445,-0.3543108,-0.052260865
grass,2138,0.07160329,-0.37872276,0.14185038,-0.010880092
grass,2139,0.8782805,0.19652562,0.3700765,0.2016075
grass,2140,-0.24532507,0.40905118,-0.23391795,-0.022662655
grass,2141,0.30835354,-0.45622244,-0.38592947,-0.21959864
grass,2142,0.6702837,0.49021575,-0.23633416,-0.059864543
grass,2143,-0.17606573,-0.13427073,0.51691777,0.056722865
grass,2144,0.89806783,0.058933098,0.3646371,0.03733191
grass,2145,0.14972879,0.53562,-0.37795594,-0.016082162
grass,2146,0.095841005,-0.48222134,-0.05973034,-0.07170124
grass,2147,0.75299734,0.2742024,0.19554807,0.11418294
grass,2148,-0.3700053,0.21863714,0.03143955,-0.04698543
grass,2149,0.5898709,-0.26674008,-0.51030767,-0.2438331
grass,2150,0.54250324,0.5659089,-0.32066113,-0.06505408
grass,2151,0.012802892,-0.28025144,0.35000268,0.03716224
grass,2152,0.8903833,0.13121194,0.6218708,0.20617303
grass,2153,-0.13842988,0.46556488,-0.30442,-0.003875812
grass,2154,0.17394799,-0.5165586,-0.24459827,-0.15618242
grass,2155,0.68887275,0.4050326,-0.11766284,-0.01707041
grass,2156,-0.32369915,0.0070452355,0.38142785,0.009479164
grass,2157,0.8835752,-0.035191968,-0.21774913,-0.11951496
grass,2158,0.32007614,0.55767447,-0.36836433,-0.03787859
grass,2159,0.08722356,-0.43586364,0.025054207,-0.041919395
grass,2160,0.85025203,0.21655522,0.34722602,0.18777087
grass,2161,-0.30181375,0.35127228,-0.15950261,-0.038067058
grass,2162,0.35311794,-0.4269364,-0.41977406,-0.2322237
grass,2163,0.6249097,0.5413106,-0.28479624,-0.070344724
grass,2164,-0.0689933,-0.20719081,0.47376582,0.058867935
grass,2165,0.89479584,0.09664055,0.5577455,0.12948525
grass,2166,0.035246972,0.51216096,-0.3597483,-0.0031210585
grass,2167,0.11189091,-0.5100266,-0.12904426,-0.09999961
grass,2168,0.7078798,0.32952297,0.040491514,0.046404712
grass,2169,-0.37211576,0.14540157,0.1502417,-0.036072876
grass,2170,0.65685475,-0.21451567,-0.50988513,-0.23088574
grass,2171,0.47439793,0.5670659,-0.33576807,-0.057218216
grass,2172,0.06151878,-0.34210005,0.21111865,0.007842088
grass,2173,0.88349867,0.17154913,0.45121345,0.21846251
grass,2174,-0.21919136,0.42196587,-0.248303,-0.01657232
grass,2175,0.22397862,-0.49677044,-0.30681825,-0.1852962
grass,2176,0.6780748,0.463344,-0.20499086,-0.051889975
grass,2177,-0.2386311,-0.07977083,0.49103087,0.042995963
grass,2178,0.8998589,0.015904026,0.06650568,-0.05243474
grass,2179,0.19702116,0.5386002,-0.3722969,-0.020285793
grass,2180,0.09152996,-0.4572224,-0.017512336,-0.054309625
grass,2181,0.7830503,0.2454165,0.27312714,0.14773166
grass,2182,-0.36187136,0.2269771,0.017437264,-0.04828683
grass,2183,0.49450466,-0.33003074,-0.49123538,-0.24979791
grass,2184,0.5977589,0.5519344,-0.29419905,-0.06940139
grass,2185,0.010350785,-0.269289,0.3655307,0.041658398
grass,2186,0.8920604,0.11927758,0.61279976,0.18319736
grass,2187,-0.06896289,0.48474377,-0.3267708,0.0017872149
grass,2188,0.14619349,-0.5191446,-0.20332472,-0.13524258
grass,2189,0.68964887,0.38454893,-0.08390531,-0.0060166037
grass,2190,-0.34495693,0.05346361,0.3059925,-0.00875037
grass,2191,0.79385954,-0.110745676,-0.4546089,-0.18121795
grass,2192,0.37287176,0.55900186,-0.35337755,-0.043715674
grass,2193,0.085510254,-0.408858,0.06878458,-0.027069917
grass,2194,0.8596361,0.20877135,0.3602576,0.19384767
grass,2195,-0.28778148,0.35983744,-0.1697394,-0.03534514
grass,2196,0.33024326,-0.437098,-0.40403852,-0.22643714
grass,2197,0.6615542,0.50523204,-0.24822518,-0.06683754
grass,2198,-0.15220326,-0.14233623,0.51727986,0.059653636
grass,2199,0.89709586,0.072235785,0.41253045,0.064551674
grass,2200,0.058694094,0.51255363,-0.3570074,-0.0029742448
grass,2201,0.10334204,-0.49883,-0.10151528,-0.08586028
grass,2202,0.7321498,0.28238842,0.16068316,0.09545326
grass,2203,-0.36620602,0.14443095,0.15065633,-0.03672365
grass,2204,0.5702817,-0.27308315,-0.50886106,-0.24603637
grass,2205,0.49498275,0.56364644,-0.32320407,-0.05885779
grass,2206,0.03265318,-0.28832936,0.32076317,0.033613212
grass,2207,0.8865655,0.15492122,0.52062905,0.22334868
grass,2208,-0.18134503,0.4392371,-0.26762897,-0.00824973
grass,2209,0.1953014,-0.5058544,-0.2738657,-0.16943777
grass,2210,0.6800397,0.44853705,-0.18677887,-0.047823157
grass,2211,-0.28493553,-0.02937113,0.43476808,0.02413261
grass,2212,0.8966597,-0.005200971,-0.09330644,-0.087435275
grass,2213,0.23421256,0.5397057,-0.36458883,-0.023661876
grass,2214,0.090374716,-0.43413496,0.018105995,-0.040603127
grass,2215,0.7873195,0.2371158,0.29171124,0.15467928
grass,2216,-0.31095612,0.32500246,-0.12399641,-0.04280619
grass,2217,0.45475152,-0.35314575,-0.47681692,-0.2482398
grass,2218,0.61442006,0.54358715,-0.2806872,-0.070328906
grass,2219,-0.045381956,-0.21425754,0.4588097,0.058784995
grass,2220,0.89457417,0.09867162,0.5425029,0.13145448
grass,2221,-0.031796817,0.49057412,-0.33173987,0.0037112476
grass,2222,0.12039542,-0.51421857,-0.15436774,-0.109919116
grass,2223,0.6942287,0.34709573,-0.010840835,0.021468744
grass,2224,-0.34169078,0.058680087,0.2964706,-0.011251259
grass,2225,0.6953047,-0.17788261,-0.5032435,-0.21904875
grass,2226,0.4418798,0.5602853,-0.33210468,-0.051728852
grass,2227,0.07022816,-0.3410096,0.19931903,0.007929373
grass,2228,0.8801906,0.18778554,0.37883493,0.20478582
grass,2229,-0.23385823,0.40328512,-0.22221792,-0.02044687
grass,2230,0.24402374,-0.4822448,-0.32882696,-0.19489673
grass,2231,0.6666911,0.49477702,-0.23606814,-0.06586356
grass,2232,-0.1949136,-0.10594217,0.5104336,0.05249393
grass,2233,0.8993696,0.033665,0.14198695,-0.024738783
grass,2234,0.11105866,0.5178079,-0.35700414,-0.0063804374
grass,2235,0.097250886,-0.4821069,-0.06965423,-0.0703618
grass,2236,0.7602813,0.25026464,0.24934615,0.13322334
grass,2237,-0.35844183,0.19442339,0.067085296,-0.046499193
grass,2238,0.5715779,-0.26741725,-0.50922525,-0.24571541
grass,2239,0.54887694,0.5576988,-0.30034953,-0.06434637
grass,2240,0.037707336,-0.2854056,0.31930244,0.034823265
grass,2241,0.88891184,0.14083563,0.56875795,0.21659842
grass,2242,-0.116619326,0.46312937,-0.2953789,0.0020724195
grass,2243,0.14258058,-0.5166731,-0.19872412,-0.13163882
grass,2244,0.6838081,0.40043604,-0.11786324,-0.023566589
grass,2245,-0.3219273,0.027266642,0.34868708,0.0005955715
grass,2246,0.85819846,-0.050504256,-0.33168957,-0.13913368
grass,2247,0.34526223,0.5497178,-0.34649724,-0.037926074
grass,2248,0.08846567,-0.39587557,0.081540205,-0.020270055
grass,2249,0.8445287,0.20731977,0.36270297,0.19127385
grass,2250,-0.2928751,0.3410354,-0.14423741,-0.03905372
grass,2251,0.37552825,-0.4021633,-0.4356529,-0.23752515
grass,2252,0.6583417,0.50838184,-0.2458945,-0.06937223
grass,2253,-0.08545771,-0.17940494,0.4975973,0.06359425
grass,2254,0.89497054,0.09500894,0.51065487,0.1196526
grass,2255,0.006390744,0.49537274,-0.33487204,0.0043702964
grass,2256,0.110922605,-0.50771487,-0.13148414,-0.09735617
grass,2257,0.7116179,0.29516232,0.11338822,0.071547166
grass,2258,-0.35722685,0.15374947,0.13299233,-0.040184595
grass,2259,0.68189526,-0.18307976,-0.50577444,-0.22253944
grass,2260,0.49683553,0.558368,-0.31093916,-0.05779557
grass,2261,0.069468305,-0.3273227,0.22060065,0.014560456
grass,2262,0.8865923,0.15476754,0.49979112,0.2214438
grass,2263,-0.17193078,0.43706587,-0.26103714,-0.005262985
grass,2264,0.19586073,-0.5014473,-0.27507776,-0.16943496
grass,2265,0.6755347,0.46700916,-0.20733786,-0.059308063
grass,2266,-0.20673166,-0.091594584,0.50244856,0.04877734
grass,2267,0.89234024,-0.007472216,-0.14678283,-0.094206825
grass,2268,0.21644463,0.5303,-0.35397124,-0.018459672
grass,2269,0.09434836,-0.45702925,-0.02952889,-0.052886873
grass,2270,0.750652,0.25081015,0.24135806,0.12747581
grass,2271,-0.33267787,0.26624304,-0.042978153,-0.049942184
grass,2272,0.4211498,-0.36923796,-0.46158195,-0.24501231
grass,2273,0.6190331,0.53853786,-0.26840675,-0.070556045
grass,2274,0.0013991315,-0.24076207,0.40570962,0.05254199
grass,2275,0.89152795,0.12319438,0.5860614,0.18911126
grass,2276,-0.06282456,0.47623488,-0.3097964,0.0069734063
grass,2277,0.13684829,-0.515275,-0.18941107,-0.12612307
grass,2278,0.68526167,0.36380395,-0.05421318,-0.00012464821
grass,2279,-0.33318886,0.059724115,0.2933326,-0.012630034
grass,2280,0.7283426,-0.1459583,-0.4930858,-0.20611556
grass,2281,0.36783442,0.5482277,-0.3356236,-0.03987746
grass,2282,0.09116334,-0.3928827,0.0797844,-0.018714301
grass,2283,0.87973666,0.18990129,0.3798083,0.2046963
grass,2284,-0.25760284,0.37337258,-0.18310212,-0.028896283
grass,2285,0.2971667,-0.44742712,-0.37838757,-0.21615864
grass,2286,0.66783947,0.49073088,-0.22805522,-0.06722436
grass,2287,-0.15958576,-0.123273596,0.5170917,0.058505893
grass,2288,0.8973191,0.06940788,0.34320152,0.05000357
grass,2289,0.11011721,0.5109519,-0.345591,-0.0030051358
grass,2290,0.099790804,-0.4901861,-0.08996329,-0.07607536
grass,2291,0.73043126,0.26374158,0.19778451,0.106411524
grass,2292,-0.35153028,0.1577238,0.12509696,-0.04187546
grass,2293,0.5976007,-0.24087857,-0.51141673,-0.24162173
grass,2294,0.5628092,0.55172664,-0.2842863,-0.06498246
grass,2295,0.0593782,-0.29912758,0.2752537,0.028175285
grass,2296,0.88742334,0.14992951,0.51059026,0.22023262
grass,2297,-0.106129624,0.46061277,-0.2879924,0.005603607
grass,2298,0.1726292,-0.507402,-0.24496257,-0.15419123
grass,2299,0.68008864,0.41809553,-0.14812446,-0.03960781
grass,2300,-0.2418744,-0.056729563,0.47033632,0.036113307
grass,2301,0.8556034,-0.045483116,-0.33860967,-0.13747413
grass,2302,0.3284522,0.54135406,-0.3374846,-0.033382136
grass,2303,0.094040565,-0.40745428,0.0488431,-0.025952104
grass,2304,0.8117539,0.2124524,0.34859547,0.17890768
grass,2305,-0.2828644,0.34070545,-0.1422714,-0.038302183
grass,2306,0.3556424,-0.40879604,-0.42278892,-0.2331765
grass,2307,0.6463573,0.5199047,-0.2481017,-0.071547076
grass,2308,-0.05929932,-0.18814525,0.48492,0.06447181
grass,2309,0.8944329,0.09994349,0.5100548,0.12961456
grass,2310,0.011105457,0.49007422,-0.32435596,0.007588605
grass,2311,0.10558965,-0.50155944,-0.11744972,-0.08818603
grass,2312,0.69528913,0.3093656,0.064985,0.047399085
grass,2313,-0.34654924,0.13027479,0.17053173,-0.036092278
grass,2314,0.64662945,-0.20176435,-0.5101716,-0.23122507
grass,2315,0.49249128,0.5531768,-0.3001051,-0.05587863
grass,2316,0.075212464,-0.32003376,0.22260188,0.017766185
grass,2317,0.88548636,0.16097486,0.44847095,0.21755117
grass,2318,-0.22878441,0.39314163,-0.2046417,-0.020184675
grass,2319,0.22386804,-0.48444417,-0.30751595,-0.18461505
grass,2320,0.6740469,0.4707412,-0.20809476,-0.06354389
grass,2321,-0.16403407,-0.115118444,0.51536494,0.05733352
grass,2322,0.899407,0.018810663,-0.022473924,-0.059355143
grass,2323,0.15921296,0.51490295,-0.34217298,-0.007443464
grass,2324,0.0964287,-0.47389713,-0.062967926,-0.06241571
grass,2325,0.72682106,0.25987932,0.20275827,0.10658183
grass,2326,-0.33210507,0.2413409,-0.007589951,-0.051360495
grass,2327,0.51467127,-0.2967649,-0.4978714,-0.24935016
grass,2328,0.6024194,0.54147714,-0.26394877,-0.06881618
grass,2329,0.042343147,-0.2681921,0.33702677,0.042212058
grass,2330,0.8908828,0.12777624,0.56772846,0.19705485
grass,2331,-0.093496084,0.46111593,-0.2859226,0.0083763795
grass,2332,0.13444485,-0.5128945,-0.18586256,-0.12314938
grass,2333,0.6794565,0.3876644,-0.10335422,-0.024069745
grass,2334,-0.28163263,-0.009267316,0.40604302,0.0155369025
grass,2335,0.79788786,-0.08732296,-0.4457664,-0.17273085
grass,2336,0.34622508,0.5396027,-0.32763192,-0.034702267
grass,2337,0.09402432,-0.37408754,0.10340346,-0.009328823
grass,2338,0.8804293,0.18666318,0.3886586,0.20722096
grass,2339,-0.24648453,0.37401146,-0.18097806,-0.026822321
grass,2340,0.29484767,-0.4432406,-0.3761287,-0.21517514
grass,2341,0.6587169,0.5054683,-0.23322496,-0.071232855
grass,2342,-0.09116447,-0.16121167,0.5076603,0.06582466
grass,2343,0.89596415,0.085130155,0.41279,0.08661989
grass,2344,0.042034656,0.49239334,-0.32390332,0.007540047
grass,2345,0.10155299,-0.49495795,-0.10335801,-0.07974888
grass,2346,0.70161444,0.28615594,0.12115796,0.06933975
grass,2347,-0.3415519,0.1765219,0.09219392,-0.046644963
grass,2348,0.6123156,-0.2226724,-0.5112091,-0.23826349
grass,2349,0.5463737,0.549062,-0.27727133,-0.061976567
grass,2350,0.06439056,-0.29070583,0.280687,0.03186073
grass,2351,0.8869387,0.15277006,0.4762891,0.21869485
grass,2352,-0.14635909,0.43875027,-0.25585362,0.0020169006
grass,2353,0.20398732,-0.49108616,-0.28447747,-0.1734089
grass,2354,0.6780299,0.43026558,-0.16473873,-0.050200082
grass,2355,-0.22113882,-0.06639266,0.4816056,0.040822923
grass,2356,0.8661823,-0.028425839,-0.30074495,-0.12374293
grass,2357,0.22646163,0.5210909,-0.3353545,-0.015541563
grass,2358,0.09717834,-0.42289057,0.013200669,-0.033012755
grass,2359,0.7695949,0.22367513,0.30968478,0.15490142
grass,2360,-0.3055921,0.29007724,-0.076165706,-0.048325915
grass,2361,0.42044297,-0.35911047,-0.4609067,-0.24478708
grass,2362,0.62653565,0.5305701,-0.24800283,-0.07082308
grass,2363,-0.008834725,-0.21483181,0.43961123,0.061079085
grass,2364,0.89282286,0.113429435,0.5405196,0.16331762
grass,2365,-0.039954506,0.47257543,-0.29820335,0.012548214
grass,2366,0.12556186,-0.5111313,-0.16946995,-0.11375401
grass,2367,0.68003285,0.34257966,-0.021694623,0.007333084
grass,2368,-0.3294675,0.088642195,0.24029487,-0.024907405
grass,2369,0.6890233,-0.16272943,-0.5020745,-0.21767586
grass,2370,0.4306148,0.5445732,-0.3035647,-0.04585971
grass,2371,0.094739474,-0.35560524,0.13206524,-0.00030810037
grass,2372,0.8773144,0.18461974,0.39307562,0.20795262
grass,2373,-0.21944344,0.39206186,-0.19961452,-0.018058598
grass,2374,0.2608915,-0.45984712,-0.3449043,-0.20168623
grass,2375,0.66601175,0.49278128,-0.22030881,-0.0705369
grass,2376,-0.11572061,-0.14002445,0.51624197,0.06442662
grass,2377,0.8973461,0.06905794,0.28813744,0.041541003
grass,2378,0.17994262,0.5116526,-0.3314578,-0.007429776
grass,2379,0.09611762,-0.46468064,-0.052652135,-0.05490295
grass,2380,0.7205436,0.2542276,0.20929351,0.10621008
grass,2381,-0.32567912,0.23119281,0.0063460357,-0.052222807
grass,2382,0.5647945,-0.2533017,-0.5073815,-0.24519733
grass,2383,0.58632416,0.5417865,-0.2575131,-0.06627833
grass,2384,0.06700675,-0.28494447,0.2854765,0.034395542
grass,2385,0.88917166,0.13918576,0.5249579,0.2126449
grass,2386,-0.10401518,0.45180815,-0.2691976,0.009951247
grass,2387,0.14643838,-0.50889194,-0.20595777,-0.13301352
grass,2388,0.67655617,0.38861573,-0.1083953,-0.030031232
grass,2389,-0.27327034,-0.008726705,0.40474924,0.015107395
grass,2390,0.8604857,-0.029531144,-0.31999385,-0.12667714
grass,2391,0.33741978,0.53240085,-0.3173664,-0.03126858
grass,2392,0.0990528,-0.4150114,0.020388206,-0.028678313
grass,2393,0.8032274,0.20428544,0.36184248,0.18077017
grass,2394,-0.271936,0.3338843,-0.13093281,-0.038823247
grass,2395,0.3300356,-0.41574168,-0.40359586,-0.22617657
grass,2396,0.65299577,0.5107594,-0.22882995,-0.072252445
grass,2397,-0.029911317,-0.19356002,0.4695416,0.06582962
grass,2398,0.89436257,0.100571096,0.47506863,0.12611869
grass,2399,0.07255894,0.49180377,-0.31772414,0.008067852
grass,2400,0.09960873,-0.49114075,-0.09774019,-0.07453261
grass,2401,0.69212586,0.28696352,0.10857327,0.0604771
grass,2402,-0.32818693,0.10494455,0.21057796,-0.03107364
grass,2403,0.66996014,-0.17253853,-0.5050913,-0.2228651
grass,2404,0.4649069,0.5437139,-0.2875979,-0.049702067
grass,2405,0.09535519,-0.33936885,0.15732738,0.0075222556
grass,2406,0.88504326,0.16339315,0.41245195,0.21337366
grass,2407,-0.18679383,0.4105999,-0.21788602,-0.0074428734
grass,2408,0.18803127,-0.49394977,-0.26397705,-0.16301271
grass,2409,0.67686605,0.43267652,-0.16666305,-0.05504005
grass,2410,-0.19689462,-0.078176,0.49361226,0.046550766
grass,2411,0.8889245,0.004376413,-0.17437114,-0.08775156
grass,2412,0.24858388,0.51794934,-0.32284647,-0.016373664
grass,2413,0.097063884,-0.4476728,-0.03086976,-0.044311706
grass,2414,0.74302435,0.23019552,0.27950948,0.13681352
grass,2415,-0.31568947,0.24437548,-0.013383044,-0.052716877
grass,2416,0.42361742,-0.35057527,-0.46174166,-0.2449133
grass,2417,0.5975927,0.537335,-0.24647686,-0.06712201
grass,2418,0.004671778,-0.21508975,0.43091387,0.061765697
grass,2419,0.8910673,0.12648335,0.5402568,0.19291478
grass,2420,-0.0740106,0.4578478,-0.27408135,0.0145112
grass,2421,0.13090283,-0.5091275,-0.17947571,-0.118298285
grass,2422,0.67432827,0.36301202,-0.06773382,-0.015580706
grass,2423,-0.2930867,0.026194647,0.34697095,-0.0011236563
grass,2424,0.7232416,-0.13017647,-0.4899731,-0.2034415
grass,2425,0.4010828,0.5361766,-0.29816008,-0.039760347
grass,2426,0.101058446,-0.35838726,0.11340662,-0.0017770256
grass,2427,0.8504013,0.18616422,0.3969543,0.2034013
grass,2428,-0.22849151,0.37545463,-0.1770758,-0.022955267
grass,2429,0.31584826,-0.42134735,-0.39195943,-0.22168055
grass,2430,0.65806895,0.5041453,-0.21969491,-0.072473876
grass,2431,-0.09315118,-0.14685366,0.5124887,0.06700342
grass,2432,0.89712006,0.07193432,0.27576792,0.044232413
grass,2433,0.080047935,0.4893535,-0.31171322,0.009355858
grass,2434,0.09964643,-0.49204308,-0.100637674,-0.07463922
grass,2435,0.69605017,0.27053186,0.14901717,0.07602722
grass,2436,-0.32339764,0.20151736,0.049752172,-0.051813886
grass,2437,0.5493036,-0.25780135,-0.5039338,-0.24616145
grass,2438,0.53992,0.5423752,-0.25907534,-0.059157807
grass,2439,0.08154389,-0.2918593,0.25520244,0.030703194
grass,2440,0.88932997,0.13817076,0.51024234,0.21083702
grass,2441,-0.10161597,0.44702312,-0.25800422,0.012734246
grass,2442,0.1530799,-0.50424516,-0.21524706,-0.13751481
grass,2443,0.6744608,0.39552465,-0.12094671,-0.039106987
grass,2444,-0.2566218,-0.01805329,0.41849908,0.019365838
grass,2445,0.8605305,-0.022709727,-0.31766903,-0.12242468
grass,2446,0.2836287,0.51911813,-0.31281424,-0.02050356
grass,2447,0.099773265,-0.4277911,-0.0065386733,-0.033633426
grass,2448,0.80386317,0.19745374,0.37496376,0.18504068
grass,2449,-0.2694846,0.3238469,-0.117008716,-0.040959854
grass,2450,0.35199872,-0.39570072,-0.41832173,-0.23168123
grass,2451,0.6285934,0.5254456,-0.2290428,-0.0704145
grass,2452,-0.030940993,-0.18396759,0.47730765,0.06816216
grass,2453,0.89264417,0.11482797,0.51338357,0.1637565
grass,2454,-0.010689344,0.47012413,-0.28766873,0.017750526
grass,2455,0.10423263,-0.49966484,-0.11973868,-0.08434619
grass,2456,0.6743601,0.32043192,0.015164461,0.017030716
grass,2457,-0.3084628,0.067279324,0.27436498,-0.019011123
grass,2458,0.65854937,-0.17403711,-0.50525314,-0.22484852
grass,2459,0.46990213,0.53891057,-0.27393395,-0.048830032
grass,2460,0.09688978,-0.31880498,0.18784024,0.017289273
grass,2461,0.88391757,0.16937737,0.39493752,0.2110522
grass,2462,-0.18359388,0.40562704,-0.20740087,-0.006548691
grass,2463,0.24726501,-0.45961535,-0.32935533,-0.19467203
grass,2464,0.6721213,0.47531,-0.19843873,-0.070306614
grass,2465,-0.16583502,-0.09394031,0.5061113,0.05385574
grass,2466,0.8989289,0.043884207,0.05075034,-0.02431782
grass,2467,0.1561135,0.4978667,-0.31219932,0.001017498
grass,2468,0.09661481,-0.45644608,-0.047110155,-0.04730478
grass,2469,0.7013123,0.255173,0.18881483,0.09164497
grass,2470,-0.3184307,0.19782618,0.05443208,-0.05224147
grass,2471,0.46338022,-0.3161824,-0.47848392,-0.24783011
grass,2472,0.5906743,0.5353161,-0.236261,-0.065292664
grass,2473,0.051344566,-0.24461523,0.3582194,0.05207561
grass,2474,0.89130837,0.12477317,0.52312195,0.18823558
grass,2475,-0.088386334,0.44805536,-0.2560992,0.015993075
grass,2476,0.1468538,-0.5039374,-0.20487066,-0.13172682
grass,2477,0.67223865,0.38397518,-0.10550944,-0.035127174
grass,2478,-0.2577722,-0.010705339,0.40664852,0.015717953
grass,2479,0.7749362,-0.085370235,-0.45968187,-0.17764907
grass,2480,0.35158312,0.5246213,-0.2960169,-0.030151187
grass,2481,0.104274824,-0.40123165,0.027581073,-0.020992955
grass,2482,0.84934956,0.18124524,0.40450108,0.20559677
grass,2483,-0.24822325,0.34416243,-0.13899612,-0.033864785
grass,2484,0.3091292,-0.4202341,-0.38508555,-0.21902423
grass,2485,0.6511669,0.5098743,-0.21359132,-0.07248251
grass,2486,-0.05709044,-0.16196536,0.4995948,0.06975423
grass,2487,0.8956756,0.088115096,0.35834065,0.084124126
grass,2488,0.1109332,0.48846564,-0.30419073,0.00881079
grass,2489,0.09830319,-0.49012268,-0.0978264,-0.071094915
grass,2490,0.6758703,0.29597127,0.06924835,0.037983704
grass,2491,-0.31889728,0.14399928,0.14011869,-0.044043638
grass,2492,0.60741264,-0.20801474,-0.507717,-0.23663306
grass,2493,0.52137345,0.5381495,-0.25179648,-0.055235364
grass,2494,0.0894827,-0.2891008,0.24730974,0.031631276
grass,2495,0.8862815,0.15653779,0.41495922,0.21373162
grass,2496,-0.123329215,0.43335605,-0.23551464,0.011091016
grass,2497,0.17117272,-0.49467307,-0.23929471,-0.15010788
grass,2498,0.6751454,0.4249241,-0.15591308,-0.05739545
grass,2499,-0.19345635,-0.06868276,0.48473528,0.043845117
grass,2500,0.88306266,0.006770292,-0.21319708,-0.09000546
grass,2501,0.28188342,0.51284516,-0.3014756,-0.017870516
grass,2502,0.097666204,-0.44786742,-0.038296964,-0.041647494
grass,2503,0.7565618,0.20914492,0.33306333,0.15817043
grass,2504,-0.29813382,0.25127488,-0.023930911,-0.05363457
grass,2505,0.37897226,-0.3717654,-0.4345331,-0.2372145
grass,2506,0.60941786,0.52934825,-0.22299753,-0.06725181
grass,2507,0.033202924,-0.22139259,0.40297484,0.06079788
grass,2508,0.8913781,0.12427393,0.51234525,0.18645242
grass,2509,-0.024204114,0.46176478,-0.27165538,0.021439187
grass,2510,0.11029209,-0.5031731,-0.13691731,-0.093019515
grass,2511,0.6679997,0.3365518,-0.025937524,-0.0039601913
grass,2512,-0.29640806,0.05805866,0.28849527,-0.016394773
grass,2513,0.7426684,-0.10463915,-0.47746003,-0.19167031
grass,2514,0.41331244,0.52860475,-0.27586517,-0.03871067
grass,2515,0.10914761,-0.35348275,0.10238188,0.0005277171
grass,2516,0.88222945,0.17146733,0.40612006,0.21340816
grass,2517,-0.19085234,0.39334792,-0.18917948,-0.009961415
grass,2518,0.22363272,-0.4681133,-0.30242985,-0.18205146
grass,2519,0.6664267,0.48972458,-0.19855972,-0.07299787
grass,2520,-0.13046758,-0.11106517,0.5139804,0.06120909
grass,2521,0.8986598,0.04908564,0.052113537,-0.017957851
grass,2522,0.10273057,0.4835255,-0.29608998,0.011981903
grass,2523,0.095417276,-0.47802404,-0.07794406,-0.058970727
grass,2524,0.6893404,0.2574442,0.17125835,0.08050947
grass,2525,-0.30574802,0.21532051,0.026669238,-0.054536015
grass,2526,0.52729887,-0.26336196,-0.49704695,-0.24669652
grass,2527,0.5550547,0.5351583,-0.2340207,-0.059164695
grass,2528,0.08470279,-0.27128553,0.28125262,0.039989818
grass,2529,0.8905057,0.13037853,0.5024826,0.1988526
grass,2530,-0.08642767,0.44343233,-0.24464256,0.018881746
grass,2531,0.13467039,-0.5036196,-0.18352985,-0.11966649
grass,2532,0.6712818,0.39436114,-0.121011205,-0.045495708
grass,2533,-0.22737473,-0.034189414,0.4413728,0.027395288
grass,2534,0.79795045,-0.061606016,-0.43523678,-0.162054
grass,2535,0.32812935,0.5157396,-0.2882139,-0.02426093
grass,2536,0.10740404,-0.39567873,0.027189171,-0.01769712
grass,2537,0.7954727,0.19012786,0.38689238,0.18653151
grass,2538,-0.25926805,0.31637606,-0.10518955,-0.04220049
grass,2539,0.33235627,-0.39980727,-0.40141898,-0.22560975
grass,2540,0.64012307,0.5158206,-0.20642914,-0.07099477
grass,2541,-0.023560353,-0.17533971,0.48014224,0.0708617
grass,2542,0.8944784,0.09953589,0.40653244,0.11430114
grass,2543,0.06049082,0.47446582,-0.28511187,0.018496202
grass,2544,0.10400981,-0.49895218,-0.12077069,-0.0829678
grass,2545,0.66602224,0.31599244,0.013529784,0.01064843
grass,2546,-0.30884233,0.12339921,0.17250563,-0.040217806
grass,2547,0.68936145,-0.13994525,-0.49533492,-0.21214768
grass,2548,0.50118226,0.53298855,-0.24489714,-0.0508805
grass,2549,0.1026229,-0.2987705,0.20996343,0.026448425
grass,2550,0.8870686,0.15201376,0.41757563,0.213573
grass,2551,-0.16742632,0.4050642,-0.19808371,-0.001089466
grass,2552,0.202018,-0.47677866,-0.27615976,-0.16917738
grass,2553,0.67485845,0.45896903,-0.17851649,-0.07005414
grass,2554,-0.14112175,-0.09976978,0.5092651,0.0580376
grass,2555,0.89000195,0.021926159,-0.15910695,-0.07122288
grass,2556,0.23466888,0.5000125,-0.29372618,-0.007362322
grass,2557,0.09639821,-0.4550919,-0.04970976,-0.04326243
grass,2558,0.73301065,0.21334329,0.3094766,0.14293002
grass,2559,-0.2955743,0.23201513,0.0020876052,-0.055294283
grass,2560,0.45900756,-0.30939826,-0.47399724,-0.24664268
grass,2561,0.6029327,0.5277723,-0.21222983,-0.06534141
grass,2562,0.038539857,-0.21568215,0.40491027,0.06306625
grass,2563,0.8914634,0.12366069,0.49489468,0.18395178
grass,2564,-0.04303546,0.45226172,-0.2534158,0.024460582
grass,2565,0.11280346,-0.5025199,-0.14176774,-0.09527123
grass,2566,0.6642065,0.34429637,-0.0457267,-0.01597272
grass,2567,-0.26385456,0.014306418,0.36318246,0.0027205634
grass,2568,0.73897237,-0.100568786,-0.47605738,-0.19094394
grass,2569,0.40021026,0.52176213,-0.26679868,-0.034875523
grass,2570,0.11329372,-0.3627569,0.07364244,-0.0033901224
grass,2571,0.8266375,0.17838672,0.41104636,0.20230147
grass,2572,-0.2298664,0.34793192,-0.137993,-0.030247644
grass,2573,0.28969482,-0.4243128,-0.36529633,-0.2110575
grass,2574,0.66615826,0.48944262,-0.18948187,-0.07349696
grass,2575,-0.07140768,-0.14116839,0.5097188,0.07016435
grass,2576,0.8960318,0.0844155,0.28561202,0.066630535
grass,2577,0.12677687,0.48150805,-0.28719825,0.011759626
grass,2578,0.09587554,-0.4865016,-0.09108246,-0.06444904
grass,2579,0.6712918,0.27465248,0.11136135,0.050796226
grass,2580,-0.30497098,0.1572091,0.114660546,-0.049134407
grass,2581,0.58109844,-0.21705423,-0.50335115,-0.23958933
grass,2582,0.54032576,0.53143054,-0.22543621,-0.055695277
grass,2583,0.10794741,-0.30003887,0.19798416,0.025556156
grass,2584,0.8882401,0.14501221,0.43540162,0.2126991
grass,2585,-0.11079898,0.42974862,-0.22161007,0.016780306
grass,2586,0.15474543,-0.49517426,-0.21231864,-0.1356859
grass,2587,0.6717001,0.40752935,-0.13553485,-0.05555738
grass,2588,-0.18112817,-0.066798165,0.48242724,0.04417575
grass,2589,0.8428766,-0.02074584,-0.35932368,-0.12724294
grass,2590,0.29416665,0.50519514,-0.28142416,-0.016304798
grass,2591,0.10439954,-0.41779137,-0.0093492735,-0.02541319
grass,2592,0.77512735,0.1905814,0.37995988,0.17860466
grass,2593,-0.27500132,0.2712848,-0.050097518,-0.052303538
grass,2594,0.37867323,-0.36291257,-0.43111452,-0.23618035
grass,2595,0.6470215,0.50954,-0.1926809,-0.07143457
grass,2596,0.033957966,-0.20620227,0.41893563,0.06623937
grass,2597,0.89278036,0.11376385,0.4595185,0.15541793
grass,2598,0.031535503,0.46410578,-0.2672787,0.024797814
grass,2599,0.10686567,-0.49976766,-0.12764469,-0.0864871
grass,2600,0.66091204,0.31821164,0.0022860365,0.0023529679
grass,2601,-0.28842762,0.07085281,0.26191252,-0.02351389
grass,2602,0.72398174,-0.10744077,-0.48081696,-0.1961414
grass,2603,0.4628972,0.5254923,-0.24314444,-0.043626465
grass,2604,0.116467655,-0.35200697,0.0854402,0.0014179895
grass,2605,0.8855552,0.16059576,0.40084514,0.21367559
grass,2606,-0.18195893,0.3881156,-0.17538594,-0.008033366
grass,2607,0.21796514,-0.46420494,-0.29194358,-0.17728573
grass,2608,0.6742308,0.46408632,-0.17440939,-0.07236046
grass,2609,-0.08089402,-0.13120693,0.5123647,0.0691718
grass,2610,0.89857376,0.050637946,0.004990735,-0.022076245
grass,2611,0.17494458,0.4852487,-0.28308144,0.0057366393
grass,2612,0.09518369,-0.45890036,-0.055161476,-0.042931326
grass,2613,0.69833636,0.22842053,0.24733657,0.109908044
grass,2614,-0.282692,0.24379712,-0.014624286,-0.055612896
grass,2615,0.5027229,-0.27145776,-0.48727673,-0.24644335
grass,2616,0.6042313,0.52445686,-0.1989817,-0.06444756
grass,2617,0.07700319,-0.24023493,0.3354239,0.053795677
grass,2618,0.8897123,0.13568723,0.46176785,0.20598342
grass,2619,-0.08219208,0.43667427,-0.22650513,0.023683101
grass,2620,0.12500578,-0.5007982,-0.16319749,-0.107837394
grass,2621,0.6686219,0.3935629,-0.11987512,-0.051361457
grass,2622,-0.22016971,-0.028064761,0.43093428,0.024356956
grass,2623,0.83081895,-0.026336875,-0.3821293,-0.13435026
grass,2624,0.36382404,0.51169014,-0.26275122,-0.027069544
grass,2625,0.10992619,-0.39805818,0.011151542,-0.016820502
grass,2626,0.7840845,0.18406375,0.39564136,0.18614298
grass,2627,-0.21409987,0.35538718,-0.14177798,-0.02522943
grass,2628,0.29458952,-0.41629007,-0.3669762,-0.21202996
grass,2629,0.66485757,0.4907461,-0.18016319,-0.07361886
grass,2630,-0.019957218,-0.1651373,0.48487955,0.073338516
grass,2631,0.8946,0.09843686,0.35939884,0.105222486
grass,2632,0.08065753,0.4688162,-0.26973566,0.021698428
grass,2633,0.094817266,-0.48591664,-0.08904536,-0.061900113
grass,2634,0.660023,0.29054675,0.061331816,0.025699817
grass,2635,-0.29220295,0.1022782,0.20475043,-0.035990663
grass,2636,0.5689211,-0.2198931,-0.49981776,-0.2403011
grass,2637,0.52612674,0.5270609,-0.21670088,-0.05218766
grass,2638,0.11728695,-0.30857882,0.16420086,0.02104234
grass,2639,0.8876178,0.14877342,0.40799618,0.2124095
grass,2640,-0.12704839,0.41759324,-0.201411,0.013779999
grass,2641,0.16986737,-0.48575363,-0.23050755,-0.14580029
grass,2642,0.6737869,0.42795935,-0.15038018,-0.065843366
grass,2643,-0.16710033,-0.07072206,0.48610505,0.046866767
grass,2644,0.89162153,0.03355995,-0.1387425,-0.05788877
grass,2645,0.23902906,0.4913239,-0.27509427,-0.004092194
grass,2646,0.0981126,-0.44303668,-0.039909344,-0.033759084
grass,2647,0.7260493,0.20422539,0.32514992,0.1455907
grass,2648,-0.27213895,0.25705606,-0.031954955,-0.054759905
grass,2649,0.37850174,-0.35763696,-0.42852694,-0.2353986
grass,2650,0.62301135,0.5182469,-0.18619126,-0.066791825
grass,2651,0.058060892,-0.21575984,0.38710737,0.063573726
grass,2652,0.89292806,0.112598926,0.43498704,0.1496674
grass,2653,-0.03881451,0.44532463,-0.23511419,0.029948339
grass,2654,0.11394877,-0.4997368,-0.14093047,-0.0945068
grass,2655,0.65973216,0.35113946,-0.06313299,-0.029284481
grass,2656,-0.28042656,0.07060723,0.25973207,-0.024633463
grass,2657,0.6860729,-0.12947555,-0.49043816,-0.20942427
grass,2658,0.434344,0.51762354,-0.2385524,-0.03756961
grass,2659,0.12003891,-0.35441718,0.069797374,0.0007258999
grass,2660,0.8177575,0.17244105,0.42083278,0.20323585
grass,2661,-0.17584366,0.38556987,-0.16740401,-0.006565329
grass,2662,0.24675156,-0.443306,-0.31987938,-0.19109337
grass,2663,0.67051846,0.4790182,-0.17109637,-0.0740924
grass,2664,-0.09291122,-0.117469266,0.51249975,0.06693166
grass,2665,0.89589494,0.085855536,0.24912381,0.06393757
grass,2666,0.12487298,0.47213548,-0.26847854,0.017195925
grass,2667,0.094633356,-0.45717132,-0.05362422,-0.03945839
grass,2668,0.6720275,0.24669696,0.177618,0.07487257
grass,2669,-0.28956708,0.17812641,0.078183755,-0.054721266
grass,2670,0.5665921,-0.21786138,-0.49792972,-0.23988222
grass,2671,0.54717606,0.52509385,-0.20223397,-0.054460917
grass,2672,0.09402192,-0.24777147,0.30267516,0.0501543
grass,2673,0.88965225,0.13608013,0.44378138,0.20595188
grass,2674,-0.07916207,0.43284753,-0.2154521,0.026718674
grass,2675,0.13874148,-0.49522787,-0.18295188,-0.119555
grass,2676,0.66534233,0.38452256,-0.10909872,-0.05059926
grass,2677,-0.21319357,-0.02704446,0.4281675,0.023805903
grass,2678,0.82410395,-0.025241865,-0.3899468,-0.13543978
grass,2679,0.33628806,0.50241363,-0.25630662,-0.020407535
grass,2680,0.10982205,-0.40268493,-0.000883888,-0.017051632
grass,2681,0.77411616,0.18129103,0.39816722,0.18409671
grass,2682,-0.25327212,0.2860357,-0.066426516,-0.04977426
grass,2683,0.3104733,-0.40104607,-0.37747788,-0.21669865
grass,2684,0.65261334,0.5026443,-0.17214966,-0.071433395
grass,2685,0.019692963,-0.18239762,0.45171657,0.07284902
grass,2686,0.89383096,0.10519104,0.38053137,0.123849615
grass,2687,0.03959866,0.45708913,-0.24996404,0.029878585
grass,2688,0.093688026,-0.48515746,-0.08603351,-0.059079487
grass,2689,0.6533661,0.3020191,0.027423833,0.007660346
grass,2690,-0.28418514,0.102270335,0.20200595,-0.037376806
grass,2691,0.6755734,-0.1335088,-0.49108025,-0.21200015
grass,2692,0.46266907,0.5178804,-0.22293192,-0.0410552
grass,2693,0.124533325,-0.33034247,0.10563498,0.0109517705
grass,2694,0.88620234,0.15698522,0.40692398,0.21573825
grass,2695,-0.14617363,0.4019019,-0.17892832,0.0069150776
grass,2696,0.18931003,-0.47287318,-0.25238222,-0.15778
grass,2697,0.67501473,0.44452822,-0.1546284,-0.071669586
grass,2698,-0.1256089,-0.09322803,0.50406295,0.058497105
grass,2699,0.8975894,0.06581971,0.06827813,0.006060641
grass,2700,0.21715486,0.48243403,-0.26477894,0.0024574255
grass,2701,0.09427365,-0.4559889,-0.05228944,-0.037182745
grass,2702,0.67752856,0.2315781,0.21970995,0.0920076
grass,2703,-0.27526364,0.22235727,0.013153773,-0.057965375
grass,2704,0.44709733,-0.3030171,-0.46253967,-0.24379058
grass,2705,0.5864917,0.5216769,-0.18248123,-0.059677377
grass,2706,0.08936516,-0.23475023,0.32749373,0.05591603
grass,2707,0.8919151,0.12035917,0.44510546,0.17212245
grass,2708,-0.038135726,0.44080368,-0.22313416,0.033249564
grass,2709,0.11245655,-0.4976423,-0.13508552,-0.09108901
grass,2710,0.6623584,0.37576622,-0.098748356,-0.048439052
grass,2711,-0.24272822,0.013183589,0.35998508,0.0016221108
grass,2712,0.80248225,-0.03747444,-0.41728112,-0.14815119
grass,2713,0.41078514,0.50976425,-0.23256408,-0.032107964
grass,2714,0.122158304,-0.36003825,0.050275154,-0.0009375123
grass,2715,0.77871066,0.17660978,0.40860313,0.18875319
grass,2716,-0.20457451,0.34990317,-0.1298887,-0.02527687
grass,2717,0.2578696,-0.43211302,-0.32773304,-0.1951553
grass,2718,0.6603893,0.4946658,-0.1634977,-0.0725657
grass,2719,-0.01570253,-0.15618809,0.48769203,0.075379744
grass,2720,0.89587075,0.086107306,0.2218084,0.060444787
grass,2721,0.08956486,0.46154004,-0.2524279,0.025937725
grass,2722,0.0921199,-0.48133773,-0.078537114,-0.053619165
grass,2723,0.66216564,0.24868788,0.1617957,0.06460417
grass,2724,-0.2830776,0.13654788,0.14206178,-0.04833307
grass,2725,0.5764026,-0.20449625,-0.49603233,-0.23700495
grass,2726,0.5262546,0.5205234,-0.19557154,-0.049882833
grass,2727,0.12412191,-0.29026607,0.1822044,0.029115403
grass,2728,0.8880622,0.14609778,0.39860597,0.21150573
grass,2729,-0.11302248,0.4156778,-0.18851835,0.020119209
grass,2730,0.16353959,-0.48285785,-0.21583661,-0.13848272
grass,2731,0.6699889,0.410688,-0.13168079,-0.06446024
grass,2732,-0.19518447,-0.03670857,0.4414645,0.029293146
grass,2733,0.88357395,0.031650126,-0.1979116,-0.06666314
grass,2734,0.25252476,0.4843804,-0.2559112,-0.0028052102
grass,2735,0.10771509,-0.41083556,-0.0141976215,-0.018018806
grass,2736,0.707378,0.20189613,0.31702724,0.13637844
grass,2737,-0.2339249,0.30485046,-0.08518598,-0.04426467
grass,2738,0.36200422,-0.36087114,-0.41297635,-0.2303954
grass,2739,0.6437159,0.50637805,-0.16126272,-0.068957835
grass,2740,0.06970615,-0.20986061,0.38243976,0.06602338
grass,2741,0.892753,0.11397801,0.41012242,0.15079334
grass,2742,-0.017493377,0.4422929,-0.22239798,0.036072075
grass,2743,0.09828765,-0.4923845,-0.1016893,-0.06956515
grass,2744,0.64961517,0.31786454,-0.010796193,-0.012293784
grass,2745,-0.25606096,0.04284502,0.30534267,-0.014013014
grass,2746,0.67317486,-0.12920596,-0.48823735,-0.21078843
grass,2747,0.43987507,0.51059663,-0.21710032,-0.03588597
grass,2748,0.12568483,-0.35137534,0.05734962,0.0027138467
grass,2749,0.83457386,0.16227722,0.43359628,0.21171947
grass,2750,-0.17757642,0.37191132,-0.1461929,-0.010925645
grass,2751,0.21749067,-0.45370704,-0.2823408,-0.17357656
grass,2752,0.6732855,0.46932352,-0.15382983,-0.074686594
grass,2753,-0.07773475,-0.116605744,0.50984174,0.06894161
grass,2754,0.8964994,0.07929588,0.14685524,0.037713517
grass,2755,0.16495873,0.46921012,-0.25315416,0.014988514
grass,2756,0.0970772,-0.4418593,-0.040531803,-0.028082293
grass,2757,0.6676755,0.23159213,0.20943329,0.08417318
grass,2758,-0.2763229,0.17506061,0.07959396,-0.05647489
grass,2759,0.48956984,-0.2661174,-0.47598884,-0.24405865
grass,2760,0.60201025,0.516988,-0.16494931,-0.06093062
grass,2761,0.10718235,-0.24410719,0.28885823,0.05126562
grass,2762,0.8892791,0.13849704,0.41079006,0.20761916
grass,2763,-0.07290204,0.42739022,-0.19809982,0.031916358
grass,2764,0.11607876,-0.49539685,-0.13836321,-0.093595
grass,2765,0.66506743,0.39237025,-0.11498975,-0.059481263
grass,2766,-0.19224013,-0.034998477,0.43804753,0.028381942
grass,2767,0.7940908,-0.03752916,-0.42198002,-0.1499632
grass,2768,0.32943395,0.4928786,-0.23885813,-0.016114125
grass,2769,0.119628094,-0.37708005,0.018302277,-0.0059786076
grass,2770,0.7401257,0.18275484,0.38116446,0.16830517
grass,2771,-0.22905526,0.30399585,-0.082985565,-0.044337805
grass,2772,0.30621782,-0.39627883,-0.36847624,-0.21351707
grass,2773,0.66113466,0.49251485,-0.15166034,-0.07220146
grass,2774,0.016722117,-0.16842039,0.46423906,0.07621619
grass,2775,0.8950339,0.09441009,0.26107395,0.082483195
grass,2776,0.03405105,0.44822767,-0.22951081,0.036146045
grass,2777,0.09352496,-0.48716313,-0.086285,-0.059029803
grass,2778,0.6454285,0.2903449,0.04352008,0.009306284
grass,2779,-0.2740404,0.12088045,0.16545676,-0.04556293
grass,2780,0.58223355,-0.19424269,-0.493284,-0.23450427
grass,2781,0.4795554,0.51251155,-0.19744046,-0.041260276
grass,2782,0.13079612,-0.29067805,0.16655414,0.028472994
grass,2783,0.8874196,0.14995152,0.399757,0.21458259
grass,2784,-0.13557656,0.39894652,-0.1653316,0.01124381
grass,2785,0.1587297,-0.48158285,-0.20478082,-0.13291997
grass,2786,0.6716113,0.42101127,-0.13394292,-0.06962296
grass,2787,-0.100774854,-0.09931326,0.505451,0.063108645
grass,2788,0.8910278,0.046344504,-0.1356767,-0.04410365
grass,2789,0.27236742,0.48205942,-0.24284321,-0.0044791223
grass,2790,0.09857553,-0.4356831,-0.03613452,-0.024012463
grass,2791,0.70059705,0.19800246,0.32096693,0.13522929
grass,2792,-0.24842498,0.25896707,-0.033711374,-0.05588721
grass,2793,0.3777066,-0.34479228,-0.41992134,-0.23279868
grass,2794,0.6354933,0.50781,-0.1495942,-0.06631
grass,2795,0.09611675,-0.22389494,0.3336995,0.060360663
grass,2796,0.89135903,0.12441074,0.4256361,0.1824849
grass,2797,-0.045691054,0.4318822,-0.20070985,0.03774594
grass,2798,0.09983215,-0.49226183,-0.10278452,-0.07079317
grass,2799,0.6474866,0.3273593,-0.031822655,-0.024877474
grass,2800,-0.251726,0.04921697,0.29095453,-0.018156897
grass,2801,0.71231055,-0.09385956,-0.47232974,-0.19248796
grass,2802,0.4365057,0.5055615,-0.20580839,-0.033809442
grass,2803,0.13213928,-0.3339099,0.074876904,0.009801436
grass,2804,0.7895539,0.16602999,0.4301047,0.19873372
grass,2805,-0.19038998,0.35014716,-0.12296979,-0.02238382
grass,2806,0.24684292,-0.43208647,-0.31029576,-0.18774702
grass,2807,0.6706954,0.47703528,-0.14425988,-0.074282885
grass,2808,-0.042314317,-0.13082632,0.5034617,0.074379444
grass,2809,0.897008,0.07331813,0.064351074,0.01659058
grass,2810,0.090792105,0.45339856,-0.23404483,0.031119995
grass,2811,0.08959111,-0.4704206,-0.06063648,-0.039923348
grass,2812,0.64817417,0.25184348,0.13781425,0.04882555
grass,2813,-0.2693868,0.16200753,0.097327046,-0.055910464
grass,2814,0.5021661,-0.2512089,-0.47663847,-0.2425921
grass,2815,0.56506884,0.51579434,-0.16199169,-0.053589195
grass,2816,0.13288365,-0.28124616,0.17939606,0.032652035
grass,2817,0.8900634,0.13336495,0.4110247,0.2017816
grass,2818,-0.09579858,0.415191,-0.1765701,0.027988706
grass,2819,0.15288474,-0.48205072,-0.1934745,-0.12696765
grass,2820,0.6704325,0.41676068,-0.12862824,-0.06979255
grass,2821,-0.1817503,-0.037562363,0.44036376,0.030007925
grass,2822,0.80834776,-0.021286601,-0.40096572,-0.13648923
grass,2823,0.31265554,0.48513278,-0.23038875,-0.011102897
grass,2824,0.110909626,-0.40274665,-0.013085512,-0.01210608
grass,2825,0.7044525,0.19131349,0.33966455,0.14279325
grass,2826,-0.23026718,0.28639844,-0.06325046,-0.049782522
grass,2827,0.31771895,-0.38392305,-0.37421075,-0.21623668
grass,2828,0.6424605,0.50367194,-0.14056364,-0.0671058
grass,2829,0.052203327,-0.18330224,0.42711008,0.07466797
grass,2830,0.8928524,0.11319686,0.37482512,0.1448226
grass,2831,0.017129315,0.4409331,-0.21320187,0.04097259
grass,2832,0.094245255,-0.4880164,-0.08651658,-0.059791785
grass,2833,0.64477336,0.32388353,-0.027891014,-0.025247144
grass,2834,-0.24959058,0.054602772,0.27930233,-0.021428192
grass,2835,0.60934865,-0.16795461,-0.49039346,-0.22701268
grass,2836,0.46501637,0.5065348,-0.18947026,-0.037513196
grass,2837,0.13594098,-0.32382697,0.08514142,0.0138738165
grass,2838,0.88084024,0.1507984,0.41856635,0.21837905
grass,2839,-0.12482105,0.39974177,-0.15893596,0.016209586
grass,2840,0.17212118,-0.47201216,-0.21872476,-0.1412797
grass,2841,0.6738643,0.43519962,-0.13364278,-0.07382127
grass,2842,-0.053167097,-0.1212277,0.5056116,0.072701
grass,2843,0.89153814,0.05203868,-0.12635744,-0.03648357
grass,2844,0.23154795,0.4705107,-0.23506832,0.0058815125
grass,2845,0.09464871,-0.44417474,-0.040559653,-0.024199687
grass,2846,0.65896946,0.22315449,0.22107865,0.08452461
grass,2847,-0.25602344,0.21108882,0.025587127,-0.060773313
grass,2848,0.4765946,-0.26710847,-0.4659914,-0.24217995
grass,2849,0.6171686,0.5102076,-0.13960476,-0.061565142
grass,2850,0.10557643,-0.22302285,0.32211277,0.060492307
grass,2851,0.8907107,0.12896997,0.40995234,0.19372283
grass,2852,-0.058880787,0.4244065,-0.18366873,0.038748745
grass,2853,0.12160189,-0.4905779,-0.14092149,-0.09636935
grass,2854,0.6558347,0.3681235,-0.08905713,-0.053888697
grass,2855,-0.23415305,0.029670287,0.3236847,-0.009257569
grass,2856,0.73649776,-0.07001841,-0.45715642,-0.1779132
grass,2857,0.40864763,0.49701986,-0.20171642,-0.027629428
grass,2858,0.124954835,-0.36777785,0.017387662,-0.0009573002
grass,2859,0.7685524,0.1658485,0.42656463,0.19160683
grass,2860,-0.18608285,0.3453559,-0.11453524,-0.02354054
grass,2861,0.2712902,-0.41235375,-0.33051175,-0.19769527
grass,2862,0.6699106,0.47794223,-0.13313963,-0.0737646
grass,2863,-0.0018771784,-0.14709036,0.48533943,0.07829397
grass,2864,0.8950197,0.09454452,0.21841897,0.07668097
grass,2865,0.10356787,0.4501387,-0.22470863,0.032225754
grass,2866,0.08857906,-0.47673163,-0.06343148,-0.042533003
grass,2867,0.6373708,0.2759608,0.0667305,0.014294111
grass,2868,-0.26121426,0.16315743,0.09323077,-0.057479862
grass,2869,0.5889164,-0.17999978,-0.4878878,-0.2305739
grass,2870,0.52105296,0.510062,-0.16307828,-0.0453836
grass,2871,0.14026628,-0.29008946,0.14438953,0.028081791
grass,2872,0.88879794,0.14155284,0.38706583,0.21034896
grass,2873,-0.096276164,0.41053408,-0.16433346,0.029131252
grass,2874,0.13749488,-0.48492736,-0.16512789,-0.11133515
grass,2875,0.66573197,0.4012642,-0.11551979,-0.067734435
grass,2876,-0.13575113,-0.06755522,0.4786417,0.048308875
grass,2877,0.85706514,0.02093369,-0.30191132,-0.08969186
grass,2878,0.2759591,0.47422707,-0.22447473,-0.0019379603
grass,2879,0.11056922,-0.40325052,-0.016481968,-0.009971747
grass,2880,0.7150429,0.17986515,0.37338984,0.15753758
grass,2881,-0.23091705,0.26753652,-0.042327743,-0.05487426
grass,2882,0.34119686,-0.36308217,-0.3884973,-0.22214031
grass,2883,0.6384387,0.5031855,-0.12780604,-0.06511419
grass,2884,0.08197652,-0.19622228,0.38550833,0.07132015
grass,2885,0.891653,0.12228602,0.39643815,0.17516011
grass,2886,-0.013816945,0.43148306,-0.19185415,0.045140475
grass,2887,0.10250408,-0.49043223,-0.10202559,-0.07174453
grass,2888,0.6416388,0.32404375,-0.031071564,-0.030009728
grass,2889,-0.22595036,0.023453632,0.33324578,-0.0064309463
grass,2890,0.7241141,-0.07573084,-0.46032053,-0.18244293
grass,2891,0.4234168,0.49642897,-0.19008237,-0.02924795
grass,2892,0.13425772,-0.34354302,0.042827476,0.007216623
grass,2893,0.83694583,0.1522006,0.4440065,0.21605088
grass,2894,-0.13880478,0.38517153,-0.14030182,0.0072898595
grass,2895,0.23228487,-0.43463653,-0.28746614,-0.17766507
grass,2896,0.67140067,0.4739693,-0.12657134,-0.07406179
grass,2897,-0.0126242135,-0.13757966,0.4925529,0.077981405
grass,2898,0.8967162,0.06830092,-0.031865694,-0.00371917
grass,2899,0.19196193,0.45938736,-0.22500141,0.016485833
grass,2900,0.08872254,-0.46063343,-0.04685174,-0.028542155
grass,2901,0.63769877,0.24902049,0.13227028,0.0413649
grass,2902,-0.2528037,0.18823321,0.055321284,-0.061174285
grass,2903,0.49743006,-0.24620713,-0.46929234,-0.2406682
grass,2904,0.5657343,0.510445,-0.14007556,-0.051467575
grass,2905,0.13234165,-0.24718481,0.24103987,0.048365586
grass,2906,0.8901736,0.13262701,0.3900602,0.20076188
grass,2907,-0.06824096,0.41771987,-0.16796735,0.039189566
grass,2908,0.117002375,-0.48893648,-0.12767233,-0.08901869
grass,2909,0.6585228,0.3806779,-0.09914258,-0.062334873
grass,2910,-0.20127998,-0.006078167,0.3853274,0.010545643
grass,2911,0.82071334,-0.0032070754,-0.37589616,-0.12040169
grass,2912,0.34714726,0.48263934,-0.2055241,-0.014957478
grass,2913,0.11463837,-0.3938193,-0.0116906315,-0.0061616525
grass,2914,0.7595479,0.16311938,0.42937717,0.18986107
grass,2915,-0.21073034,0.29722217,-0.07074863,-0.045999665
grass,2916,0.32047367,-0.37487304,-0.36972034,-0.21504904
grass,2917,0.65927017,0.49044257,-0.119440876,-0.06974102
grass,2918,0.051948886,-0.17132972,0.43788362,0.078203484
grass,2919,0.8945251,0.09911512,0.23184939,0.08880997
grass,2920,0.050640833,0.43831187,-0.20289537,0.043624356
grass,2921,0.088768736,-0.48039588,-0.06447606,-0.044658683
grass,2922,0.632194,0.2711004,0.07189337,0.013450157
grass,2923,-0.2494463,0.091199435,0.20843792,-0.03930032
grass,2924,0.65268177,-0.12597892,-0.47984657,-0.21099374
grass,2925,0.50038785,0.5042104,-0.15727112,-0.04082314
grass,2926,0.14470488,-0.3047887,0.10011254,0.02152535
grass,2927,0.84500057,0.14928481,0.44280538,0.21785839
grass,2928,-0.12609276,0.39027047,-0.13957855,0.014340793
grass,2929,0.18747039,-0.45847225,-0.23081526,-0.14902695
grass,2930,0.67387193,0.43663755,-0.12191935,-0.075582966
grass,2931,-0.06943389,-0.10343094,0.5024446,0.06822424
grass,2932,0.8628027,0.030732742,-0.27961388,-0.0779409
grass,2933,0.21387778,0.459498,-0.21814111,0.013234611
grass,2934,0.10496219,-0.4145244,-0.024382563,-0.010187004
grass,2935,0.67098176,0.19601707,0.30084118,0.117328204
grass,2936,-0.23668246,0.23120987,-0.0011968045,-0.061363477
grass,2937,0.43721753,-0.28844926,-0.44311467,-0.23831736
grass,2938,0.6299173,0.50353974,-0.11543992,-0.062056765
grass,2939,0.122742996,-0.22462815,0.29404458,0.05909859
grass,2940,0.89184463,0.1208806,0.3765432,0.16977416
grass,2941,-0.035006467,0.42343172,-0.1725574,0.047021765
grass,2942,0.1022089,-0.48848647,-0.09633118,-0.06905804
grass,2943,0.64286655,0.33793998,-0.053399485,-0.04338358
grass,2944,-0.20308411,0.0012672887,0.37066764,0.0057448447
grass,2945,0.72886753,-0.06663223,-0.45335874,-0.17706926
grass,2946,0.398577,0.48811644,-0.18549637,-0.023521679
grass,2947,0.12985048,-0.3598443,0.014598483,0.003461935
grass,2948,0.7501115,0.1623516,0.4279614,0.18655309
grass,2949,-0.15644555,0.3632366,-0.118876964,-0.007966797
grass,2950,0.2523805,-0.4181278,-0.304099,-0.18637773
grass,2951,0.6728434,0.46885845,-0.116177805,-0.07435579
grass,2952,-0.0055697896,-0.13565226,0.48994535,0.07901573
grass,2953,0.8958442,0.086383395,0.09882729,0.043455083
grass,2954,0.08626804,0.43999866,-0.2035471,0.040390484
grass,2955,0.08889342,-0.4540443,-0.039087344,-0.02172195
grass,2956,0.63094795,0.24977523,0.122278735,0.03388589
grass,2957,-0.24838918,0.16277558,0.08996362,-0.05965325
grass,2958,0.55798864,-0.19485484,-0.4787869,-0.23349723
grass,2959,0.5284178,0.5048283,-0.13943772,-0.044308413
grass,2960,0.14582595,-0.26335546,0.18332246,0.03976141
grass,2961,0.8890156,0.14017922,0.38548025,0.21153148
grass,2962,-0.085946836,0.40769562,-0.14916924,0.0351198
grass,2963,0.1287531,-0.48325762,-0.14205047,-0.099034764
grass,2964,0.66222113,0.39431617,-0.10506448,-0.06922056
grass,2965,-0.14947252,-0.048235275,0.45146614,0.037202798
grass,2966,0.836444,0.013613903,-0.34378535,-0.10240286
grass,2967,0.30321315,0.4705968,-0.20289084,-0.0046249
grass,2968,0.12089463,-0.38026977,-0.0056073586,-0.00084899424
grass,2969,0.68242055,0.18421698,0.33978963,0.13488297
grass,2970,-0.19785187,0.30518377,-0.075216755,-0.04241658
grass,2971,0.31573388,-0.3739393,-0.3612877,-0.21205537
grass,2972,0.65809697,0.4897817,-0.106568545,-0.06844237
grass,2973,0.0766404,-0.17975014,0.408639,0.07691974
grass,2974,0.89188826,0.12055842,0.36561075,0.16821367
grass,2975,0.031672206,0.43137652,-0.18633075,0.04917758
grass,2976,0.08924884,-0.48149255,-0.062796496,-0.045061287
grass,2977,0.6340556,0.3142554,-0.019529134,-0.030169236
grass,2978,-0.23187809,0.057182267,0.266095,-0.025795942
grass,2979,0.6708971,-0.106709905,-0.47163272,-0.2018946
grass,2980,0.44923204,0.4933916,-0.16242787,-0.031353787
grass,2981,0.1451425,-0.31975114,0.061606545,0.01606521
grass,2982,0.80209464,0.15063313,0.45416963,0.21021216
grass,2983,-0.13673012,0.3765428,-0.12329296,0.005108864
grass,2984,0.22188291,-0.4349791,-0.26752633,-0.16888861
grass,2985,0.6742486,0.44019777,-0.113809235,-0.07635329
grass,2986,-0.08392362,-0.09007916,0.49516168,0.062858894
grass,2987,0.8965714,0.07659189,-0.010765923,0.011523584
grass,2988,0.1728903,0.44847995,-0.20703104,0.024579678
grass,2989,0.10017339,-0.42275542,-0.026810098,-0.009122372
grass,2990,0.64342797,0.21225716,0.23216863,0.081816256
grass,2991,-0.22475246,0.24185027,-0.013713244,-0.060838036
grass,2992,0.46555266,-0.262285,-0.45135543,-0.23855916
grass,2993,0.5696918,0.50545895,-0.11704331,-0.049892604
grass,2994,0.12078829,-0.21173717,0.31610817,0.06473929
grass,2995,0.8904629,0.13067022,0.37260246,0.197915
grass,2996,-0.035130817,0.4195323,-0.16037767,0.050083157
grass,2997,0.10656555,-0.48642102,-0.09917732,-0.07239333
grass,2998,0.64858943,0.35973838,-0.078058474,-0.0582839
grass,2999,-0.16285351,-0.03340987,0.4276761,0.027581925
grass,3000,0.7901114,-0.01644455,-0.40547067,-0.13639125
grass,3001,0.34105128,0.47400457,-0.18878946,-0.0113114305
grass,3002,0.1212773,-0.37946948,-0.007417904,0.0006229547
grass,3003,0.7567838,0.15633947,0.4414814,0.19298987
grass,3004,-0.16496854,0.3451509,-0.101842165,-0.019287113
grass,3005,0.25247076,-0.4142652,-0.29910067,-0.18468435
grass,3006,0.65862644,0.4883514,-0.09872934,-0.06799613
grass,3007,0.037762318,-0.15282771,0.46078986,0.08153952
grass,3008,0.8950116,0.09462096,0.14761248,0.06687482
grass,3009,0.11340653,0.43866158,-0.19709428,0.038374834
grass,3010,0.085145,-0.4681136,-0.041674312,-0.027105102
grass,3011,0.6240162,0.25690958,0.096261285,0.019326195
grass,3012,-0.24190366,0.12835722,0.14051811,-0.053828884
grass,3013,0.5877013,-0.16685301,-0.4771338,-0.22611794
grass,3014,0.51856285,0.5003187,-0.13002013,-0.04147856
grass,3015,0.15339124,-0.2766573,0.13651893,0.03301462
grass,3016,0.8893692,0.13791822,0.3806291,0.21049139
grass,3017,-0.11194812,0.39054954,-0.12749097,0.021475974
grass,3018,0.17132522,-0.46167222,-0.20009837,-0.1337294
grass,3019,0.6648373,0.40394711,-0.10451469,-0.07329769
grass,3020,-0.12043425,-0.064055294,0.47045988,0.047877584
grass,3021,0.87584096,0.049610026,-0.22127092,-0.050966334
grass,3022,0.24559668,0.4563624,-0.19925171,0.00954686
grass,3023,0.11244137,-0.39663947,-0.017495403,-0.0017950025
grass,3024,0.67206925,0.18285537,0.33463323,0.129301
grass,3025,-0.21168886,0.26191068,-0.034474935,-0.057206426
grass,3026,0.4083816,-0.3024656,-0.4210716,-0.23289545
grass,3027,0.6168406,0.50211334,-0.09562609,-0.057269473
grass,3028,0.11859499,-0.20364836,0.3306622,0.068194136
grass,3029,0.89161515,0.122561716,0.3575259,0.17516463
grass,3030,-0.00437421,0.42237544,-0.16346785,0.05431951
grass,3031,0.10038423,-0.4850891,-0.08321805,-0.0623458
grass,3032,0.6297328,0.31014335,-0.015513799,-0.031553764
grass,3033,-0.21517506,0.036055006,0.30164796,-0.015946202
grass,3034,0.72966105,-0.057333805,-0.4448366,-0.17162816
grass,3035,0.4566576,0.4905109,-0.14777757,-0.03129676
grass,3036,0.13750023,-0.3458156,0.017726611,0.009176698
grass,3037,0.79705083,0.14764968,0.45862317,0.21035479
grass,3038,-0.13273351,0.37328643,-0.11447829,0.0052911355
grass,3039,0.2130119,-0.4368376,-0.2515564,-0.1615629
grass,3040,0.67489505,0.4529405,-0.10250997,-0.075896345
grass,3041,0.009842413,-0.13480878,0.48304236,0.081017256
grass,3042,0.89598686,0.08489124,0.036169562,0.032016795
grass,3043,0.17068748,0.443268,-0.19629884,0.027498668
grass,3044,0.088605665,-0.44736746,-0.029068083,-0.012996077
grass,3045,0.6266845,0.22707526,0.17495158,0.05273241
grass,3046,-0.23168251,0.18912306,0.04941788,-0.06446731
grass,3047,0.52618325,-0.21104154,-0.4660618,-0.23489127
grass,3048,0.54571146,0.5009082,-0.11201393,-0.044814996
grass,3049,0.15112461,-0.24490145,0.20610441,0.047717057
grass,3050,0.89079285,0.12840198,0.36133364,0.1934542
grass,3051,-0.04772992,0.413111,-0.14379828,0.05062823
grass,3052,0.12121189,-0.48118517,-0.119253024,-0.08684152
grass,3053,0.64919865,0.3651925,-0.08110133,-0.063384384
grass,3054,-0.14374758,-0.043596998,0.4413537,0.034509566
grass,3055,0.77322423,-0.02339819,-0.41538432,-0.14403903
grass,3056,0.3075091,0.46364433,-0.18468575,-0.0029726624
grass,3057,0.12064761,-0.38026533,-0.0110128615,0.0027317435
grass,3058,0.68291056,0.17322746,0.3669368,0.14419553
grass,3059,-0.17180319,0.32554153,-0.08483661,-0.030679
grass,3060,0.33268952,-0.35531327,-0.36713594,-0.2151009
grass,3061,0.66197294,0.48390377,-0.08684312,-0.06818185
grass,3062,0.078861505,-0.16984122,0.41587666,0.08014855
grass,3063,0.89241916,0.11656327,0.31826627,0.15091865
grass,3064,0.070029765,0.42885515,-0.17769152,0.04963489
grass,3065,0.08404411,-0.4674845,-0.035141405,-0.023472637
grass,3066,0.61945826,0.27333072,0.051635936,-0.0034615614
grass,3067,-0.23102641,0.09401739,0.19458686,-0.044095296
grass,3068,0.5893539,-0.16044553,-0.4726939,-0.2238054
grass,3069,0.4891058,0.49299842,-0.12834045,-0.035690293
grass,3070,0.15151614,-0.31218597,0.055613566,0.019185781
grass,3071,0.8410919,0.14166479,0.448612,0.21936621
grass,3072,-0.12607664,0.37485176,-0.110941075,0.008851756
grass,3073,0.17585748,-0.45609656,-0.20023155,-0.13478296
grass,3074,0.66869617,0.41730043,-0.10095593,-0.07641354
grass,3075,-0.051918976,-0.10013461,0.49591714,0.06998896
grass,3076,0.8684312,0.047795806,-0.24819955,-0.056492962
grass,3077,0.18054967,0.44167173,-0.19024977,0.026633618
grass,3078,0.09476949,-0.42988,-0.02360864,-0.0052282345
grass,3079,0.6557395,0.18566267,0.31309184,0.11565716
grass,3080,-0.21415067,0.23483154,-0.0063353535,-0.063080944
grass,3081,0.45990133,-0.25899452,-0.4417375,-0.23604746
grass,3082,0.6269321,0.4982304,-0.08023339,-0.058021255
grass,3083,0.123479664,-0.19905601,0.32984972,0.069918446
grass,3084,0.8918345,0.12095509,0.33703932,0.16891448
grass,3085,-0.027767438,0.41491112,-0.14342378,0.05604006
grass,3086,0.10607141,-0.482766,-0.087807216,-0.06721191
grass,3087,0.6345295,0.3319561,-0.04780741,-0.04952533
grass,3088,-0.17822078,-0.0072805705,0.37853825,0.009743584
grass,3089,0.697114,-0.07636035,-0.45395124,-0.18514004
grass,3090,0.3780053,0.47318518,-0.16153136,-0.016306493
grass,3091,0.14043066,-0.34145534,0.0148835275,0.011474023
grass,3092,0.7726214,0.14714722,0.4598222,0.20376623
grass,3093,-0.15170066,0.34592623,-0.093904726,-0.015852636
grass,3094,0.25468048,-0.40689504,-0.29259858,-0.18278058
grass,3095,0.6708219,0.4708947,-0.08452883,-0.07183198
grass,3096,0.036309533,-0.14285837,0.4662939,0.08315135
grass,3097,0.8954718,0.09016204,0.058301147,0.04514559
grass,3098,0.085773185,0.42786163,-0.17438014,0.048744973
grass,3099,0.08371889,-0.46128055,-0.027358906,-0.0165742
grass,3100,0.6154313,0.26051846,0.07725086,0.0061101485
grass,3101,-0.22599845,0.17767492,0.06281209,-0.06496437
grass,3102,0.578832,-0.16545664,-0.46927854,-0.22492744
grass,3103,0.567449,0.49940023,-0.09095891,-0.046861723
grass,3104,0.15994102,-0.25369027,0.16720694,0.04268127
grass,3105,0.8894323,0.13751028,0.39777955,0.21568993
grass,3106,-0.091614366,0.39423326,-0.11681427,0.03351287
grass,3107,0.14723675,-0.46850067,-0.15473485,-0.109612085
grass,3108,0.6671009,0.41319212,-0.0964739,-0.07664449
grass,3109,-0.09576296,-0.07219337,0.47643733,0.05428125
grass,3110,0.8280222,0.020658102,-0.34565383,-0.097515896
grass,3111,0.262072,0.4513117,-0.18081196,0.008614837
grass,3112,0.11266275,-0.39376986,-0.017348578,0.0032857677
grass,3113,0.67851,0.16902219,0.37385365,0.14494637
grass,3114,-0.19849454,0.262218,-0.033465378,-0.0577816
grass,3115,0.33357224,-0.350708,-0.36268458,-0.21378544
grass,3116,0.6417629,0.49326515,-0.07072658,-0.06074078
grass,3117,0.12787232,-0.19755684,0.32538113,0.07037242
grass,3118,0.89262736,0.11495795,0.28932482,0.1426507
grass,3119,-0.0016710495,0.41654274,-0.14512017,0.059917245
grass,3120,0.08458585,-0.4736501,-0.035682924,-0.028041022
grass,3121,0.6236571,0.3068075,-0.01417705,-0.035979725
grass,3122,-0.21179673,0.051889855,0.26643506,-0.026336065
grass,3123,0.65157694,-0.107626066,-0.46336713,-0.2027819
grass,3124,0.46799642,0.48614195,-0.12408284,-0.031193124
grass,3125,0.1520259,-0.31665084,0.038689535,0.018337186
grass,3126,0.81840575,0.140335,0.46069694,0.21731424
grass,3127,-0.13584343,0.35860568,-0.09648192,-0.0038952297
grass,3128,0.17488468,-0.45350432,-0.19249624,-0.13154165
grass,3129,0.6745162,0.45293245,-0.08546327,-0.07537844
grass,3130,-0.053454846,-0.09473015,0.49191985,0.06837738
grass,3131,0.8834685,0.06533084,-0.17167266,-0.025274778
grass,3132,0.16625288,0.43491912,-0.17916445,0.03231753
grass,3133,0.08694878,-0.44525537,-0.01948497,-0.006031366
grass,3134,0.62399054,0.20802465,0.2218946,0.06954615
grass,3135,-0.21412058,0.20945632,0.02152145,-0.06638024
grass,3136,0.43161288,-0.27614835,-0.42385733,-0.23272087
grass,3137,0.5807886,0.4982685,-0.07811171,-0.048168384
grass,3138,0.15912871,-0.23635212,0.20375781,0.05076339
grass,3139,0.89032334,0.13161762,0.35682154,0.20329075
grass,3140,-0.058909353,0.40448028,-0.12052891,0.050833795
grass,3141,0.12073105,-0.47709754,-0.1072709,-0.08154606
grass,3142,0.6391237,0.34786448,-0.06410327,-0.060655653
grass,3143,-0.18398795,0.0077315727,0.34767836,-0.00075713056
grass,3144,0.74380535,-0.036626272,-0.42601562,-0.15679276
grass,3145,0.3173978,0.45801434,-0.1656743,-0.0028367855
grass,3146,0.12632315,-0.36873403,-0.009790694,0.008345386
grass,3147,0.7405109,0.14834444,0.45200557,0.19150251
grass,3148,-0.15692103,0.32883972,-0.080004275,-0.026757967
grass,3149,0.25765985,-0.40139312,-0.2899485,-0.1823044
grass,3150,0.66475505,0.47850657,-0.067741014,-0.06779039
grass,3151,0.053472474,-0.14614028,0.453431,0.08430528
grass,3152,0.8944082,0.10016446,0.1333127,0.07791414
grass,3153,0.07604849,0.422384,-0.16124137,0.0537183
grass,3154,0.0832885,-0.47062576,-0.027772713,-0.022457745
grass,3155,0.6100475,0.2513797,0.093261495,0.010369421
grass,3156,-0.2163341,0.07818089,0.21640106,-0.03985519
grass,3157,0.6097813,-0.13659622,-0.46491125,-0.21512455
grass,3158,0.47531977,0.48508593,-0.11378719,-0.031649366
grass,3159,0.16260482,-0.2886679,0.07602538,0.027434416
grass,3160,0.8327766,0.13765411,0.45464835,0.21951951
grass,3161,-0.09042708,0.39049315,-0.106144935,0.03373693
grass,3162,0.14558095,-0.4663878,-0.14527884,-0.10527222
grass,3163,0.67269397,0.43494657,-0.085819624,-0.077386245
grass,3164,-0.04831197,-0.09471053,0.49039626,0.069097064
grass,3165,0.85937214,0.047895614,-0.27100912,-0.059497606
grass,3166,0.27628538,0.44910038,-0.16879967,0.006848826
grass,3167,0.10302233,-0.40910873,-0.017375734,0.004496944
grass,3168,0.63019437,0.1932747,0.26788697,0.08929208
grass,3169,-0.19682917,0.24692343,-0.018684056,-0.06206393
grass,3170,0.3916726,-0.30383617,-0.39830562,-0.22632135
grass,3171,0.6399425,0.49182937,-0.057229318,-0.058983423
grass,3172,0.13472158,-0.19503893,0.31833625,0.07111479
grass,3173,0.8916011,0.12266411,0.32287475,0.17623094
grass,3174,-0.013072044,0.41141453,-0.12925254,0.06277452
grass,3175,0.093402,-0.47892112,-0.05086887,-0.043925203
grass,3176,0.6291884,0.32807446,-0.043866232,-0.052868027
grass,3177,-0.19385271,0.028700054,0.30601346,-0.014436977
grass,3178,0.706863,-0.060841948,-0.4415149,-0.17541546
grass,3179,0.43925664,0.4775603,-0.12307565,-0.025411677
grass,3180,0.14699851,-0.33064377,0.0137334615,0.015836835
grass,3181,0.7290133,0.14795977,0.4490451,0.1869203
grass,3182,-0.13143958,0.35532087,-0.088843174,-0.004537919
grass,3183,0.20822403,-0.43108353,-0.2297544,-0.1526549
grass,3184,0.6742288,0.45077083,-0.07562593,-0.075261034
grass,3185,0.0144931255,-0.12402368,0.48127362,0.08212349
grass,3186,0.89502376,0.0945059,0.057184365,0.054179057
grass,3187,0.11449758,0.42380086,-0.16264114,0.047257863
grass,3188,0.083583094,-0.45151532,-0.013212817,-0.0048592887
grass,3189,0.606796,0.24869733,0.09609481,0.009890465
grass,3190,-0.21761252,0.14508437,0.10483244,-0.062502965
grass,3191,0.5167637,-0.20593706,-0.45126608,-0.23132856
grass,3192,0.56894034,0.49492723,-0.06882835,-0.044986747
grass,3193,0.16623257,-0.23818307,0.182557,0.049022138
grass,3194,0.8908072,0.12830208,0.33998683,0.19660516
grass,3195,-0.041127127,0.40545812,-0.11473216,0.059003
grass,3196,0.10853307,-0.4776642,-0.07793646,-0.064037085
grass,3197,0.6531155,0.38154104,-0.08169112,-0.07394791
grass,3198,-0.13091482,-0.039713185,0.4289051,0.032072056
grass,3199,0.8049973,0.012118751,-0.37034878,-0.10978999
grass,3200,0.27602157,0.44626787,-0.16257468,0.007769338
grass,3201,0.113942586,-0.38867673,-0.015833292,0.008827374
grass,3202,0.70327234,0.15211125,0.4290162,0.17192015
grass,3203,-0.17173204,0.29142305,-0.05416141,-0.04733315
grass,3204,0.30178767,-0.36742905,-0.32693073,-0.19992478
grass,3205,0.66093147,0.48044032,-0.05307073,-0.065080136
grass,3206,0.116217665,-0.1758066,0.36872864,0.079040445
grass,3207,0.8923665,0.116965294,0.2786831,0.15030129
grass,3208,0.04055503,0.41475508,-0.1403233,0.062824085
grass,3209,0.081668,-0.4650915,-0.015443545,-0.013342227
grass,3210,0.6101624,0.28079525,0.025125392,-0.022964645
grass,3211,-0.21012335,0.08052899,0.20841962,-0.04229272
grass,3212,0.59542596,-0.14285108,-0.46004954,-0.21685065
grass,3213,0.4501148,0.47721103,-0.11178115,-0.026563294
grass,3214,0.15780956,-0.30911568,0.032861426,0.021393787
grass,3215,0.8045554,0.13652787,0.46848637,0.21624951
grass,3216,-0.10947033,0.3723843,-0.090520695,0.015106406
grass,3217,0.16638716,-0.4532296,-0.16941717,-0.120432846
grass,3218,0.67191005,0.43286672,-0.0773221,-0.07759107
grass,3219,-0.049290087,-0.08989249,0.48586136,0.0674392
grass,3220,0.8681669,0.05876323,-0.23756582,-0.04214175
grass,3221,0.18270716,0.42968535,-0.16366148,0.031606164
grass,3222,0.09561346,-0.4202773,-0.0120954765,0.006686278
grass,3223,0.62906516,0.18515262,0.28838167,0.09629723
grass,3224,-0.19376312,0.23404662,-0.006258249,-0.065270185
grass,3225,0.39116567,-0.3002346,-0.39263508,-0.22461882
grass,3226,0.59934896,0.4944164,-0.050437756,-0.04912615
grass,3227,0.16263196,-0.21886218,0.22831896,0.058391128
grass,3228,0.8917557,0.121534795,0.30551282,0.1720629
grass,3229,-0.032742206,0.4050351,-0.110302314,0.06281835
grass,3230,0.09698454,-0.4772836,-0.050685037,-0.046185024
grass,3231,0.632538,0.34014633,-0.055567753,-0.061798528
grass,3232,-0.17097357,0.0040535023,0.3489262,0.00047716242
grass,3233,0.7448294,-0.02792624,-0.41583902,-0.15029623
grass,3234,0.37089986,0.46100485,-0.13512783,-0.012028618
grass,3235,0.1348075,-0.35306662,-0.0077568856,0.013928486
grass,3236,0.72206736,0.14517839,0.45196462,0.1856783
grass,3237,-0.1335838,0.34402636,-0.07874714,-0.012656262
grass,3238,0.26438934,-0.39135668,-0.28715634,-0.18230695
grass,3239,0.6701194,0.4678488,-0.053267427,-0.069598526
grass,3240,0.046809174,-0.13455929,0.46213883,0.0854206
grass,3241,0.8937389,0.10596973,0.15643552,0.09712414
grass,3242,0.075211875,0.41535702,-0.14354032,0.058862
grass,3243,0.08466251,-0.44353688,-0.0056576766,0.0025817603
grass,3244,0.60151327,0.24371602,0.1023661,0.009922289
grass,3245,-0.21094811,0.124382965,0.13309997,-0.05898293
grass,3246,0.52433306,-0.19551149,-0.4479833,-0.22877744
grass,3247,0.52812105,0.48774403,-0.07204029,-0.03773208
grass,3248,0.17357516,-0.25337937,0.12765352,0.041031633
grass,3249,0.890378,0.13124774,0.3707718,0.20937464
grass,3250,-0.06369655,0.39603055,-0.095782965,0.051226184
grass,3251,0.122110665,-0.4714858,-0.09458865,-0.07660365
grass,3252,0.66839254,0.4209791,-0.07591313,-0.07846637
grass,3253,-0.11364889,-0.047934137,0.4391336,0.03835106
grass,3254,0.84737235,0.046148144,-0.2946846,-0.06485967
grass,3255,0.22853765,0.43381774,-0.15728438,0.020845784
grass,3256,0.118506916,-0.3793311,-0.01465016,0.012664969
grass,3257,0.63180906,0.17776567,0.3108453,0.10549116
grass,3258,-0.17876229,0.26021582,-0.029515553,-0.059435062
grass,3259,0.39128134,-0.29774812,-0.38929227,-0.22361292
grass,3260,0.6401939,0.48858306,-0.03541791,-0.0569514
grass,3261,0.11539721,-0.16853341,0.37758568,0.08159835
grass,3262,0.89172024,0.12179506,0.30025432,0.1738384
grass,3263,0.017354187,0.40887874,-0.12119127,0.068524666
grass,3264,0.081655115,-0.4667827,-0.009901808,-0.012850799
grass,3265,0.62267494,0.32193255,-0.037401482,-0.054797433
grass,3266,-0.1966619,0.057062052,0.2466811,-0.03236159
grass,3267,0.6467546,-0.09840281,-0.45060214,-0.19784099
grass,3268,0.40323702,0.46477625,-0.11794769,-0.017547313
grass,3269,0.15656567,-0.31434375,0.017632473,0.020958764
grass,3270,0.79142874,0.13449135,0.47396675,0.21437939
grass,3271,-0.1124592,0.36303213,-0.08051533,0.0075366516
grass,3272,0.1772806,-0.44439954,-0.17779888,-0.12631784
grass,3273,0.6729998,0.4413737,-0.063529044,-0.07620079
grass,3274,-0.0016225781,-0.10925777,0.4843125,0.0790232
grass,3275,0.8949881,0.09484341,0.016154457,0.049420785
grass,3276,0.14717646,0.42039898,-0.15097794,0.04299577
grass,3277,0.09195481,-0.4244751,-0.0052867536,0.010074435
grass,3278,0.59917676,0.22558448,0.14636703,0.027987955
grass,3279,-0.20460354,0.15775695,0.082123175,-0.06702965
grass,3280,0.46912557,-0.23609154,-0.42712182,-0.23042896
grass,3281,0.57534826,0.491103,-0.04494081,-0.04390653
grass,3282,0.17598027,-0.24103601,0.14900556,0.04628579
grass,3283,0.8912264,0.12535733,0.3185917,0.19001494
grass,3284,-0.030135702,0.40226814,-0.09935301,0.0661853
grass,3285,0.09664456,-0.47508746,-0.04188288,-0.04209075
grass,3286,0.6442244,0.3670742,-0.07023736,-0.07338767
grass,3287,-0.12120584,-0.039189916,0.42354482,0.031748727
grass,3288,0.7850279,0.0055737942,-0.3785767,-0.11826898
grass,3289,0.31862846,0.44697532,-0.13860853,-0.000101991114
grass,3290,0.13317306,-0.35495368,-0.011405965,0.016003896
grass,3291,0.69695234,0.14637373,0.4381792,0.17285772
grass,3292,-0.1594307,0.29113024,-0.050142717,-0.047208253
grass,3293,0.31644875,-0.35125464,-0.33022106,-0.20235483
grass,3294,0.65867907,0.4793082,-0.03134602,-0.062369954
grass,3295,0.114103556,-0.16383101,0.38386104,0.08316292
grass,3296,0.8932581,0.109949455,0.17969456,0.113283284
grass,3297,0.06441817,0.41025513,-0.12984595,0.064102985
grass,3298,0.081235796,-0.45104358,0.002636253,0.003114488
grass,3299,0.59703135,0.24986532,0.081954286,-0.0019354487
grass,3300,-0.2039092,0.12242295,0.13269706,-0.059914038
grass,3301,0.59318346,-0.13700892,-0.4514722,-0.21383491
grass,3302,0.50453156,0.48117477,-0.06976104,-0.033249307
grass,3303,0.17091635,-0.28386322,0.05237439,0.029105019
grass,3304,0.8136777,0.13157889,0.46686906,0.21880132
grass,3305,-0.08334119,0.38295215,-0.08039976,0.035878144
grass,3306,0.1629747,-0.45046493,-0.15253973,-0.11280951
grass,3307,0.67138475,0.43372193,-0.06162447,-0.07725534
grass,3308,-0.07651697,-0.06799524,0.46366164,0.053959444
grass,3309,0.85322815,0.054322995,-0.27603057,-0.05274784
grass,3310,0.20297758,0.42534617,-0.14830269,0.029114697
grass,3311,0.101641305,-0.40494153,-0.007977559,0.014735591
grass,3312,0.61255795,0.1869067,0.26622254,0.08137996
grass,3313,-0.1757314,0.24886735,-0.019639494,-0.06318492
grass,3314,0.41948497,-0.27226186,-0.40019807,-0.22617637
grass,3315,0.63037974,0.48869738,-0.022206899,-0.053149674
grass,3316,0.16093898,-0.19801967,0.26763475,0.06795798
grass,3317,0.8920521,0.11933963,0.27132,0.16236378
grass,3318,-0.018463694,0.40197003,-0.096275106,0.07042598
grass,3319,0.08547082,-0.47082832,-0.01242596,-0.020221194
grass,3320,0.63286275,0.34677583,-0.058147922,-0.068526335
grass,3321,-0.15996641,0.0025863023,0.34574717,0.0002943573
grass,3322,0.72685266,-0.033376973,-0.41662672,-0.15543027
grass,3323,0.38613513,0.45764786,-0.11315303,-0.013498446
grass,3324,0.15247752,-0.3229204,0.0023960625,0.020608833
grass,3325,0.7440245,0.1357334,0.4745373,0.20017867
grass,3326,-0.11557383,0.35191542,-0.071301594,-0.0018870637
grass,3327,0.20228682,-0.42680395,-0.20438334,-0.14197525
grass,3328,0.6684929,0.46766934,-0.032360747,-0.06724582
grass,3329,0.079783805,-0.14226994,0.43463093,0.08734329
grass,3330,0.89462715,0.09818956,0.027357815,0.05888194
grass,3331,0.1558868,0.41704753,-0.1421817,0.04271443
grass,3332,0.086050324,-0.43400097,0.0049858773,0.012345092
grass,3333,0.5950765,0.21513765,0.16935056,0.035707522
grass,3334,-0.19446312,0.17582972,0.055886496,-0.070343606
grass,3335,0.47598904,-0.22659613,-0.42427945,-0.22868574
grass,3336,0.56660354,0.48784408,-0.035113096,-0.041358367
grass,3337,0.18096408,-0.243506,0.12700826,0.044337958
grass,3338,0.8639462,0.12915055,0.41792777,0.21765974
grass,3339,-0.058525763,0.39235872,-0.07895265,0.055492926
grass,3340,0.10850514,-0.47136444,-0.05660393,-0.054666534
grass,3341,0.6615817,0.40553826,-0.067687556,-0.07945345
grass,3342,-0.07012436,-0.0692547,0.4635024,0.055331375
grass,3343,0.78122574,0.0074241534,-0.37510163,-0.11677108
grass,3344,0.3290843,0.4448874,-0.12618779,-0.0014840985
grass,3345,0.112444095,-0.38580403,-0.011221096,0.017769584
grass,3346,0.65774196,0.15353711,0.39612833,0.14503899
grass,3347,-0.15364765,0.2876167,-0.045794833,-0.048824098
grass,3348,0.3321438,-0.33634642,-0.33725628,-0.20580566
grass,3349,0.6380773,0.4860157,-0.01365578,-0.054267928
grass,3350,0.12908785,-0.16676453,0.36182636,0.082212076
grass,3351,0.89320314,0.110394865,0.16516665,0.113515936
grass,3352,0.0313428,0.40396252,-0.107990615,0.072766066
grass,3353,0.07967533,-0.4579624,0.009603509,0.0015990799
grass,3354,0.60843176,0.29974633,-0.011768815,-0.047303922
grass,3355,-0.19274849,0.08010639,0.19869134,-0.04583917
grass,3356,0.63085365,-0.103074506,-0.44400582,-0.19953376
grass,3357,0.43730453,0.4656082,-0.08716252,-0.022065345
grass,3358,0.16853033,-0.2936588,0.027170703,0.02673169
grass,3359,0.76256925,0.13184273,0.48089585,0.20813265
grass,3360,-0.088447265,0.37450087,-0.07013347,0.027662216
grass,3361,0.1574899,-0.4506271,-0.13651751,-0.10487462
grass,3362,0.67172164,0.4382586,-0.048802737,-0.07600183
grass,3363,0.025546908,-0.114920184,0.4738916,0.08348604
grass,3364,0.8684154,0.068880595,-0.22554266,-0.026819052
grass,3365,0.21890438,0.4234343,-0.13860887,0.026259163
grass,3366,0.09129314,-0.4208864,0.0045496677,0.017480668
grass,3367,0.5929413,0.20844127,0.18497208,0.041182682
grass,3368,-0.18698493,0.1895988,0.038099468,-0.07162835
grass,3369,0.4704663,-0.22846672,-0.41861695,-0.22758606
grass,3370,0.609418,0.48839507,-0.01228529,-0.04744567
grass,3371,0.17891403,-0.21509384,0.19619949,0.057894323
grass,3372,0.8912261,0.12535958,0.32094806,0.19523358
grass,3373,-0.017971238,0.39891922,-0.08470284,0.07352201
grass,3374,0.10467554,-0.47065592,-0.043884818,-0.047254875
grass,3375,0.6290944,0.34299496,-0.05384394,-0.06948455
grass,3376,-0.13435915,-0.01915808,0.38309053,0.01587823
grass,3377,0.7456833,-0.015057869,-0.3988566,-0.13971333
grass,3378,0.355037,0.4476093,-0.112881064,-0.0065356423
grass,3379,0.14636141,-0.33282512,-0.008800397,0.021163424
grass,3380,0.67726845,0.14422931,0.4317301,0.16399753
grass,3381,-0.11550181,0.34316093,-0.06357251,-0.008678273
grass,3382,0.24407144,-0.3969517,-0.24802065,-0.16564652
grass,3383,0.6688396,0.464808,-0.021839337,-0.0669235
grass,3384,0.07578986,-0.13557419,0.44072923,0.08824199
grass,3385,0.8939629,0.10406315,0.07330376,0.08100985
grass,3386,0.10742818,0.40725186,-0.1245144,0.058304604
grass,3387,0.07932589,-0.45536834,0.015979782,0.0059356284
grass,3388,0.5876586,0.23090334,0.118880354,0.010359447
grass,3389,-0.1924754,0.11013833,0.1460819,-0.05852843
grass,3390,0.5699092,-0.14806108,-0.44122005,-0.21594267
grass,3391,0.49455827,0.4745821,-0.05474498,-0.030252192
grass,3392,0.18072057,-0.26620156,0.063150994,0.03472118
grass,3393,0.84267586,0.12715296,0.44151142,0.21969931
grass,3394,-0.06936643,0.3841407,-0.066244625,0.046265077
grass,3395,0.13745415,-0.45869973,-0.099407144,-0.083703525
grass,3396,0.6636571,0.4123577,-0.057895012,-0.07958142
grass,3397,-0.056364547,-0.073156506,0.46498623,0.059047822
grass,3398,0.81699926,0.036294974,-0.329157,-0.081725106
grass,3399,0.23622923,0.42363346,-0.13198295,0.02231932
grass,3400,0.10239363,-0.39953077,-0.0018198527,0.021451658
grass,3401,0.6146897,0.17078632,0.31249726,0.099330604
grass,3402,-0.15748827,0.2632694,-0.029281834,-0.059439622
grass,3403,0.37496126,-0.30067098,-0.36322436,-0.2156736
grass,3404,0.6127002,0.48702657,-0.0031744763,-0.04724088
grass,3405,0.17070092,-0.19402893,0.25414133,0.068668045
grass,3406,0.8925345,0.1156767,0.21299307,0.14182499
grass,3407,0.022993151,0.3998644,-0.09371908,0.076993376
grass,3408,0.08430511,-0.46703842,0.0044943616,-0.011391904
grass,3409,0.6126527,0.31419507,-0.029693957,-0.058766402
grass,3410,-0.16445397,0.022908736,0.3001547,-0.015159589
grass,3411,0.6667323,-0.07089111,-0.4312771,-0.18194552
grass,3412,0.41221264,0.45709208,-0.08650496,-0.017046861
grass,3413,0.17111348,-0.29080394,0.020980598,0.027920775
grass,3414,0.77600527,0.1279972,0.48295158,0.2131501
grass,3415,-0.10374241,0.35270685,-0.060871236,0.002706176
grass,3416,0.20094582,-0.42309415,-0.19076344,-0.13650405
grass,3417,0.6713278,0.4397433,-0.03719624,-0.074997224
grass,3418,0.027670156,-0.111849844,0.47162288,0.08359723
grass,3419,0.89143354,0.091824435,-0.083929494,0.030174075
grass,3420,0.14726073,0.40891653,-0.12579547,0.04829424
grass,3421,0.08805858,-0.42439646,0.014215306,0.021395557
grass,3422,0.58438754,0.2274476,0.12404391,0.011095055
grass,3423,-0.18680145,0.15009688,0.085019596,-0.06952008
grass,3424,0.43184423,-0.25510177,-0.39507434,-0.22395092
grass,3425,0.5492064,0.48174703,-0.02164956,-0.03704969
grass,3426,0.1858783,-0.21767971,0.17152539,0.05549401
grass,3427,0.8602502,0.12596227,0.41595545,0.21688367
grass,3428,-0.022868304,0.39538953,-0.071187064,0.07522104
grass,3429,0.10750851,-0.46772325,-0.040372223,-0.046990983
grass,3430,0.6453375,0.3755717,-0.061266936,-0.07896674
grass,3431,-0.102394596,-0.041348893,0.41914806,0.03355812
grass,3432,0.76856834,0.0056861057,-0.37484854,-0.11927546
grass,3433,0.33664072,0.44005385,-0.10840884,-0.0018976559
grass,3434,0.1364879,-0.34670222,-0.014733458,0.022875054
grass,3435,0.63359976,0.15501046,0.37257585,0.12803064
grass,3436,-0.14283256,0.28506553,-0.04088096,-0.0500132
grass,3437,0.27662897,-0.37151474,-0.27607498,-0.18023272
grass,3438,0.6544105,0.47723225,0.0039796047,-0.057633363
grass,3439,0.13975012,-0.163355,0.35065854,0.083270304
grass,3440,0.8932313,0.1101675,0.1312099,0.109309554
grass,3441,0.05171963,0.39905256,-0.09796645,0.074684456
grass,3442,0.07905838,-0.45644283,0.02425021,0.007937344
grass,3443,0.6017145,0.29516095,-0.008044181,-0.049988214
grass,3444,-0.17921159,0.066312894,0.21622232,-0.041525472
grass,3445,0.58187807,-0.13426188,-0.43633327,-0.2107831
grass,3446,0.4562848,0.4641463,-0.06093628,-0.023832332
grass,3447,0.17238612,-0.2895241,0.01663881,0.02855109
grass,3448,0.77190614,0.12652573,0.48499608,0.21266837
grass,3449,-0.085257925,0.36802664,-0.05652355,0.024320973
grass,3450,0.17683652,-0.43581533,-0.15255606,-0.11617571
grass,3451,0.669437,0.43207315,-0.036974613,-0.076474525
grass,3452,0.014330211,-0.103701495,0.47369537,0.08058633
grass,3453,0.85574746,0.06552363,-0.26038945,-0.035885278
grass,3454,0.18249795,0.41092053,-0.123466045,0.038873404
grass,3455,0.09878389,-0.40292266,0.006251933,0.025642708
grass,3456,0.59367645,0.1835494,0.25465485,0.069159865
grass,3457,-0.16567294,0.22238915,0.0025214008,-0.07083778
grass,3458,0.4133691,-0.26740375,-0.38125017,-0.22072983
grass,3459,0.6006958,0.48499742,0.006967239,-0.043787014
grass,3460,0.16723025,-0.18148004,0.2811465,0.07452037
grass,3461,0.8920931,0.11903293,0.24441917,0.16404815
grass,3462,-0.020335553,0.3938979,-0.06492481,0.07761169
grass,3463,0.08382907,-0.46470866,0.014958241,-0.0060580303
grass,3464,0.61261404,0.31863314,-0.033834897,-0.06372048
grass,3465,-0.16263554,0.030065842,0.28206456,-0.02096331
grass,3466,0.72008544,-0.02640246,-0.40387753,-0.14992245
grass,3467,0.40775234,0.45274553,-0.0778332,-0.015609376
grass,3468,0.13877565,-0.34250364,-0.015376703,0.024469307
grass,3469,0.71034974,0.13118958,0.47423005,0.18938276
grass,3470,-0.111090116,0.33341008,-0.053258073,-0.01542163
grass,3471,0.22048056,-0.40801245,-0.20836648,-0.14703624
grass,3472,0.66592425,0.46602848,0.00091670454,-0.06347413
grass,3473,0.09204952,-0.13548353,0.42678255,0.089653075
grass,3474,0.8917827,0.09492625,-0.075527646,0.03817885
grass,3475,0.11220799,0.40089872,-0.1100186,0.06068188
grass,3476,0.08036256,-0.44092348,0.030966468,0.021228572
grass,3477,0.5800036,0.2357846,0.0976435,-0.0032867119
grass,3478,-0.17940421,0.15345378,0.07753622,-0.071479134
grass,3479,0.5072537,-0.19129711,-0.41964045,-0.22232278
grass,3480,0.5193209,0.47449613,-0.023430118,-0.032112885
grass,3481,0.18729357,-0.2581262,0.05718179,0.0370344
grass,3482,0.8407799,0.12381915,0.43864438,0.21901493
grass,3483,-0.035916626,0.39063,-0.055305585,0.07218565
grass,3484,0.12641655,-0.45932633,-0.06628219,-0.06581651
grass,3485,0.6451035,0.3774026,-0.056354582,-0.08028165
grass,3486,-0.07681347,-0.05488562,0.4374851,0.0451376
grass,3487,0.79296064,0.026771795,-0.34428906,-0.09496444
grass,3488,0.24092674,0.41768485,-0.11702667,0.0226962
grass,3489,0.11258646,-0.3797031,-0.004070361,0.027397584
grass,3490,0.6371618,0.14794153,0.39380667,0.1367503
grass,3491,-0.12580545,0.30403435,-0.045651138,-0.038570233
grass,3492,0.30265564,-0.349823,-0.29456785,-0.18954778
grass,3493,0.6394496,0.48089513,0.020916462,-0.051257145
grass,3494,0.1746526,-0.18379903,0.26253206,0.07272156
grass,3495,0.89283526,0.113332026,0.15859082,0.12670025
grass,3496,0.048841707,0.3951426,-0.08645755,0.07831678
grass,3497,0.07964488,-0.45790508,0.03138425,0.008407049
grass,3498,0.5953989,0.28792197,0.000017234357,-0.048804387
grass,3499,-0.16587153,0.044704404,0.25147563,-0.030875785
grass,3500,0.6241422,-0.09662384,-0.42945486,-0.19500698
grass,3501,0.4406744,0.45778307,-0.057133764,-0.020737046
grass,3502,0.18274975,-0.27113682,0.030686095,0.033143006
grass,3503,0.78109014,0.12350931,0.4841083,0.2154983
grass,3504,-0.08265467,0.36429802,-0.04880635,0.022261314
grass,3505,0.17041045,-0.43691227,-0.13493721,-0.10748675
grass,3506,0.6704347,0.44256964,-0.01697497,-0.072722614
grass,3507,0.06254991,-0.12024857,0.4526201,0.088466056
grass,3508,0.8717671,0.07962549,-0.20497224,-0.0070984736
grass,3509,0.16233356,0.4039196,-0.11292608,0.046467043
grass,3510,0.085559994,-0.42496833,0.02916697,0.028631419
grass,3511,0.58600956,0.18357724,0.24590491,0.06257902
grass,3512,-0.15774038,0.22415721,0.00029785326,-0.07143823
grass,3513,0.42385414,-0.2556612,-0.3808878,-0.2201497
grass,3514,0.57695216,0.48133117,0.011404056,-0.038946018
grass,3515,0.19113033,-0.20484741,0.18377872,0.06056869
grass,3516,0.8829734,0.12356123,0.36000347,0.20649894
grass,3517,-0.018405933,0.3912849,-0.05406911,0.08088886
grass,3518,0.10140212,-0.46503723,-0.013047019,-0.031659096
grass,3519,0.6277173,0.34867397,-0.05033947,-0.07638854
grass,3520,-0.09838078,-0.03725418,0.40672,0.030067474
grass,3521,0.7400349,-0.007551378,-0.38523495,-0.1329921
grass,3522,0.31234947,0.4289405,-0.0996584,0.004635132
grass,3523,0.14193779,-0.33656117,-0.016667875,0.026928257
grass,3524,0.6450672,0.14194547,0.41504744,0.14695977
grass,3525,-0.11777155,0.31067565,-0.045177832,-0.03350966
grass,3526,0.26310596,-0.37646192,-0.25054744,-0.16953242
grass,3527,0.6564312,0.4730908,0.02279488,-0.056786615
grass,3528,0.13491315,-0.15127309,0.36934957,0.08742738
grass,3529,0.89357823,0.10731686,0.05912471,0.09048729
grass,3530,0.051130474,0.39292374,-0.08099071,0.07968537
grass,3531,0.08166275,-0.4335493,0.03797948,0.028324232
grass,3532,0.576625,0.24207959,0.07842587,-0.014400773
grass,3533,-0.1746159,0.13405065,0.1005821,-0.06922394
grass,3534,0.5683813,-0.13822727,-0.425671,-0.21036741
grass,3535,0.52228224,0.47247073,-0.009842787,-0.031567987
grass,3536,0.19534001,-0.23849352,0.08412356,0.043814033
grass,3537,0.8453827,0.12196995,0.42845538,0.21767105
grass,3538,-0.056432057,0.381021,-0.041331492,0.05526207
grass,3539,0.14532238,-0.44857126,-0.08992155,-0.081972174
grass,3540,0.6656763,0.42336246,-0.028419059,-0.07762173
grass,3541,-0.009249811,-0.08749284,0.46765512,0.07235381
grass,3542,0.82733953,0.053399917,-0.2922507,-0.05723016
grass,3543,0.23120081,0.4119086,-0.10905099,0.026331574
grass,3544,0.11684813,-0.37117994,-0.0046046693,0.030589206
grass,3545,0.6137242,0.15359952,0.35817987,0.11544939
grass,3546,-0.15023735,0.23270163,-0.006790683,-0.0701828
grass,3547,0.36604938,-0.29898307,-0.3402347,-0.20848425
grass,3548,0.6261161,0.48123327,0.034023058,-0.046544496
grass,3549,0.18774469,-0.19072899,0.22062947,0.067768045
grass,3550,0.8924417,0.11639042,0.19428004,0.148116
grass,3551,0.00782478,0.39064345,-0.0581396,0.08644803
grass,3552,0.08221453,-0.45989317,0.034791384,0.0053249276
grass,3553,0.61134124,0.32280925,-0.036053933,-0.06953815
grass,3554,-0.14518416,0.01590292,0.3023743,-0.012981344
grass,3555,0.634937,-0.083878614,-0.42202285,-0.18802853
grass,3556,0.3776685,0.44074416,-0.07345885,-0.009197457
grass,3557,0.17474702,-0.28751698,0.0011785524,0.030338591
grass,3558,0.6845002,0.12961851,0.46700948,0.17837007
grass,3559,-0.08780801,0.35095304,-0.04332033,0.006750465
grass,3560,0.21546513,-0.40705863,-0.18963659,-0.13899776
grass,3561,0.6655726,0.4626126,0.018516794,-0.0623262
grass,3562,0.0860941,-0.12598093,0.43450728,0.090622745
grass,3563,0.89375573,0.10215573,-0.027648672,0.06292354
grass,3564,0.13159087,0.39610064,-0.09942764,0.057834283
grass,3565,0.08291018,-0.4283979,0.041359898,0.0325207
grass,3566,0.5719865,0.20208362,0.1777338,0.028862188
grass,3567,-0.16920356,0.1466094,0.08145511,-0.07267884
grass,3568,0.44424245,-0.23596038,-0.3850767,-0.21999949
grass,3569,0.5278757,0.471968,0.00050760247,-0.031690113
grass,3570,0.198868,-0.22922769,0.09698347,0.047258228
grass,3571,0.8498283,0.120961405,0.41862658,0.21623658
grass,3572,-0.032540515,0.38692302,-0.037973046,0.07664738
grass,3573,0.12204084,-0.45713905,-0.043313675,-0.054089446
grass,3574,0.6374322,0.36773482,-0.049286507,-0.08108717
grass,3575,-0.06503533,-0.056184,0.4343519,0.04685295
grass,3576,0.77202857,0.019118506,-0.3528089,-0.10464095
grass,3577,0.27426136,0.4174617,-0.0987522,0.014761545
grass,3578,0.13762543,-0.3409239,-0.016503714,0.029900037
grass,3579,0.6162266,0.14866608,0.37370533,0.12192506
grass,3580,-0.110682555,0.31077623,-0.041457057,-0.03278503
grass,3581,0.32295805,-0.33007953,-0.30172125,-0.19386318
grass,3582,0.64494467,0.47655922,0.0407096,-0.050969757
grass,3583,0.17321563,-0.16994137,0.28637698,0.078796744
grass,3584,0.8930359,0.11174013,0.10954458,0.11523465
grass,3585,0.049605727,0.3891784,-0.07022753,0.0829651
grass,3586,0.08046882,-0.45631045,0.04542229,0.013243895
grass,3587,0.5825588,0.2708577,0.021400264,-0.0428341
grass,3588,-0.16707835,0.08612944,0.17030205,-0.054717176
grass,3589,0.6178757,-0.09467067,-0.42010093,-0.19290529
grass,3590,0.47601157,0.460674,-0.022224136,-0.024876043
grass,3591,0.18370828,-0.27274865,0.011428482,0.033207912
grass,3592,0.77214956,0.11978628,0.4886886,0.21457806
grass,3593,-0.06706613,0.36945865,-0.034252282,0.036724515
grass,3594,0.16258559,-0.43730792,-0.10911509,-0.094806984
grass,3595,0.66184163,0.41543776,-0.025950624,-0.078918755
grass,3596,-0.016935963,-0.080605306,0.4606985,0.068124905
grass,3597,0.8773693,0.08767699,-0.1783518,0.011099178
grass,3598,0.22214545,0.40632278,-0.101095855,0.029805277
grass,3599,0.092971414,-0.40603042,0.02972625,0.037560787
grass,3600,0.56921875,0.1977207,0.18659687,0.031414706
grass,3601,-0.1503579,0.21103922,0.009891382,-0.07506449
grass,3602,0.41550058,-0.25692156,-0.36581182,-0.2160256
grass,3603,0.5983343,0.47977975,0.040768135,-0.040068645
grass,3604,0.19673757,-0.19500367,0.18820225,0.064118154
grass,3605,0.8919881,0.11981712,0.264696,0.18077055
grass,3606,-0.007683196,0.38744646,-0.039887562,0.08819027
grass,3607,0.101566486,-0.46123803,0.0027957633,-0.024379427
grass,3608,0.62292284,0.34537995,-0.044881634,-0.078352
grass,3609,-0.12091664,-0.008623007,0.34638166,0.0051433733
grass,3610,0.6971329,-0.032012824,-0.39802572,-0.1540534
grass,3611,0.36099428,0.43365774,-0.07017988,-0.0054918304
grass,3612,0.15603438,-0.31480926,-0.019038834,0.030119166
grass,3613,0.64462024,0.1348246,0.43193355,0.15260047
grass,3614,-0.10005286,0.3221584,-0.039776802,-0.022688832
grass,3615,0.23141114,-0.39406267,-0.20189047,-0.14665124
grass,3616,0.6649514,0.46092147,0.029575702,-0.06139248
grass,3617,0.11410353,-0.1335869,0.40588182,0.09156846
grass,3618,0.89321715,0.1102816,0.075380445,0.105098106
grass,3619,0.11931027,0.39078593,-0.087967195,0.06360873
grass,3620,0.07840327,-0.44239813,0.058067374,0.030789763
grass,3621,0.5657229,0.22045754,0.12075851,0.0007947306
grass,3622,-0.16351843,0.13785514,0.08969014,-0.072450414
grass,3623,0.5318267,-0.16137889,-0.4098068,-0.2139218
grass,3624,0.5119854,0.46657264,0.0039831344,-0.02894479
grass,3625,0.20199779,-0.23025215,0.0791993,0.045969173
grass,3626,0.8262508,0.11850049,0.44696838,0.21860233
grass,3627,-0.0450154,0.38083705,-0.025574459,0.06578796
grass,3628,0.14145966,-0.4466203,-0.06865165,-0.07161442
grass,3629,0.6476959,0.3878527,-0.038873076,-0.08239122
grass,3630,-0.06611785,-0.05190463,0.4245206,0.043299317
grass,3631,0.8181234,0.05346863,-0.290993,-0.057388816
grass,3632,0.26703733,0.41222942,-0.09148973,0.01720594
grass,3633,0.12179039,-0.36059794,-0.004629515,0.035511717
grass,3634,0.5826745,0.16558093,0.2931222,0.07943166
grass,3635,-0.11985028,0.2781818,-0.0307506,-0.05378319
grass,3636,0.33898294,-0.31509435,-0.30832052,-0.19722973
grass,3637,0.6326651,0.47763962,0.055347983,-0.0460357
grass,3638,0.18263502,-0.17088367,0.26580083,0.07735257
grass,3639,0.8927826,0.1137455,0.13252033,0.12942083
grass,3640,0.009615366,0.38571063,-0.04108321,0.09172883
grass,3641,0.08029875,-0.45361707,0.05645715,0.019106075
grass,3642,0.58490044,0.2824551,0.0029520518,-0.053949427
grass,3643,-0.15809044,0.0689977,0.19512871,-0.048036445
grass,3644,0.62285095,-0.08659845,-0.4133564,-0.18822785
grass,3645,0.40310282,0.44133,-0.04737342,-0.013289187
grass,3646,0.18221706,-0.27616507,-0.0016078241,0.033163957
grass,3647,0.69562364,0.122466005,0.48467696,0.18812642
grass,3648,-0.07947084,0.3482591,-0.032960057,0.006935637
grass,3649,0.17644882,-0.42720592,-0.12182442,-0.10353954
grass,3650,0.66720396,0.45257795,0.02596533,-0.06493754
grass,3651,0.037114505,-0.10063049,0.4593081,0.083566226
grass,3652,0.87622577,0.089855105,-0.16864103,0.016924443
grass,3653,0.1310544,0.3894313,-0.085373595,0.0606271
grass,3654,0.085994884,-0.41698173,0.049672447,0.041967895
grass,3655,0.56436217,0.19283694,0.19456375,0.032700337
grass,3656,-0.15169229,0.18118836,0.036372583,-0.07807469
grass,3657,0.47454923,-0.2058848,-0.38807333,-0.21752807
grass,3658,0.5939959,0.47767916,0.05223889,-0.038173247
grass,3659,0.20446987,-0.20097145,0.15082125,0.059496667
grass,3660,0.87074983,0.11915747,0.36478287,0.20653859
grass,3661,-0.023720143,0.38409463,-0.022326916,0.084701866
grass,3662,0.10566403,-0.45819858,0.004703352,-0.025449412
grass,3663,0.6261686,0.35337844,-0.042956088,-0.08127525
grass,3664,-0.1025687,-0.021812037,0.3680622,0.015855022
grass,3665,0.772985,0.026222346,-0.33957234,-0.09607464
grass,3666,0.33279312,0.4239347,-0.07073392,0.0008654301
grass,3667,0.14740388,-0.32500607,-0.020553846,0.03303034
grass,3668,0.6578334,0.12750852,0.45726886,0.1659188
grass,3669,-0.10603668,0.298005,-0.034154538,-0.04148481
grass,3670,0.28233203,-0.3558859,-0.25160912,-0.17266476
grass,3671,0.65651786,0.46799994,0.05325023,-0.054361008
grass,3672,0.12444857,-0.13374299,0.3944309,0.09207582
grass,3673,0.8930047,0.11198895,0.091760196,0.116162695
grass,3674,0.08014785,0.38406646,-0.06704676,0.07857801
grass,3675,0.08046297,-0.4302912,0.064214334,0.040973973
grass,3676,0.58334583,0.28299192,0.0013514841,-0.056196094
grass,3677,-0.15776485,0.09112178,0.15491109,-0.0592772
grass,3678,0.521742,-0.16591175,-0.40101776,-0.21321143
grass,3679,0.5016369,0.4620724,0.009816933,-0.026995907
grass,3680,0.18449682,-0.27277583,-0.0036520353,0.034039076
grass,3681,0.75950783,0.11623475,0.49409696,0.21265395
grass,3682,-0.044079054,0.37813178,-0.01600951,0.06511135
grass,3683,0.16747919,-0.43090212,-0.10251096,-0.09325616
grass,3684,0.659411,0.41358882,-0.013618579,-0.07872894
grass,3685,0.020842465,-0.09210768,0.45908624,0.078772075
grass,3686,0.8359583,0.067994274,-0.25246876,-0.031897046
grass,3687,0.18591146,0.39399394,-0.08779013,0.042573664
grass,3688,0.10411066,-0.3837435,0.022161508,0.04328385
grass,3689,0.5720901,0.16867898,0.27249613,0.06729624
grass,3690,-0.13365531,0.22665499,-0.0036726184,-0.07377541
grass,3691,0.34785047,-0.30550435,-0.30847678,-0.19786054
grass,3692,0.6190152,0.47720435,0.0673082,-0.04160799
grass,3693,0.18563625,-0.16637927,0.26614702,0.07889731
grass,3694,0.89225906,0.11778266,0.22971824,0.17098445
grass,3695,0.018695435,0.38243437,-0.03492715,0.09451155
grass,3696,0.085109025,-0.455699,0.056088567,0.012539545
grass,3697,0.6170395,0.3407116,-0.039476924,-0.07994181
grass,3698,-0.13130254,0.016267033,0.28956518,-0.01594372
grass,3699,0.69569886,-0.026325563,-0.38785997,-0.14893916
grass,3700,0.3976903,0.43704602,-0.04023546,-0.012066736
grass,3701,0.15720546,-0.31110302,-0.023225721,0.033407986
grass,3702,0.68382365,0.12085109,0.483294,0.18370676
grass,3703,-0.07379849,0.3474194,-0.026524184,0.008000587
grass,3704,0.20163178,-0.4096868,-0.14983207,-0.12061416
grass,3705,0.66555357,0.4535793,0.039951034,-0.062665805
grass,3706,0.096186,-0.119899675,0.42617717,0.09232517
grass,3707,0.89356005,0.10746842,-0.00050982536,0.085062176
grass,3708,0.1064598,0.38322002,-0.07061296,0.07083586
grass,3709,0.08650302,-0.41348302,0.05733062,0.04707922
grass,3710,0.55699223,0.20553164,0.15058918,0.010519896
grass,3711,-0.14527628,0.17943415,0.035834704,-0.079330936
grass,3712,0.46215734,-0.21269168,-0.37627435,-0.21550603
grass,3713,0.5461135,0.46948645,0.04204432,-0.031323995
grass,3714,0.20267773,-0.2400546,0.035622858,0.04137356
grass,3715,0.8682097,0.11759279,0.36110675,0.205425
grass,3716,-0.039572414,0.37817168,-0.009731878,0.06995767
grass,3717,0.11034336,-0.4548148,0.0056314655,-0.02706315
grass,3718,0.6491894,0.3942114,-0.024643578,-0.08223244
grass,3719,-0.0425133,-0.06045411,0.43191525,0.051904608
grass,3720,0.80539405,0.05119841,-0.2941555,-0.06103951
grass,3721,0.29004973,0.41106012,-0.07390262,0.011494902
grass,3722,0.11256319,-0.36980173,0.012460217,0.043715376
grass,3723,0.5982004,0.14337179,0.37106985,0.1142087
grass,3724,-0.09693614,0.3024399,-0.031464208,-0.03786475
grass,3725,0.34494415,-0.30611232,-0.3017444,-0.19557087
grass,3726,0.6416312,0.47308597,0.07429053,-0.046713725
grass,3727,0.17104034,-0.15212834,0.31319514,0.08603325
grass,3728,0.8928286,0.11338477,0.11161774,0.12800023
grass,3729,0.02848323,0.3801224,-0.033710334,0.095143035
grass,3730,0.07849612,-0.4391427,0.07885041,0.040278662
grass,3731,0.59589386,0.30938315,-0.024472956,-0.07182018
grass,3732,-0.14824261,0.0667262,0.19146487,-0.049185798
grass,3733,0.6391979,-0.067130126,-0.40068352,-0.17656706
grass,3734,0.47984582,0.45487425,0.008562342,-0.023838872
grass,3735,0.19397542,-0.25790745,0.0034209415,0.036874864
grass,3736,0.7125472,0.116003454,0.49808794,0.1984634
grass,3737,-0.059072368,0.3618779,-0.015176188,0.03266061
grass,3738,0.15474178,-0.4355661,-0.07258017,-0.07707125
grass,3739,0.6631258,0.4267169,0.009835885,-0.07413641
grass,3740,0.075358346,-0.109939866,0.4407411,0.09024286
grass,3741,0.8551465,0.082404874,-0.20160294,-0.0011026654
grass,3742,0.14440843,0.38441554,-0.07493134,0.058001958
grass,3743,0.096825354,-0.39291558,0.04145184,0.04931696
grass,3744,0.5543499,0.19589385,0.17414387,0.019772075
grass,3745,-0.14129362,0.17860116,0.035189647,-0.08011332
grass,3746,0.3778274,-0.2791981,-0.32392094,-0.20383371
grass,3747,0.59305894,0.47479355,0.07272191,-0.036058918
grass,3748,0.21226038,-0.20880724,0.099510856,0.05339446
grass,3749,0.8923033,0.117447175,0.24088517,0.17565228
grass,3750,-0.02019222,0.3806116,-0.005385139,0.08973843
grass,3751,0.0883833,-0.4545184,0.059856772,0.01151346
grass,3752,0.6170433,0.34360066,-0.037168875,-0.081951596
grass,3753,-0.11678561,0.0026702068,0.3120458,-0.006220726
grass,3754,0.7192796,-0.0049349885,-0.36889073,-0.12978688
grass,3755,0.3201927,0.41564244,-0.060958102,0.004012694
grass,3756,0.1510154,-0.31752267,-0.023358393,0.036485057
grass,3757,0.6172593,0.13214336,0.4175112,0.1377327
grass,3758,-0.09155699,0.3048039,-0.029436236,-0.03573222
grass,3759,0.23943545,-0.3825004,-0.19092932,-0.14399838
grass,3760,0.65874106,0.4624946,0.06715619,-0.054804824
grass,3761,0.11529453,-0.123521484,0.4077341,0.093560144
grass,3762,0.89316523,0.11070132,0.04656497,0.10614176
grass,3763,0.09755911,0.3786885,-0.05936057,0.07575962
grass,3764,0.08324861,-0.41883084,0.07397732,0.05131765
grass,3765,0.56426054,0.25437585,0.038957566,-0.04215177
grass,3766,-0.14791754,0.12385963,0.09893768,-0.07300181
grass,3767,0.5361046,-0.14827941,-0.39372241,-0.20735388
grass,3768,0.4861038,0.45487532,0.018893337,-0.024235781
grass,3769,0.20856956,-0.2298531,0.042154953,0.04420004
grass,3770,0.81422716,0.11334572,0.45153242,0.21761654
grass,3771,-0.0351775,0.37700543,0.00016619312,0.07414129
grass,3772,0.12600297,-0.44744796,-0.014883408,-0.042508077
grass,3773,0.6573428,0.41312635,-0.00016093999,-0.07806158
grass,3774,-0.0037689274,-0.07678133,0.44705388,0.06795991
grass,3775,0.79971087,0.051124208,-0.29280004,-0.061051264
grass,3776,0.2558383,0.4003362,-0.0723724,0.021158498
grass,3777,0.11752196,-0.36050683,0.009576386,0.046138577
grass,3778,0.58281446,0.14664651,0.34679556,0.09955008
grass,3779,-0.108724646,0.26155797,-0.021430844,-0.062824
grass,3780,0.36069515,-0.29115364,-0.3069569,-0.19807626
grass,3781,0.608814,0.4746641,0.0859279,-0.037649788
grass,3782,0.18234059,-0.15366568,0.2903381,0.084494434
grass,3783,0.892551,0.115549244,0.17480505,0.15449083
grass,3784,0.029285762,0.37681532,-0.024096223,0.098017216
grass,3785,0.083395734,-0.45015728,0.07868216,0.026161542
grass,3786,0.5998326,0.3192234,-0.029316707,-0.077330165
grass,3787,-0.13400295,0.038201913,0.23883858,-0.033460468
grass,3788,0.60924685,-0.08702156,-0.39733762,-0.18603586
grass,3789,0.4010368,0.43320677,-0.023618,-0.012374755
grass,3790,0.16881128,-0.29369283,-0.02741444,0.035598632
grass,3791,0.73894304,0.11207269,0.500959,0.20851965
grass,3792,-0.063339286,0.3482935,-0.015130046,0.01285693
grass,3793,0.21013129,-0.40074086,-0.14784043,-0.121596545
grass,3794,0.6643035,0.44825745,0.051673234,-0.06287305
grass,3795,0.0736913,-0.10611098,0.43996152,0.089839876
grass,3796,0.8726979,0.0948776,-0.13852565,0.03310217
grass,3797,0.1115178,0.37724552,-0.058957424,0.07149663
grass,3798,0.09029623,-0.40220904,0.06328801,0.055157945
grass,3799,0.5494062,0.21321937,0.12119402,-0.006244262
grass,3800,-0.13304624,0.18448333,0.02720958,-0.08132146
grass,3801,0.42729187,-0.23635179,-0.34795046,-0.21012127
grass,3802,0.565713,0.46975037,0.072535686,-0.03172212
grass,3803,0.21419817,-0.21645465,0.06334173,0.04882845
grass,3804,0.8442052,0.11383792,0.40082115,0.21171355
grass,3805,-0.02847066,0.37738454,0.006675054,0.082483314
grass,3806,0.10774584,-0.4517374,0.02847316,-0.015049465
grass,3807,0.63041955,0.36675304,-0.030051846,-0.084800005
grass,3808,-0.063401654,-0.042289212,0.39638,0.034479458
grass,3809,0.724002,0.0024126722,-0.35886243,-0.122234516
grass,3810,0.31996813,0.41232738,-0.05295318,0.0040630572
grass,3811,0.13605493,-0.3346116,-0.011953472,0.042653296
grass,3812,0.63356847,0.12331277,0.45108297,0.15525413
grass,3813,-0.086202905,0.30200106,-0.026196709,-0.037575718
grass,3814,0.31627166,-0.3242205,-0.2650786,-0.18132526
grass,3815,0.63935643,0.4710327,0.09460024,-0.04405535
grass,3816,0.14748882,-0.13253734,0.36646533,0.093062274
grass,3817,0.89336693,0.10906227,0.0011224411,0.09353157
grass,3818,0.04212692,0.37415317,-0.025393823,0.09672527
grass,3819,0.08009367,-0.42735758,0.092681654,0.05341641
grass,3820,0.5591452,0.25076872,0.041956674,-0.042916432
grass,3821,-0.14251792,0.1085874,0.11645015,-0.069881804
grass,3822,0.58031726,-0.10820624,-0.3930453,-0.19424386
grass,3823,0.4440743,0.44235212,0.0048984494,-0.01873944
grass,3824,0.18581891,-0.27037364,-0.022298291,0.036343936
grass,3825,0.761562,0.11035418,0.49364987,0.2139757
grass,3826,-0.038706936,0.37212422,0.0072077755,0.06428856
grass,3827,0.14717379,-0.43595412,-0.0438939,-0.062252153
grass,3828,0.65964603,0.42209426,0.019635513,-0.07436569
grass,3829,0.039354485,-0.09168258,0.44818154,0.081697635
grass,3830,0.8071966,0.059162363,-0.27324212,-0.047566168
grass,3831,0.18755852,0.38411593,-0.068145424,0.043599993
grass,3832,0.11018288,-0.3685043,0.026646692,0.052549355
grass,3833,0.55083567,0.17365617,0.23356616,0.043317534
grass,3834,-0.12345301,0.2030448,0.01041716,-0.08061367
grass,3835,0.40530935,-0.25263014,-0.33068874,-0.20586649
grass,3836,0.6133693,0.4731875,0.099737845,-0.03716533
grass,3837,0.2179868,-0.19192213,0.12351433,0.060117316
grass,3838,0.8863268,0.11584089,0.26484877,0.18253174
grass,3839,0.01597139,0.374649,-0.006051699,0.10299878
grass,3840,0.089420676,-0.45062494,0.07636982,0.019156985
grass,3841,0.61143154,0.3397813,-0.032419294,-0.08355395
grass,3842,-0.09314455,-0.015312596,0.34103033,0.008239959
grass,3843,0.68307704,-0.025273198,-0.37514594,-0.14674103
grass,3844,0.37121403,0.4229298,-0.028563473,-0.0069983583
grass,3845,0.16986047,-0.29096812,-0.030692913,0.03726239
grass,3846,0.6395688,0.119721726,0.46300873,0.16148642
grass,3847,-0.059470925,0.34493178,-0.01023792,0.010007791
grass,3848,0.2400171,-0.37864253,-0.17841578,-0.13936017
grass,3849,0.662846,0.44763806,0.06276033,-0.061482854
grass,3850,0.152369,-0.13204585,0.36005887,0.09323596
grass,3851,0.8841212,0.10327585,-0.07379243,0.064399526
grass,3852,0.07711348,0.37162164,-0.03785087,0.08629146
grass,3853,0.081391685,-0.42165878,0.09600411,0.05818473
grass,3854,0.54995614,0.23324156,0.07184159,-0.03056774
grass,3855,-0.13748322,0.12797256,0.08704512,-0.07648797
grass,3856,0.5002011,-0.17269976,-0.37310776,-0.20860755
grass,3857,0.517258,0.45858136,0.055855125,-0.026378736
grass,3858,0.20589617,-0.23981246,0.0039078677,0.04068874
grass,3859,0.81433237,0.110584,0.44418284,0.21625204
grass,3860,-0.02361219,0.37603742,0.01667376,0.088098444
grass,3861,0.10516201,-0.4499326,0.045248777,-0.0057060714
grass,3862,0.64295477,0.38946345,-0.010681125,-0.083070666
grass,3863,-0.047328282,-0.049429387,0.40519518,0.04178962
grass,3864,0.7543249,0.027326891,-0.32862794,-0.094027884
grass,3865,0.28363433,0.40069813,-0.055165578,0.01325163
grass,3866,0.13438335,-0.3345593,-0.008101988,0.046291575
grass,3867,0.5904476,0.13359162,0.39017287,0.11817614
grass,3868,-0.08960475,0.28007337,-0.023162996,-0.053150896
grass,3869,0.29481,-0.3382428,-0.23674017,-0.16922174
grass,3870,0.6414391,0.4688054,0.1054866,-0.043704644
grass,3871,0.20081255,-0.15757927,0.24495752,0.08044501
grass,3872,0.8927015,0.11438039,0.15286957,0.14949553
grass,3873,0.048977483,0.3704001,-0.020149305,0.097214095
grass,3874,0.080307275,-0.43955424,0.10534321,0.047109272
grass,3875,0.56552976,0.2701749,0.01136511,-0.059390992
grass,3876,-0.12017439,0.026022468,0.25423062,-0.026898488
grass,3877,0.59881973,-0.08935575,-0.38675392,-0.18535587
grass,3878,0.42018884,0.43380335,0.0011432217,-0.015260428
grass,3879,0.19175686,-0.26155415,-0.023659283,0.037694212
grass,3880,0.74103326,0.10834948,0.50171393,0.20988995
grass,3881,-0.053139146,0.3493459,-0.0031229684,0.01828459
grass,3882,0.18549639,-0.41284713,-0.09773594,-0.095533475
grass,3883,0.66229063,0.44237456,0.061003417,-0.06352748
grass,3884,0.044975515,-0.09101248,0.44387925,0.082436666
grass,3885,0.85603964,0.08995372,-0.16392389,0.020058174
grass,3886,0.16414523,0.3768043,-0.058831144,0.052663684
grass,3887,0.09608407,-0.38824207,0.06367024,0.06183345
grass,3888,0.5409008,0.18802378,0.18043855,0.016998552
grass,3889,-0.11130613,0.21920423,-0.0018106163,-0.078775436
grass,3890,0.4253513,-0.23343292,-0.33543095,-0.2065178
grass,3891,0.5650411,0.46696967,0.092068374,-0.029959332
grass,3892,0.22195975,-0.19014251,0.1117222,0.05965829
grass,3893,0.87727255,0.114128865,0.28677145,0.18780604
grass,3894,-0.000022725158,0.37376663,0.014448024,0.10531367
grass,3895,0.10049626,-0.4490363,0.0627703,0.005289828
grass,3896,0.625229,0.36292505,-0.024223264,-0.08594388
grass,3897,-0.092606276,-0.010923418,0.32735682,0.0035118393
grass,3898,0.6879781,-0.017690275,-0.3661604,-0.13990813
grass,3899,0.348553,0.41434896,-0.029881496,-0.0025831903
grass,3900,0.13615859,-0.33093864,-0.008952497,0.047641713
grass,3901,0.59175813,0.13007994,0.4007476,0.12244458
grass,3902,-0.06494232,0.32366744,-0.015009797,-0.015840963
grass,3903,0.2591091,-0.36317334,-0.1931149,-0.14823757
grass,3904,0.65118444,0.46307456,0.104032956,-0.047972433
grass,3905,0.18367848,-0.14255308,0.30060303,0.088613935
grass,3906,0.8929416,0.11249121,0.0842273,0.12696962
grass,3907,0.09635681,0.3685436,-0.038210437,0.08023323
grass,3908,0.08231067,-0.41755915,0.10483042,0.063860595
grass,3909,0.55904895,0.2618122,0.021010097,-0.05603904
grass,3910,-0.13209659,0.080062106,0.15311173,-0.06071778
grass,3911,0.5213354,-0.15170307,-0.37241733,-0.2038214
grass,3912,0.51174515,0.45545065,0.06356108,-0.025243076
grass,3913,0.21648653,-0.22121446,0.023727875,0.045379393
grass,3914,0.8024169,0.10833179,0.455148,0.21628368
grass,3915,-0.024651116,0.37369022,0.026234817,0.085233256
grass,3916,0.12810867,-0.44103432,0.008593328,-0.032202616
grass,3917,0.6457934,0.3969984,0.0033050356,-0.0812989
grass,3918,-0.018566022,-0.06249586,0.42206445,0.055814303
grass,3919,0.77451396,0.044185672,-0.3005502,-0.07093021
grass,3920,0.19813019,0.37989402,-0.057360385,0.040212736
grass,3921,0.111262776,-0.363206,0.034095142,0.058871407
grass,3922,0.5458955,0.1628695,0.25932392,0.05179386
grass,3923,-0.10163147,0.23429406,-0.010048568,-0.07516519
grass,3924,0.3336693,-0.30621666,-0.2655188,-0.18315998
grass,3925,0.6171076,0.47079933,0.12061419,-0.035806075
grass,3926,0.20923834,-0.15853202,0.22223964,0.07847027
grass,3927,0.8896998,0.11416026,0.19686054,0.16365685
grass,3928,0.014765121,0.37009454,0.011242482,0.10808666
grass,3929,0.08204354,-0.43968457,0.11378311,0.04824882
grass,3930,0.5880083,0.31047234,-0.022761384,-0.0797045
grass,3931,-0.1114178,0.018757287,0.26350853,-0.022520741
grass,3932,0.6831376,-0.018958421,-0.36376753,-0.14055279
grass,3933,0.38090888,0.42098403,-0.01044892,-0.008976291
grass,3934,0.17630695,-0.2805133,-0.03607693,0.039273586
grass,3935,0.68177336,0.10879761,0.50165683,0.1894788
grass,3936,-0.05354317,0.33836508,-0.00404729,0.0034931342
grass,3937,0.21556458,-0.39196938,-0.132629,-0.11657265
grass,3938,0.66067773,0.43982744,0.067951344,-0.06336711
grass,3939,0.14180617,-0.121635675,0.37831658,0.09550969
grass,3940,0.85020596,0.08932508,-0.16558029,0.019231077
grass,3941,0.119237,0.36779478,-0.041876547,0.07135469
grass,3942,0.08485587,-0.4094249,0.10419926,0.0682173
grass,3943,0.5394162,0.22065185,0.09119618,-0.025102017
grass,3944,-0.11997538,0.16854624,0.035457145,-0.08461405
grass,3945,0.48487774,-0.18062268,-0.3563656,-0.20618506
grass,3946,0.5448075,0.46164626,0.091989815,-0.027340146
grass,3947,0.22130896,-0.21193169,0.034849767,0.048147198
grass,3948,0.84943354,0.1106269,0.36495426,0.20430991
grass,3949,-0.020979438,0.37308753,0.03268891,0.09035612
grass,3950,0.10693695,-0.44589624,0.060094874,0.00085977046
grass,3951,0.6214076,0.35984826,-0.021269612,-0.08667801
grass,3952,-0.03811695,-0.050111383,0.40012023,0.042787045
grass,3953,0.7150454,0.0059940647,-0.34522685,-0.11735814
grass,3954,0.25248122,0.38843334,-0.04972656,0.021969862
grass,3955,0.13951966,-0.32451165,-0.011185129,0.04951977
grass,3956,0.59553146,0.124237135,0.4193061,0.1304229
grass,3957,-0.081973195,0.27261612,-0.019773575,-0.058032528
grass,3958,0.29922286,-0.33154657,-0.22849023,-0.1669511
grass,3959,0.64158547,0.46604857,0.123495735,-0.042124737
grass,3960,0.19413327,-0.1435553,0.27875903,0.08716235
grass,3961,0.8917176,0.11175748,0.074374914,0.124323234
grass,3962,0.070908695,0.3641018,-0.018841479,0.092313804
grass,3963,0.081867576,-0.4365447,0.12195871,0.05395208
grass,3964,0.5713869,0.28772032,-0.00848168,-0.07270879
grass,3965,-0.11804906,0.040080536,0.21861719,-0.038989883
grass,3966,0.5606948,-0.11521119,-0.37322518,-0.19315037
grass,3967,0.43850374,0.4348357,0.026779901,-0.017616658
grass,3968,0.20503815,-0.24212644,-0.02016227,0.040343527
grass,3969,0.76737416,0.10524969,0.48657295,0.21468511
grass,3970,-0.03995835,0.3559578,0.014931189,0.034956813
grass,3971,0.14829576,-0.43014377,-0.019464768,-0.05139756
grass,3972,0.6585846,0.43125725,0.05958675,-0.06720664
grass,3973,0.04230292,-0.085791774,0.4373471,0.08006011
grass,3974,0.8271173,0.0785845,-0.21172959,-0.007775167
grass,3975,0.19741142,0.37617898,-0.050791223,0.040484544
grass,3976,0.09404014,-0.38866302,0.08384459,0.07036987
grass,3977,0.53708076,0.16740175,0.23564391,0.03879356
grass,3978,-0.10599238,0.2030487,0.0061349347,-0.08348244
grass,3979,0.39629787,-0.25339523,-0.30586892,-0.19855721
grass,3980,0.5820508,0.46714652,0.120994575,-0.029737355
grass,3981,0.22788577,-0.1890568,0.08692819,0.057862688
grass,3982,0.8773865,0.11243657,0.2520389,0.1787092
grass,3983,0.006145429,0.3688188,0.027616663,0.11115977
grass,3984,0.097688414,-0.44508463,0.08880875,0.020140652
grass,3985,0.6201117,0.3595763,-0.018796632,-0.08707512
grass,3986,-0.08777452,-0.008002658,0.31341082,-0.00043381518
grass,3987,0.68770707,-0.011735958,-0.35473314,-0.13370779
grass,3988,0.38574064,0.4197097,0.00025920104,-0.010011109
grass,3989,0.14328036,-0.3185087,-0.014920038,0.049953345
grass,3990,0.61943287,0.11509531,0.4599073,0.15326631
grass,3991,-0.051300436,0.33100787,-0.0030398648,-0.005065711
grass,3992,0.26046515,-0.35908616,-0.18136671,-0.1440757
grass,3993,0.65675867,0.4519864,0.10332635,-0.053380385
grass,3994,0.12562221,-0.11265041,0.39715773,0.09588437
grass,3995,0.88472193,0.108566,0.011109835,0.10095901
grass,3996,0.06434937,0.3619027,-0.010431591,0.09612172
grass,3997,0.08174351,-0.4201301,0.12725589,0.07000094
grass,3998,0.551192,0.25691092,0.024071768,-0.05775679
grass,3999,-0.12261915,0.11890856,0.08821607,-0.07803172
grass,4000,0.4893905,-0.17385101,-0.3509128,-0.20372525
grass,4001,0.4868528,0.44636503,0.06431838,-0.022371527
grass,4002,0.22619583,-0.20336817,0.0402629,0.05052558
grass,4003,0.76673186,0.1040976,0.48569855,0.21444656
grass,4004,-0.015887434,0.37160763,0.042780735,0.09753244
grass,4005,0.119741075,-0.4405546,0.043787546,-0.012324322
grass,4006,0.64930654,0.40839514,0.029659286,-0.07687545
grass,4007,-0.026335707,-0.05404363,0.4029515,0.047327377
grass,4008,0.7461029,0.031202031,-0.3151292,-0.088008255
grass,4009,0.2703977,0.3892222,-0.03982539,0.01624379
grass,4010,0.11803151,-0.35001463,0.029431596,0.062380336
grass,4011,0.5423289,0.15217842,0.28671286,0.061282486
grass,4012,-0.06856178,0.2883001,-0.0173891,-0.04755971
grass,4013,0.35216796,-0.2880481,-0.2687303,-0.1856426
grass,4014,0.6129833,0.4686538,0.13980371,-0.032979645
grass,4015,0.2246723,-0.16499726,0.16366062,0.07154866
grass,4016,0.8838129,0.11222628,0.18416065,0.15988967
grass,4017,0.018098656,0.3649024,0.024760207,0.11254779
grass,4018,0.08599608,-0.4389581,0.12511529,0.04911968
grass,4019,0.5898467,0.31852177,-0.023506213,-0.08448918
grass,4020,-0.116438985,0.05128585,0.19252631,-0.047741637
grass,4021,0.62806267,-0.055953607,-0.36661816,-0.16521326
grass,4022,0.39916688,0.42187008,0.012588409,-0.012306225
grass,4023,0.18383428,-0.26885498,-0.04193294,0.040807728
grass,4024,0.7152449,0.10312218,0.508847,0.20389193
grass,4025,-0.033384897,0.3580197,0.025620308,0.042877853
grass,4026,0.21003708,-0.3926356,-0.11040265,-0.106251255
grass,4027,0.65677714,0.43028086,0.068203524,-0.06632893
grass,4028,0.09714103,-0.10165621,0.4186938,0.0928886
grass,4029,0.84073085,0.08826306,-0.16800399,0.017926335
grass,4030,0.15565917,0.36590606,-0.040292628,0.056825817
grass,4031,0.096965164,-0.3815213,0.085274,0.07425624
grass,4032,0.5278029,0.19934271,0.13362199,-0.009230543
grass,4033,-0.10848776,0.17314962,0.026716305,-0.08685046
grass,4034,0.4278847,-0.22456571,-0.31779918,-0.20116483
grass,4035,0.5431102,0.45884207,0.10978822,-0.025806148
grass,4036,0.22847044,-0.20009834,0.038964443,0.05119638
grass,4037,0.85082,0.108816095,0.34189197,0.19911262
grass,4038,-0.010704577,0.3701697,0.048360646,0.10484882
grass,4039,0.1145239,-0.44066447,0.06233096,-0.001166522
grass,4040,0.60849273,0.34572098,-0.020808257,-0.08799468
grass,4041,-0.06532466,-0.025687644,0.34558153,0.01643307
grass,4042,0.69750386,-0.00074858475,-0.34292316,-0.12296718
grass,4043,0.28137606,0.38991937,-0.03322192,0.012816439
grass,4044,0.13424882,-0.32739067,0.0010586171,0.056843948
grass,4045,0.56737244,0.12897722,0.38048676,0.10610424
grass,4046,-0.0535644,0.31306234,-0.008156805,-0.025208596
grass,4047,0.2516196,-0.36362872,-0.16235456,-0.13527943
grass,4048,0.6317822,0.4661804,0.14616118,-0.03676424
grass,4049,0.20023972,-0.13908345,0.2709539,0.08812486
grass,4050,0.8847094,0.11068867,0.09080845,0.13033985
grass,4051,0.050990067,0.35887972,0.0057159993,0.103584535
grass,4052,0.0843789,-0.4095924,0.13065562,0.07777064
grass,4053,0.54645145,0.25417954,0.025477331,-0.05895641
grass,4054,-0.1180834,0.08607162,0.1306567,-0.067491055
grass,4055,0.5136962,-0.15006752,-0.35173437,-0.1989402
grass,4056,0.50502837,0.449297,0.08753066,-0.023238996
grass,4057,0.210226,-0.2342903,-0.027274797,0.04162874
grass,4058,0.75950766,0.10207926,0.48896754,0.2133706
grass,4059,-0.0192301,0.36924598,0.05017421,0.08700474
grass,4060,0.1528259,-0.4248549,-0.011029907,-0.04868956
grass,4061,0.65134966,0.41649643,0.050434045,-0.072579205
grass,4062,0.033689905,-0.07867203,0.42871127,0.075049505
grass,4063,0.8085831,0.07277799,-0.22868815,-0.019529294
grass,4064,0.20679575,0.37230593,-0.040873047,0.036706015
grass,4065,0.10402632,-0.3684481,0.07084997,0.07390284
grass,4066,0.5326158,0.15629756,0.26323608,0.048298202
grass,4067,-0.08627517,0.22884332,-0.0091578225,-0.07906252
grass,4068,0.38548335,-0.25869384,-0.28635526,-0.19258212
grass,4069,0.5760329,0.464164,0.13756873,-0.027348919
grass,4070,0.22334825,-0.15493016,0.18810141,0.07677947
grass,4071,0.8612649,0.109253064,0.29549068,0.18889624
grass,4072,0.011900668,0.3633851,0.03953542,0.11617902
grass,4073,0.092684805,-0.43975988,0.12164982,0.040967636
grass,4074,0.58017635,0.30819798,-0.01982308,-0.08376314
grass,4075,-0.10252899,0.025724722,0.235703,-0.031113107
grass,4076,0.68387926,-0.008614043,-0.3446262,-0.12972659
grass,4077,0.38743228,0.41628623,0.014261655,-0.01074291
grass,4078,0.15946081,-0.295676,-0.03209423,0.048371933
grass,4079,0.62650365,0.10848781,0.47842494,0.16219966
grass,4080,-0.03686794,0.34133404,0.014637568,0.012660838
grass,4081,0.23923057,-0.3712893,-0.1414248,-0.12476602
grass,4082,0.6509549,0.45520526,0.13094604,-0.04706922
grass,4083,0.15488575,-0.11724727,0.3624771,0.096893206
grass,4084,0.8600617,0.09958922,-0.08924656,0.05849321
grass,4085,0.111149214,0.3573216,-0.021754868,0.07674299
grass,4086,0.08455467,-0.4092222,0.1384732,0.08069604
grass,4087,0.53696096,0.23989074,0.04508687,-0.05093679
grass,4088,-0.10600872,0.15844414,0.037102282,-0.08759606
grass,4089,0.46966234,-0.18632272,-0.33123824,-0.20097998
grass,4090,0.53074634,0.45465082,0.11268366,-0.02430272
grass,4091,0.22337747,-0.21404554,-0.005322096,0.04544488
grass,4092,0.80476636,0.10344695,0.43466207,0.21269502
grass,4093,-0.017670916,0.3683153,0.055650935,0.087609425
grass,4094,0.12315857,-0.4360842,0.055162493,-0.007883629
grass,4095,0.62267166,0.36857486,-0.0038607428,-0.08701903
life,0,0,156.77428,370.7191,-2.0666559,-4.8869553
life,0,1,435.91528,757.27844,-4.526737,2.7697544
life,0,2,414.0474,109.54843,-4.675227,-0.95012295
life,0,3,657.1435,870.39874,4.8942394,2.0491977
life,0,4,146.89192,840.8655,-3.3170588,4.1354756
life,0,5,93.37121,5.6989994,-5.2554884,-0.32077366
life,0,6,478.16254,699.5325,-4.391571,2.9799957
life,0,7,379.78467,517.63666,-3.204469,4.2058215
life,0,8,628.85547,117.517395,5.0859294,-1.5125737
life,0,9,539.47485,228.93274,4.7983565,-2.26717
life,0,10,522.7014,978.585,5.285182,0.47880954
life,0,11,541.97687,604.71515,4.004439,3.483237
life,0,12,480.23813,402.8724,-4.066072,-3.4110327
life,0,13,44.358334,434.81546,-0.5385384,-5.2789364
life,0,14,243.16336,176.3145,-4.2940817,-3.1135814
life,0,15,614.0796,485.8566,3.422478,-4.0564785
life,0,16,834.8358,884.0742,4.262127,3.1527185
life,0,17,330.1566,781.4959,-4.2764263,3.1410882
life,0,18,790.7319,620.7739,2.6572628,4.5933304
life,0,19,331.3213,50.231438,-5.2449985,-0.79519135
life,0,20,454.02234,218.21278,-4.7830687,-2.2988443
life,0,21,655.26654,206.23442,4.6310587,-2.5901735
life,0,22,912.537,655.8674,1.5375413,5.078089
life,0,23,926.7697,25.697157,5.0960336,-1.3468388
life,0,24,400.29095,97.231255,-5.61067,-1.6595436
life,0,25,808.7554,241.27905,3.5313313,-3.9584558
life,0,26,683.6815,835.9185,4.6438017,2.5664585
life,0,27,326.3463,984.56726,-5.266495,0.63635594
life,0,28,393.67307,545.4798,-3.3518844,4.1386204
life,0,29,940.7445,378.72253,1.1391842,-5.1820574
life,0,30,373.55597,731.3998,-4.177635,3.2722728
life,0,31,850.7971,94.74052,4.648578,-2.5427337
life,1,0,156.77428,370.7191,-2.0666559,-4.8869553
life,1,1,435.91528,757.27844,-4.526737,2.7697544
life,1,2,414.0425,109.54406,-4.9681463,-1.2124416
life,1,3,657.1435,870.39874,4.8942394,2.0491977
life,1,4,146.89192,840.8655,-3.3170588,4.1354756
life,1,5,93.37121,5.6989994,-5.2554884,-0.32077366
life,1,6,478.16254,699.5325,-4.391571,2.9799957
life,1,7,379.78488,517.63715,-3.191599,4.231619
life,1,8,628.85547,117.517395,5.0859294,-1.5125737
life,1,9,539.47485,228.93274,4.7983565,-2.26717
life,1,10,522.7014,978.585,5.285182,0.47880954
life,1,11,541.97687,604.71515,4.004439,3.483237
life,1,12,480.23813,402.8724,-4.066072,-3.4110327
life,1,13,44.358334,434.81546,-0.5385384,-5.2789364
life,1,14,243.16336,176.3145,-4.2940817,-3.1135814
life,1,15,614.0796,485.8566,3.422478,-4.0564785
life,1,16,834.8358,884.0742,4.262127,3.1527185
life,1,17,330.1566,781.4959,-4.2764263,3.1410882
life,1,18,790.7319,620.7739,2.6572628,4.5933304
life,1,19,331.3213,50.231438,-5.2449985,-0.79519135
life,1,20,454.02234,218.21278,-4.7830687,-2.2988443
life,1,21,655.26654,206.23442,4.6310587,-2.5901735
life,1,22,912.537,655.8674,1.5375413,5.078089
life,1,23,926.7697,25.697157,5.0960336,-1.3468388
life,1,24,400.29584,97.23563,-5.3177505,-1.397225
life,1,25,808.7554,241.27905,3.5313313,-3.9584558
life,1,26,683.6815,835.9185,4.6438017,2.5664585
life,1,27,326.3463,984.56726,-5.266495,0.63635594
life,1,28,393.67285,545.4794,-3.3647547,4.112823
life,1,29,940.7445,378.72253,1.1391842,-5.1820574
life,1,30,373.55597,731.3998,-4.177635,3.2722728
life,1,31,850.7971,94.74052,4.648578,-2.5427337
life,2,0,156.77428,370.7191,-2.0666559,-4.8869553
life,2,1,435.91528,757.27844,-4.526737,2.7697544
life,2,2,414.04074,109.54249,-5.073484,-1.3067747
life,2,3,657.1435,870.39874,4.8942394,2.0491977
life,2,4,146.89192,840.8655,-3.3170588,4.1354756
life,2,5,93.37121,5.6989994,-5.2554884,-0.32077366
life,2,6,478.16254,699.5325,-4.391571,2.9799957
life,2,7,379.785,517.6374,-3.1836703,4.2475123
life,2,8,628.85547,117.517395,5.0859294,-1.5125737
life,2,9,539.47485,228.93274,4.7983565,-2.26717
life,2,10,522.7014,978.585,5.285182,0.47880954
life,2,11,541.97687,604.71515,4.004439,3.483237
life,2,12,480.23813,402.8724,-4.066072,-3.4110327
life,2,13,44.358334,434.81546,-0.5385384,-5.2789364
life,2,14,243.16336,176.3145,-4.2940817,-3.1135814
life,2,15,614.0796,485.8566,3.422478,-4.0564785
life,2,16,834.8358,884.0742,4.262127,3.1527185
life,2,17,330.1566,781.4959,-4.2764263,3.1410882
life,2,18,790.7319,620.7739,2.6572628,4.5933304
life,2,19,331.3213,50.231438,-5.2449985,-0.79519135
life,2,20,454.02234,218.21278,-4.7830687,-2.2988443
life,2,21,655.26654,206.23442,4.6310587,-2.5901735
life,2,22,912.537,655.8674,1.5375413,5.078089
life,2,23,926.7697,25.697157,5.0960336,-1.3468388
life,2,24,400.29562,97.23544,-5.3299174,-1.4081206
life,2,25,808.7554,241.27905,3.5313313,-3.9584558
life,2,26,683.6815,835.9185,4.6438017,2.5664585
life,2,27,326.3463,984.56726,-5.266495,0.63635594
life,2,28,393.67236,545.4784,-3.3950005,4.052195
life,2,29,940.7445,378.72253,1.1391842,-5.1820574
life,2,30,373.55597,731.3998,-4.177635,3.2722728
life,2,31,850.7971,94.74052,4.648578,-2.5427337
post,0,16777215
post,257,16777215
post,514,16777215
post,771,16777215
post,1028,16777215
post,1285,16777215
post,1542,16777215
post,1799,11844287
post,2056,3885399
post,2313,6976895
post,2570,2109504
post,2827,2109504
post,3084,2109504
post,3341,6976895
post,3598,3885399
post,3855,8621204
post,4112,3885399
post,4369,8621204
post,4626,2109504
post,4883,6976895
post,5140,2109504
post,5397,2109504
post,5654,2109504
post,5911,6976895
post,6168,14935527
post,6425,11844287
post,6682,16777215
post,6939,16777215
post,7196,16777215
post,7453,11844287
post,7710,14935527
post,7967,10199978
post,8224,14935527
post,8481,10199978
post,8738,16777215
post,8995,11844287
post,9252,16777215
post,9509,16777215
post,9766,16777215
post,10023,11844287
post,10280,3885399
post,10537,6976895
post,10794,2109504
post,11051,2109504
post,11308,2109504
post,11565,6976895
post,11822,3885399
post,12079,8621204
post,12336,3885399
post,12593,8621204
post,12850,2109504
post,13107,6976895
post,13364,2109504
post,13621,2109504
post,13878,2109504
post,14135,6976895
post,14392,14935527
post,14649,11844287
post,14906,16777215
post,15163,16777215
post,15420,16777215
post,15677,11844287
post,15934,14935527
post,16191,10199978
post,16448,14935527
post,16705,10199978
post,16962,16777215
post,17219,11844287
post,17476,16777215
post,17733,16777215
post,17990,16777215
post,18247,11844287
post,18504,3885399
post,18761,6976895
post,19018,2109504
post,19275,2109504
post,19532,2109504
post,19789,6976895
post,20046,3885399
post,20303,8621204
post,20560,3885399
post,20817,8621204
post,21074,2109504
post,21331,6976895
post,21588,2109504
post,21845,2109504
post,22102,2109504
post,22359,6976895
post,22616,14935527
post,22873,11844287
post,23130,16777215
post,23387,16777215
post,23644,16777215
post,23901,11844287
post,24158,14935527
post,24415,10199978
post,24672,14935527
post,24929,10199978
post,25186,16777215
post,25443,11844287
post,25700,16777215
post,25957,16777215
post,26214,16777215
post,26471,11844287
post,26728,3885399
post,26985,6976895
post,27242,2109504
post,27499,2109504
post,27756,2109504
post,28013,6976895
post,28270,3885399
post,28527,8621204
post,28784,3885399
post,29041,8621204
post,29298,2109504
post,29555,6976895
post,29812,2109504
post,30069,2109504
post,30326,2109504
post,30583,6976895
post,30840,14935527
post,31097,11844287
post,31354,16777215
post,31611,16777215
post,31868,16777215
post,32125,11844287
post,32382,14935527
post,32639,10199978
post,32896,14935527
post,33153,10199978
post,33410,16777215
post,33667,11844287
post,33924,16777215
post,34181,16777215
post,34438,16777215
post,34695,11844287
post,34952,3885399
post,35209,6976895
post,35466,2109504
post,35723,2109504
post,35980,2109504
post,36237,6976895
post,36494,3885399
post,36751,8621204
post,37008,3885399
post,37265,8621204
post,37522,2109504
post,37779,6976895
post,38036,2109504
post,38293,2109504
post,38550,2109504
post,38807,6976895
post,39064,14935527
post,39321,11844287
post,39578,16777215
post,39835,16777215
post,40092,16777215
post,40349,11844287
post,40606,14935527
post,40863,10199978
post,41120,14935527
post,41377,10199978
post,41634,16777215
post,41891,11844287
post,42148,16777215
post,42405,16777215
post,42662,16777215
post,42919,11844287
post,43176,3885399
post,43433,6976895
post,43690,2109504
post,43947,2109504
post,44204,2109504
post,44461,6976895
post,44718,3885399
post,44975,8621204
post,45232,3885399
post,45489,8621204
post,45746,2109504
post,46003,6976895
post,46260,2109504
post,46517,2109504
post,46774,2109504
post,47031,6976895
post,47288,14935527
post,47545,11844287
post,47802,16777215
post,48059,16777215
post,48316,16777215
post,48573,11844287
post,48830,14935527
post,49087,10199978
post,49344,14935527
post,49601,10199978
post,49858,16777215
post,50115,11844287
post,50372,16777215
post,50629,16777215
post,50886,16777215
post,51143,11844287
post,51400,3885399
post,51657,6976895
post,51914,2109504
post,52171,2109504
post,52428,2109504
post,52685,6976895
post,52942,3885399
post,53199,8621204
post,53456,3885399
post,53713,8621204
post,53970,2109504
post,54227,6976895
post,54484,2109504
post,54741,2109504
post,54998,2109504
post,55255,6976895
post,55512,14935527
post,55769,11844287
post,56026,16777215
post,56283,16777215
post,56540,16777215
post,56797,11844287
post,57054,14935527
post,57311,10199978
post,57568,14935527
post,57825,10199978
post,58082,16777215
post,58339,11844287
post,58596,16777215
post,58853,16777215
post,59110,16777215
post,59367,11844287
post,59624,3885399
post,59881,6976895
post,60138,2109504
post,60395,2109504
post,60652,2109504
post,60909,6976895
post,61166,3885399
post,61423,8621204
post,61680,3885399
post,61937,8621204
post,62194,2109504
post,62451,6976895
post,62708,2109504
post,62965,2109504
post,63222,2109504
post,63479,6976895
post,63736,14935527
post,63993,11844287
post,64250,16777215
post,64507,16777215
post,64764,16777215
post,65021,11844287
post,65278,14935527
post,65535,11844287
post,65792,11844287
post,66049,16777215
post,66306,11844287
post,66563,16777215
post,66820,16777215
post,67077,16777215
post,67334,11844287
post,67591,14935527
post,67848,6976895
post,68105,2109504
post,68362,2109504
post,68619,2109504
post,68876,6976895
post,69133,3885399
post,69390,8621204
post,69647,14935527
post,69904,8621204
post,70161,2109504
post,70418,6976895
post,70675,2109504
post,70932,2109504
post,71189,2109504
post,71446,6976895
post,71703,3885399
post,71960,11844287
post,72217,16777215
post,72474,16777215
post,72731,16777215
post,72988,11844287
post,73245,14935527
post,73502,10199978
post,73759,3885399
post,74016,10199978
post,74273,16777215
post,74530,11844287
post,74787,16777215
post,75044,16777215
post,75301,16777215
post,75558,11844287
post,75815,14935527
post,76072,6976895
post,76329,2109504
post,76586,2109504
post,76843,2109504
post,77100,6976895
post,77357,3885399
post,77614,8621204
post,77871,14935527
post,78128,8621204
post,78385,2109504
post,78642,6976895
post,78899,2109504
post,79156,2109504
post,79413,2109504
post,79670,6976895
post,79927,3885399
post,80184,11844287
post,80441,16777215
post,80698,16777215
post,80955,16777215
post,81212,11844287
post,81469,14935527
post,81726,10199978
post,81983,3885399
post,82240,10199978
post,82497,16777215
post,82754,11844287
post,83011,16777215
post,83268,16777215
post,83525,16777215
post,83782,11844287
post,84039,14935527
post,84296,6976895
post,84553,2109504
post,84810,2109504
post,85067,2109504
post,85324,6976895
post,85581,3885399
post,85838,8621204
post,86095,14935527
post,86352,8621204
post,86609,2109504
post,86866,6976895
post,87123,2109504
post,87380,2109504
post,87637,2109504
post,87894,6976895
post,88151,3885399
post,88408,11844287
post,88665,16777215
post,88922,16777215
post,89179,16777215
post,89436,11844287
post,89693,14935527
post,89950,10199978
post,90207,3885399
post,90464,10199978
post,90721,16777215
post,90978,11844287
post,91235,16777215
post,91492,16777215
post,91749,16777215
post,92006,11844287
post,92263,14935527
post,92520,6976895
post,92777,2109504
post,93034,2109504
post,93291,2109504
post,93548,6976895
post,93805,3885399
post,94062,8621204
post,94319,14935527
post,94576,8621204
post,94833,2109504
post,95090,6976895
post,95347,2109504
post,95604,2109504
post,95861,2109504
post,96118,6976895
post,96375,3885399
post,96632,11844287
post,96889,16777215
post,97146,16777215
post,97403,16777215
post,97660,11844287
post,97917,14935527
post,98174,10199978
post,98431,3885399
post,98688,10199978
post,98945,16777215
post,99202,11844287
post,99459,16777215
post,99716,16777215
post,99973,16777215
post,100230,11844287
post,100487,14935527
post,100744,6976895
post,101001,2109504
post,101258,2109504
post,101515,2109504
post,101772,6976895
post,102029,3885399
post,102286,8621204
post,102543,14935527
post,102800,8621204
post,103057,2109504
post,103314,6976895
post,103571,2109504
post,103828,2109504
post,104085,2109504
post,104342,6976895
post,104599,3885399
post,104856,11844287
post,105113,16777215
post,105370,16777215
post,105627,16777215
post,105884,11844287
post,106141,14935527
post,106398,10199978
post,106655,3885399
post,106912,10199978
post,107169,16777215
post,107426,11844287
post,107683,16777215
post,107940,16777215
post,108197,16777215
post,108454,11844287
post,108711,14935527
post,108968,6976895
post,109225,2109504
post,109482,2109504
post,109739,2109504
post,109996,6976895
post,110253,3885399
post,110510,8621204
post,110767,14935527
post,111024,8621204
post,111281,2109504
post,111538,6976895
post,111795,2109504
post,112052,2109504
post,112309,2109504
post,112566,6976895
post,112823,3885399
post,113080,11844287
post,113337,16777215
post,113594,16777215
post,113851,16777215
post,114108,11844287
post,114365,14935527
post,114622,10199978
post,114879,3885399
post,115136,10199978
post,115393,16777215
post,115650,11844287
post,115907,16777215
post,116164,16777215
post,116421,16777215
post,116678,11844287
post,116935,14935527
post,117192,6976895
post,117449,2109504
post,117706,2109504
post,117963,2109504
post,118220,6976895
post,118477,3885399
post,118734,8621204
post,118991,14935527
post,119248,8621204
post,119505,2109504
post,119762,6976895
post,120019,2109504
post,120276,2109504
post,120533,2109504
post,120790,6976895
post,121047,3885399
post,121304,11844287
post,121561,16777215
post,121818,16777215
post,122075,16777215
post,122332,11844287
post,122589,14935527
post,122846,10199978
post,123103,3885399
post,123360,10199978
post,123617,16777215
post,123874,11844287
post,124131,16777215
post,124388,16777215
post,124645,16777215
post,124902,11844287
post,125159,14935527
post,125416,6976895
post,125673,2109504
post,125930,2109504
post,126187,2109504
post,126444,6976895
post,126701,3885399
post,126958,8621204
post,127215,14935527
post,127472,8621204
post,127729,2109504
post,127986,6976895
post,128243,2109504
post,128500,2109504
post,128757,2109504
post,129014,6976895
post,129271,3885399
post,129528,11844287
post,129785,16777215
post,130042,16777215
post,130299,16777215
post,130556,11844287
post,130813,14935527
post,131070,11844287
post,131327,3885399
post,131584,16777215
post,131841,11844287
post,132098,16777215
post,132355,16777215
post,132612,16777215
post,132869,16777215
post,133126,16777215
post,133383,11844287
post,133640,3885399
post,133897,6976895
post,134154,2109504
post,134411,6976895
post,134668,3885399
post,134925,6976895
post,135182,14935527
post,135439,10199978
post,135696,3885399
post,135953,8621204
post,136210,2109504
post,136467,2109504
post,136724,2109504
post,136981,2109504
post,137238,2109504
post,137495,6976895
post,137752,14935527
post,138009,11844287
post,138266,16777215
post,138523,11844287
post,138780,14935527
post,139037,11844287
post,139294,3885399
post,139551,8621204
post,139808,14935527
post,140065,10199978
post,140322,16777215
post,140579,16777215
post,140836,16777215
post,141093,16777215
post,141350,16777215
post,141607,11844287
post,141864,3885399
post,142121,6976895
post,142378,2109504
post,142635,6976895
post,142892,3885399
post,143149,6976895
post,143406,14935527
post,143663,10199978
post,143920,3885399
post,144177,8621204
post,144434,2109504
post,144691,2109504
post,144948,2109504
post,145205,2109504
post,145462,2109504
post,145719,6976895
post,145976,14935527
post,146233,11844287
post,146490,16777215
post,146747,11844287
post,147004,14935527
post,147261,11844287
post,147518,3885399
post,147775,8621204
post,148032,14935527
post,148289,10199978
post,148546,16777215
post,148803,16777215
post,149060,16777215
post,149317,16777215
post,149574,16777215
post,149831,11844287
post,150088,3885399
post,150345,6976895
post,150602,2109504
post,150859,6976895
post,151116,3885399
post,151373,6976895
post,151630,14935527
post,151887,10199978
post,152144,3885399
post,152401,8621204
post,152658,2109504
post,152915,2109504
post,153172,2109504
post,153429,2109504
post,153686,2109504
post,153943,6976895
post,154200,14935527
post,154457,11844287
post,154714,16777215
post,154971,11844287
post,155228,14935527
post,155485,11844287
post,155742,3885399
post,155999,8621204
post,156256,14935527
post,156513,10199978
post,156770,16777215
post,157027,16777215
post,157284,16777215
post,157541,16777215
post,157798,16777215
post,158055,11844287
post,158312,3885399
post,158569,6976895
post,158826,2109504
post,159083,6976895
post,159340,3885399
post,159597,6976895
post,159854,14935527
post,160111,10199978
post,160368,3885399
post,160625,8621204
post,160882,2109504
post,161139,2109504
post,161396,2109504
post,161653,2109504
post,161910,2109504
post,162167,6976895
post,162424,14935527
post,162681,11844287
post,162938,16777215
post,163195,11844287
post,163452,14935527
post,163709,11844287
post,163966,3885399
post,164223,8621204
post,164480,14935527
post,164737,10199978
post,164994,16777215
post,165251,16777215
post,165508,16777215
post,165765,16777215
post,166022,16777215
post,166279,11844287
post,166536,3885399
post,166793,6976895
post,167050,2109504
post,167307,6976895
post,167564,3885399
post,167821,6976895
post,168078,14935527
post,168335,10199978
post,168592,3885399
post,168849,8621204
post,169106,2109504
post,169363,2109504
post,169620,2109504
post,169877,2109504
post,170134,2109504
post,170391,6976895
post,170648,14935527
post,170905,11844287
post,171162,16777215
post,171419,11844287
post,171676,14935527
post,171933,11844287
post,172190,3885399
post,172447,8621204
post,172704,14935527
post,172961,10199978
post,173218,16777215
post,173475,16777215
post,173732,16777215
post,173989,16777215
post,174246,16777215
post,174503,11844287
post,174760,3885399
post,175017,6976895
post,175274,2109504
post,175531,6976895
post,175788,3885399
post,176045,6976895
post,176302,14935527
post,176559,10199978
post,176816,3885399
post,177073,8621204
post,177330,2109504
post,177587,2109504
post,177844,2109504
post,178101,2109504
post,178358,2109504
post,178615,6976895
post,178872,14935527
post,179129,11844287
post,179386,16777215
post,179643,11844287
post,179900,14935527
post,180157,11844287
post,180414,3885399
post,180671,8621204
post,180928,14935527
post,181185,10199978
post,181442,16777215
post,181699,16777215
post,181956,16777215
post,182213,16777215
post,182470,16777215
post,182727,11844287
post,182984,3885399
post,183241,6976895
post,183498,2109504
post,183755,6976895
post,184012,3885399
post,184269,6976895
post,184526,14935527
post,184783,10199978
post,185040,3885399
post,185297,8621204
post,185554,2109504
post,185811,2109504
post,186068,2109504
post,186325,2109504
post,186582,2109504
post,186839,6976895
post,187096,14935527
post,187353,11844287
post,187610,16777215
post,187867,11844287
post,188124,14935527
post,188381,11844287
post,188638,3885399
post,188895,8621204
post,189152,14935527
post,189409,10199978
post,189666,16777215
post,189923,16777215
post,190180,16777215
post,190437,16777215
post,190694,16777215
post,190951,11844287
post,191208,3885399
post,191465,6976895
post,191722,2109504
post,191979,6976895
post,192236,3885399
post,192493,6976895
post,192750,14935527
post,193007,10199978
post,193264,3885399
post,193521,8621204
post,193778,2109504
post,194035,2109504
post,194292,2109504
post,194549,2109504
post,194806,2109504
post,195063,6976895
post,195320,14935527
post,195577,11844287
post,195834,16777215
post,196091,11844287
post,196348,14935527
post,196605,11844287
post,196862,3885399
post,197119,6976895
post,197376,11844287
post,197633,16777215
post,197890,16777215
post,198147,16777215
post,198404,16777215
post,198661,16777215
post,198918,11844287
post,199175,14935527
post,199432,6976895
post,199689,2109504
post,199946,6976895
post,200203,3885399
post,200460,6976895
post,200717,14935527
post,200974,10199978
post,201231,14935527
post,201488,8621204
post,201745,2109504
post,202002,2109504
post,202259,2109504
post,202516,2109504
post,202773,2109504
post,203030,6976895
post,203287,3885399
post,203544,11844287
post,203801,16777215
post,204058,11844287
post,204315,14935527
post,204572,11844287
post,204829,3885399
post,205086,8621204
post,205343,3885399
post,205600,10199978
post,205857,16777215
post,206114,16777215
post,206371,16777215
post,206628,16777215
post,206885,16777215
post,207142,11844287
post,207399,14935527
post,207656,6976895
post,207913,2109504
post,208170,6976895
post,208427,3885399
post,208684,6976895
post,208941,14935527
post,209198,10199978
post,209455,14935527
post,209712,8621204
post,209969,2109504
post,210226,2109504
post,210483,2109504
post,210740,2109504
post,210997,2109504
post,211254,6976895
post,211511,3885399
post,211768,11844287
post,212025,16777215
post,212282,11844287
post,212539,14935527
post,212796,11844287
post,213053,3885399
post,213310,8621204
post,213567,3885399
post,213824,10199978
post,214081,16777215
post,214338,16777215
post,214595,16777215
post,214852,16777215
post,215109,16777215
post,215366,11844287
post,215623,14935527
post,215880,6976895
post,216137,2109504
post,216394,6976895
post,216651,3885399
post,216908,6976895
post,217165,14935527
post,217422,10199978
post,217679,14935527
post,217936,8621204
post,218193,2109504
post,218450,2109504
post,218707,2109504
post,218964,2109504
post,219221,2109504
post,219478,6976895
post,219735,3885399
post,219992,11844287
post,220249,16777215
post,220506,11844287
post,220763,14935527
post,221020,11844287
post,221277,3885399
post,221534,8621204
post,221791,3885399
post,222048,10199978
post,222305,16777215
post,222562,16777215
post,222819,16777215
post,223076,16777215
post,223333,16777215
post,223590,11844287
post,223847,14935527
post,224104,6976895
post,224361,2109504
post,224618,6976895
post,224875,3885399
post,225132,6976895
post,225389,14935527
post,225646,10199978
post,225903,14935527
post,226160,8621204
post,226417,2109504
post,226674,2109504
post,226931,2109504
post,227188,2109504
post,227445,2109504
post,227702,6976895
post,227959,3885399
post,228216,11844287
post,228473,16777215
post,228730,11844287
post,228987,14935527
post,229244,11844287
post,229501,3885399
post,229758,8621204
post,230015,3885399
post,230272,10199978
post,230529,16777215
post,230786,16777215
post,231043,16777215
post,231300,16777215
post,231557,16777215
post,231814,11844287
post,232071,14935527
post,232328,6976895
post,232585,2109504
post,232842,6976895
post,233099,3885399
post,233356,6976895
post,233613,14935527
post,233870,10199978
post,234127,14935527
post,234384,8621204
post,234641,2109504
post,234898,2109504
post,235155,2109504
post,235412,2109504
post,235669,2109504
post,235926,6976895
post,236183,3885399
post,236440,11844287
post,236697,16777215
post,236954,11844287
post,237211,14935527
post,237468,11844287
post,237725,3885399
post,237982,8621204
post,238239,3885399
post,238496,10199978
post,238753,16777215
post,239010,16777215
post,239267,16777215
post,239524,16777215
post,239781,16777215
post,240038,11844287
post,240295,14935527
post,240552,6976895
post,240809,2109504
post,241066,6976895
post,241323,3885399
post,241580,6976895
post,241837,14935527
post,242094,10199978
post,242351,14935527
post,242608,8621204
post,242865,2109504
post,243122,2109504
post,243379,2109504
post,243636,2109504
post,243893,2109504
post,244150,6976895
post,244407,3885399
post,244664,11844287
post,244921,16777215
post,245178,11844287
post,245435,14935527
post,245692,11844287
post,245949,3885399
post,246206,8621204
post,246463,3885399
post,246720,10199978
post,246977,16777215
post,247234,16777215
post,247491,16777215
post,247748,16777215
post,248005,16777215
post,248262,11844287
post,248519,14935527
post,248776,6976895
post,249033,2109504
post,249290,6976895
post,249547,3885399
post,249804,6976895
post,250061,14935527
post,250318,10199978
post,250575,14935527
post,250832,8621204
post,251089,2109504
post,251346,2109504
post,251603,2109504
post,251860,2109504
post,252117,2109504
post,252374,6976895
post,252631,3885399
post,252888,11844287
post,253145,16777215
post,253402,11844287
post,253659,14935527
post,253916,11844287
post,254173,3885399
post,254430,8621204
post,254687,3885399
post,254944,10199978
post,255201,16777215
post,255458,16777215
post,255715,16777215
post,255972,16777215
post,256229,16777215
post,256486,11844287
post,256743,14935527
post,257000,6976895
post,257257,2109504
post,257514,6976895
post,257771,3885399
post,258028,6976895
post,258285,14935527
post,258542,10199978
post,258799,14935527
post,259056,8621204
post,259313,2109504
post,259570,2109504
post,259827,2109504
post,260084,2109504
post,260341,2109504
post,260598,6976895
post,260855,3885399
post,261112,11844287
post,261369,16777215
post,261626,16777215
post,261883,16777215
post,262140,16777215
splats,4225339,6321774,12612728,257
